$MeshFormat
4.1 0 8
$EndMeshFormat
$PhysicalNames
1
2 1 "Annulus wetted surface"
$EndPhysicalNames
$Entities
4 6 4 1
1 0.483 0 0 0 
2 0.0428625 0 0 0 
3 0.483 0 0.305 0 
4 0.0428625 0 0.305 0 
1 -0.4830001 -0.4830001 -1e-07 0.4830001 0.4830001 1e-07 0 2 1 -1 
2 -0.0428626 -0.0428626 -1e-07 0.0428626 0.0428626 1e-07 0 2 2 -2 
3 0.4829999 -1e-07 -1.000000000028756e-07 0.4830001 1e-07 0.3050001 0 2 1 -3 
4 -0.4830001 -0.4830001 0.3049999 0.4830001 0.4830001 0.3050001 0 2 3 -3 
5 0.04286239999999999 -1e-07 -1.000000000028756e-07 0.0428626 1e-07 0.3050001 0 2 2 -4 
6 -0.0428626 -0.0428626 0.3049999 0.0428626 0.0428626 0.3050001 0 2 4 -4 
1 -0.4830001 -0.4830001 -1e-07 0.4830001 0.4830001 1e-07 1 1 2 1 -2 
2 -0.4830001 -0.4830001 -1.000000000028756e-07 0.4830001 0.4830001 0.3050001 1 1 4 3 4 -3 -1 
3 -0.0428626 -0.0428626 -1.000000000028756e-07 0.0428626 0.0428626 0.3050001 1 1 4 5 6 -5 -2 
4 -0.4830001 -0.4830001 0.3049999 0.4830001 0.4830001 0.3050001 1 1 2 4 -6 
1 -0.4830001 -0.4830001 -1.000000000028756e-07 0.4830001 0.4830001 0.3050001 0 4 -2 3 -1 4 
$EndEntities
$Nodes
14 1270 1 1270
0 1 0 1
1
0.483 0 0
0 2 0 1
2
0.0428625 0 0
0 3 0 1
3
0.483 0 0.305
0 4 0 1
4
0.0428625 0 0.305
1 1 0 60
5
6
7
8
9
10
11
12
13
14
15
16
17
18
19
20
21
22
23
24
25
26
27
28
29
30
31
32
33
34
35
36
37
38
39
40
41
42
43
44
45
46
47
48
49
50
51
52
53
54
55
56
57
58
59
60
61
62
63
64
0.4804400399218465 0.04966254161734503 0
0.4727872959010578 0.0987986479389549 0
0.4601228889280338 0.146887464014191 0
0.4425810648672233 0.1934192364295616 0
0.4203477714175651 0.2379007168217163 0
0.39365868702062 0.279860390432804 0
0.3627967226104613 0.3188534742842046 0
0.3280890226873928 0.3544666319867519 0
0.2899034975048622 0.3863223552092842 0
0.2486449231292486 0.4140829653608682 0
0.2047506507128631 0.4374541930678675 0
0.1586859704629335 0.4561882975025083 0
0.1109391794496575 0.4700866924972846 0
0.06201640553578445 0.479002051607737 0
0.01243624229535974 0.4828398698094132 0
-0.0372757482071699 0.4815594652746384 0
-0.0865926065055851 0.4751744106100084 0
-0.134991561633327 0.4637523889833837 0
-0.1819595726257941 0.4474144766654722 0
-0.226998766882195 0.4263338595912397 0
-0.2696317177389752 0.4007339975459153 0
-0.3094065053112179 0.3708862554356784 0
-0.3459015069558512 0.3371070267521447 0
-0.3787298665765506 0.299754379722646 0
-0.4075435953945979 0.2592242616979442 0
-0.4320372607165076 0.2159463020118113 0
-0.4519512235965579 0.1703792578032143 0
-0.4670743910742072 0.1230061510765152 0
-0.4772464538119899 0.07432914854806391 0
-0.482359585414373 0.0248642385540794 0
-0.4823595854143732 -0.024864238554075 0
-0.4772464538119906 -0.07432914854805955 0
-0.4670743910742083 -0.1230061510765113 0
-0.4519512235965591 -0.1703792578032109 0
-0.4320372607165092 -0.2159463020118081 0
-0.4075435953945997 -0.2592242616979413 0
-0.3787298665765523 -0.2997543797226437 0
-0.3459015069558531 -0.3371070267521427 0
-0.3094065053112199 -0.3708862554356767 0
-0.2696317177389771 -0.4007339975459139 0
-0.2269987668821966 -0.4263338595912388 0
-0.1819595726257955 -0.4474144766654716 0
-0.1349915616333284 -0.4637523889833834 0
-0.0865926065055867 -0.4751744106100081 0
-0.03727574820717151 -0.4815594652746383 0
0.01243624229535822 -0.4828398698094132 0
0.06201640553578294 -0.4790020516077372 0
0.1109391794496562 -0.470086692497285 0
0.1586859704629322 -0.4561882975025087 0
0.2047506507128619 -0.4374541930678681 0
0.2486449231292475 -0.414082965360869 0
0.2899034975048615 -0.3863223552092847 0
0.3280890226873924 -0.3544666319867523 0
0.3627967226104604 -0.3188534742842057 0
0.3936586870206196 -0.2798603904328048 0
0.4203477714175647 -0.2379007168217169 0
0.4425810648672232 -0.1934192364295621 0
0.4601228889280336 -0.1468874640141915 0
0.4727872959010578 -0.09879864793895483 0
0.4804400399218465 -0.04966254161734526 0
1 2 0 6
65
66
67
68
69
70
0.02672433163217001 0.03351125191728588 0
-0.009537803531702346 0.04178784763589345 0
-0.03861777810046736 0.01859734176792651 0
-0.0386177781004675 -0.01859734176792621 0
-0.009537803531702607 -0.0417878476358934 0
0.02672433163216993 -0.03351125191728595 0
1 3 0 5
71
72
73
74
75
0.483 0 0.05083333333333333
0.483 0 0.1016666666666667
0.483 0 0.1525
0.483 0 0.2033333333333333
0.483 0 0.2541666666666667
1 4 0 60
76
77
78
79
80
81
82
83
84
85
86
87
88
89
90
91
92
93
94
95
96
97
98
99
100
101
102
103
104
105
106
107
108
109
110
111
112
113
114
115
116
117
118
119
120
121
122
123
124
125
126
127
128
129
130
131
132
133
134
135
0.4804400399218465 0.04966254161734503 0.305
0.4727872959010578 0.0987986479389549 0.305
0.4601228889280338 0.146887464014191 0.305
0.4425810648672233 0.1934192364295616 0.305
0.4203477714175651 0.2379007168217163 0.305
0.39365868702062 0.279860390432804 0.305
0.3627967226104613 0.3188534742842046 0.305
0.3280890226873928 0.3544666319867519 0.305
0.2899034975048622 0.3863223552092842 0.305
0.2486449231292486 0.4140829653608682 0.305
0.2047506507128631 0.4374541930678675 0.305
0.1586859704629335 0.4561882975025083 0.305
0.1109391794496575 0.4700866924972846 0.305
0.06201640553578445 0.479002051607737 0.305
0.01243624229535974 0.4828398698094132 0.305
-0.0372757482071699 0.4815594652746384 0.305
-0.0865926065055851 0.4751744106100084 0.305
-0.134991561633327 0.4637523889833837 0.305
-0.1819595726257941 0.4474144766654722 0.305
-0.226998766882195 0.4263338595912397 0.305
-0.2696317177389752 0.4007339975459153 0.305
-0.3094065053112179 0.3708862554356784 0.305
-0.3459015069558512 0.3371070267521447 0.305
-0.3787298665765506 0.299754379722646 0.305
-0.4075435953945979 0.2592242616979442 0.305
-0.4320372607165076 0.2159463020118113 0.305
-0.4519512235965579 0.1703792578032143 0.305
-0.4670743910742072 0.1230061510765152 0.305
-0.4772464538119899 0.07432914854806391 0.305
-0.482359585414373 0.0248642385540794 0.305
-0.4823595854143732 -0.024864238554075 0.305
-0.4772464538119906 -0.07432914854805955 0.305
-0.4670743910742083 -0.1230061510765113 0.305
-0.4519512235965591 -0.1703792578032109 0.305
-0.4320372607165092 -0.2159463020118081 0.305
-0.4075435953945997 -0.2592242616979413 0.305
-0.3787298665765523 -0.2997543797226437 0.305
-0.3459015069558531 -0.3371070267521427 0.305
-0.3094065053112199 -0.3708862554356767 0.305
-0.2696317177389771 -0.4007339975459139 0.305
-0.2269987668821966 -0.4263338595912388 0.305
-0.1819595726257955 -0.4474144766654716 0.305
-0.1349915616333284 -0.4637523889833834 0.305
-0.0865926065055867 -0.4751744106100081 0.305
-0.03727574820717151 -0.4815594652746383 0.305
0.01243624229535822 -0.4828398698094132 0.305
0.06201640553578294 -0.4790020516077372 0.305
0.1109391794496562 -0.470086692497285 0.305
0.1586859704629322 -0.4561882975025087 0.305
0.2047506507128619 -0.4374541930678681 0.305
0.2486449231292475 -0.414082965360869 0.305
0.2899034975048615 -0.3863223552092847 0.305
0.3280890226873924 -0.3544666319867523 0.305
0.3627967226104604 -0.3188534742842057 0.305
0.3936586870206196 -0.2798603904328048 0.305
0.4203477714175647 -0.2379007168217169 0.305
0.4425810648672232 -0.1934192364295621 0.305
0.4601228889280336 -0.1468874640141915 0.305
0.4727872959010578 -0.09879864793895483 0.305
0.4804400399218465 -0.04966254161734526 0.305
1 5 0 5
136
137
138
139
140
0.0428625 0 0.05083333333333333
0.0428625 0 0.1016666666666667
0.0428625 0 0.1525
0.0428625 0 0.2033333333333333
0.0428625 0 0.2541666666666667
1 6 0 6
141
142
143
144
145
146
0.02672433163217001 0.03351125191728588 0.305
-0.009537803531702346 0.04178784763589345 0.305
-0.03861777810046736 0.01859734176792651 0.305
-0.0386177781004675 -0.01859734176792621 0.305
-0.009537803531702607 -0.0417878476358934 0.305
0.02672433163216993 -0.03351125191728595 0.305
2 1 0 397
147
148
149
150
151
152
153
154
155
156
157
158
159
160
161
162
163
164
165
166
167
168
169
170
171
172
173
174
175
176
177
178
179
180
181
182
183
184
185
186
187
188
189
190
191
192
193
194
195
196
197
198
199
200
201
202
203
204
205
206
207
208
209
210
211
212
213
214
215
216
217
218
219
220
221
222
223
224
225
226
227
228
229
230
231
232
233
234
235
236
237
238
239
240
241
242
243
244
245
246
247
248
249
250
251
252
253
254
255
256
257
258
259
260
261
262
263
264
265
266
267
268
269
270
271
272
273
274
275
276
277
278
279
280
281
282
283
284
285
286
287
288
289
290
291
292
293
294
295
296
297
298
299
300
301
302
303
304
305
306
307
308
309
310
311
312
313
314
315
316
317
318
319
320
321
322
323
324
325
326
327
328
329
330
331
332
333
334
335
336
337
338
339
340
341
342
343
344
345
346
347
348
349
350
351
352
353
354
355
356
357
358
359
360
361
362
363
364
365
366
367
368
369
370
371
372
373
374
375
376
377
378
379
380
381
382
383
384
385
386
387
388
389
390
391
392
393
394
395
396
397
398
399
400
401
402
403
404
405
406
407
408
409
410
411
412
413
414
415
416
417
418
419
420
421
422
423
424
425
426
427
428
429
430
431
432
433
434
435
436
437
438
439
440
441
442
443
444
445
446
447
448
449
450
451
452
453
454
455
456
457
458
459
460
461
462
463
464
465
466
467
468
469
470
471
472
473
474
475
476
477
478
479
480
481
482
483
484
485
486
487
488
489
490
491
492
493
494
495
496
497
498
499
500
501
502
503
504
505
506
507
508
509
510
511
512
513
514
515
516
517
518
519
520
521
522
523
524
525
526
527
528
529
530
531
532
533
534
535
536
537
538
539
540
541
542
543
-0.07065426900527834 0.0007288899100257835 0
0.06381501128907453 0.03073168973573415 0
0.0651829912196971 -0.02764160651255917 0
-0.04416135802435629 0.05537659141986588 0
-0.04416135802435672 -0.05537659141986562 0
0.01172834296802983 0.06806116847214481 0
0.02019199736777718 -0.06555218051099855 0
-0.1009003231782253 -0.4275486751394483 0
-0.1016602390275572 0.4320883229087235 0
0.2835664259013783 -0.3411683915290136 0
0.2817908475424185 0.335761578454963 0
-0.4013778689651719 0.172864817540686 0
-0.4058743562930348 -0.1794447979080558 0
0.4427811948918536 -0.02119769719262791 0
0.4091233506582169 0.1606864892264553 0
-0.3004811582087327 0.3242823984999048 0
-0.3019781068113988 -0.3264227173270259 0
0.1223823014676698 0.4231597497837935 0
0.1287763166530075 -0.4280255960096793 0
0.3933418411272334 -0.2029681764239642 0
-0.4397504565382099 -0.0004243052342608222 0
-0.4297202259897192 -0.09064663994033545 0
0.03222141975310682 0.4396916410923127 0
0.2064577100091637 0.3877550242211435 0
0.03263106415514523 -0.4372117662200207 0
-0.3596406178005947 0.2569821137809999 0
-0.2293396675940306 -0.38339152739723 0
-0.2271124793957438 0.3787961307602518 0
0.4372629698418922 0.059008823540328 0
0.3676021984344764 0.2342293978206623 0
0.4248789870935472 -0.1143676776863809 0
-0.4343726875256893 0.0963577143111139 0
-0.3574575897550381 -0.2572170222434488 0
0.207184943329808 -0.3890931323022384 0
0.3450978331139581 -0.2762984484804741 0
-0.4383481724434866 -0.04663747600181043 0
-0.3972622972494323 -0.02353975701294314 0
-0.3968139396813178 0.02272293216765569 0
-0.356529644776334 -0.001462154914170895 0
-0.3548077862763922 0.04483820280583124 0
-0.3168998413641175 0.02266865075764771 0
-0.3150338060252822 -0.02742319161114897 0
-0.3146493935272114 0.06682597087485503 0
-0.277185915358505 0.04516008938077268 0
-0.2749637257558147 0.08828375051491522 0
-0.237148996846981 0.06539991582286238 0
-0.2356671737106746 0.1090222409438292 0
-0.2384469316364713 0.02526931830135613 0
-0.1977132203202376 0.08724291896642399 0
-0.1964336691821368 0.1303040282797258 0
-0.2341370404031453 0.1529636665895724 0
-0.1951924437766131 0.1738422236575967 0
-0.15767580645193 0.1509001828708076 0
-0.1562898504017214 0.1942953297428889 0
-0.1194526600402582 0.1710513809805165 0
-0.117708522633957 0.2145480640735959 0
-0.08104697370867295 0.1913641355222115 0
-0.07924616158120509 0.2348179109520784 0
-0.0426195445607184 0.2113450168401389 0
-0.04071617370325746 0.2550501774175193 0
-0.003841172798163259 0.2314877388009761 0
-0.001903918953377264 0.2758452813021343 0
0.03548401015690218 0.2522252868023128 0
0.03351227623822802 0.2080707351901013 0
0.07233177839684501 0.2284486040592897 0
0.07069464688665741 0.1850196277088007 0
0.1089150011041275 0.2050123672948181 0
0.1083678924426995 0.1639776615415078 0
0.1451759064558322 0.1816822872828677 0
0.1448858948766892 0.1411223008564554 0
0.181576130527686 0.1585888803184141 0
0.1796533828714445 0.1154394942649525 0
0.2177779023816841 0.1345337661868805 0
0.2162794234865848 0.09122591929543644 0
0.1489876841440153 0.2239173914724841 0
0.2240989474214904 0.173930294327262 0
0.2548822234934526 0.1108391177555914 0
0.2533186217047618 0.06748609927061755 0
0.2142607950707052 0.04727794109126364 0
0.2509990676271897 0.0236438160475281 0
0.2120702389972883 0.003693594891964722 0
0.2487109748669329 -0.02000804505375478 0
0.2095007977328786 -0.04027283653011066 0
0.2463433079807393 -0.06351923189675686 0
0.2068091300228826 -0.08408042226996607 0
0.2441984714496909 -0.1071605614781322 0
0.2046652799636192 -0.1275599244828511 0
-0.1156352015248754 0.2582401374439842 0
0.242360246194114 -0.1516263667831971 0
0.2024925796919683 -0.1715116195284233 0
0.165326233680643 -0.1475405935981208 0
0.1629322416484339 -0.1912456860143303 0
0.1266057403347063 -0.1671898893510639 0
0.1238239980713017 -0.2107209616349255 0
0.08774625749626955 -0.186778129776418 0
0.08482362820050679 -0.230146559008182 0
0.04821269785941974 -0.2061233839830957 0
0.04591899517295068 -0.2497505496604444 0
0.008895173633607168 -0.2255386872209342 0
0.007107967536364403 -0.2697416130544643 0
-0.03027784757746064 -0.245358947429122 0
-0.02803216749818811 -0.2012121922614909 0
-0.06716383245764398 -0.220652591334958 0
-0.06989864470833397 -0.264881483685838 0
-0.1066736688663422 -0.2400776303114745 0
-0.1036615699991783 -0.1959345974002016 0
-0.1432628383498863 -0.2151948659830155 0
-0.1399325229005312 -0.1713005966461203 0
-0.1798391168727863 -0.1903291486703498 0
-0.1764310657951552 -0.1460232777687105 0
-0.2166837824692795 -0.1653154633890388 0
0.1606406331940403 -0.2344902430238971 0
0.07475167923942952 0.2725637087519175 0
0.2853006033840082 -0.04413985959969875 0
0.08383966558532702 -0.2738862033412882 0
-0.213148735378497 -0.1208851840124825 0
-0.1732985017247003 -0.1020765839120783 0
-0.2538477120609316 -0.1400532912575886 0
-0.1935892044737067 0.2181913039252368 0
-0.1101302064524156 -0.2847572828393158 0
-0.1827748792237644 -0.2347977757355598 0
0.2907051857097318 0.04354262823437584 0
-0.03953247848880825 0.2996246049307572 0
0.2822178712547635 -0.1309361260624195 0
0.2400865261140742 -0.1962636692996325 0
-0.07260331718864867 -0.3101616516599824 0
-0.0451066851605483 0.1680271280856666 0
0.1291452878574223 -0.123893580216512 0
0.1738220173985122 -0.01666698964656558 0
-0.1010646181630175 -0.1517967591183608 0
-0.2573134622318742 -0.1853044617846173 0
0.0001901690055511917 0.3209225071264353 0
-0.1208785577758215 0.1281699703892185 0
0.1391620744832675 0.09739757899073401 0
0.0512501864386759 -0.1627417442772481 0
-0.3131787899563107 0.1122886302171675 0
-0.2084269812683315 -0.07691159389029376 0
-0.1698944915756671 -0.05827235547666854 0
-0.2951806703868642 -0.1596615825570973 0
-0.1135871554229066 -0.3303175730166672 0
-0.1347759998078934 -0.0829053398330498 0
0.07105524485471605 0.1378395000819067 0
-0.03843626119825993 0.3451147928341943 0
-0.1507254121737591 -0.3043860463788938 0
-0.2914310700220005 -0.1138507236305804 0
-0.07741731039212721 0.3231575489384189 0
-0.1322856279492657 -0.04116486311455611 0
-0.1659885669055322 -0.01716299259831439 0
-0.3327005255480252 -0.1326676564045488 0
-0.0746198958284917 -0.3551058073273 0
-0.03380538124304649 -0.3353669864489625 0
-0.03587694880637313 -0.3805431784061433 0
0.005070442538042086 -0.3605934231032334 0
-0.1536081887734966 -0.3508398130182464 0
0.002764196915474123 0.3658422154475936 0
0.04137573595372505 0.3418418154617865 0
-0.2979660627393356 -0.2047909409850231 0
-0.2604165102410542 -0.2313845509965833 0
-0.1303405614403954 -0.00277196186235934 0
-0.1627367155010943 0.02367436869808179 0
-0.1215394173014868 0.03859218787567633 0
-0.03572073973128656 0.3952346438044269 0
-0.189071906594136 -0.3234779804203274 0
-0.329500705294561 -0.08726014237505872 0
-0.1000537325304835 -0.05917907558943861 0
-0.3743551488852268 -0.1041861550828377 0
-0.3052725193341823 -0.2529854825587891 0
-0.2619259087990629 -0.2738603008824692 0
-0.2826023137011159 -0.06652880122719401 0
-0.2711699386819379 -0.03053904379630923 0
-0.09490920918588656 -0.1022152559970014 0
-0.08306527728005117 0.1484246261884903 0
-0.04797208735466298 0.1270052633293511 0
-0.00995993573674551 0.1450996693082218 0
-0.009474656701813798 0.1030040859943615 0
0.02635048790668406 0.1227305006121647 0
0.0570841525095087 0.09579507117921317 0
0.09744326358251157 0.1002376400954571 0
0.08132664327103564 0.06465487734622796 0
-0.08539761850610109 0.1075308693676011 0
-0.1215113893561098 0.08626104922889906 0
-0.08389079193315373 0.06354605286064964 0
0.03274124408888943 0.1645889383416921 0
0.1676427200093479 -0.1044268444404125 0
0.1324702799591871 -0.08100916413169286 0
0.09468460579044119 -0.1005404948662386 0
0.09155767442772901 -0.05654446322872732 0
0.05589580344393361 -0.08304841087740999 0
0.1023444851202713 -0.01973377962684801 0
0.05493838986151602 -0.1221575167264993 0
0.1686849157229172 -0.06219059288327618 0
-0.005878969654843004 0.1881032044277994 0
0.04822176339100149 0.3936003861277072 0
0.08318207422839399 0.3633287910355465 0
-0.1598055664832848 0.06536056948544065 0
-0.06453999583088499 -0.1769103964200726 0
-0.02580165766861528 -0.1580708085483825 0
0.01111163324235409 -0.1821006031735753 0
0.01214556668922514 -0.1389168027503008 0
-0.02150092488366178 -0.1170553562278918 0
0.1759595320067032 0.02674939022373964 0
0.1391781272016464 0.005439137788539414 0
0.1423627292220848 0.05035949393602501 0
0.1779463228567983 0.0714083029670252 0
-0.357022653622264 -0.04815467331755717 0
-0.06144225714143783 -0.1331585438146719 0
-0.05143813562912736 -0.09137698427119093 0
-0.2030599690740988 -0.03580052946814216 0
0.1032771745819738 0.0292225600974162 0
-0.1367353195961974 -0.1260529688792202 0
0.09096244192896756 -0.1436845615393974 0
-0.2482974947234794 -0.09490974917720399 0
0.2930884158909778 0.08793553293523623 0
0.2952402959152952 0.129539350340957 0
0.3313813432649142 0.06370489759849662 0
0.3287374189390127 0.0181919592145487 0
0.3679517779098169 0.03878691638365354 0
0.3673324285262509 -0.007820558133226782 0
0.3697005817701656 0.08518313641005865 0
0.005962176442890354 -0.3146573820133045 0
0.04548487195664917 -0.3397540711579904 0
0.04128514018994302 -0.3880681903612473 0
0.08468224111870246 -0.3654311077419243 0
-0.3543055838930753 0.09302320935059522 0
-0.3528198511766239 0.1382263496832419 0
-0.311436964772747 0.1580168228845161 0
-0.3497932326175556 0.1851944731017638 0
-0.3085206304971324 0.2055253350546591 0
-0.3961457803061232 0.1208021223208113 0
-0.2325012867058352 0.1974115468920301 0
-0.2311130091962443 0.2425867412656802 0
-0.1911469973096692 0.2635394093327165 0
-0.2281714149962462 0.2880369256782931 0
-0.1890244036290848 0.3082275822349363 0
-0.266817726032463 0.2675409546131887 0
-0.199086280529004 0.04529073604190845 0
0.07981969938850762 0.3175648224550067 0
0.1221813215029729 0.3370418591510241 0
0.1175683039370073 0.2922512078462874 0
0.160130889533292 0.3120477740132454 0
0.163862967113591 0.3586378976285953 0
0.2027958170447375 0.3317466587682888 0
0.1987512902859792 0.2855113830152018 0
0.2402316492089742 0.307736427545347 0
0.2379715049114779 0.2595391279126775 0
0.2793912549506891 0.2800515337960595 0
0.2768329031078465 0.2325345461470477 0
0.3185933479788544 0.2528843428917478 0
0.3193459382235511 0.2009395510128685 0
0.3635868044298542 0.1836898455049791 0
0.2698987110427442 0.1884628895767835 0
0.1934444377242398 0.2422162243445667 0
-0.0324601138719792 -0.289946896922828 0
-0.3340400301092921 -0.1756486685275152 0
-0.2729233600549466 0.1320446661962524 0
-0.1587130457054808 0.10820787493852 0
-0.07639401019201406 0.3679531886358664 0
-0.1142596344727155 0.3473348283899097 0
0.08593215248029179 -0.3187482106668234 0
0.1271645546791653 -0.3414880504063698 0
0.1242214759934138 -0.2970400484028904 0
0.1641656559014915 -0.3196128499975293 0
0.03741712763462257 0.2966148087622677 0
0.1999638639761716 -0.2160738890254033 0
0.2371845734930586 -0.2419062109198873 0
0.2779487618812154 -0.2210808388045679 0
0.2739574779134811 -0.2623247339025285 0
0.2371438068764945 -0.2819999538538969 0
0.2805830677642608 -0.1759447237246264 0
0.3202555946967848 -0.154669581826504 0
0.3215848498281545 -0.1097460572028618 0
0.3714987662302952 -0.1261502526799337 0
0.3623448391726715 -0.08345147612770082 0
0.3167431233348734 -0.1976966251898557 0
0.3327440851547182 0.1081506976662895 0
-0.1464073025763342 -0.2593834753780685 0
-0.1544578255396812 0.2376690006430256 0
-0.1161896622287513 -0.3836649916781799 0
-0.1599303077666825 -0.3979786561570373 0
-0.2199340831763583 -0.210792058258463 0
0.2885413949101435 -0.0008861990640303121 0
0.1119653039128293 0.2482207313041217 0
0.4085305328803779 0.01525451571184652 0
-0.2227189419626703 -0.2553662070790819 0
-0.07749782295691102 0.2780721235399856 0
0.2828331353217904 -0.08718596502078828 0
0.1986965742778837 -0.2578468554616538 0
0.3254086429694536 -0.02499169162240701 0
0.1358670684843129 -0.0376820812559514 0
-0.1523151985781151 0.2827647648713659 0
0.3194738886369108 0.3043578732563186 0
0.1228619276651759 -0.2534261594643995 0
0.1554782564949926 0.2681763492716436 0
0.1676688504073602 -0.364174318305297 0
-0.2713518018734434 0.1778253163396704 0
0.04570763819574557 -0.2944230049823858 0
0.3721169860906327 0.1314073898997156 0
0.417123060733483 0.1060440175127397 0
-0.0001645699962233555 -0.4070900490012577 0
-0.03714240429228947 -0.426242757423845 0
0.08440431012268716 -0.4214951303423937 0
0.2436874497753012 0.3596644341288456 0
-0.09701381952253775 -0.02652248263047719 0
0.1662610925537571 -0.4095960075244088 0
-0.3818269158376341 0.2160993899724128 0
-0.4370131764337049 0.0478921379039875 0
0.1639837538372188 0.4061026517377357 0
0.4079198707312022 -0.1604299426494088 0
-0.3335025555950743 0.2931075224963592 0
0.3698369620342457 -0.2421209150466626 0
-0.3317689075669296 -0.2933531879589666 0
0.4363456403442972 -0.06875694561295979 0
0.3967514724370287 -0.04547084597836037 0
-0.4167768927333145 -0.1360224951778432 0
-0.3849366189299282 -0.2200220409705946 0
0.3167775887433535 -0.3117858873229115 0
0.2473221193449751 -0.3660633576013683 0
0.204773114440946 -0.3436836407221229 0
0.07960065172986434 0.436806262062004 0
-0.2667721966285859 -0.3557150779196453 0
-0.2656165854615264 0.3533259963243536 0
-0.225849438220038 0.3328611660377813 0
-0.1458728080719071 0.4193531902795257 0
-0.1866302324796843 0.4013482531024391 0
-0.1888782055998321 0.3543493085932148 0
-0.05712832412052158 0.4398085610609924 0
-0.01304098396710869 0.4410468624350087 0
-0.186404194656413 -0.2793792350039803 0
-0.2706280105414674 0.2240271499144665 0
0.1884538718340589 0.1995013147486032 0
-0.312971038260755 0.2526137135173789 0
0.3340079219207858 0.1521250741113095 0
-0.2007289716742179 0.004207707033185404 0
-0.3955764923527171 0.0709393864766658 0
-0.1147762954028011 0.3023710196128395 0
-0.2414353439746784 -0.05345239605582009 0
0.01746446082561725 -0.1001173667134821 0
-0.04928530640355852 0.08885471751649419 0
-0.09159157468425283 0.02927939538350138 0
0.3228374756914766 -0.0656222090855787 0
0.2317833960069763 0.2160307328428234 0
0.1244632395164055 0.3814693222605223 0
0.3205614403718897 -0.2412999812878606 0
-0.3963920556223404 -0.06536357962285494 0
0.3602818609464663 -0.1757836374248578 0
-0.2250663557213619 -0.297489948866314 0
-0.01483029397924234 -0.07854438779655373 0
0.07549643244220335 0.002515772738748635 0
-0.1115026452579726 0.3910238812416603 0
-0.3720113362144905 -0.150622556946919 0
0.3519446664340183 0.2780966262305984 0
-0.152062302177488 0.3292089181054624 0
0.1613351117021793 -0.2767923418203323 0
-0.07308540347706305 -0.401139927120041 0
0.2587047968578514 0.1506222232629709 0
0.007221246207859302 0.4071469935682689 0
0.04442458766491445 0.06461906055310422 0
-0.3416446267248544 -0.216469518160859 0
0.4015849219623975 0.2007252307304689 0
0.450402947507194 0.02054563673537833 0
0.1294567871310021 -0.3841315170252624 0
-0.02014615633868022 0.07141688220775197 0
-0.1498676380099332 0.3737697299520353 0
-0.06824118413003194 -0.03544109389430961 0
-0.2632308085494416 0.3100379693956927 0
-0.2296300432881351 -0.3386584724474836 0
-0.2396118677359314 -0.01363410171801183 0
-0.004518451555602944 -0.4471613323370175 0
-0.190217683144786 -0.3694783722426823 0
0.1142351022362357 0.06972645049576147 0
0.3578699074839314 -0.04467489271313477 0
0.09157000606666701 0.3996729022539147 0
0.4004348518204494 -0.08304426326408949 0
0.1985715189051416 -0.2989768890001814 0
0.2433446697751271 -0.3239764989905447 0
-0.2804835980552545 0.006714884166504479 0
-0.3425504870027344 0.2232830050854429 0
-0.07321268951986229 0.4054236427344468 0
-0.2637476186582576 -0.3132281022838251 0
-0.1976891996026982 -0.4049193784107321 0
0.3991030455831692 0.06047135230506259 0
-0.06448578327823433 0.03360548105951617 0
0.2989568026968988 0.1657079466162195 0
-0.1373882514728944 -0.4273426756524813 0
0.1128649856799974 0.1304773663378906 0
-0.4321638719023984 0.1376313335359543 0
0.05191055961826137 -0.05325958260939619 0
0.2772006539961466 -0.2996744212350584 0
-0.2949832596463917 -0.2896444748019528 0
-0.09923576311069129 0.001857800309852099 0
-0.2981464551145182 0.288072765316188 0
0.3084139547670451 -0.2767910618114551 0
-0.3677013936543199 -0.1884415165027887 0
0.3521530455629417 -0.2119738670746401 0
-0.07176072389997722 -0.06871780023436123 0
-0.06967155335736559 -0.4438704452940395 0
0.02592499860166385 0.09345945652449834 0
2 2 0 300
544
545
546
547
548
549
550
551
552
553
554
555
556
557
558
559
560
561
562
563
564
565
566
567
568
569
570
571
572
573
574
575
576
577
578
579
580
581
582
583
584
585
586
587
588
589
590
591
592
593
594
595
596
597
598
599
600
601
602
603
604
605
606
607
608
609
610
611
612
613
614
615
616
617
618
619
620
621
622
623
624
625
626
627
628
629
630
631
632
633
634
635
636
637
638
639
640
641
642
643
644
645
646
647
648
649
650
651
652
653
654
655
656
657
658
659
660
661
662
663
664
665
666
667
668
669
670
671
672
673
674
675
676
677
678
679
680
681
682
683
684
685
686
687
688
689
690
691
692
693
694
695
696
697
698
699
700
701
702
703
704
705
706
707
708
709
710
711
712
713
714
715
716
717
718
719
720
721
722
723
724
725
726
727
728
729
730
731
732
733
734
735
736
737
738
739
740
741
742
743
744
745
746
747
748
749
750
751
752
753
754
755
756
757
758
759
760
761
762
763
764
765
766
767
768
769
770
771
772
773
774
775
776
777
778
779
780
781
782
783
784
785
786
787
788
789
790
791
792
793
794
795
796
797
798
799
800
801
802
803
804
805
806
807
808
809
810
811
812
813
814
815
816
817
818
819
820
821
822
823
824
825
826
827
828
829
830
831
832
833
834
835
836
837
838
839
840
841
842
843
0.4804400399218465 0.04966254161734503 0.05083333333333333
0.4804400399218465 0.04966254161734503 0.1016666666666667
0.4804400399218465 0.04966254161734503 0.1525
0.4804400399218465 0.04966254161734503 0.2033333333333333
0.4804400399218465 0.04966254161734503 0.2541666666666667
0.4727872959010578 0.0987986479389549 0.05083333333333333
0.4727872959010578 0.0987986479389549 0.1016666666666667
0.4727872959010578 0.0987986479389549 0.1525
0.4727872959010578 0.0987986479389549 0.2033333333333333
0.4727872959010578 0.0987986479389549 0.2541666666666667
0.4601228889280338 0.146887464014191 0.05083333333333333
0.4601228889280338 0.146887464014191 0.1016666666666667
0.4601228889280338 0.146887464014191 0.1525
0.4601228889280338 0.146887464014191 0.2033333333333333
0.4601228889280338 0.146887464014191 0.2541666666666667
0.4425810648672233 0.1934192364295616 0.05083333333333333
0.4425810648672233 0.1934192364295616 0.1016666666666667
0.4425810648672233 0.1934192364295616 0.1525
0.4425810648672233 0.1934192364295616 0.2033333333333333
0.4425810648672233 0.1934192364295616 0.2541666666666667
0.4203477714175651 0.2379007168217163 0.05083333333333333
0.4203477714175651 0.2379007168217163 0.1016666666666667
0.4203477714175651 0.2379007168217163 0.1525
0.4203477714175651 0.2379007168217163 0.2033333333333333
0.4203477714175651 0.2379007168217163 0.2541666666666667
0.39365868702062 0.279860390432804 0.05083333333333333
0.39365868702062 0.279860390432804 0.1016666666666667
0.39365868702062 0.279860390432804 0.1525
0.39365868702062 0.279860390432804 0.2033333333333333
0.39365868702062 0.279860390432804 0.2541666666666667
0.3627967226104613 0.3188534742842046 0.05083333333333333
0.3627967226104613 0.3188534742842046 0.1016666666666667
0.3627967226104613 0.3188534742842046 0.1525
0.3627967226104613 0.3188534742842046 0.2033333333333333
0.3627967226104613 0.3188534742842046 0.2541666666666667
0.3280890226873928 0.3544666319867519 0.05083333333333333
0.3280890226873928 0.3544666319867519 0.1016666666666667
0.3280890226873928 0.3544666319867519 0.1525
0.3280890226873928 0.3544666319867519 0.2033333333333333
0.3280890226873928 0.3544666319867519 0.2541666666666667
0.2899034975048622 0.3863223552092842 0.05083333333333333
0.2899034975048622 0.3863223552092842 0.1016666666666667
0.2899034975048622 0.3863223552092842 0.1525
0.2899034975048622 0.3863223552092842 0.2033333333333333
0.2899034975048622 0.3863223552092842 0.2541666666666667
0.2486449231292486 0.4140829653608682 0.05083333333333333
0.2486449231292486 0.4140829653608682 0.1016666666666667
0.2486449231292486 0.4140829653608682 0.1525
0.2486449231292486 0.4140829653608682 0.2033333333333333
0.2486449231292486 0.4140829653608682 0.2541666666666667
0.2047506507128631 0.4374541930678675 0.05083333333333333
0.2047506507128631 0.4374541930678675 0.1016666666666667
0.2047506507128631 0.4374541930678675 0.1525
0.2047506507128631 0.4374541930678675 0.2033333333333333
0.2047506507128631 0.4374541930678675 0.2541666666666667
0.1586859704629335 0.4561882975025083 0.05083333333333333
0.1586859704629335 0.4561882975025083 0.1016666666666667
0.1586859704629335 0.4561882975025083 0.1525
0.1586859704629335 0.4561882975025083 0.2033333333333333
0.1586859704629335 0.4561882975025083 0.2541666666666667
0.1109391794496575 0.4700866924972846 0.05083333333333333
0.1109391794496575 0.4700866924972846 0.1016666666666667
0.1109391794496575 0.4700866924972846 0.1525
0.1109391794496575 0.4700866924972846 0.2033333333333333
0.1109391794496575 0.4700866924972846 0.2541666666666667
0.06201640553578445 0.479002051607737 0.05083333333333333
0.06201640553578445 0.479002051607737 0.1016666666666667
0.06201640553578445 0.479002051607737 0.1525
0.06201640553578445 0.479002051607737 0.2033333333333333
0.06201640553578445 0.479002051607737 0.2541666666666667
0.01243624229535974 0.4828398698094132 0.05083333333333333
0.01243624229535974 0.4828398698094132 0.1016666666666667
0.01243624229535974 0.4828398698094132 0.1525
0.01243624229535974 0.4828398698094132 0.2033333333333333
0.01243624229535974 0.4828398698094132 0.2541666666666667
-0.0372757482071699 0.4815594652746384 0.05083333333333333
-0.0372757482071699 0.4815594652746384 0.1016666666666667
-0.0372757482071699 0.4815594652746384 0.1525
-0.0372757482071699 0.4815594652746384 0.2033333333333333
-0.0372757482071699 0.4815594652746384 0.2541666666666667
-0.0865926065055851 0.4751744106100084 0.05083333333333333
-0.0865926065055851 0.4751744106100084 0.1016666666666667
-0.0865926065055851 0.4751744106100084 0.1525
-0.0865926065055851 0.4751744106100084 0.2033333333333333
-0.0865926065055851 0.4751744106100084 0.2541666666666667
-0.134991561633327 0.4637523889833837 0.05083333333333333
-0.134991561633327 0.4637523889833837 0.1016666666666667
-0.134991561633327 0.4637523889833837 0.1525
-0.134991561633327 0.4637523889833837 0.2033333333333333
-0.134991561633327 0.4637523889833837 0.2541666666666667
-0.1819595726257941 0.4474144766654722 0.05083333333333333
-0.1819595726257941 0.4474144766654722 0.1016666666666667
-0.1819595726257941 0.4474144766654722 0.1525
-0.1819595726257941 0.4474144766654722 0.2033333333333333
-0.1819595726257941 0.4474144766654722 0.2541666666666667
-0.226998766882195 0.4263338595912397 0.05083333333333333
-0.226998766882195 0.4263338595912397 0.1016666666666667
-0.226998766882195 0.4263338595912397 0.1525
-0.226998766882195 0.4263338595912397 0.2033333333333333
-0.226998766882195 0.4263338595912397 0.2541666666666667
-0.2696317177389752 0.4007339975459153 0.05083333333333333
-0.2696317177389752 0.4007339975459153 0.1016666666666667
-0.2696317177389752 0.4007339975459153 0.1525
-0.2696317177389752 0.4007339975459153 0.2033333333333333
-0.2696317177389752 0.4007339975459153 0.2541666666666667
-0.3094065053112179 0.3708862554356784 0.05083333333333333
-0.3094065053112179 0.3708862554356784 0.1016666666666667
-0.3094065053112179 0.3708862554356784 0.1525
-0.3094065053112179 0.3708862554356784 0.2033333333333333
-0.3094065053112179 0.3708862554356784 0.2541666666666667
-0.3459015069558512 0.3371070267521447 0.05083333333333333
-0.3459015069558512 0.3371070267521447 0.1016666666666667
-0.3459015069558512 0.3371070267521447 0.1525
-0.3459015069558512 0.3371070267521447 0.2033333333333333
-0.3459015069558512 0.3371070267521447 0.2541666666666667
-0.3787298665765506 0.299754379722646 0.05083333333333333
-0.3787298665765506 0.299754379722646 0.1016666666666667
-0.3787298665765506 0.299754379722646 0.1525
-0.3787298665765506 0.299754379722646 0.2033333333333333
-0.3787298665765506 0.299754379722646 0.2541666666666667
-0.4075435953945979 0.2592242616979442 0.05083333333333333
-0.4075435953945979 0.2592242616979442 0.1016666666666667
-0.4075435953945979 0.2592242616979442 0.1525
-0.4075435953945979 0.2592242616979442 0.2033333333333333
-0.4075435953945979 0.2592242616979442 0.2541666666666667
-0.4320372607165076 0.2159463020118113 0.05083333333333333
-0.4320372607165076 0.2159463020118113 0.1016666666666667
-0.4320372607165076 0.2159463020118113 0.1525
-0.4320372607165076 0.2159463020118113 0.2033333333333333
-0.4320372607165076 0.2159463020118113 0.2541666666666667
-0.4519512235965579 0.1703792578032143 0.05083333333333333
-0.4519512235965579 0.1703792578032143 0.1016666666666667
-0.4519512235965579 0.1703792578032143 0.1525
-0.4519512235965579 0.1703792578032143 0.2033333333333333
-0.4519512235965579 0.1703792578032143 0.2541666666666667
-0.4670743910742072 0.1230061510765152 0.05083333333333333
-0.4670743910742072 0.1230061510765152 0.1016666666666667
-0.4670743910742072 0.1230061510765152 0.1525
-0.4670743910742072 0.1230061510765152 0.2033333333333333
-0.4670743910742072 0.1230061510765152 0.2541666666666667
-0.4772464538119899 0.07432914854806391 0.05083333333333333
-0.4772464538119899 0.07432914854806391 0.1016666666666667
-0.4772464538119899 0.07432914854806391 0.1525
-0.4772464538119899 0.07432914854806391 0.2033333333333333
-0.4772464538119899 0.07432914854806391 0.2541666666666667
-0.482359585414373 0.0248642385540794 0.05083333333333333
-0.482359585414373 0.0248642385540794 0.1016666666666667
-0.482359585414373 0.0248642385540794 0.1525
-0.482359585414373 0.0248642385540794 0.2033333333333333
-0.482359585414373 0.0248642385540794 0.2541666666666667
-0.4823595854143732 -0.024864238554075 0.05083333333333333
-0.4823595854143732 -0.024864238554075 0.1016666666666667
-0.4823595854143732 -0.024864238554075 0.1525
-0.4823595854143732 -0.024864238554075 0.2033333333333333
-0.4823595854143732 -0.024864238554075 0.2541666666666667
-0.4772464538119906 -0.07432914854805955 0.05083333333333333
-0.4772464538119906 -0.07432914854805955 0.1016666666666667
-0.4772464538119906 -0.07432914854805955 0.1525
-0.4772464538119906 -0.07432914854805955 0.2033333333333333
-0.4772464538119906 -0.07432914854805955 0.2541666666666667
-0.4670743910742083 -0.1230061510765113 0.05083333333333333
-0.4670743910742083 -0.1230061510765113 0.1016666666666667
-0.4670743910742083 -0.1230061510765113 0.1525
-0.4670743910742083 -0.1230061510765113 0.2033333333333333
-0.4670743910742083 -0.1230061510765113 0.2541666666666667
-0.4519512235965591 -0.1703792578032109 0.05083333333333333
-0.4519512235965591 -0.1703792578032109 0.1016666666666667
-0.4519512235965591 -0.1703792578032109 0.1525
-0.4519512235965591 -0.1703792578032109 0.2033333333333333
-0.4519512235965591 -0.1703792578032109 0.2541666666666667
-0.4320372607165092 -0.2159463020118081 0.05083333333333333
-0.4320372607165092 -0.2159463020118081 0.1016666666666667
-0.4320372607165092 -0.2159463020118081 0.1525
-0.4320372607165092 -0.2159463020118081 0.2033333333333333
-0.4320372607165092 -0.2159463020118081 0.2541666666666667
-0.4075435953945997 -0.2592242616979413 0.05083333333333333
-0.4075435953945997 -0.2592242616979413 0.1016666666666667
-0.4075435953945997 -0.2592242616979413 0.1525
-0.4075435953945997 -0.2592242616979413 0.2033333333333333
-0.4075435953945997 -0.2592242616979413 0.2541666666666667
-0.3787298665765523 -0.2997543797226437 0.05083333333333333
-0.3787298665765523 -0.2997543797226437 0.1016666666666667
-0.3787298665765523 -0.2997543797226437 0.1525
-0.3787298665765523 -0.2997543797226437 0.2033333333333333
-0.3787298665765523 -0.2997543797226437 0.2541666666666667
-0.3459015069558531 -0.3371070267521427 0.05083333333333333
-0.3459015069558531 -0.3371070267521427 0.1016666666666667
-0.3459015069558531 -0.3371070267521427 0.1525
-0.3459015069558531 -0.3371070267521427 0.2033333333333333
-0.3459015069558531 -0.3371070267521427 0.2541666666666667
-0.3094065053112199 -0.3708862554356767 0.05083333333333333
-0.3094065053112199 -0.3708862554356767 0.1016666666666667
-0.3094065053112199 -0.3708862554356767 0.1525
-0.3094065053112199 -0.3708862554356767 0.2033333333333333
-0.3094065053112199 -0.3708862554356767 0.2541666666666667
-0.2696317177389771 -0.4007339975459139 0.05083333333333333
-0.2696317177389771 -0.4007339975459139 0.1016666666666667
-0.2696317177389771 -0.4007339975459139 0.1525
-0.2696317177389771 -0.4007339975459139 0.2033333333333333
-0.2696317177389771 -0.4007339975459139 0.2541666666666667
-0.2269987668821966 -0.4263338595912388 0.05083333333333333
-0.2269987668821966 -0.4263338595912388 0.1016666666666667
-0.2269987668821966 -0.4263338595912388 0.1525
-0.2269987668821966 -0.4263338595912388 0.2033333333333333
-0.2269987668821966 -0.4263338595912388 0.2541666666666667
-0.1819595726257955 -0.4474144766654716 0.05083333333333333
-0.1819595726257955 -0.4474144766654716 0.1016666666666667
-0.1819595726257955 -0.4474144766654716 0.1525
-0.1819595726257955 -0.4474144766654716 0.2033333333333333
-0.1819595726257955 -0.4474144766654716 0.2541666666666667
-0.1349915616333284 -0.4637523889833834 0.05083333333333333
-0.1349915616333284 -0.4637523889833834 0.1016666666666667
-0.1349915616333284 -0.4637523889833834 0.1525
-0.1349915616333284 -0.4637523889833834 0.2033333333333333
-0.1349915616333284 -0.4637523889833834 0.2541666666666667
-0.0865926065055867 -0.4751744106100081 0.05083333333333333
-0.0865926065055867 -0.4751744106100081 0.1016666666666667
-0.0865926065055867 -0.4751744106100081 0.1525
-0.0865926065055867 -0.4751744106100081 0.2033333333333333
-0.0865926065055867 -0.4751744106100081 0.2541666666666667
-0.03727574820717151 -0.4815594652746383 0.05083333333333333
-0.03727574820717151 -0.4815594652746383 0.1016666666666667
-0.03727574820717151 -0.4815594652746383 0.1525
-0.03727574820717151 -0.4815594652746383 0.2033333333333333
-0.03727574820717151 -0.4815594652746383 0.2541666666666667
0.01243624229535822 -0.4828398698094132 0.05083333333333333
0.01243624229535822 -0.4828398698094132 0.1016666666666667
0.01243624229535822 -0.4828398698094132 0.1525
0.01243624229535822 -0.4828398698094132 0.2033333333333333
0.01243624229535822 -0.4828398698094132 0.2541666666666667
0.06201640553578294 -0.4790020516077372 0.05083333333333333
0.06201640553578294 -0.4790020516077372 0.1016666666666667
0.06201640553578294 -0.4790020516077372 0.1525
0.06201640553578294 -0.4790020516077372 0.2033333333333333
0.06201640553578294 -0.4790020516077372 0.2541666666666667
0.1109391794496562 -0.470086692497285 0.05083333333333333
0.1109391794496562 -0.470086692497285 0.1016666666666667
0.1109391794496562 -0.470086692497285 0.1525
0.1109391794496562 -0.470086692497285 0.2033333333333333
0.1109391794496562 -0.470086692497285 0.2541666666666667
0.1586859704629322 -0.4561882975025087 0.05083333333333333
0.1586859704629322 -0.4561882975025087 0.1016666666666667
0.1586859704629322 -0.4561882975025087 0.1525
0.1586859704629322 -0.4561882975025087 0.2033333333333333
0.1586859704629322 -0.4561882975025087 0.2541666666666667
0.2047506507128619 -0.4374541930678681 0.05083333333333333
0.2047506507128619 -0.4374541930678681 0.1016666666666667
0.2047506507128619 -0.4374541930678681 0.1525
0.2047506507128619 -0.4374541930678681 0.2033333333333333
0.2047506507128619 -0.4374541930678681 0.2541666666666667
0.2486449231292475 -0.414082965360869 0.05083333333333333
0.2486449231292475 -0.414082965360869 0.1016666666666667
0.2486449231292475 -0.414082965360869 0.1525
0.2486449231292475 -0.414082965360869 0.2033333333333333
0.2486449231292475 -0.414082965360869 0.2541666666666667
0.2899034975048615 -0.3863223552092847 0.05083333333333333
0.2899034975048615 -0.3863223552092847 0.1016666666666667
0.2899034975048615 -0.3863223552092847 0.1525
0.2899034975048615 -0.3863223552092847 0.2033333333333333
0.2899034975048615 -0.3863223552092847 0.2541666666666667
0.3280890226873924 -0.3544666319867523 0.05083333333333333
0.3280890226873924 -0.3544666319867523 0.1016666666666667
0.3280890226873924 -0.3544666319867523 0.1525
0.3280890226873924 -0.3544666319867523 0.2033333333333333
0.3280890226873924 -0.3544666319867523 0.2541666666666667
0.3627967226104604 -0.3188534742842057 0.05083333333333333
0.3627967226104604 -0.3188534742842057 0.1016666666666667
0.3627967226104604 -0.3188534742842057 0.1525
0.3627967226104604 -0.3188534742842057 0.2033333333333333
0.3627967226104604 -0.3188534742842057 0.2541666666666667
0.3936586870206196 -0.2798603904328048 0.05083333333333333
0.3936586870206196 -0.2798603904328048 0.1016666666666667
0.3936586870206196 -0.2798603904328048 0.1525
0.3936586870206196 -0.2798603904328048 0.2033333333333333
0.3936586870206196 -0.2798603904328048 0.2541666666666667
0.4203477714175647 -0.2379007168217169 0.05083333333333333
0.4203477714175647 -0.2379007168217169 0.1016666666666667
0.4203477714175647 -0.2379007168217169 0.1525
0.4203477714175647 -0.2379007168217169 0.2033333333333333
0.4203477714175647 -0.2379007168217169 0.2541666666666667
0.4425810648672232 -0.1934192364295621 0.05083333333333333
0.4425810648672232 -0.1934192364295621 0.1016666666666667
0.4425810648672232 -0.1934192364295621 0.1525
0.4425810648672232 -0.1934192364295621 0.2033333333333333
0.4425810648672232 -0.1934192364295621 0.2541666666666667
0.4601228889280336 -0.1468874640141915 0.05083333333333333
0.4601228889280336 -0.1468874640141915 0.1016666666666667
0.4601228889280336 -0.1468874640141915 0.1525
0.4601228889280336 -0.1468874640141915 0.2033333333333333
0.4601228889280336 -0.1468874640141915 0.2541666666666667
0.4727872959010578 -0.09879864793895483 0.05083333333333333
0.4727872959010578 -0.09879864793895483 0.1016666666666667
0.4727872959010578 -0.09879864793895483 0.1525
0.4727872959010578 -0.09879864793895483 0.2033333333333333
0.4727872959010578 -0.09879864793895483 0.2541666666666667
0.4804400399218465 -0.04966254161734526 0.05083333333333333
0.4804400399218465 -0.04966254161734526 0.1016666666666667
0.4804400399218465 -0.04966254161734526 0.1525
0.4804400399218465 -0.04966254161734526 0.2033333333333333
0.4804400399218465 -0.04966254161734526 0.2541666666666667
2 3 0 30
844
845
846
847
848
849
850
851
852
853
854
855
856
857
858
859
860
861
862
863
864
865
866
867
868
869
870
871
872
873
0.02672433163217001 0.03351125191728588 0.05083333333333333
0.02672433163217001 0.03351125191728588 0.1016666666666667
0.02672433163217001 0.03351125191728588 0.1525
0.02672433163217001 0.03351125191728588 0.2033333333333333
0.02672433163217001 0.03351125191728588 0.2541666666666667
-0.009537803531702346 0.04178784763589345 0.05083333333333333
-0.009537803531702346 0.04178784763589345 0.1016666666666667
-0.009537803531702346 0.04178784763589345 0.1525
-0.009537803531702346 0.04178784763589345 0.2033333333333333
-0.009537803531702346 0.04178784763589345 0.2541666666666667
-0.03861777810046736 0.01859734176792651 0.05083333333333333
-0.03861777810046736 0.01859734176792651 0.1016666666666667
-0.03861777810046736 0.01859734176792651 0.1525
-0.03861777810046736 0.01859734176792651 0.2033333333333333
-0.03861777810046736 0.01859734176792651 0.2541666666666667
-0.0386177781004675 -0.01859734176792621 0.05083333333333333
-0.0386177781004675 -0.01859734176792621 0.1016666666666667
-0.0386177781004675 -0.01859734176792621 0.1525
-0.0386177781004675 -0.01859734176792621 0.2033333333333333
-0.0386177781004675 -0.01859734176792621 0.2541666666666667
-0.009537803531702607 -0.0417878476358934 0.05083333333333333
-0.009537803531702607 -0.0417878476358934 0.1016666666666667
-0.009537803531702607 -0.0417878476358934 0.1525
-0.009537803531702607 -0.0417878476358934 0.2033333333333333
-0.009537803531702607 -0.0417878476358934 0.2541666666666667
0.02672433163216993 -0.03351125191728595 0.05083333333333333
0.02672433163216993 -0.03351125191728595 0.1016666666666667
0.02672433163216993 -0.03351125191728595 0.1525
0.02672433163216993 -0.03351125191728595 0.2033333333333333
0.02672433163216993 -0.03351125191728595 0.2541666666666667
2 4 0 397
874
875
876
877
878
879
880
881
882
883
884
885
886
887
888
889
890
891
892
893
894
895
896
897
898
899
900
901
902
903
904
905
906
907
908
909
910
911
912
913
914
915
916
917
918
919
920
921
922
923
924
925
926
927
928
929
930
931
932
933
934
935
936
937
938
939
940
941
942
943
944
945
946
947
948
949
950
951
952
953
954
955
956
957
958
959
960
961
962
963
964
965
966
967
968
969
970
971
972
973
974
975
976
977
978
979
980
981
982
983
984
985
986
987
988
989
990
991
992
993
994
995
996
997
998
999
1000
1001
1002
1003
1004
1005
1006
1007
1008
1009
1010
1011
1012
1013
1014
1015
1016
1017
1018
1019
1020
1021
1022
1023
1024
1025
1026
1027
1028
1029
1030
1031
1032
1033
1034
1035
1036
1037
1038
1039
1040
1041
1042
1043
1044
1045
1046
1047
1048
1049
1050
1051
1052
1053
1054
1055
1056
1057
1058
1059
1060
1061
1062
1063
1064
1065
1066
1067
1068
1069
1070
1071
1072
1073
1074
1075
1076
1077
1078
1079
1080
1081
1082
1083
1084
1085
1086
1087
1088
1089
1090
1091
1092
1093
1094
1095
1096
1097
1098
1099
1100
1101
1102
1103
1104
1105
1106
1107
1108
1109
1110
1111
1112
1113
1114
1115
1116
1117
1118
1119
1120
1121
1122
1123
1124
1125
1126
1127
1128
1129
1130
1131
1132
1133
1134
1135
1136
1137
1138
1139
1140
1141
1142
1143
1144
1145
1146
1147
1148
1149
1150
1151
1152
1153
1154
1155
1156
1157
1158
1159
1160
1161
1162
1163
1164
1165
1166
1167
1168
1169
1170
1171
1172
1173
1174
1175
1176
1177
1178
1179
1180
1181
1182
1183
1184
1185
1186
1187
1188
1189
1190
1191
1192
1193
1194
1195
1196
1197
1198
1199
1200
1201
1202
1203
1204
1205
1206
1207
1208
1209
1210
1211
1212
1213
1214
1215
1216
1217
1218
1219
1220
1221
1222
1223
1224
1225
1226
1227
1228
1229
1230
1231
1232
1233
1234
1235
1236
1237
1238
1239
1240
1241
1242
1243
1244
1245
1246
1247
1248
1249
1250
1251
1252
1253
1254
1255
1256
1257
1258
1259
1260
1261
1262
1263
1264
1265
1266
1267
1268
1269
1270
-0.07065426900527834 0.0007288899100257835 0.305
0.06381501128907453 0.03073168973573415 0.305
0.0651829912196971 -0.02764160651255917 0.305
-0.04416135802435629 0.05537659141986588 0.305
-0.04416135802435672 -0.05537659141986562 0.305
0.01172834296802983 0.06806116847214481 0.305
0.02019199736777718 -0.06555218051099855 0.305
-0.1009003231782253 -0.4275486751394483 0.305
-0.1016602390275572 0.4320883229087235 0.305
0.2835664259013783 -0.3411683915290136 0.305
0.2817908475424185 0.335761578454963 0.305
-0.4013778689651719 0.172864817540686 0.305
-0.4058743562930348 -0.1794447979080558 0.305
0.4427811948918536 -0.02119769719262791 0.305
0.4091233506582169 0.1606864892264553 0.305
-0.3004811582087327 0.3242823984999048 0.305
-0.3019781068113988 -0.3264227173270259 0.305
0.1223823014676698 0.4231597497837935 0.305
0.1287763166530075 -0.4280255960096793 0.305
0.3933418411272334 -0.2029681764239642 0.305
-0.4397504565382099 -0.0004243052342608222 0.305
-0.4297202259897192 -0.09064663994033545 0.305
0.03222141975310682 0.4396916410923127 0.305
0.2064577100091637 0.3877550242211435 0.305
0.03263106415514523 -0.4372117662200207 0.305
-0.3596406178005947 0.2569821137809999 0.305
-0.2293396675940306 -0.38339152739723 0.305
-0.2271124793957438 0.3787961307602518 0.305
0.4372629698418922 0.059008823540328 0.305
0.3676021984344764 0.2342293978206623 0.305
0.4248789870935472 -0.1143676776863809 0.305
-0.4343726875256893 0.0963577143111139 0.305
-0.3574575897550381 -0.2572170222434488 0.305
0.207184943329808 -0.3890931323022384 0.305
0.3450978331139581 -0.2762984484804741 0.305
-0.4383481724434866 -0.04663747600181043 0.305
-0.3972622972494323 -0.02353975701294314 0.305
-0.3968139396813178 0.02272293216765569 0.305
-0.356529644776334 -0.001462154914170895 0.305
-0.3548077862763922 0.04483820280583124 0.305
-0.3168998413641175 0.02266865075764771 0.305
-0.3150338060252822 -0.02742319161114897 0.305
-0.3146493935272114 0.06682597087485503 0.305
-0.277185915358505 0.04516008938077268 0.305
-0.2749637257558147 0.08828375051491522 0.305
-0.237148996846981 0.06539991582286238 0.305
-0.2356671737106746 0.1090222409438292 0.305
-0.2384469316364713 0.02526931830135613 0.305
-0.1977132203202376 0.08724291896642399 0.305
-0.1964336691821368 0.1303040282797258 0.305
-0.2341370404031453 0.1529636665895724 0.305
-0.1951924437766131 0.1738422236575967 0.305
-0.15767580645193 0.1509001828708076 0.305
-0.1562898504017214 0.1942953297428889 0.305
-0.1194526600402582 0.1710513809805165 0.305
-0.117708522633957 0.2145480640735959 0.305
-0.08104697370867295 0.1913641355222115 0.305
-0.07924616158120509 0.2348179109520784 0.305
-0.0426195445607184 0.2113450168401389 0.305
-0.04071617370325746 0.2550501774175193 0.305
-0.003841172798163259 0.2314877388009761 0.305
-0.001903918953377264 0.2758452813021343 0.305
0.03548401015690218 0.2522252868023128 0.305
0.03351227623822802 0.2080707351901013 0.305
0.07233177839684501 0.2284486040592897 0.305
0.07069464688665741 0.1850196277088007 0.305
0.1089150011041275 0.2050123672948181 0.305
0.1083678924426995 0.1639776615415078 0.305
0.1451759064558322 0.1816822872828677 0.305
0.1448858948766892 0.1411223008564554 0.305
0.181576130527686 0.1585888803184141 0.305
0.1796533828714445 0.1154394942649525 0.305
0.2177779023816841 0.1345337661868805 0.305
0.2162794234865848 0.09122591929543644 0.305
0.1489876841440153 0.2239173914724841 0.305
0.2240989474214904 0.173930294327262 0.305
0.2548822234934526 0.1108391177555914 0.305
0.2533186217047618 0.06748609927061755 0.305
0.2142607950707052 0.04727794109126364 0.305
0.2509990676271897 0.0236438160475281 0.305
0.2120702389972883 0.003693594891964722 0.305
0.2487109748669329 -0.02000804505375478 0.305
0.2095007977328786 -0.04027283653011066 0.305
0.2463433079807393 -0.06351923189675686 0.305
0.2068091300228826 -0.08408042226996607 0.305
0.2441984714496909 -0.1071605614781322 0.305
0.2046652799636192 -0.1275599244828511 0.305
-0.1156352015248754 0.2582401374439842 0.305
0.242360246194114 -0.1516263667831971 0.305
0.2024925796919683 -0.1715116195284233 0.305
0.165326233680643 -0.1475405935981208 0.305
0.1629322416484339 -0.1912456860143303 0.305
0.1266057403347063 -0.1671898893510639 0.305
0.1238239980713017 -0.2107209616349255 0.305
0.08774625749626955 -0.186778129776418 0.305
0.08482362820050679 -0.230146559008182 0.305
0.04821269785941974 -0.2061233839830957 0.305
0.04591899517295068 -0.2497505496604444 0.305
0.008895173633607168 -0.2255386872209342 0.305
0.007107967536364403 -0.2697416130544643 0.305
-0.03027784757746064 -0.245358947429122 0.305
-0.02803216749818811 -0.2012121922614909 0.305
-0.06716383245764398 -0.220652591334958 0.305
-0.06989864470833397 -0.264881483685838 0.305
-0.1066736688663422 -0.2400776303114745 0.305
-0.1036615699991783 -0.1959345974002016 0.305
-0.1432628383498863 -0.2151948659830155 0.305
-0.1399325229005312 -0.1713005966461203 0.305
-0.1798391168727863 -0.1903291486703498 0.305
-0.1764310657951552 -0.1460232777687105 0.305
-0.2166837824692795 -0.1653154633890388 0.305
0.1606406331940403 -0.2344902430238971 0.305
0.07475167923942952 0.2725637087519175 0.305
0.2853006033840082 -0.04413985959969875 0.305
0.08383966558532702 -0.2738862033412882 0.305
-0.213148735378497 -0.1208851840124825 0.305
-0.1732985017247003 -0.1020765839120783 0.305
-0.2538477120609316 -0.1400532912575886 0.305
-0.1935892044737067 0.2181913039252368 0.305
-0.1101302064524156 -0.2847572828393158 0.305
-0.1827748792237644 -0.2347977757355598 0.305
0.2907051857097318 0.04354262823437584 0.305
-0.03953247848880825 0.2996246049307572 0.305
0.2822178712547635 -0.1309361260624195 0.305
0.2400865261140742 -0.1962636692996325 0.305
-0.07260331718864867 -0.3101616516599824 0.305
-0.0451066851605483 0.1680271280856666 0.305
0.1291452878574223 -0.123893580216512 0.305
0.1738220173985122 -0.01666698964656558 0.305
-0.1010646181630175 -0.1517967591183608 0.305
-0.2573134622318742 -0.1853044617846173 0.305
0.0001901690055511917 0.3209225071264353 0.305
-0.1208785577758215 0.1281699703892185 0.305
0.1391620744832675 0.09739757899073401 0.305
0.0512501864386759 -0.1627417442772481 0.305
-0.3131787899563107 0.1122886302171675 0.305
-0.2084269812683315 -0.07691159389029376 0.305
-0.1698944915756671 -0.05827235547666854 0.305
-0.2951806703868642 -0.1596615825570973 0.305
-0.1135871554229066 -0.3303175730166672 0.305
-0.1347759998078934 -0.0829053398330498 0.305
0.07105524485471605 0.1378395000819067 0.305
-0.03843626119825993 0.3451147928341943 0.305
-0.1507254121737591 -0.3043860463788938 0.305
-0.2914310700220005 -0.1138507236305804 0.305
-0.07741731039212721 0.3231575489384189 0.305
-0.1322856279492657 -0.04116486311455611 0.305
-0.1659885669055322 -0.01716299259831439 0.305
-0.3327005255480252 -0.1326676564045488 0.305
-0.0746198958284917 -0.3551058073273 0.305
-0.03380538124304649 -0.3353669864489625 0.305
-0.03587694880637313 -0.3805431784061433 0.305
0.005070442538042086 -0.3605934231032334 0.305
-0.1536081887734966 -0.3508398130182464 0.305
0.002764196915474123 0.3658422154475936 0.305
0.04137573595372505 0.3418418154617865 0.305
-0.2979660627393356 -0.2047909409850231 0.305
-0.2604165102410542 -0.2313845509965833 0.305
-0.1303405614403954 -0.00277196186235934 0.305
-0.1627367155010943 0.02367436869808179 0.305
-0.1215394173014868 0.03859218787567633 0.305
-0.03572073973128656 0.3952346438044269 0.305
-0.189071906594136 -0.3234779804203274 0.305
-0.329500705294561 -0.08726014237505872 0.305
-0.1000537325304835 -0.05917907558943861 0.305
-0.3743551488852268 -0.1041861550828377 0.305
-0.3052725193341823 -0.2529854825587891 0.305
-0.2619259087990629 -0.2738603008824692 0.305
-0.2826023137011159 -0.06652880122719401 0.305
-0.2711699386819379 -0.03053904379630923 0.305
-0.09490920918588656 -0.1022152559970014 0.305
-0.08306527728005117 0.1484246261884903 0.305
-0.04797208735466298 0.1270052633293511 0.305
-0.00995993573674551 0.1450996693082218 0.305
-0.009474656701813798 0.1030040859943615 0.305
0.02635048790668406 0.1227305006121647 0.305
0.0570841525095087 0.09579507117921317 0.305
0.09744326358251157 0.1002376400954571 0.305
0.08132664327103564 0.06465487734622796 0.305
-0.08539761850610109 0.1075308693676011 0.305
-0.1215113893561098 0.08626104922889906 0.305
-0.08389079193315373 0.06354605286064964 0.305
0.03274124408888943 0.1645889383416921 0.305
0.1676427200093479 -0.1044268444404125 0.305
0.1324702799591871 -0.08100916413169286 0.305
0.09468460579044119 -0.1005404948662386 0.305
0.09155767442772901 -0.05654446322872732 0.305
0.05589580344393361 -0.08304841087740999 0.305
0.1023444851202713 -0.01973377962684801 0.305
0.05493838986151602 -0.1221575167264993 0.305
0.1686849157229172 -0.06219059288327618 0.305
-0.005878969654843004 0.1881032044277994 0.305
0.04822176339100149 0.3936003861277072 0.305
0.08318207422839399 0.3633287910355465 0.305
-0.1598055664832848 0.06536056948544065 0.305
-0.06453999583088499 -0.1769103964200726 0.305
-0.02580165766861528 -0.1580708085483825 0.305
0.01111163324235409 -0.1821006031735753 0.305
0.01214556668922514 -0.1389168027503008 0.305
-0.02150092488366178 -0.1170553562278918 0.305
0.1759595320067032 0.02674939022373964 0.305
0.1391781272016464 0.005439137788539414 0.305
0.1423627292220848 0.05035949393602501 0.305
0.1779463228567983 0.0714083029670252 0.305
-0.357022653622264 -0.04815467331755717 0.305
-0.06144225714143783 -0.1331585438146719 0.305
-0.05143813562912736 -0.09137698427119093 0.305
-0.2030599690740988 -0.03580052946814216 0.305
0.1032771745819738 0.0292225600974162 0.305
-0.1367353195961974 -0.1260529688792202 0.305
0.09096244192896756 -0.1436845615393974 0.305
-0.2482974947234794 -0.09490974917720399 0.305
0.2930884158909778 0.08793553293523623 0.305
0.2952402959152952 0.129539350340957 0.305
0.3313813432649142 0.06370489759849662 0.305
0.3287374189390127 0.0181919592145487 0.305
0.3679517779098169 0.03878691638365354 0.305
0.3673324285262509 -0.007820558133226782 0.305
0.3697005817701656 0.08518313641005865 0.305
0.005962176442890354 -0.3146573820133045 0.305
0.04548487195664917 -0.3397540711579904 0.305
0.04128514018994302 -0.3880681903612473 0.305
0.08468224111870246 -0.3654311077419243 0.305
-0.3543055838930753 0.09302320935059522 0.305
-0.3528198511766239 0.1382263496832419 0.305
-0.311436964772747 0.1580168228845161 0.305
-0.3497932326175556 0.1851944731017638 0.305
-0.3085206304971324 0.2055253350546591 0.305
-0.3961457803061232 0.1208021223208113 0.305
-0.2325012867058352 0.1974115468920301 0.305
-0.2311130091962443 0.2425867412656802 0.305
-0.1911469973096692 0.2635394093327165 0.305
-0.2281714149962462 0.2880369256782931 0.305
-0.1890244036290848 0.3082275822349363 0.305
-0.266817726032463 0.2675409546131887 0.305
-0.199086280529004 0.04529073604190845 0.305
0.07981969938850762 0.3175648224550067 0.305
0.1221813215029729 0.3370418591510241 0.305
0.1175683039370073 0.2922512078462874 0.305
0.160130889533292 0.3120477740132454 0.305
0.163862967113591 0.3586378976285953 0.305
0.2027958170447375 0.3317466587682888 0.305
0.1987512902859792 0.2855113830152018 0.305
0.2402316492089742 0.307736427545347 0.305
0.2379715049114779 0.2595391279126775 0.305
0.2793912549506891 0.2800515337960595 0.305
0.2768329031078465 0.2325345461470477 0.305
0.3185933479788544 0.2528843428917478 0.305
0.3193459382235511 0.2009395510128685 0.305
0.3635868044298542 0.1836898455049791 0.305
0.2698987110427442 0.1884628895767835 0.305
0.1934444377242398 0.2422162243445667 0.305
-0.0324601138719792 -0.289946896922828 0.305
-0.3340400301092921 -0.1756486685275152 0.305
-0.2729233600549466 0.1320446661962524 0.305
-0.1587130457054808 0.10820787493852 0.305
-0.07639401019201406 0.3679531886358664 0.305
-0.1142596344727155 0.3473348283899097 0.305
0.08593215248029179 -0.3187482106668234 0.305
0.1271645546791653 -0.3414880504063698 0.305
0.1242214759934138 -0.2970400484028904 0.305
0.1641656559014915 -0.3196128499975293 0.305
0.03741712763462257 0.2966148087622677 0.305
0.1999638639761716 -0.2160738890254033 0.305
0.2371845734930586 -0.2419062109198873 0.305
0.2779487618812154 -0.2210808388045679 0.305
0.2739574779134811 -0.2623247339025285 0.305
0.2371438068764945 -0.2819999538538969 0.305
0.2805830677642608 -0.1759447237246264 0.305
0.3202555946967848 -0.154669581826504 0.305
0.3215848498281545 -0.1097460572028618 0.305
0.3714987662302952 -0.1261502526799337 0.305
0.3623448391726715 -0.08345147612770082 0.305
0.3167431233348734 -0.1976966251898557 0.305
0.3327440851547182 0.1081506976662895 0.305
-0.1464073025763342 -0.2593834753780685 0.305
-0.1544578255396812 0.2376690006430256 0.305
-0.1161896622287513 -0.3836649916781799 0.305
-0.1599303077666825 -0.3979786561570373 0.305
-0.2199340831763583 -0.210792058258463 0.305
0.2885413949101435 -0.0008861990640303121 0.305
0.1119653039128293 0.2482207313041217 0.305
0.4085305328803779 0.01525451571184652 0.305
-0.2227189419626703 -0.2553662070790819 0.305
-0.07749782295691102 0.2780721235399856 0.305
0.2828331353217904 -0.08718596502078828 0.305
0.1986965742778837 -0.2578468554616538 0.305
0.3254086429694536 -0.02499169162240701 0.305
0.1358670684843129 -0.0376820812559514 0.305
-0.1523151985781151 0.2827647648713659 0.305
0.3194738886369108 0.3043578732563186 0.305
0.1228619276651759 -0.2534261594643995 0.305
0.1554782564949926 0.2681763492716436 0.305
0.1676688504073602 -0.364174318305297 0.305
-0.2713518018734434 0.1778253163396704 0.305
0.04570763819574557 -0.2944230049823858 0.305
0.3721169860906327 0.1314073898997156 0.305
0.417123060733483 0.1060440175127397 0.305
-0.0001645699962233555 -0.4070900490012577 0.305
-0.03714240429228947 -0.426242757423845 0.305
0.08440431012268716 -0.4214951303423937 0.305
0.2436874497753012 0.3596644341288456 0.305
-0.09701381952253775 -0.02652248263047719 0.305
0.1662610925537571 -0.4095960075244088 0.305
-0.3818269158376341 0.2160993899724128 0.305
-0.4370131764337049 0.0478921379039875 0.305
0.1639837538372188 0.4061026517377357 0.305
0.4079198707312022 -0.1604299426494088 0.305
-0.3335025555950743 0.2931075224963592 0.305
0.3698369620342457 -0.2421209150466626 0.305
-0.3317689075669296 -0.2933531879589666 0.305
0.4363456403442972 -0.06875694561295979 0.305
0.3967514724370287 -0.04547084597836037 0.305
-0.4167768927333145 -0.1360224951778432 0.305
-0.3849366189299282 -0.2200220409705946 0.305
0.3167775887433535 -0.3117858873229115 0.305
0.2473221193449751 -0.3660633576013683 0.305
0.204773114440946 -0.3436836407221229 0.305
0.07960065172986434 0.436806262062004 0.305
-0.2667721966285859 -0.3557150779196453 0.305
-0.2656165854615264 0.3533259963243536 0.305
-0.225849438220038 0.3328611660377813 0.305
-0.1458728080719071 0.4193531902795257 0.305
-0.1866302324796843 0.4013482531024391 0.305
-0.1888782055998321 0.3543493085932148 0.305
-0.05712832412052158 0.4398085610609924 0.305
-0.01304098396710869 0.4410468624350087 0.305
-0.186404194656413 -0.2793792350039803 0.305
-0.2706280105414674 0.2240271499144665 0.305
0.1884538718340589 0.1995013147486032 0.305
-0.312971038260755 0.2526137135173789 0.305
0.3340079219207858 0.1521250741113095 0.305
-0.2007289716742179 0.004207707033185404 0.305
-0.3955764923527171 0.0709393864766658 0.305
-0.1147762954028011 0.3023710196128395 0.305
-0.2414353439746784 -0.05345239605582009 0.305
0.01746446082561725 -0.1001173667134821 0.305
-0.04928530640355852 0.08885471751649419 0.305
-0.09159157468425283 0.02927939538350138 0.305
0.3228374756914766 -0.0656222090855787 0.305
0.2317833960069763 0.2160307328428234 0.305
0.1244632395164055 0.3814693222605223 0.305
0.3205614403718897 -0.2412999812878606 0.305
-0.3963920556223404 -0.06536357962285494 0.305
0.3602818609464663 -0.1757836374248578 0.305
-0.2250663557213619 -0.297489948866314 0.305
-0.01483029397924234 -0.07854438779655373 0.305
0.07549643244220335 0.002515772738748635 0.305
-0.1115026452579726 0.3910238812416603 0.305
-0.3720113362144905 -0.150622556946919 0.305
0.3519446664340183 0.2780966262305984 0.305
-0.152062302177488 0.3292089181054624 0.305
0.1613351117021793 -0.2767923418203323 0.305
-0.07308540347706305 -0.401139927120041 0.305
0.2587047968578514 0.1506222232629709 0.305
0.007221246207859302 0.4071469935682689 0.305
0.04442458766491445 0.06461906055310422 0.305
-0.3416446267248544 -0.216469518160859 0.305
0.4015849219623975 0.2007252307304689 0.305
0.450402947507194 0.02054563673537833 0.305
0.1294567871310021 -0.3841315170252624 0.305
-0.02014615633868022 0.07141688220775197 0.305
-0.1498676380099332 0.3737697299520353 0.305
-0.06824118413003194 -0.03544109389430961 0.305
-0.2632308085494416 0.3100379693956927 0.305
-0.2296300432881351 -0.3386584724474836 0.305
-0.2396118677359314 -0.01363410171801183 0.305
-0.004518451555602944 -0.4471613323370175 0.305
-0.190217683144786 -0.3694783722426823 0.305
0.1142351022362357 0.06972645049576147 0.305
0.3578699074839314 -0.04467489271313477 0.305
0.09157000606666701 0.3996729022539147 0.305
0.4004348518204494 -0.08304426326408949 0.305
0.1985715189051416 -0.2989768890001814 0.305
0.2433446697751271 -0.3239764989905447 0.305
-0.2804835980552545 0.006714884166504479 0.305
-0.3425504870027344 0.2232830050854429 0.305
-0.07321268951986229 0.4054236427344468 0.305
-0.2637476186582576 -0.3132281022838251 0.305
-0.1976891996026982 -0.4049193784107321 0.305
0.3991030455831692 0.06047135230506259 0.305
-0.06448578327823433 0.03360548105951617 0.305
0.2989568026968988 0.1657079466162195 0.305
-0.1373882514728944 -0.4273426756524813 0.305
0.1128649856799974 0.1304773663378906 0.305
-0.4321638719023984 0.1376313335359543 0.305
0.05191055961826137 -0.05325958260939619 0.305
0.2772006539961466 -0.2996744212350584 0.305
-0.2949832596463917 -0.2896444748019528 0.305
-0.09923576311069129 0.001857800309852099 0.305
-0.2981464551145182 0.288072765316188 0.305
0.3084139547670451 -0.2767910618114551 0.305
-0.3677013936543199 -0.1884415165027887 0.305
0.3521530455629417 -0.2119738670746401 0.305
-0.07176072389997722 -0.06871780023436123 0.305
-0.06967155335736559 -0.4438704452940395 0.305
0.02592499860166385 0.09345945652449834 0.305
$EndNodes
$Elements
4 2132 1 2132
2 1 2 862
1 322 323 288 
2 177 519 418 
3 418 454 177 
4 447 507 369 
5 418 491 454 
6 483 493 346 
7 310 315 188 
8 395 396 176 
9 165 507 447 
10 323 324 288 
11 188 351 310 
12 394 395 176 
13 371 373 158 
14 52 447 51 
15 158 375 371 
16 454 491 166 
17 168 460 312 
18 7 444 6 
19 336 345 281 
20 375 480 370 
21 418 519 419 
22 153 493 483 
23 346 493 353 
24 310 351 312 
25 348 355 335 
26 331 435 333 
27 149 533 333 
28 476 487 398 
29 390 392 157 
30 14 448 13 
31 222 487 476 
32 351 490 312 
33 276 352 317 
34 364 459 429 
35 333 533 334 
36 339 465 169 
37 371 375 370 
38 288 329 322 
39 165 447 52 
40 429 459 160 
41 153 483 334 
42 312 490 168 
43 51 447 171 
44 308 473 472 
45 355 494 335 
46 333 435 335 
47 161 444 7 
48 460 496 312 
49 339 518 465 
50 392 437 157 
51 6 444 175 
52 396 443 161 
53 387 388 170 
54 353 493 151 
55 456 540 489 
56 329 338 320 
57 336 483 345 
58 175 527 429 
59 352 353 317 
60 456 489 181 
61 349 350 280 
62 194 522 513 
63 315 316 188 
64 275 337 229 
65 429 506 175 
66 395 478 396 
67 281 357 336 
68 322 329 320 
69 307 328 327 
70 178 480 375 
71 345 483 346 
72 179 457 313 
73 281 345 344 
74 513 522 316 
75 317 356 276 
76 210 338 329 
77 335 435 348 
78 346 353 352 
79 398 439 221 
80 308 502 473 
81 368 447 369 
82 358 482 315 
83 333 335 149 
84 353 541 317 
85 13 448 157 
86 323 325 324 
87 170 448 14 
88 317 541 311 
89 263 356 287 
90 16 453 15 
91 150 484 328 
92 341 382 306 
93 394 437 392 
94 475 477 374 
95 281 344 243 
96 148 355 325 
97 381 477 475 
98 229 337 231 
99 207 338 210 
100 195 382 341 
101 397 487 222 
102 241 357 281 
103 405 442 367 
104 318 319 273 
105 318 326 319 
106 280 350 218 
107 405 407 261 
108 157 448 390 
109 307 536 485 
110 389 439 398 
111 388 448 170 
112 280 531 324 
113 337 435 331 
114 287 356 317 
115 404 509 498 
116 195 402 196 
117 327 341 307 
118 243 344 245 
119 203 318 273 
120 346 352 343 
121 424 530 154 
122 305 536 307 
123 341 402 195 
124 315 482 316 
125 248 343 342 
126 347 348 275 
127 334 483 336 
128 231 337 330 
129 231 330 233 
130 261 442 405 
131 256 356 263 
132 218 350 220 
133 343 352 342 
134 205 338 207 
135 313 504 179 
136 248 342 249 
137 227 347 275 
138 334 533 153 
139 355 516 325 
140 324 516 280 
141 498 509 471 
142 395 529 478 
143 287 311 293 
144 287 293 284 
145 331 333 332 
146 259 385 383 
147 279 326 318 
148 333 334 332 
149 263 287 284 
150 237 274 239 
151 319 321 320 
152 345 346 343 
153 291 358 315 
154 331 332 274 
155 332 357 274 
156 390 448 388 
157 199 279 201 
158 245 344 248 
159 212 288 214 
160 275 435 337 
161 336 357 332 
162 347 350 349 
163 342 352 276 
164 512 515 309 
165 227 275 229 
166 225 347 227 
167 222 501 397 
168 319 320 273 
169 201 318 203 
170 330 331 274 
171 348 435 275 
172 407 438 261 
173 187 190 189 
174 396 478 443 
175 263 284 283 
176 279 318 201 
177 185 187 186 
178 241 281 243 
179 327 328 326 
180 252 276 254 
181 190 192 191 
182 161 505 396 
183 203 273 205 
184 246 399 366 
185 220 350 225 
186 344 345 343 
187 190 194 192 
188 164 453 16 
189 347 349 348 
190 30 451 29 
191 192 195 193 
192 239 357 241 
193 233 330 237 
194 210 329 212 
195 249 342 252 
196 216 280 218 
197 293 305 294 
198 183 185 184 
199 221 439 428 
200 252 342 276 
201 256 263 262 
202 389 398 391 
203 15 453 170 
204 307 341 306 
205 368 445 171 
206 34 452 33 
207 248 344 343 
208 210 212 211 
209 237 239 238 
210 212 329 288 
211 366 399 297 
212 393 397 395 
213 194 382 192 
214 185 188 187 
215 428 439 385 
216 383 409 259 
217 171 447 368 
218 349 355 348 
219 225 350 347 
220 279 327 326 
221 394 497 437 
222 187 189 186 
223 225 227 226 
224 245 248 247 
225 207 210 209 
226 185 186 184 
227 328 484 326 
228 237 330 274 
229 349 516 355 
230 190 191 189 
231 199 201 200 
232 212 214 213 
233 61 166 60 
234 35 167 34 
235 17 164 16 
236 53 165 52 
237 27 162 26 
238 43 163 42 
239 8 161 7 
240 1 160 64 
241 39 159 38 
242 31 158 30 
243 57 156 56 
244 13 157 12 
245 48 154 47 
246 22 155 21 
247 233 237 236 
248 293 294 284 
249 196 199 198 
250 321 322 320 
251 152 543 321 
252 273 338 205 
253 239 241 240 
254 321 508 152 
255 304 430 426 
256 220 225 224 
257 263 283 262 
258 291 315 310 
259 276 356 254 
260 6 175 5 
261 37 168 36 
262 319 484 321 
263 29 172 28 
264 63 177 62 
265 15 170 14 
266 33 178 32 
267 41 179 40 
268 59 181 58 
269 55 180 54 
270 201 203 202 
271 227 229 228 
272 274 357 239 
273 10 176 9 
274 19 169 18 
275 51 171 50 
276 45 173 44 
277 25 174 24 
278 192 193 191 
279 249 252 251 
280 327 402 341 
281 287 317 311 
282 302 409 383 
283 196 402 199 
284 426 430 267 
285 195 196 193 
286 330 337 331 
287 183 351 185 
288 214 216 215 
289 248 249 247 
290 210 211 209 
291 389 391 390 
292 383 385 384 
293 386 389 388 
294 221 476 398 
295 203 205 204 
296 254 356 256 
297 305 307 306 
298 252 254 253 
299 154 500 424 
300 293 449 305 
301 237 238 236 
302 259 428 385 
303 241 243 242 
304 239 240 238 
305 406 407 405 
306 279 402 327 
307 183 184 167 
308 212 213 211 
309 229 231 230 
310 225 226 224 
311 334 336 332 
312 199 200 198 
313 324 531 288 
314 373 451 158 
315 391 393 392 
316 464 521 520 
317 264 358 291 
318 440 464 408 
319 227 228 226 
320 427 434 362 
321 216 218 217 
322 252 253 251 
323 305 306 294 
324 184 480 452 
325 201 202 200 
326 393 395 394 
327 385 386 384 
328 254 256 255 
329 425 530 424 
330 256 262 257 
331 260 434 427 
332 282 401 372 
333 282 372 371 
334 214 215 213 
335 243 245 244 
336 389 390 388 
337 203 204 202 
338 296 297 272 
339 406 408 407 
340 423 436 378 
341 284 354 283 
342 205 207 206 
343 229 230 228 
344 241 242 240 
345 307 485 328 
346 291 310 295 
347 176 497 394 
348 264 291 285 
349 234 436 423 
350 372 374 373 
351 231 233 232 
352 302 340 339 
353 298 299 297 
354 391 392 390 
355 192 382 195 
356 185 351 188 
357 368 369 367 
358 278 302 301 
359 325 503 148 
360 249 251 250 
361 218 220 219 
362 235 415 270 
363 216 217 215 
364 416 417 270 
365 196 198 197 
366 303 304 277 
367 191 282 189 
368 148 494 355 
369 245 247 246 
370 313 314 304 
371 520 521 414 
372 254 255 253 
373 207 209 208 
374 271 415 235 
375 243 244 242 
376 205 206 204 
377 289 292 269 
378 233 236 235 
379 411 414 413 
380 256 257 255 
381 262 264 257 
382 393 394 392 
383 220 224 223 
384 299 366 297 
385 199 402 279 
386 182 490 183 
387 231 232 230 
388 283 358 262 
389 320 338 273 
390 362 364 363 
391 328 528 150 
392 386 388 387 
393 69 153 70 
394 65 152 66 
395 66 150 67 
396 68 151 69 
397 70 149 2 
398 2 148 65 
399 418 419 417 
400 67 147 68 
401 367 442 366 
402 360 529 501 
403 291 295 285 
404 266 290 286 
405 297 399 272 
406 372 441 374 
407 268 362 361 
408 290 309 300 
409 265 378 377 
410 157 437 12 
411 249 250 247 
412 299 367 366 
413 262 358 264 
414 372 373 371 
415 218 219 217 
416 378 380 379 
417 211 259 209 
418 158 451 30 
419 196 197 193 
420 310 312 295 
421 304 426 277 
422 296 298 297 
423 386 439 389 
424 245 246 244 
425 303 313 304 
426 403 404 292 
427 167 452 34 
428 302 339 301 
429 29 451 172 
430 302 383 340 
431 280 516 349 
432 233 235 232 
433 200 265 198 
434 266 272 250 
435 226 268 224 
436 207 208 206 
437 386 387 384 
438 415 416 270 
439 255 267 253 
440 264 285 277 
441 363 365 361 
442 379 381 377 
443 264 277 257 
444 415 420 416 
445 299 368 367 
446 286 296 272 
447 220 223 219 
448 240 258 238 
449 247 399 246 
450 410 433 411 
451 33 452 178 
452 236 271 235 
453 266 422 290 
454 251 266 250 
455 235 270 232 
456 282 371 370 
457 416 418 417 
458 189 370 186 
459 294 354 284 
460 258 433 410 
461 224 359 223 
462 285 303 277 
463 362 363 361 
464 290 300 286 
465 170 453 387 
466 278 409 302 
467 378 379 377 
468 359 360 223 
469 250 399 247 
470 230 260 228 
471 383 384 340 
472 411 412 271 
473 204 234 202 
474 244 261 242 
475 209 409 208 
476 180 464 440 
477 369 405 367 
478 411 413 412 
479 208 269 206 
480 282 370 189 
481 46 530 425 
482 215 221 213 
483 266 286 272 
484 290 474 309 
485 219 222 217 
486 278 301 289 
487 208 278 269 
488 268 427 362 
489 398 487 391 
490 278 289 269 
491 301 308 289 
492 198 376 197 
493 289 403 292 
494 410 411 271 
495 393 487 397 
496 369 406 405 
497 484 508 321 
498 268 359 224 
499 272 399 250 
500 265 423 378 
501 292 431 269 
502 259 409 209 
503 316 522 188 
504 173 515 512 
505 268 361 359 
506 191 401 282 
507 265 376 198 
508 265 377 376 
509 12 437 11 
510 412 415 271 
511 193 401 191 
512 314 430 304 
513 159 496 460 
514 295 400 285 
515 364 429 363 
516 208 409 278 
517 417 432 270 
518 236 410 271 
519 253 422 251 
520 238 410 236 
521 412 420 415 
522 285 400 303 
523 404 481 292 
524 202 423 200 
525 396 505 176 
526 308 403 289 
527 365 421 361 
528 197 401 193 
529 311 510 449 
530 228 427 226 
531 251 422 266 
532 213 428 211 
533 257 426 255 
534 211 428 259 
535 286 424 296 
536 267 422 253 
537 359 421 360 
538 277 426 257 
539 200 423 265 
540 300 425 424 
541 258 410 238 
542 182 183 167 
543 255 426 267 
544 226 427 268 
545 361 421 359 
546 300 424 286 
547 194 479 382 
548 234 423 202 
549 411 433 414 
550 362 434 364 
551 232 432 230 
552 260 427 228 
553 288 531 214 
554 206 431 204 
555 270 432 232 
556 323 503 325 
557 242 438 240 
558 221 428 213 
559 501 529 397 
560 240 438 258 
561 283 482 358 
562 216 531 280 
563 299 445 368 
564 230 432 260 
565 204 431 234 
566 269 431 206 
567 378 436 380 
568 261 438 242 
569 474 492 309 
570 160 459 458 
571 326 484 319 
572 366 442 246 
573 401 441 372 
574 452 480 178 
575 459 517 419 
576 322 543 323 
577 419 486 417 
578 246 442 244 
579 385 439 386 
580 441 475 374 
581 380 471 468 
582 188 522 187 
583 406 440 408 
584 168 490 182 
585 186 480 184 
586 298 446 445 
587 311 449 293 
588 365 444 443 
589 381 475 377 
590 197 441 401 
591 49 514 446 
592 190 522 194 
593 382 479 306 
594 425 526 46 
595 244 442 261 
596 419 517 486 
597 376 441 197 
598 306 479 294 
599 298 445 299 
600 404 498 481 
601 446 542 49 
602 365 443 421 
603 35 182 167 
604 61 454 166 
605 166 456 60 
606 27 455 162 
607 163 457 42 
608 160 458 64 
609 39 461 159 
610 57 462 156 
611 43 466 163 
612 155 472 21 
613 222 476 217 
614 159 460 38 
615 156 463 56 
616 17 465 164 
617 162 467 26 
618 22 469 155 
619 384 488 340 
620 53 450 165 
621 311 541 510 
622 215 476 221 
623 168 182 36 
624 177 454 62 
625 63 458 177 
626 179 461 40 
627 181 462 58 
628 172 455 28 
629 41 457 179 
630 59 456 181 
631 180 450 54 
632 37 460 168 
633 55 463 180 
634 463 464 180 
635 173 466 44 
636 169 465 18 
637 25 467 174 
638 19 473 169 
639 174 470 24 
640 365 527 444 
641 468 471 174 
642 419 519 459 
643 408 499 407 
644 184 452 167 
645 325 516 324 
646 416 491 418 
647 413 489 412 
648 36 182 35 
649 62 454 61 
650 64 458 63 
651 40 461 39 
652 58 462 57 
653 21 472 20 
654 28 455 27 
655 60 456 59 
656 42 457 41 
657 38 460 37 
658 56 463 55 
659 44 466 43 
660 23 469 22 
661 18 465 17 
662 26 467 25 
663 340 518 339 
664 54 450 53 
665 20 473 19 
666 24 470 23 
667 443 444 161 
668 376 475 441 
669 369 507 406 
670 380 468 379 
671 360 501 223 
672 174 471 470 
673 217 476 215 
674 303 504 313 
675 295 496 400 
676 301 502 308 
677 422 474 290 
678 472 524 308 
679 179 504 461 
680 298 500 446 
681 377 475 376 
682 8 505 161 
683 10 497 176 
684 219 501 222 
685 424 500 296 
686 430 474 267 
687 1 506 160 
688 503 543 152 
689 176 505 9 
690 175 506 5 
691 309 515 300 
692 421 478 360 
693 443 478 421 
694 354 482 283 
695 440 450 180 
696 444 527 175 
697 294 479 354 
698 379 511 381 
699 370 480 186 
700 430 492 474 
701 267 474 422 
702 391 487 393 
703 31 532 158 
704 292 481 431 
705 234 481 436 
706 158 532 375 
707 150 508 484 
708 178 532 32 
709 380 498 471 
710 438 499 258 
711 375 532 178 
712 467 468 174 
713 260 486 434 
714 169 502 339 
715 50 514 49 
716 417 486 432 
717 429 527 363 
718 183 490 351 
719 323 543 503 
720 432 486 260 
721 194 513 479 
722 49 542 48 
723 335 494 149 
724 472 473 20 
725 431 481 234 
726 23 470 469 
727 160 506 429 
728 47 530 46 
729 504 539 461 
730 321 543 322 
731 172 477 455 
732 408 520 499 
733 481 498 436 
734 387 488 384 
735 407 499 438 
736 457 535 313 
737 420 491 416 
738 412 489 420 
739 440 507 450 
740 477 523 374 
741 464 520 408 
742 450 507 165 
743 500 542 446 
744 11 497 10 
745 403 495 404 
746 151 541 353 
747 312 496 295 
748 149 494 2 
749 2 494 148 
750 314 492 430 
751 449 536 305 
752 511 537 381 
753 69 493 153 
754 151 493 69 
755 45 526 173 
756 437 497 11 
757 495 509 404 
758 453 488 387 
759 65 503 152 
760 486 517 434 
761 9 505 8 
762 152 508 66 
763 469 495 155 
764 148 503 65 
765 223 501 219 
766 296 500 298 
767 164 488 453 
768 339 502 301 
769 5 506 1 
770 147 510 68 
771 479 513 354 
772 258 499 433 
773 488 518 340 
774 463 521 464 
775 485 528 328 
776 400 504 303 
777 67 528 147 
778 153 533 70 
779 66 508 150 
780 171 514 50 
781 436 498 380 
782 187 522 190 
783 489 540 420 
784 364 517 459 
785 414 534 413 
786 459 519 458 
787 397 529 395 
788 68 510 151 
789 446 514 445 
790 467 511 468 
791 449 510 147 
792 156 521 463 
793 462 534 156 
794 46 526 45 
795 471 509 470 
796 406 507 440 
797 162 511 467 
798 214 531 216 
799 403 524 495 
800 473 502 169 
801 154 530 47 
802 300 515 425 
803 172 523 477 
804 48 542 154 
805 499 520 433 
806 470 509 469 
807 462 538 534 
808 374 523 373 
809 154 542 500 
810 466 525 163 
811 495 524 155 
812 32 532 31 
813 445 514 171 
814 166 540 456 
815 496 539 400 
816 400 539 504 
817 147 528 485 
818 434 517 364 
819 458 519 177 
820 525 535 163 
821 468 511 379 
822 173 512 466 
823 150 528 67 
824 363 527 365 
825 433 520 414 
826 469 509 495 
827 313 535 314 
828 308 524 403 
829 70 533 149 
830 314 535 525 
831 373 523 451 
832 354 513 482 
833 162 537 511 
834 465 518 164 
835 413 538 489 
836 164 518 488 
837 451 523 172 
838 491 540 166 
839 482 513 316 
840 155 524 472 
841 492 512 309 
842 173 526 515 
843 147 536 449 
844 163 535 457 
845 381 537 477 
846 181 538 462 
847 478 529 360 
848 455 537 162 
849 477 537 455 
850 461 539 159 
851 521 534 414 
852 534 538 413 
853 485 536 147 
854 512 525 466 
855 314 525 492 
856 510 541 151 
857 159 539 496 
858 489 538 181 
859 420 540 491 
860 492 525 512 
861 515 526 425 
862 156 534 521 
2 2 3 366
863 1 5 544 71 
864 71 544 545 72 
865 72 545 546 73 
866 73 546 547 74 
867 74 547 548 75 
868 75 548 76 3 
869 5 6 549 544 
870 544 549 550 545 
871 545 550 551 546 
872 546 551 552 547 
873 547 552 553 548 
874 548 553 77 76 
875 6 7 554 549 
876 549 554 555 550 
877 550 555 556 551 
878 551 556 557 552 
879 552 557 558 553 
880 553 558 78 77 
881 7 8 559 554 
882 554 559 560 555 
883 555 560 561 556 
884 556 561 562 557 
885 557 562 563 558 
886 558 563 79 78 
887 8 9 564 559 
888 559 564 565 560 
889 560 565 566 561 
890 561 566 567 562 
891 562 567 568 563 
892 563 568 80 79 
893 9 10 569 564 
894 564 569 570 565 
895 565 570 571 566 
896 566 571 572 567 
897 567 572 573 568 
898 568 573 81 80 
899 10 11 574 569 
900 569 574 575 570 
901 570 575 576 571 
902 571 576 577 572 
903 572 577 578 573 
904 573 578 82 81 
905 11 12 579 574 
906 574 579 580 575 
907 575 580 581 576 
908 576 581 582 577 
909 577 582 583 578 
910 578 583 83 82 
911 12 13 584 579 
912 579 584 585 580 
913 580 585 586 581 
914 581 586 587 582 
915 582 587 588 583 
916 583 588 84 83 
917 13 14 589 584 
918 584 589 590 585 
919 585 590 591 586 
920 586 591 592 587 
921 587 592 593 588 
922 588 593 85 84 
923 14 15 594 589 
924 589 594 595 590 
925 590 595 596 591 
926 591 596 597 592 
927 592 597 598 593 
928 593 598 86 85 
929 15 16 599 594 
930 594 599 600 595 
931 595 600 601 596 
932 596 601 602 597 
933 597 602 603 598 
934 598 603 87 86 
935 16 17 604 599 
936 599 604 605 600 
937 600 605 606 601 
938 601 606 607 602 
939 602 607 608 603 
940 603 608 88 87 
941 17 18 609 604 
942 604 609 610 605 
943 605 610 611 606 
944 606 611 612 607 
945 607 612 613 608 
946 608 613 89 88 
947 18 19 614 609 
948 609 614 615 610 
949 610 615 616 611 
950 611 616 617 612 
951 612 617 618 613 
952 613 618 90 89 
953 19 20 619 614 
954 614 619 620 615 
955 615 620 621 616 
956 616 621 622 617 
957 617 622 623 618 
958 618 623 91 90 
959 20 21 624 619 
960 619 624 625 620 
961 620 625 626 621 
962 621 626 627 622 
963 622 627 628 623 
964 623 628 92 91 
965 21 22 629 624 
966 624 629 630 625 
967 625 630 631 626 
968 626 631 632 627 
969 627 632 633 628 
970 628 633 93 92 
971 22 23 634 629 
972 629 634 635 630 
973 630 635 636 631 
974 631 636 637 632 
975 632 637 638 633 
976 633 638 94 93 
977 23 24 639 634 
978 634 639 640 635 
979 635 640 641 636 
980 636 641 642 637 
981 637 642 643 638 
982 638 643 95 94 
983 24 25 644 639 
984 639 644 645 640 
985 640 645 646 641 
986 641 646 647 642 
987 642 647 648 643 
988 643 648 96 95 
989 25 26 649 644 
990 644 649 650 645 
991 645 650 651 646 
992 646 651 652 647 
993 647 652 653 648 
994 648 653 97 96 
995 26 27 654 649 
996 649 654 655 650 
997 650 655 656 651 
998 651 656 657 652 
999 652 657 658 653 
1000 653 658 98 97 
1001 27 28 659 654 
1002 654 659 660 655 
1003 655 660 661 656 
1004 656 661 662 657 
1005 657 662 663 658 
1006 658 663 99 98 
1007 28 29 664 659 
1008 659 664 665 660 
1009 660 665 666 661 
1010 661 666 667 662 
1011 662 667 668 663 
1012 663 668 100 99 
1013 29 30 669 664 
1014 664 669 670 665 
1015 665 670 671 666 
1016 666 671 672 667 
1017 667 672 673 668 
1018 668 673 101 100 
1019 30 31 674 669 
1020 669 674 675 670 
1021 670 675 676 671 
1022 671 676 677 672 
1023 672 677 678 673 
1024 673 678 102 101 
1025 31 32 679 674 
1026 674 679 680 675 
1027 675 680 681 676 
1028 676 681 682 677 
1029 677 682 683 678 
1030 678 683 103 102 
1031 32 33 684 679 
1032 679 684 685 680 
1033 680 685 686 681 
1034 681 686 687 682 
1035 682 687 688 683 
1036 683 688 104 103 
1037 33 34 689 684 
1038 684 689 690 685 
1039 685 690 691 686 
1040 686 691 692 687 
1041 687 692 693 688 
1042 688 693 105 104 
1043 34 35 694 689 
1044 689 694 695 690 
1045 690 695 696 691 
1046 691 696 697 692 
1047 692 697 698 693 
1048 693 698 106 105 
1049 35 36 699 694 
1050 694 699 700 695 
1051 695 700 701 696 
1052 696 701 702 697 
1053 697 702 703 698 
1054 698 703 107 106 
1055 36 37 704 699 
1056 699 704 705 700 
1057 700 705 706 701 
1058 701 706 707 702 
1059 702 707 708 703 
1060 703 708 108 107 
1061 37 38 709 704 
1062 704 709 710 705 
1063 705 710 711 706 
1064 706 711 712 707 
1065 707 712 713 708 
1066 708 713 109 108 
1067 38 39 714 709 
1068 709 714 715 710 
1069 710 715 716 711 
1070 711 716 717 712 
1071 712 717 718 713 
1072 713 718 110 109 
1073 39 40 719 714 
1074 714 719 720 715 
1075 715 720 721 716 
1076 716 721 722 717 
1077 717 722 723 718 
1078 718 723 111 110 
1079 40 41 724 719 
1080 719 724 725 720 
1081 720 725 726 721 
1082 721 726 727 722 
1083 722 727 728 723 
1084 723 728 112 111 
1085 41 42 729 724 
1086 724 729 730 725 
1087 725 730 731 726 
1088 726 731 732 727 
1089 727 732 733 728 
1090 728 733 113 112 
1091 42 43 734 729 
1092 729 734 735 730 
1093 730 735 736 731 
1094 731 736 737 732 
1095 732 737 738 733 
1096 733 738 114 113 
1097 43 44 739 734 
1098 734 739 740 735 
1099 735 740 741 736 
1100 736 741 742 737 
1101 737 742 743 738 
1102 738 743 115 114 
1103 44 45 744 739 
1104 739 744 745 740 
1105 740 745 746 741 
1106 741 746 747 742 
1107 742 747 748 743 
1108 743 748 116 115 
1109 45 46 749 744 
1110 744 749 750 745 
1111 745 750 751 746 
1112 746 751 752 747 
1113 747 752 753 748 
1114 748 753 117 116 
1115 46 47 754 749 
1116 749 754 755 750 
1117 750 755 756 751 
1118 751 756 757 752 
1119 752 757 758 753 
1120 753 758 118 117 
1121 47 48 759 754 
1122 754 759 760 755 
1123 755 760 761 756 
1124 756 761 762 757 
1125 757 762 763 758 
1126 758 763 119 118 
1127 48 49 764 759 
1128 759 764 765 760 
1129 760 765 766 761 
1130 761 766 767 762 
1131 762 767 768 763 
1132 763 768 120 119 
1133 49 50 769 764 
1134 764 769 770 765 
1135 765 770 771 766 
1136 766 771 772 767 
1137 767 772 773 768 
1138 768 773 121 120 
1139 50 51 774 769 
1140 769 774 775 770 
1141 770 775 776 771 
1142 771 776 777 772 
1143 772 777 778 773 
1144 773 778 122 121 
1145 51 52 779 774 
1146 774 779 780 775 
1147 775 780 781 776 
1148 776 781 782 777 
1149 777 782 783 778 
1150 778 783 123 122 
1151 52 53 784 779 
1152 779 784 785 780 
1153 780 785 786 781 
1154 781 786 787 782 
1155 782 787 788 783 
1156 783 788 124 123 
1157 53 54 789 784 
1158 784 789 790 785 
1159 785 790 791 786 
1160 786 791 792 787 
1161 787 792 793 788 
1162 788 793 125 124 
1163 54 55 794 789 
1164 789 794 795 790 
1165 790 795 796 791 
1166 791 796 797 792 
1167 792 797 798 793 
1168 793 798 126 125 
1169 55 56 799 794 
1170 794 799 800 795 
1171 795 800 801 796 
1172 796 801 802 797 
1173 797 802 803 798 
1174 798 803 127 126 
1175 56 57 804 799 
1176 799 804 805 800 
1177 800 805 806 801 
1178 801 806 807 802 
1179 802 807 808 803 
1180 803 808 128 127 
1181 57 58 809 804 
1182 804 809 810 805 
1183 805 810 811 806 
1184 806 811 812 807 
1185 807 812 813 808 
1186 808 813 129 128 
1187 58 59 814 809 
1188 809 814 815 810 
1189 810 815 816 811 
1190 811 816 817 812 
1191 812 817 818 813 
1192 813 818 130 129 
1193 59 60 819 814 
1194 814 819 820 815 
1195 815 820 821 816 
1196 816 821 822 817 
1197 817 822 823 818 
1198 818 823 131 130 
1199 60 61 824 819 
1200 819 824 825 820 
1201 820 825 826 821 
1202 821 826 827 822 
1203 822 827 828 823 
1204 823 828 132 131 
1205 61 62 829 824 
1206 824 829 830 825 
1207 825 830 831 826 
1208 826 831 832 827 
1209 827 832 833 828 
1210 828 833 133 132 
1211 62 63 834 829 
1212 829 834 835 830 
1213 830 835 836 831 
1214 831 836 837 832 
1215 832 837 838 833 
1216 833 838 134 133 
1217 63 64 839 834 
1218 834 839 840 835 
1219 835 840 841 836 
1220 836 841 842 837 
1221 837 842 843 838 
1222 838 843 135 134 
1223 64 1 71 839 
1224 839 71 72 840 
1225 840 72 73 841 
1226 841 73 74 842 
1227 842 74 75 843 
1228 843 75 3 135 
2 3 3 42
1229 2 136 844 65 
1230 136 137 845 844 
1231 137 138 846 845 
1232 138 139 847 846 
1233 139 140 848 847 
1234 140 4 141 848 
1235 65 844 849 66 
1236 844 845 850 849 
1237 845 846 851 850 
1238 846 847 852 851 
1239 847 848 853 852 
1240 848 141 142 853 
1241 66 849 854 67 
1242 849 850 855 854 
1243 850 851 856 855 
1244 851 852 857 856 
1245 852 853 858 857 
1246 853 142 143 858 
1247 67 854 859 68 
1248 854 855 860 859 
1249 855 856 861 860 
1250 856 857 862 861 
1251 857 858 863 862 
1252 858 143 144 863 
1253 68 859 864 69 
1254 859 860 865 864 
1255 860 861 866 865 
1256 861 862 867 866 
1257 862 863 868 867 
1258 863 144 145 868 
1259 69 864 869 70 
1260 864 865 870 869 
1261 865 866 871 870 
1262 866 867 872 871 
1263 867 868 873 872 
1264 868 145 146 873 
1265 70 869 136 2 
1266 869 870 137 136 
1267 870 871 138 137 
1268 871 872 139 138 
1269 872 873 140 139 
1270 873 146 4 140 
2 4 2 862
1271 1049 1050 1015 
1272 904 1246 1145 
1273 1145 1181 904 
1274 1174 1234 1096 
1275 1145 1218 1181 
1276 1210 1220 1073 
1277 1037 1042 915 
1278 1122 1123 903 
1279 892 1234 1174 
1280 1050 1051 1015 
1281 915 1078 1037 
1282 1121 1122 903 
1283 1098 1100 885 
1284 123 1174 122 
1285 885 1102 1098 
1286 1181 1218 893 
1287 895 1187 1039 
1288 78 1171 77 
1289 1063 1072 1008 
1290 1102 1207 1097 
1291 1145 1246 1146 
1292 880 1220 1210 
1293 1073 1220 1080 
1294 1037 1078 1039 
1295 1075 1082 1062 
1296 1058 1162 1060 
1297 876 1260 1060 
1298 1203 1214 1125 
1299 1117 1119 884 
1300 85 1175 84 
1301 949 1214 1203 
1302 1078 1217 1039 
1303 1003 1079 1044 
1304 1091 1186 1156 
1305 1060 1260 1061 
1306 1066 1192 896 
1307 1098 1102 1097 
1308 1015 1056 1049 
1309 892 1174 123 
1310 1156 1186 887 
1311 880 1210 1061 
1312 1039 1217 895 
1313 122 1174 898 
1314 1035 1200 1199 
1315 1082 1221 1062 
1316 1060 1162 1062 
1317 888 1171 78 
1318 1187 1223 1039 
1319 1066 1245 1192 
1320 1119 1164 884 
1321 77 1171 902 
1322 1123 1170 888 
1323 1114 1115 897 
1324 1080 1220 878 
1325 1183 1267 1216 
1326 1056 1065 1047 
1327 1063 1210 1072 
1328 902 1254 1156 
1329 1079 1080 1044 
1330 1183 1216 908 
1331 1076 1077 1007 
1332 921 1249 1240 
1333 1042 1043 915 
1334 1002 1064 956 
1335 1156 1233 902 
1336 1122 1205 1123 
1337 1008 1084 1063 
1338 1049 1056 1047 
1339 1034 1055 1054 
1340 905 1207 1102 
1341 1072 1210 1073 
1342 906 1184 1040 
1343 1008 1072 1071 
1344 1240 1249 1043 
1345 1044 1083 1003 
1346 937 1065 1056 
1347 1062 1162 1075 
1348 1073 1080 1079 
1349 1125 1166 948 
1350 1035 1229 1200 
1351 1095 1174 1096 
1352 1085 1209 1042 
1353 1060 1062 876 
1354 1080 1268 1044 
1355 84 1175 884 
1356 1050 1052 1051 
1357 897 1175 85 
1358 1044 1268 1038 
1359 990 1083 1014 
1360 87 1180 86 
1361 877 1211 1055 
1362 1068 1109 1033 
1363 1121 1164 1119 
1364 1202 1204 1101 
1365 1008 1071 970 
1366 875 1082 1052 
1367 1108 1204 1202 
1368 956 1064 958 
1369 934 1065 937 
1370 922 1109 1068 
1371 1124 1214 949 
1372 968 1084 1008 
1373 1132 1169 1094 
1374 1045 1046 1000 
1375 1045 1053 1046 
1376 1007 1077 945 
1377 1132 1134 988 
1378 884 1175 1117 
1379 1034 1263 1212 
1380 1116 1166 1125 
1381 1115 1175 897 
1382 1007 1258 1051 
1383 1064 1162 1058 
1384 1014 1083 1044 
1385 1131 1236 1225 
1386 922 1129 923 
1387 1054 1068 1034 
1388 970 1071 972 
1389 930 1045 1000 
1390 1073 1079 1070 
1391 1151 1257 881 
1392 1032 1263 1034 
1393 1068 1129 922 
1394 1042 1209 1043 
1395 975 1070 1069 
1396 1074 1075 1002 
1397 1061 1210 1063 
1398 958 1064 1057 
1399 958 1057 960 
1400 988 1169 1132 
1401 983 1083 990 
1402 945 1077 947 
1403 1070 1079 1069 
1404 932 1065 934 
1405 1040 1231 906 
1406 975 1069 976 
1407 954 1074 1002 
1408 1061 1260 880 
1409 1082 1243 1052 
1410 1051 1243 1007 
1411 1225 1236 1198 
1412 1122 1256 1205 
1413 1014 1038 1020 
1414 1014 1020 1011 
1415 1058 1060 1059 
1416 986 1112 1110 
1417 1006 1053 1045 
1418 1060 1061 1059 
1419 990 1014 1011 
1420 964 1001 966 
1421 1046 1048 1047 
1422 1072 1073 1070 
1423 1018 1085 1042 
1424 1058 1059 1001 
1425 1059 1084 1001 
1426 1117 1175 1115 
1427 926 1006 928 
1428 972 1071 975 
1429 939 1015 941 
1430 1002 1162 1064 
1431 1063 1084 1059 
1432 1074 1077 1076 
1433 1069 1079 1003 
1434 1239 1242 1036 
1435 954 1002 956 
1436 952 1074 954 
1437 949 1228 1124 
1438 1046 1047 1000 
1439 928 1045 930 
1440 1057 1058 1001 
1441 1075 1162 1002 
1442 1134 1165 988 
1443 914 917 916 
1444 1123 1205 1170 
1445 990 1011 1010 
1446 1006 1045 928 
1447 912 914 913 
1448 968 1008 970 
1449 1054 1055 1053 
1450 979 1003 981 
1451 917 919 918 
1452 888 1232 1123 
1453 930 1000 932 
1454 973 1126 1093 
1455 947 1077 952 
1456 1071 1072 1070 
1457 917 921 919 
1458 891 1180 87 
1459 1074 1076 1075 
1460 101 1178 100 
1461 919 922 920 
1462 966 1084 968 
1463 960 1057 964 
1464 937 1056 939 
1465 976 1069 979 
1466 943 1007 945 
1467 1020 1032 1021 
1468 910 912 911 
1469 948 1166 1155 
1470 979 1069 1003 
1471 983 990 989 
1472 1116 1125 1118 
1473 86 1180 897 
1474 1034 1068 1033 
1475 1095 1172 898 
1476 105 1179 104 
1477 975 1071 1070 
1478 937 939 938 
1479 964 966 965 
1480 939 1056 1015 
1481 1093 1126 1024 
1482 1120 1124 1122 
1483 921 1109 919 
1484 912 915 914 
1485 1155 1166 1112 
1486 1110 1136 986 
1487 898 1174 1095 
1488 1076 1082 1075 
1489 952 1077 1074 
1490 1006 1054 1053 
1491 1121 1224 1164 
1492 914 916 913 
1493 952 954 953 
1494 972 975 974 
1495 934 937 936 
1496 912 913 911 
1497 1055 1211 1053 
1498 964 1057 1001 
1499 1076 1243 1082 
1500 917 918 916 
1501 926 928 927 
1502 939 941 940 
1503 132 893 131 
1504 106 894 105 
1505 88 891 87 
1506 124 892 123 
1507 98 889 97 
1508 114 890 113 
1509 79 888 78 
1510 3 887 135 
1511 110 886 109 
1512 102 885 101 
1513 128 883 127 
1514 84 884 83 
1515 119 881 118 
1516 93 882 92 
1517 960 964 963 
1518 1020 1021 1011 
1519 923 926 925 
1520 1048 1049 1047 
1521 879 1270 1048 
1522 1000 1065 932 
1523 966 968 967 
1524 1048 1235 879 
1525 1031 1157 1153 
1526 947 952 951 
1527 990 1010 989 
1528 1018 1042 1037 
1529 1003 1083 981 
1530 77 902 76 
1531 108 895 107 
1532 1046 1211 1048 
1533 100 899 99 
1534 134 904 133 
1535 86 897 85 
1536 104 905 103 
1537 112 906 111 
1538 130 908 129 
1539 126 907 125 
1540 928 930 929 
1541 954 956 955 
1542 1001 1084 966 
1543 81 903 80 
1544 90 896 89 
1545 122 898 121 
1546 116 900 115 
1547 96 901 95 
1548 919 920 918 
1549 976 979 978 
1550 1054 1129 1068 
1551 1014 1044 1038 
1552 1029 1136 1110 
1553 923 1129 926 
1554 1153 1157 994 
1555 922 923 920 
1556 1057 1064 1058 
1557 910 1078 912 
1558 941 943 942 
1559 975 976 974 
1560 937 938 936 
1561 1116 1118 1117 
1562 1110 1112 1111 
1563 1113 1116 1115 
1564 948 1203 1125 
1565 930 932 931 
1566 981 1083 983 
1567 1032 1034 1033 
1568 979 981 980 
1569 881 1227 1151 
1570 1020 1176 1032 
1571 964 965 963 
1572 986 1155 1112 
1573 968 970 969 
1574 966 967 965 
1575 1133 1134 1132 
1576 1006 1129 1054 
1577 910 911 894 
1578 939 940 938 
1579 956 958 957 
1580 952 953 951 
1581 1061 1063 1059 
1582 926 927 925 
1583 1051 1258 1015 
1584 1100 1178 885 
1585 1118 1120 1119 
1586 1191 1248 1247 
1587 991 1085 1018 
1588 1167 1191 1135 
1589 954 955 953 
1590 1154 1161 1089 
1591 943 945 944 
1592 979 980 978 
1593 1032 1033 1021 
1594 911 1207 1179 
1595 928 929 927 
1596 1120 1122 1121 
1597 1112 1113 1111 
1598 981 983 982 
1599 1152 1257 1151 
1600 983 989 984 
1601 987 1161 1154 
1602 1009 1128 1099 
1603 1009 1099 1098 
1604 941 942 940 
1605 970 972 971 
1606 1116 1117 1115 
1607 930 931 929 
1608 1023 1024 999 
1609 1133 1135 1134 
1610 1150 1163 1105 
1611 1011 1081 1010 
1612 932 934 933 
1613 956 957 955 
1614 968 969 967 
1615 1034 1212 1055 
1616 1018 1037 1022 
1617 903 1224 1121 
1618 991 1018 1012 
1619 961 1163 1150 
1620 1099 1101 1100 
1621 958 960 959 
1622 1029 1067 1066 
1623 1025 1026 1024 
1624 1118 1119 1117 
1625 919 1109 922 
1626 912 1078 915 
1627 1095 1096 1094 
1628 1005 1029 1028 
1629 1052 1230 875 
1630 976 978 977 
1631 945 947 946 
1632 962 1142 997 
1633 943 944 942 
1634 1143 1144 997 
1635 923 925 924 
1636 1030 1031 1004 
1637 918 1009 916 
1638 875 1221 1082 
1639 972 974 973 
1640 1040 1041 1031 
1641 1247 1248 1141 
1642 981 982 980 
1643 934 936 935 
1644 998 1142 962 
1645 970 971 969 
1646 932 933 931 
1647 1016 1019 996 
1648 960 963 962 
1649 1138 1141 1140 
1650 983 984 982 
1651 989 991 984 
1652 1120 1121 1119 
1653 947 951 950 
1654 1026 1093 1024 
1655 926 1129 1006 
1656 909 1217 910 
1657 958 959 957 
1658 1010 1085 989 
1659 1047 1065 1000 
1660 1089 1091 1090 
1661 1055 1255 877 
1662 1113 1115 1114 
1663 145 880 146 
1664 141 879 142 
1665 142 877 143 
1666 144 878 145 
1667 146 876 4 
1668 4 875 141 
1669 1145 1146 1144 
1670 143 874 144 
1671 1094 1169 1093 
1672 1087 1256 1228 
1673 1018 1022 1012 
1674 993 1017 1013 
1675 1024 1126 999 
1676 1099 1168 1101 
1677 995 1089 1088 
1678 1017 1036 1027 
1679 992 1105 1104 
1680 884 1164 83 
1681 976 977 974 
1682 1026 1094 1093 
1683 989 1085 991 
1684 1099 1100 1098 
1685 945 946 944 
1686 1105 1107 1106 
1687 938 986 936 
1688 885 1178 101 
1689 923 924 920 
1690 1037 1039 1022 
1691 1031 1153 1004 
1692 1023 1025 1024 
1693 1113 1166 1116 
1694 972 973 971 
1695 1030 1040 1031 
1696 1130 1131 1019 
1697 894 1179 105 
1698 1029 1066 1028 
1699 100 1178 899 
1700 1029 1110 1067 
1701 1007 1243 1076 
1702 960 962 959 
1703 927 992 925 
1704 993 999 977 
1705 953 995 951 
1706 934 935 933 
1707 1113 1114 1111 
1708 1142 1143 997 
1709 982 994 980 
1710 991 1012 1004 
1711 1090 1092 1088 
1712 1106 1108 1104 
1713 991 1004 984 
1714 1142 1147 1143 
1715 1026 1095 1094 
1716 1013 1023 999 
1717 947 950 946 
1718 967 985 965 
1719 974 1126 973 
1720 1137 1160 1138 
1721 104 1179 905 
1722 963 998 962 
1723 993 1149 1017 
1724 978 993 977 
1725 962 997 959 
1726 1009 1098 1097 
1727 1143 1145 1144 
1728 916 1097 913 
1729 1021 1081 1011 
1730 985 1160 1137 
1731 951 1086 950 
1732 1012 1030 1004 
1733 1089 1090 1088 
1734 1017 1027 1013 
1735 897 1180 1114 
1736 1005 1136 1029 
1737 1105 1106 1104 
1738 1086 1087 950 
1739 977 1126 974 
1740 957 987 955 
1741 1110 1111 1067 
1742 1138 1139 998 
1743 931 961 929 
1744 971 988 969 
1745 936 1136 935 
1746 907 1191 1167 
1747 1096 1132 1094 
1748 1138 1140 1139 
1749 935 996 933 
1750 1009 1097 916 
1751 117 1257 1152 
1752 942 948 940 
1753 993 1013 999 
1754 1017 1201 1036 
1755 946 949 944 
1756 1005 1028 1016 
1757 935 1005 996 
1758 995 1154 1089 
1759 1125 1214 1118 
1760 1005 1016 996 
1761 1028 1035 1016 
1762 925 1103 924 
1763 1016 1130 1019 
1764 1137 1138 998 
1765 1120 1214 1124 
1766 1096 1133 1132 
1767 1211 1235 1048 
1768 995 1086 951 
1769 999 1126 977 
1770 992 1150 1105 
1771 1019 1158 996 
1772 986 1136 936 
1773 1043 1249 915 
1774 900 1242 1239 
1775 995 1088 1086 
1776 918 1128 1009 
1777 992 1103 925 
1778 992 1104 1103 
1779 83 1164 82 
1780 1139 1142 998 
1781 920 1128 918 
1782 1041 1157 1031 
1783 886 1223 1187 
1784 1022 1127 1012 
1785 1091 1156 1090 
1786 935 1136 1005 
1787 1144 1159 997 
1788 963 1137 998 
1789 980 1149 978 
1790 965 1137 963 
1791 1139 1147 1142 
1792 1012 1127 1030 
1793 1131 1208 1019 
1794 929 1150 927 
1795 1123 1232 903 
1796 1035 1130 1016 
1797 1092 1148 1088 
1798 924 1128 920 
1799 1038 1237 1176 
1800 955 1154 953 
1801 978 1149 993 
1802 940 1155 938 
1803 984 1153 982 
1804 938 1155 986 
1805 1013 1151 1023 
1806 994 1149 980 
1807 1086 1148 1087 
1808 1004 1153 984 
1809 927 1150 992 
1810 1027 1152 1151 
1811 985 1137 965 
1812 909 910 894 
1813 982 1153 994 
1814 953 1154 995 
1815 1088 1148 1086 
1816 1027 1151 1013 
1817 921 1206 1109 
1818 961 1150 929 
1819 1138 1160 1141 
1820 1089 1161 1091 
1821 959 1159 957 
1822 987 1154 955 
1823 1015 1258 941 
1824 933 1158 931 
1825 997 1159 959 
1826 1050 1230 1052 
1827 969 1165 967 
1828 948 1155 940 
1829 1228 1256 1124 
1830 967 1165 985 
1831 1010 1209 1085 
1832 943 1258 1007 
1833 1026 1172 1095 
1834 957 1159 987 
1835 931 1158 961 
1836 996 1158 933 
1837 1105 1163 1107 
1838 988 1165 969 
1839 1201 1219 1036 
1840 887 1186 1185 
1841 1053 1211 1046 
1842 1093 1169 973 
1843 1128 1168 1099 
1844 1179 1207 905 
1845 1186 1244 1146 
1846 1049 1270 1050 
1847 1146 1213 1144 
1848 973 1169 971 
1849 1112 1166 1113 
1850 1168 1202 1101 
1851 1107 1198 1195 
1852 915 1249 914 
1853 1133 1167 1135 
1854 895 1217 909 
1855 913 1207 911 
1856 1025 1173 1172 
1857 1038 1176 1020 
1858 1092 1171 1170 
1859 1108 1202 1104 
1860 924 1168 1128 
1861 120 1241 1173 
1862 917 1249 921 
1863 1109 1206 1033 
1864 1152 1253 117 
1865 971 1169 988 
1866 1146 1244 1213 
1867 1103 1168 924 
1868 1033 1206 1021 
1869 1025 1172 1026 
1870 1131 1225 1208 
1871 1173 1269 120 
1872 1092 1170 1148 
1873 106 909 894 
1874 132 1181 893 
1875 893 1183 131 
1876 98 1182 889 
1877 890 1184 113 
1878 887 1185 135 
1879 110 1188 886 
1880 128 1189 883 
1881 114 1193 890 
1882 882 1199 92 
1883 949 1203 944 
1884 886 1187 109 
1885 883 1190 127 
1886 88 1192 891 
1887 889 1194 97 
1888 93 1196 882 
1889 1111 1215 1067 
1890 124 1177 892 
1891 1038 1268 1237 
1892 942 1203 948 
1893 895 909 107 
1894 904 1181 133 
1895 134 1185 904 
1896 906 1188 111 
1897 908 1189 129 
1898 899 1182 99 
1899 112 1184 906 
1900 130 1183 908 
1901 907 1177 125 
1902 108 1187 895 
1903 126 1190 907 
1904 1190 1191 907 
1905 900 1193 115 
1906 896 1192 89 
1907 96 1194 901 
1908 90 1200 896 
1909 901 1197 95 
1910 1092 1254 1171 
1911 1195 1198 901 
1912 1146 1246 1186 
1913 1135 1226 1134 
1914 911 1179 894 
1915 1052 1243 1051 
1916 1143 1218 1145 
1917 1140 1216 1139 
1918 107 909 106 
1919 133 1181 132 
1920 135 1185 134 
1921 111 1188 110 
1922 129 1189 128 
1923 92 1199 91 
1924 99 1182 98 
1925 131 1183 130 
1926 113 1184 112 
1927 109 1187 108 
1928 127 1190 126 
1929 115 1193 114 
1930 94 1196 93 
1931 89 1192 88 
1932 97 1194 96 
1933 1067 1245 1066 
1934 125 1177 124 
1935 91 1200 90 
1936 95 1197 94 
1937 1170 1171 888 
1938 1103 1202 1168 
1939 1096 1234 1133 
1940 1107 1195 1106 
1941 1087 1228 950 
1942 901 1198 1197 
1943 944 1203 942 
1944 1030 1231 1040 
1945 1022 1223 1127 
1946 1028 1229 1035 
1947 1149 1201 1017 
1948 1199 1251 1035 
1949 906 1231 1188 
1950 1025 1227 1173 
1951 1104 1202 1103 
1952 79 1232 888 
1953 81 1224 903 
1954 946 1228 949 
1955 1151 1227 1023 
1956 1157 1201 994 
1957 3 1233 887 
1958 1230 1270 879 
1959 903 1232 80 
1960 902 1233 76 
1961 1036 1242 1027 
1962 1148 1205 1087 
1963 1170 1205 1148 
1964 1081 1209 1010 
1965 1167 1177 907 
1966 1171 1254 902 
1967 1021 1206 1081 
1968 1106 1238 1108 
1969 1097 1207 913 
1970 1157 1219 1201 
1971 994 1201 1149 
1972 1118 1214 1120 
1973 102 1259 885 
1974 1019 1208 1158 
1975 961 1208 1163 
1976 885 1259 1102 
1977 877 1235 1211 
1978 905 1259 103 
1979 1107 1225 1198 
1980 1165 1226 985 
1981 1102 1259 905 
1982 1194 1195 901 
1983 987 1213 1161 
1984 896 1229 1066 
1985 121 1241 120 
1986 1144 1213 1159 
1987 1156 1254 1090 
1988 910 1217 1078 
1989 1050 1270 1230 
1990 1159 1213 987 
1991 921 1240 1206 
1992 120 1269 119 
1993 1062 1221 876 
1994 1199 1200 91 
1995 1158 1208 961 
1996 94 1197 1196 
1997 887 1233 1156 
1998 118 1257 117 
1999 1231 1266 1188 
2000 1048 1270 1049 
2001 899 1204 1182 
2002 1135 1247 1226 
2003 1208 1225 1163 
2004 1114 1215 1111 
2005 1134 1226 1165 
2006 1184 1262 1040 
2007 1147 1218 1143 
2008 1139 1216 1147 
2009 1167 1234 1177 
2010 1204 1250 1101 
2011 1191 1247 1135 
2012 1177 1234 892 
2013 1227 1269 1173 
2014 82 1224 81 
2015 1130 1222 1131 
2016 878 1268 1080 
2017 1039 1223 1022 
2018 876 1221 4 
2019 4 1221 875 
2020 1041 1219 1157 
2021 1176 1263 1032 
2022 1238 1264 1108 
2023 145 1220 880 
2024 878 1220 145 
2025 116 1253 900 
2026 1164 1224 82 
2027 1222 1236 1131 
2028 1180 1215 1114 
2029 141 1230 879 
2030 1213 1244 1161 
2031 80 1232 79 
2032 879 1235 142 
2033 1196 1222 882 
2034 875 1230 141 
2035 950 1228 946 
2036 1023 1227 1025 
2037 891 1215 1180 
2038 1066 1229 1028 
2039 76 1233 3 
2040 874 1237 144 
2041 1206 1240 1081 
2042 985 1226 1160 
2043 1215 1245 1067 
2044 1190 1248 1191 
2045 1212 1255 1055 
2046 1127 1231 1030 
2047 143 1255 874 
2048 880 1260 146 
2049 142 1235 877 
2050 898 1241 121 
2051 1163 1225 1107 
2052 914 1249 917 
2053 1216 1267 1147 
2054 1091 1244 1186 
2055 1141 1261 1140 
2056 1186 1246 1185 
2057 1124 1256 1122 
2058 144 1237 878 
2059 1173 1241 1172 
2060 1194 1238 1195 
2061 1176 1237 874 
2062 883 1248 1190 
2063 1189 1261 883 
2064 117 1253 116 
2065 1198 1236 1197 
2066 1133 1234 1167 
2067 889 1238 1194 
2068 941 1258 943 
2069 1130 1251 1222 
2070 1200 1229 896 
2071 881 1257 118 
2072 1027 1242 1152 
2073 899 1250 1204 
2074 119 1269 881 
2075 1226 1247 1160 
2076 1197 1236 1196 
2077 1189 1265 1261 
2078 1101 1250 1100 
2079 881 1269 1227 
2080 1193 1252 890 
2081 1222 1251 882 
2082 103 1259 102 
2083 1172 1241 898 
2084 893 1267 1183 
2085 1223 1266 1127 
2086 1127 1266 1231 
2087 874 1255 1212 
2088 1161 1244 1091 
2089 1185 1246 904 
2090 1252 1262 890 
2091 1195 1238 1106 
2092 900 1239 1193 
2093 877 1255 143 
2094 1090 1254 1092 
2095 1160 1247 1141 
2096 1196 1236 1222 
2097 1040 1262 1041 
2098 1035 1251 1130 
2099 146 1260 876 
2100 1041 1262 1252 
2101 1100 1250 1178 
2102 1081 1240 1209 
2103 889 1264 1238 
2104 1192 1245 891 
2105 1140 1265 1216 
2106 891 1245 1215 
2107 1178 1250 899 
2108 1218 1267 893 
2109 1209 1240 1043 
2110 882 1251 1199 
2111 1219 1239 1036 
2112 900 1253 1242 
2113 874 1263 1176 
2114 890 1262 1184 
2115 1108 1264 1204 
2116 908 1265 1189 
2117 1205 1256 1087 
2118 1182 1264 889 
2119 1204 1264 1182 
2120 1188 1266 886 
2121 1248 1261 1141 
2122 1261 1265 1140 
2123 1212 1263 874 
2124 1239 1252 1193 
2125 1041 1252 1219 
2126 1237 1268 878 
2127 886 1266 1223 
2128 1216 1265 908 
2129 1147 1267 1218 
2130 1219 1252 1239 
2131 1242 1253 1152 
2132 883 1261 1248 
$EndElements
