# vtk DataFile Version 2.0
new_spar_buoy_refined, Created by Gmsh 4.11.1 
ASCII
DATASET UNSTRUCTURED_GRID
POINTS 2044 double
0.0254 0 0
0.0254 0 6.096
0.02453451598774234 0.006574003745604029 0
0.02199704525612474 0.0127 0
0.0179605122421383 0.01796051224213831 0
0.01269999999999999 0.02199704525612475 0
0.006574003745604021 0.02453451598774234 0
-9.724564495274451e-18 0.0254 0
-0.006574003745604045 0.02453451598774233 0
-0.01270000000000001 0.02199704525612473 0
-0.01796051224213832 0.01796051224213829 0
-0.02199704525612475 0.01269999999999999 0
-0.02453451598774234 0.006574003745604022 0
-0.0254 3.110602869834277e-18 0
-0.02453451598774233 -0.006574003745604038 0
-0.02199704525612473 -0.01270000000000001 0
-0.01796051224213829 -0.01796051224213833 0
-0.01269999999999997 -0.02199704525612476 0
-0.006574003745604002 -0.02453451598774234 0
4.045355941601495e-17 -0.0254 0
0.006574003745604059 -0.02453451598774233 0
0.01270000000000002 -0.02199704525612473 0
0.01796051224213832 -0.01796051224213829 0
0.02199704525612475 -0.01269999999999999 0
0.02453451598774234 -0.006574003745604025 0
0.0254 0 0.0762
0.0254 0 0.1524
0.0254 0 0.2286
0.0254 0 0.3048
0.0254 0 0.381
0.0254 0 0.4572
0.0254 0 0.5334
0.0254 0 0.6096
0.0254 0 0.6858000000000001
0.0254 0 0.762
0.0254 0 0.8382000000000001
0.0254 0 0.9144
0.0254 0 0.9906
0.0254 0 1.0668
0.0254 0 1.143
0.0254 0 1.2192
0.0254 0 1.2954
0.0254 0 1.3716
0.0254 0 1.4478
0.0254 0 1.524
0.0254 0 1.6002
0.0254 0 1.6764
0.0254 0 1.7526
0.0254 0 1.8288
0.0254 0 1.905
0.0254 0 1.9812
0.0254 0 2.0574
0.0254 0 2.1336
0.0254 0 2.2098
0.0254 0 2.286
0.0254 0 2.3622
0.0254 0 2.4384
0.0254 0 2.5146
0.0254 0 2.5908
0.0254 0 2.667
0.0254 0 2.7432
0.0254 0 2.8194
0.0254 0 2.8956
0.0254 0 2.9718
0.0254 0 3.048
0.0254 0 3.1242
0.0254 0 3.2004
0.0254 0 3.2766
0.0254 0 3.3528
0.0254 0 3.429
0.0254 0 3.5052
0.0254 0 3.5814
0.0254 0 3.6576
0.0254 0 3.7338
0.0254 0 3.81
0.0254 0 3.8862
0.0254 0 3.9624
0.0254 0 4.0386
0.0254 0 4.114800000000001
0.0254 0 4.191
0.0254 0 4.2672
0.0254 0 4.3434
0.0254 0 4.4196
0.0254 0 4.4958
0.0254 0 4.572
0.0254 0 4.6482
0.0254 0 4.7244
0.0254 0 4.8006
0.0254 0 4.8768
0.0254 0 4.953
0.0254 0 5.029199999999999
0.0254 0 5.1054
0.0254 0 5.1816
0.0254 0 5.2578
0.0254 0 5.334
0.0254 0 5.4102
0.0254 0 5.486400000000001
0.0254 0 5.5626
0.0254 0 5.638800000000001
0.0254 0 5.715
0.0254 0 5.7912
0.0254 0 5.8674
0.0254 0 5.9436
0.0254 0 6.0198
0.02453451598774234 0.006574003745604029 6.096
0.02199704525612474 0.0127 6.096
0.0179605122421383 0.01796051224213831 6.096
0.01269999999999999 0.02199704525612475 6.096
0.006574003745604021 0.02453451598774234 6.096
-9.724564495274451e-18 0.0254 6.096
-0.006574003745604045 0.02453451598774233 6.096
-0.01270000000000001 0.02199704525612473 6.096
-0.01796051224213832 0.01796051224213829 6.096
-0.02199704525612475 0.01269999999999999 6.096
-0.02453451598774234 0.006574003745604022 6.096
-0.0254 3.110602869834277e-18 6.096
-0.02453451598774233 -0.006574003745604038 6.096
-0.02199704525612473 -0.01270000000000001 6.096
-0.01796051224213829 -0.01796051224213833 6.096
-0.01269999999999997 -0.02199704525612476 6.096
-0.006574003745604002 -0.02453451598774234 6.096
4.045355941601495e-17 -0.0254 6.096
0.006574003745604059 -0.02453451598774233 6.096
0.01270000000000002 -0.02199704525612473 6.096
0.01796051224213832 -0.01796051224213829 6.096
0.02199704525612475 -0.01269999999999999 6.096
0.02453451598774234 -0.006574003745604025 6.096
0.002537470731617622 -0.01927400374560403 0
-0.002537470731617604 0.01927400374560402 0
-0.01893016754315971 -0.002697093497784033 0
0.01927400374560403 0.002537470731617594 0
-0.01237139241038773 -0.01578266403445769 0
0.01542304151052072 -0.01183451598774233 0
-0.01562753352898411 0.01181668304886538 0
0.01205466730921646 0.01549215095890662 0
-0.002723041510520693 -0.02068355375265902 0
-0.001224947746627849 -0.01458136486271215 0
0.004619894827383592 -0.01306483022225195 0
0.0005284991699501314 -0.008173694111166172 0
0.006729167628473222 -0.006775988192834512 0
0.002592866524631163 -0.001865680056014945 0
-0.003869639940527329 -0.00317626939923432 0
-0.00174284338303557 0.003110739482511285 0
0.004760437456902035 0.004402817887278936 0
-0.008077304027606232 0.001856792225419572 0
-0.005909094355286932 0.007677162545492834 0
-0.01094103193637854 -0.004516365461924876 0
-0.005515969405595036 -0.009590925968539802 0
0.008896744716223275 -0.0007218266958753609 0
0.01198680772857525 0.00510860085514133 0
0.007019866879992308 0.01084212819494964 0
0.0004849074846383538 0.009161670938860861 0
0.01342560761783171 -0.006248187149942018 0
0.001797886646237604 0.01540568933607198 0
-0.01205417529171246 0.006596294495902838 0
-0.01458738376465312 0.001210480731089299 0
-0.01690532261825451 -0.008534528534162944 0
-0.0183069536160707 0.006792898017983277 0
0.008264314360235218 -0.0177717456579798 0
-0.004122524014134609 0.01343817644736376 0
-0.008220819460965615 0.01785250327122887 0
0.007093732307850073 0.0181803794957904 0
-0.007000722144450862 -0.01677221872011136 0
0.01455326393222326 -0.0006614329426309643 0
0.01755946385566968 0.008501122592816374 0
0.01939229132924161 -0.003291227901497807 0
0.01013940842798324 -0.01170896309636133 0
-0.009940939378003196 0.01207465845862463 0
0.002537155785739172 0.020630869006729 0
-0.0111700322801807 -0.01063348971116316 0
0.01302100660225702 -0.01630849841599819 0
-0.0129965965227695 0.01633382408318086 0
0.01260169426299635 0.01054631028736948 0
0.01641389238541567 0.01313836894722846 0
0.01905826671666256 -0.008458547289432433 0
-0.02068940272185934 0.002123258593040368 0
-0.0161317506089737 -0.01334845110438626 0
0.02453451598774234 0.006574003745604029 0.0762
0.02453451598774234 0.006574003745604029 0.1524
0.02453451598774234 0.006574003745604029 0.2286
0.02453451598774234 0.006574003745604029 0.3048
0.02453451598774234 0.006574003745604029 0.381
0.02453451598774234 0.006574003745604029 0.4572
0.02453451598774234 0.006574003745604029 0.5334
0.02453451598774234 0.006574003745604029 0.6096
0.02453451598774234 0.006574003745604029 0.6858000000000001
0.02453451598774234 0.006574003745604029 0.762
0.02453451598774234 0.006574003745604029 0.8382000000000001
0.02453451598774234 0.006574003745604029 0.9144
0.02453451598774234 0.006574003745604029 0.9906
0.02453451598774234 0.006574003745604029 1.0668
0.02453451598774234 0.006574003745604029 1.143
0.02453451598774234 0.006574003745604029 1.2192
0.02453451598774234 0.006574003745604029 1.2954
0.02453451598774234 0.006574003745604029 1.3716
0.02453451598774234 0.006574003745604029 1.4478
0.02453451598774234 0.006574003745604029 1.524
0.02453451598774234 0.006574003745604029 1.6002
0.02453451598774234 0.006574003745604029 1.6764
0.02453451598774234 0.006574003745604029 1.7526
0.02453451598774234 0.006574003745604029 1.8288
0.02453451598774234 0.006574003745604029 1.905
0.02453451598774234 0.006574003745604029 1.9812
0.02453451598774234 0.006574003745604029 2.0574
0.02453451598774234 0.006574003745604029 2.1336
0.02453451598774234 0.006574003745604029 2.2098
0.02453451598774234 0.006574003745604029 2.286
0.02453451598774234 0.006574003745604029 2.3622
0.02453451598774234 0.006574003745604029 2.4384
0.02453451598774234 0.006574003745604029 2.5146
0.02453451598774234 0.006574003745604029 2.5908
0.02453451598774234 0.006574003745604029 2.667
0.02453451598774234 0.006574003745604029 2.7432
0.02453451598774234 0.006574003745604029 2.8194
0.02453451598774234 0.006574003745604029 2.8956
0.02453451598774234 0.006574003745604029 2.9718
0.02453451598774234 0.006574003745604029 3.048
0.02453451598774234 0.006574003745604029 3.1242
0.02453451598774234 0.006574003745604029 3.2004
0.02453451598774234 0.006574003745604029 3.2766
0.02453451598774234 0.006574003745604029 3.3528
0.02453451598774234 0.006574003745604029 3.429
0.02453451598774234 0.006574003745604029 3.5052
0.02453451598774234 0.006574003745604029 3.5814
0.02453451598774234 0.006574003745604029 3.6576
0.02453451598774234 0.006574003745604029 3.7338
0.02453451598774234 0.006574003745604029 3.81
0.02453451598774234 0.006574003745604029 3.8862
0.02453451598774234 0.006574003745604029 3.9624
0.02453451598774234 0.006574003745604029 4.0386
0.02453451598774234 0.006574003745604029 4.114800000000001
0.02453451598774234 0.006574003745604029 4.191
0.02453451598774234 0.006574003745604029 4.2672
0.02453451598774234 0.006574003745604029 4.3434
0.02453451598774234 0.006574003745604029 4.4196
0.02453451598774234 0.006574003745604029 4.4958
0.02453451598774234 0.006574003745604029 4.572
0.02453451598774234 0.006574003745604029 4.6482
0.02453451598774234 0.006574003745604029 4.7244
0.02453451598774234 0.006574003745604029 4.8006
0.02453451598774234 0.006574003745604029 4.8768
0.02453451598774234 0.006574003745604029 4.953
0.02453451598774234 0.006574003745604029 5.029199999999999
0.02453451598774234 0.006574003745604029 5.1054
0.02453451598774234 0.006574003745604029 5.1816
0.02453451598774234 0.006574003745604029 5.2578
0.02453451598774234 0.006574003745604029 5.334
0.02453451598774234 0.006574003745604029 5.4102
0.02453451598774234 0.006574003745604029 5.486400000000001
0.02453451598774234 0.006574003745604029 5.5626
0.02453451598774234 0.006574003745604029 5.638800000000001
0.02453451598774234 0.006574003745604029 5.715
0.02453451598774234 0.006574003745604029 5.7912
0.02453451598774234 0.006574003745604029 5.8674
0.02453451598774234 0.006574003745604029 5.9436
0.02453451598774234 0.006574003745604029 6.0198
0.02199704525612474 0.0127 0.0762
0.02199704525612474 0.0127 0.1524
0.02199704525612474 0.0127 0.2286
0.02199704525612474 0.0127 0.3048
0.02199704525612474 0.0127 0.381
0.02199704525612474 0.0127 0.4572
0.02199704525612474 0.0127 0.5334
0.02199704525612474 0.0127 0.6096
0.02199704525612474 0.0127 0.6858000000000001
0.02199704525612474 0.0127 0.762
0.02199704525612474 0.0127 0.8382000000000001
0.02199704525612474 0.0127 0.9144
0.02199704525612474 0.0127 0.9906
0.02199704525612474 0.0127 1.0668
0.02199704525612474 0.0127 1.143
0.02199704525612474 0.0127 1.2192
0.02199704525612474 0.0127 1.2954
0.02199704525612474 0.0127 1.3716
0.02199704525612474 0.0127 1.4478
0.02199704525612474 0.0127 1.524
0.02199704525612474 0.0127 1.6002
0.02199704525612474 0.0127 1.6764
0.02199704525612474 0.0127 1.7526
0.02199704525612474 0.0127 1.8288
0.02199704525612474 0.0127 1.905
0.02199704525612474 0.0127 1.9812
0.02199704525612474 0.0127 2.0574
0.02199704525612474 0.0127 2.1336
0.02199704525612474 0.0127 2.2098
0.02199704525612474 0.0127 2.286
0.02199704525612474 0.0127 2.3622
0.02199704525612474 0.0127 2.4384
0.02199704525612474 0.0127 2.5146
0.02199704525612474 0.0127 2.5908
0.02199704525612474 0.0127 2.667
0.02199704525612474 0.0127 2.7432
0.02199704525612474 0.0127 2.8194
0.02199704525612474 0.0127 2.8956
0.02199704525612474 0.0127 2.9718
0.02199704525612474 0.0127 3.048
0.02199704525612474 0.0127 3.1242
0.02199704525612474 0.0127 3.2004
0.02199704525612474 0.0127 3.2766
0.02199704525612474 0.0127 3.3528
0.02199704525612474 0.0127 3.429
0.02199704525612474 0.0127 3.5052
0.02199704525612474 0.0127 3.5814
0.02199704525612474 0.0127 3.6576
0.02199704525612474 0.0127 3.7338
0.02199704525612474 0.0127 3.81
0.02199704525612474 0.0127 3.8862
0.02199704525612474 0.0127 3.9624
0.02199704525612474 0.0127 4.0386
0.02199704525612474 0.0127 4.114800000000001
0.02199704525612474 0.0127 4.191
0.02199704525612474 0.0127 4.2672
0.02199704525612474 0.0127 4.3434
0.02199704525612474 0.0127 4.4196
0.02199704525612474 0.0127 4.4958
0.02199704525612474 0.0127 4.572
0.02199704525612474 0.0127 4.6482
0.02199704525612474 0.0127 4.7244
0.02199704525612474 0.0127 4.8006
0.02199704525612474 0.0127 4.8768
0.02199704525612474 0.0127 4.953
0.02199704525612474 0.0127 5.029199999999999
0.02199704525612474 0.0127 5.1054
0.02199704525612474 0.0127 5.1816
0.02199704525612474 0.0127 5.2578
0.02199704525612474 0.0127 5.334
0.02199704525612474 0.0127 5.4102
0.02199704525612474 0.0127 5.486400000000001
0.02199704525612474 0.0127 5.5626
0.02199704525612474 0.0127 5.638800000000001
0.02199704525612474 0.0127 5.715
0.02199704525612474 0.0127 5.7912
0.02199704525612474 0.0127 5.8674
0.02199704525612474 0.0127 5.9436
0.02199704525612474 0.0127 6.0198
0.0179605122421383 0.01796051224213831 0.0762
0.0179605122421383 0.01796051224213831 0.1524
0.0179605122421383 0.01796051224213831 0.2286
0.0179605122421383 0.01796051224213831 0.3048
0.0179605122421383 0.01796051224213831 0.381
0.0179605122421383 0.01796051224213831 0.4572
0.0179605122421383 0.01796051224213831 0.5334
0.0179605122421383 0.01796051224213831 0.6096
0.0179605122421383 0.01796051224213831 0.6858000000000001
0.0179605122421383 0.01796051224213831 0.762
0.0179605122421383 0.01796051224213831 0.8382000000000001
0.0179605122421383 0.01796051224213831 0.9144
0.0179605122421383 0.01796051224213831 0.9906
0.0179605122421383 0.01796051224213831 1.0668
0.0179605122421383 0.01796051224213831 1.143
0.0179605122421383 0.01796051224213831 1.2192
0.0179605122421383 0.01796051224213831 1.2954
0.0179605122421383 0.01796051224213831 1.3716
0.0179605122421383 0.01796051224213831 1.4478
0.0179605122421383 0.01796051224213831 1.524
0.0179605122421383 0.01796051224213831 1.6002
0.0179605122421383 0.01796051224213831 1.6764
0.0179605122421383 0.01796051224213831 1.7526
0.0179605122421383 0.01796051224213831 1.8288
0.0179605122421383 0.01796051224213831 1.905
0.0179605122421383 0.01796051224213831 1.9812
0.0179605122421383 0.01796051224213831 2.0574
0.0179605122421383 0.01796051224213831 2.1336
0.0179605122421383 0.01796051224213831 2.2098
0.0179605122421383 0.01796051224213831 2.286
0.0179605122421383 0.01796051224213831 2.3622
0.0179605122421383 0.01796051224213831 2.4384
0.0179605122421383 0.01796051224213831 2.5146
0.0179605122421383 0.01796051224213831 2.5908
0.0179605122421383 0.01796051224213831 2.667
0.0179605122421383 0.01796051224213831 2.7432
0.0179605122421383 0.01796051224213831 2.8194
0.0179605122421383 0.01796051224213831 2.8956
0.0179605122421383 0.01796051224213831 2.9718
0.0179605122421383 0.01796051224213831 3.048
0.0179605122421383 0.01796051224213831 3.1242
0.0179605122421383 0.01796051224213831 3.2004
0.0179605122421383 0.01796051224213831 3.2766
0.0179605122421383 0.01796051224213831 3.3528
0.0179605122421383 0.01796051224213831 3.429
0.0179605122421383 0.01796051224213831 3.5052
0.0179605122421383 0.01796051224213831 3.5814
0.0179605122421383 0.01796051224213831 3.6576
0.0179605122421383 0.01796051224213831 3.7338
0.0179605122421383 0.01796051224213831 3.81
0.0179605122421383 0.01796051224213831 3.8862
0.0179605122421383 0.01796051224213831 3.9624
0.0179605122421383 0.01796051224213831 4.0386
0.0179605122421383 0.01796051224213831 4.114800000000001
0.0179605122421383 0.01796051224213831 4.191
0.0179605122421383 0.01796051224213831 4.2672
0.0179605122421383 0.01796051224213831 4.3434
0.0179605122421383 0.01796051224213831 4.4196
0.0179605122421383 0.01796051224213831 4.4958
0.0179605122421383 0.01796051224213831 4.572
0.0179605122421383 0.01796051224213831 4.6482
0.0179605122421383 0.01796051224213831 4.7244
0.0179605122421383 0.01796051224213831 4.8006
0.0179605122421383 0.01796051224213831 4.8768
0.0179605122421383 0.01796051224213831 4.953
0.0179605122421383 0.01796051224213831 5.029199999999999
0.0179605122421383 0.01796051224213831 5.1054
0.0179605122421383 0.01796051224213831 5.1816
0.0179605122421383 0.01796051224213831 5.2578
0.0179605122421383 0.01796051224213831 5.334
0.0179605122421383 0.01796051224213831 5.4102
0.0179605122421383 0.01796051224213831 5.486400000000001
0.0179605122421383 0.01796051224213831 5.5626
0.0179605122421383 0.01796051224213831 5.638800000000001
0.0179605122421383 0.01796051224213831 5.715
0.0179605122421383 0.01796051224213831 5.7912
0.0179605122421383 0.01796051224213831 5.8674
0.0179605122421383 0.01796051224213831 5.9436
0.0179605122421383 0.01796051224213831 6.0198
0.01269999999999999 0.02199704525612475 0.0762
0.01269999999999999 0.02199704525612475 0.1524
0.01269999999999999 0.02199704525612475 0.2286
0.01269999999999999 0.02199704525612475 0.3048
0.01269999999999999 0.02199704525612475 0.381
0.01269999999999999 0.02199704525612475 0.4572
0.01269999999999999 0.02199704525612475 0.5334
0.01269999999999999 0.02199704525612475 0.6096
0.01269999999999999 0.02199704525612475 0.6858000000000001
0.01269999999999999 0.02199704525612475 0.762
0.01269999999999999 0.02199704525612475 0.8382000000000001
0.01269999999999999 0.02199704525612475 0.9144
0.01269999999999999 0.02199704525612475 0.9906
0.01269999999999999 0.02199704525612475 1.0668
0.01269999999999999 0.02199704525612475 1.143
0.01269999999999999 0.02199704525612475 1.2192
0.01269999999999999 0.02199704525612475 1.2954
0.01269999999999999 0.02199704525612475 1.3716
0.01269999999999999 0.02199704525612475 1.4478
0.01269999999999999 0.02199704525612475 1.524
0.01269999999999999 0.02199704525612475 1.6002
0.01269999999999999 0.02199704525612475 1.6764
0.01269999999999999 0.02199704525612475 1.7526
0.01269999999999999 0.02199704525612475 1.8288
0.01269999999999999 0.02199704525612475 1.905
0.01269999999999999 0.02199704525612475 1.9812
0.01269999999999999 0.02199704525612475 2.0574
0.01269999999999999 0.02199704525612475 2.1336
0.01269999999999999 0.02199704525612475 2.2098
0.01269999999999999 0.02199704525612475 2.286
0.01269999999999999 0.02199704525612475 2.3622
0.01269999999999999 0.02199704525612475 2.4384
0.01269999999999999 0.02199704525612475 2.5146
0.01269999999999999 0.02199704525612475 2.5908
0.01269999999999999 0.02199704525612475 2.667
0.01269999999999999 0.02199704525612475 2.7432
0.01269999999999999 0.02199704525612475 2.8194
0.01269999999999999 0.02199704525612475 2.8956
0.01269999999999999 0.02199704525612475 2.9718
0.01269999999999999 0.02199704525612475 3.048
0.01269999999999999 0.02199704525612475 3.1242
0.01269999999999999 0.02199704525612475 3.2004
0.01269999999999999 0.02199704525612475 3.2766
0.01269999999999999 0.02199704525612475 3.3528
0.01269999999999999 0.02199704525612475 3.429
0.01269999999999999 0.02199704525612475 3.5052
0.01269999999999999 0.02199704525612475 3.5814
0.01269999999999999 0.02199704525612475 3.6576
0.01269999999999999 0.02199704525612475 3.7338
0.01269999999999999 0.02199704525612475 3.81
0.01269999999999999 0.02199704525612475 3.8862
0.01269999999999999 0.02199704525612475 3.9624
0.01269999999999999 0.02199704525612475 4.0386
0.01269999999999999 0.02199704525612475 4.114800000000001
0.01269999999999999 0.02199704525612475 4.191
0.01269999999999999 0.02199704525612475 4.2672
0.01269999999999999 0.02199704525612475 4.3434
0.01269999999999999 0.02199704525612475 4.4196
0.01269999999999999 0.02199704525612475 4.4958
0.01269999999999999 0.02199704525612475 4.572
0.01269999999999999 0.02199704525612475 4.6482
0.01269999999999999 0.02199704525612475 4.7244
0.01269999999999999 0.02199704525612475 4.8006
0.01269999999999999 0.02199704525612475 4.8768
0.01269999999999999 0.02199704525612475 4.953
0.01269999999999999 0.02199704525612475 5.029199999999999
0.01269999999999999 0.02199704525612475 5.1054
0.01269999999999999 0.02199704525612475 5.1816
0.01269999999999999 0.02199704525612475 5.2578
0.01269999999999999 0.02199704525612475 5.334
0.01269999999999999 0.02199704525612475 5.4102
0.01269999999999999 0.02199704525612475 5.486400000000001
0.01269999999999999 0.02199704525612475 5.5626
0.01269999999999999 0.02199704525612475 5.638800000000001
0.01269999999999999 0.02199704525612475 5.715
0.01269999999999999 0.02199704525612475 5.7912
0.01269999999999999 0.02199704525612475 5.8674
0.01269999999999999 0.02199704525612475 5.9436
0.01269999999999999 0.02199704525612475 6.0198
0.006574003745604021 0.02453451598774234 0.0762
0.006574003745604021 0.02453451598774234 0.1524
0.006574003745604021 0.02453451598774234 0.2286
0.006574003745604021 0.02453451598774234 0.3048
0.006574003745604021 0.02453451598774234 0.381
0.006574003745604021 0.02453451598774234 0.4572
0.006574003745604021 0.02453451598774234 0.5334
0.006574003745604021 0.02453451598774234 0.6096
0.006574003745604021 0.02453451598774234 0.6858000000000001
0.006574003745604021 0.02453451598774234 0.762
0.006574003745604021 0.02453451598774234 0.8382000000000001
0.006574003745604021 0.02453451598774234 0.9144
0.006574003745604021 0.02453451598774234 0.9906
0.006574003745604021 0.02453451598774234 1.0668
0.006574003745604021 0.02453451598774234 1.143
0.006574003745604021 0.02453451598774234 1.2192
0.006574003745604021 0.02453451598774234 1.2954
0.006574003745604021 0.02453451598774234 1.3716
0.006574003745604021 0.02453451598774234 1.4478
0.006574003745604021 0.02453451598774234 1.524
0.006574003745604021 0.02453451598774234 1.6002
0.006574003745604021 0.02453451598774234 1.6764
0.006574003745604021 0.02453451598774234 1.7526
0.006574003745604021 0.02453451598774234 1.8288
0.006574003745604021 0.02453451598774234 1.905
0.006574003745604021 0.02453451598774234 1.9812
0.006574003745604021 0.02453451598774234 2.0574
0.006574003745604021 0.02453451598774234 2.1336
0.006574003745604021 0.02453451598774234 2.2098
0.006574003745604021 0.02453451598774234 2.286
0.006574003745604021 0.02453451598774234 2.3622
0.006574003745604021 0.02453451598774234 2.4384
0.006574003745604021 0.02453451598774234 2.5146
0.006574003745604021 0.02453451598774234 2.5908
0.006574003745604021 0.02453451598774234 2.667
0.006574003745604021 0.02453451598774234 2.7432
0.006574003745604021 0.02453451598774234 2.8194
0.006574003745604021 0.02453451598774234 2.8956
0.006574003745604021 0.02453451598774234 2.9718
0.006574003745604021 0.02453451598774234 3.048
0.006574003745604021 0.02453451598774234 3.1242
0.006574003745604021 0.02453451598774234 3.2004
0.006574003745604021 0.02453451598774234 3.2766
0.006574003745604021 0.02453451598774234 3.3528
0.006574003745604021 0.02453451598774234 3.429
0.006574003745604021 0.02453451598774234 3.5052
0.006574003745604021 0.02453451598774234 3.5814
0.006574003745604021 0.02453451598774234 3.6576
0.006574003745604021 0.02453451598774234 3.7338
0.006574003745604021 0.02453451598774234 3.81
0.006574003745604021 0.02453451598774234 3.8862
0.006574003745604021 0.02453451598774234 3.9624
0.006574003745604021 0.02453451598774234 4.0386
0.006574003745604021 0.02453451598774234 4.114800000000001
0.006574003745604021 0.02453451598774234 4.191
0.006574003745604021 0.02453451598774234 4.2672
0.006574003745604021 0.02453451598774234 4.3434
0.006574003745604021 0.02453451598774234 4.4196
0.006574003745604021 0.02453451598774234 4.4958
0.006574003745604021 0.02453451598774234 4.572
0.006574003745604021 0.02453451598774234 4.6482
0.006574003745604021 0.02453451598774234 4.7244
0.006574003745604021 0.02453451598774234 4.8006
0.006574003745604021 0.02453451598774234 4.8768
0.006574003745604021 0.02453451598774234 4.953
0.006574003745604021 0.02453451598774234 5.029199999999999
0.006574003745604021 0.02453451598774234 5.1054
0.006574003745604021 0.02453451598774234 5.1816
0.006574003745604021 0.02453451598774234 5.2578
0.006574003745604021 0.02453451598774234 5.334
0.006574003745604021 0.02453451598774234 5.4102
0.006574003745604021 0.02453451598774234 5.486400000000001
0.006574003745604021 0.02453451598774234 5.5626
0.006574003745604021 0.02453451598774234 5.638800000000001
0.006574003745604021 0.02453451598774234 5.715
0.006574003745604021 0.02453451598774234 5.7912
0.006574003745604021 0.02453451598774234 5.8674
0.006574003745604021 0.02453451598774234 5.9436
0.006574003745604021 0.02453451598774234 6.0198
-9.724564495274451e-18 0.0254 0.0762
-9.724564495274451e-18 0.0254 0.1524
-9.724564495274451e-18 0.0254 0.2286
-9.724564495274451e-18 0.0254 0.3048
-9.724564495274451e-18 0.0254 0.381
-9.724564495274451e-18 0.0254 0.4572
-9.724564495274451e-18 0.0254 0.5334
-9.724564495274451e-18 0.0254 0.6096
-9.724564495274451e-18 0.0254 0.6858000000000001
-9.724564495274451e-18 0.0254 0.762
-9.724564495274451e-18 0.0254 0.8382000000000001
-9.724564495274451e-18 0.0254 0.9144
-9.724564495274451e-18 0.0254 0.9906
-9.724564495274451e-18 0.0254 1.0668
-9.724564495274451e-18 0.0254 1.143
-9.724564495274451e-18 0.0254 1.2192
-9.724564495274451e-18 0.0254 1.2954
-9.724564495274451e-18 0.0254 1.3716
-9.724564495274451e-18 0.0254 1.4478
-9.724564495274451e-18 0.0254 1.524
-9.724564495274451e-18 0.0254 1.6002
-9.724564495274451e-18 0.0254 1.6764
-9.724564495274451e-18 0.0254 1.7526
-9.724564495274451e-18 0.0254 1.8288
-9.724564495274451e-18 0.0254 1.905
-9.724564495274451e-18 0.0254 1.9812
-9.724564495274451e-18 0.0254 2.0574
-9.724564495274451e-18 0.0254 2.1336
-9.724564495274451e-18 0.0254 2.2098
-9.724564495274451e-18 0.0254 2.286
-9.724564495274451e-18 0.0254 2.3622
-9.724564495274451e-18 0.0254 2.4384
-9.724564495274451e-18 0.0254 2.5146
-9.724564495274451e-18 0.0254 2.5908
-9.724564495274451e-18 0.0254 2.667
-9.724564495274451e-18 0.0254 2.7432
-9.724564495274451e-18 0.0254 2.8194
-9.724564495274451e-18 0.0254 2.8956
-9.724564495274451e-18 0.0254 2.9718
-9.724564495274451e-18 0.0254 3.048
-9.724564495274451e-18 0.0254 3.1242
-9.724564495274451e-18 0.0254 3.2004
-9.724564495274451e-18 0.0254 3.2766
-9.724564495274451e-18 0.0254 3.3528
-9.724564495274451e-18 0.0254 3.429
-9.724564495274451e-18 0.0254 3.5052
-9.724564495274451e-18 0.0254 3.5814
-9.724564495274451e-18 0.0254 3.6576
-9.724564495274451e-18 0.0254 3.7338
-9.724564495274451e-18 0.0254 3.81
-9.724564495274451e-18 0.0254 3.8862
-9.724564495274451e-18 0.0254 3.9624
-9.724564495274451e-18 0.0254 4.0386
-9.724564495274451e-18 0.0254 4.114800000000001
-9.724564495274451e-18 0.0254 4.191
-9.724564495274451e-18 0.0254 4.2672
-9.724564495274451e-18 0.0254 4.3434
-9.724564495274451e-18 0.0254 4.4196
-9.724564495274451e-18 0.0254 4.4958
-9.724564495274451e-18 0.0254 4.572
-9.724564495274451e-18 0.0254 4.6482
-9.724564495274451e-18 0.0254 4.7244
-9.724564495274451e-18 0.0254 4.8006
-9.724564495274451e-18 0.0254 4.8768
-9.724564495274451e-18 0.0254 4.953
-9.724564495274451e-18 0.0254 5.029199999999999
-9.724564495274451e-18 0.0254 5.1054
-9.724564495274451e-18 0.0254 5.1816
-9.724564495274451e-18 0.0254 5.2578
-9.724564495274451e-18 0.0254 5.334
-9.724564495274451e-18 0.0254 5.4102
-9.724564495274451e-18 0.0254 5.486400000000001
-9.724564495274451e-18 0.0254 5.5626
-9.724564495274451e-18 0.0254 5.638800000000001
-9.724564495274451e-18 0.0254 5.715
-9.724564495274451e-18 0.0254 5.7912
-9.724564495274451e-18 0.0254 5.8674
-9.724564495274451e-18 0.0254 5.9436
-9.724564495274451e-18 0.0254 6.0198
-0.006574003745604045 0.02453451598774233 0.0762
-0.006574003745604045 0.02453451598774233 0.1524
-0.006574003745604045 0.02453451598774233 0.2286
-0.006574003745604045 0.02453451598774233 0.3048
-0.006574003745604045 0.02453451598774233 0.381
-0.006574003745604045 0.02453451598774233 0.4572
-0.006574003745604045 0.02453451598774233 0.5334
-0.006574003745604045 0.02453451598774233 0.6096
-0.006574003745604045 0.02453451598774233 0.6858000000000001
-0.006574003745604045 0.02453451598774233 0.762
-0.006574003745604045 0.02453451598774233 0.8382000000000001
-0.006574003745604045 0.02453451598774233 0.9144
-0.006574003745604045 0.02453451598774233 0.9906
-0.006574003745604045 0.02453451598774233 1.0668
-0.006574003745604045 0.02453451598774233 1.143
-0.006574003745604045 0.02453451598774233 1.2192
-0.006574003745604045 0.02453451598774233 1.2954
-0.006574003745604045 0.02453451598774233 1.3716
-0.006574003745604045 0.02453451598774233 1.4478
-0.006574003745604045 0.02453451598774233 1.524
-0.006574003745604045 0.02453451598774233 1.6002
-0.006574003745604045 0.02453451598774233 1.6764
-0.006574003745604045 0.02453451598774233 1.7526
-0.006574003745604045 0.02453451598774233 1.8288
-0.006574003745604045 0.02453451598774233 1.905
-0.006574003745604045 0.02453451598774233 1.9812
-0.006574003745604045 0.02453451598774233 2.0574
-0.006574003745604045 0.02453451598774233 2.1336
-0.006574003745604045 0.02453451598774233 2.2098
-0.006574003745604045 0.02453451598774233 2.286
-0.006574003745604045 0.02453451598774233 2.3622
-0.006574003745604045 0.02453451598774233 2.4384
-0.006574003745604045 0.02453451598774233 2.5146
-0.006574003745604045 0.02453451598774233 2.5908
-0.006574003745604045 0.02453451598774233 2.667
-0.006574003745604045 0.02453451598774233 2.7432
-0.006574003745604045 0.02453451598774233 2.8194
-0.006574003745604045 0.02453451598774233 2.8956
-0.006574003745604045 0.02453451598774233 2.9718
-0.006574003745604045 0.02453451598774233 3.048
-0.006574003745604045 0.02453451598774233 3.1242
-0.006574003745604045 0.02453451598774233 3.2004
-0.006574003745604045 0.02453451598774233 3.2766
-0.006574003745604045 0.02453451598774233 3.3528
-0.006574003745604045 0.02453451598774233 3.429
-0.006574003745604045 0.02453451598774233 3.5052
-0.006574003745604045 0.02453451598774233 3.5814
-0.006574003745604045 0.02453451598774233 3.6576
-0.006574003745604045 0.02453451598774233 3.7338
-0.006574003745604045 0.02453451598774233 3.81
-0.006574003745604045 0.02453451598774233 3.8862
-0.006574003745604045 0.02453451598774233 3.9624
-0.006574003745604045 0.02453451598774233 4.0386
-0.006574003745604045 0.02453451598774233 4.114800000000001
-0.006574003745604045 0.02453451598774233 4.191
-0.006574003745604045 0.02453451598774233 4.2672
-0.006574003745604045 0.02453451598774233 4.3434
-0.006574003745604045 0.02453451598774233 4.4196
-0.006574003745604045 0.02453451598774233 4.4958
-0.006574003745604045 0.02453451598774233 4.572
-0.006574003745604045 0.02453451598774233 4.6482
-0.006574003745604045 0.02453451598774233 4.7244
-0.006574003745604045 0.02453451598774233 4.8006
-0.006574003745604045 0.02453451598774233 4.8768
-0.006574003745604045 0.02453451598774233 4.953
-0.006574003745604045 0.02453451598774233 5.029199999999999
-0.006574003745604045 0.02453451598774233 5.1054
-0.006574003745604045 0.02453451598774233 5.1816
-0.006574003745604045 0.02453451598774233 5.2578
-0.006574003745604045 0.02453451598774233 5.334
-0.006574003745604045 0.02453451598774233 5.4102
-0.006574003745604045 0.02453451598774233 5.486400000000001
-0.006574003745604045 0.02453451598774233 5.5626
-0.006574003745604045 0.02453451598774233 5.638800000000001
-0.006574003745604045 0.02453451598774233 5.715
-0.006574003745604045 0.02453451598774233 5.7912
-0.006574003745604045 0.02453451598774233 5.8674
-0.006574003745604045 0.02453451598774233 5.9436
-0.006574003745604045 0.02453451598774233 6.0198
-0.01270000000000001 0.02199704525612473 0.0762
-0.01270000000000001 0.02199704525612473 0.1524
-0.01270000000000001 0.02199704525612473 0.2286
-0.01270000000000001 0.02199704525612473 0.3048
-0.01270000000000001 0.02199704525612473 0.381
-0.01270000000000001 0.02199704525612473 0.4572
-0.01270000000000001 0.02199704525612473 0.5334
-0.01270000000000001 0.02199704525612473 0.6096
-0.01270000000000001 0.02199704525612473 0.6858000000000001
-0.01270000000000001 0.02199704525612473 0.762
-0.01270000000000001 0.02199704525612473 0.8382000000000001
-0.01270000000000001 0.02199704525612473 0.9144
-0.01270000000000001 0.02199704525612473 0.9906
-0.01270000000000001 0.02199704525612473 1.0668
-0.01270000000000001 0.02199704525612473 1.143
-0.01270000000000001 0.02199704525612473 1.2192
-0.01270000000000001 0.02199704525612473 1.2954
-0.01270000000000001 0.02199704525612473 1.3716
-0.01270000000000001 0.02199704525612473 1.4478
-0.01270000000000001 0.02199704525612473 1.524
-0.01270000000000001 0.02199704525612473 1.6002
-0.01270000000000001 0.02199704525612473 1.6764
-0.01270000000000001 0.02199704525612473 1.7526
-0.01270000000000001 0.02199704525612473 1.8288
-0.01270000000000001 0.02199704525612473 1.905
-0.01270000000000001 0.02199704525612473 1.9812
-0.01270000000000001 0.02199704525612473 2.0574
-0.01270000000000001 0.02199704525612473 2.1336
-0.01270000000000001 0.02199704525612473 2.2098
-0.01270000000000001 0.02199704525612473 2.286
-0.01270000000000001 0.02199704525612473 2.3622
-0.01270000000000001 0.02199704525612473 2.4384
-0.01270000000000001 0.02199704525612473 2.5146
-0.01270000000000001 0.02199704525612473 2.5908
-0.01270000000000001 0.02199704525612473 2.667
-0.01270000000000001 0.02199704525612473 2.7432
-0.01270000000000001 0.02199704525612473 2.8194
-0.01270000000000001 0.02199704525612473 2.8956
-0.01270000000000001 0.02199704525612473 2.9718
-0.01270000000000001 0.02199704525612473 3.048
-0.01270000000000001 0.02199704525612473 3.1242
-0.01270000000000001 0.02199704525612473 3.2004
-0.01270000000000001 0.02199704525612473 3.2766
-0.01270000000000001 0.02199704525612473 3.3528
-0.01270000000000001 0.02199704525612473 3.429
-0.01270000000000001 0.02199704525612473 3.5052
-0.01270000000000001 0.02199704525612473 3.5814
-0.01270000000000001 0.02199704525612473 3.6576
-0.01270000000000001 0.02199704525612473 3.7338
-0.01270000000000001 0.02199704525612473 3.81
-0.01270000000000001 0.02199704525612473 3.8862
-0.01270000000000001 0.02199704525612473 3.9624
-0.01270000000000001 0.02199704525612473 4.0386
-0.01270000000000001 0.02199704525612473 4.114800000000001
-0.01270000000000001 0.02199704525612473 4.191
-0.01270000000000001 0.02199704525612473 4.2672
-0.01270000000000001 0.02199704525612473 4.3434
-0.01270000000000001 0.02199704525612473 4.4196
-0.01270000000000001 0.02199704525612473 4.4958
-0.01270000000000001 0.02199704525612473 4.572
-0.01270000000000001 0.02199704525612473 4.6482
-0.01270000000000001 0.02199704525612473 4.7244
-0.01270000000000001 0.02199704525612473 4.8006
-0.01270000000000001 0.02199704525612473 4.8768
-0.01270000000000001 0.02199704525612473 4.953
-0.01270000000000001 0.02199704525612473 5.029199999999999
-0.01270000000000001 0.02199704525612473 5.1054
-0.01270000000000001 0.02199704525612473 5.1816
-0.01270000000000001 0.02199704525612473 5.2578
-0.01270000000000001 0.02199704525612473 5.334
-0.01270000000000001 0.02199704525612473 5.4102
-0.01270000000000001 0.02199704525612473 5.486400000000001
-0.01270000000000001 0.02199704525612473 5.5626
-0.01270000000000001 0.02199704525612473 5.638800000000001
-0.01270000000000001 0.02199704525612473 5.715
-0.01270000000000001 0.02199704525612473 5.7912
-0.01270000000000001 0.02199704525612473 5.8674
-0.01270000000000001 0.02199704525612473 5.9436
-0.01270000000000001 0.02199704525612473 6.0198
-0.01796051224213832 0.01796051224213829 0.0762
-0.01796051224213832 0.01796051224213829 0.1524
-0.01796051224213832 0.01796051224213829 0.2286
-0.01796051224213832 0.01796051224213829 0.3048
-0.01796051224213832 0.01796051224213829 0.381
-0.01796051224213832 0.01796051224213829 0.4572
-0.01796051224213832 0.01796051224213829 0.5334
-0.01796051224213832 0.01796051224213829 0.6096
-0.01796051224213832 0.01796051224213829 0.6858000000000001
-0.01796051224213832 0.01796051224213829 0.762
-0.01796051224213832 0.01796051224213829 0.8382000000000001
-0.01796051224213832 0.01796051224213829 0.9144
-0.01796051224213832 0.01796051224213829 0.9906
-0.01796051224213832 0.01796051224213829 1.0668
-0.01796051224213832 0.01796051224213829 1.143
-0.01796051224213832 0.01796051224213829 1.2192
-0.01796051224213832 0.01796051224213829 1.2954
-0.01796051224213832 0.01796051224213829 1.3716
-0.01796051224213832 0.01796051224213829 1.4478
-0.01796051224213832 0.01796051224213829 1.524
-0.01796051224213832 0.01796051224213829 1.6002
-0.01796051224213832 0.01796051224213829 1.6764
-0.01796051224213832 0.01796051224213829 1.7526
-0.01796051224213832 0.01796051224213829 1.8288
-0.01796051224213832 0.01796051224213829 1.905
-0.01796051224213832 0.01796051224213829 1.9812
-0.01796051224213832 0.01796051224213829 2.0574
-0.01796051224213832 0.01796051224213829 2.1336
-0.01796051224213832 0.01796051224213829 2.2098
-0.01796051224213832 0.01796051224213829 2.286
-0.01796051224213832 0.01796051224213829 2.3622
-0.01796051224213832 0.01796051224213829 2.4384
-0.01796051224213832 0.01796051224213829 2.5146
-0.01796051224213832 0.01796051224213829 2.5908
-0.01796051224213832 0.01796051224213829 2.667
-0.01796051224213832 0.01796051224213829 2.7432
-0.01796051224213832 0.01796051224213829 2.8194
-0.01796051224213832 0.01796051224213829 2.8956
-0.01796051224213832 0.01796051224213829 2.9718
-0.01796051224213832 0.01796051224213829 3.048
-0.01796051224213832 0.01796051224213829 3.1242
-0.01796051224213832 0.01796051224213829 3.2004
-0.01796051224213832 0.01796051224213829 3.2766
-0.01796051224213832 0.01796051224213829 3.3528
-0.01796051224213832 0.01796051224213829 3.429
-0.01796051224213832 0.01796051224213829 3.5052
-0.01796051224213832 0.01796051224213829 3.5814
-0.01796051224213832 0.01796051224213829 3.6576
-0.01796051224213832 0.01796051224213829 3.7338
-0.01796051224213832 0.01796051224213829 3.81
-0.01796051224213832 0.01796051224213829 3.8862
-0.01796051224213832 0.01796051224213829 3.9624
-0.01796051224213832 0.01796051224213829 4.0386
-0.01796051224213832 0.01796051224213829 4.114800000000001
-0.01796051224213832 0.01796051224213829 4.191
-0.01796051224213832 0.01796051224213829 4.2672
-0.01796051224213832 0.01796051224213829 4.3434
-0.01796051224213832 0.01796051224213829 4.4196
-0.01796051224213832 0.01796051224213829 4.4958
-0.01796051224213832 0.01796051224213829 4.572
-0.01796051224213832 0.01796051224213829 4.6482
-0.01796051224213832 0.01796051224213829 4.7244
-0.01796051224213832 0.01796051224213829 4.8006
-0.01796051224213832 0.01796051224213829 4.8768
-0.01796051224213832 0.01796051224213829 4.953
-0.01796051224213832 0.01796051224213829 5.029199999999999
-0.01796051224213832 0.01796051224213829 5.1054
-0.01796051224213832 0.01796051224213829 5.1816
-0.01796051224213832 0.01796051224213829 5.2578
-0.01796051224213832 0.01796051224213829 5.334
-0.01796051224213832 0.01796051224213829 5.4102
-0.01796051224213832 0.01796051224213829 5.486400000000001
-0.01796051224213832 0.01796051224213829 5.5626
-0.01796051224213832 0.01796051224213829 5.638800000000001
-0.01796051224213832 0.01796051224213829 5.715
-0.01796051224213832 0.01796051224213829 5.7912
-0.01796051224213832 0.01796051224213829 5.8674
-0.01796051224213832 0.01796051224213829 5.9436
-0.01796051224213832 0.01796051224213829 6.0198
-0.02199704525612475 0.01269999999999999 0.0762
-0.02199704525612475 0.01269999999999999 0.1524
-0.02199704525612475 0.01269999999999999 0.2286
-0.02199704525612475 0.01269999999999999 0.3048
-0.02199704525612475 0.01269999999999999 0.381
-0.02199704525612475 0.01269999999999999 0.4572
-0.02199704525612475 0.01269999999999999 0.5334
-0.02199704525612475 0.01269999999999999 0.6096
-0.02199704525612475 0.01269999999999999 0.6858000000000001
-0.02199704525612475 0.01269999999999999 0.762
-0.02199704525612475 0.01269999999999999 0.8382000000000001
-0.02199704525612475 0.01269999999999999 0.9144
-0.02199704525612475 0.01269999999999999 0.9906
-0.02199704525612475 0.01269999999999999 1.0668
-0.02199704525612475 0.01269999999999999 1.143
-0.02199704525612475 0.01269999999999999 1.2192
-0.02199704525612475 0.01269999999999999 1.2954
-0.02199704525612475 0.01269999999999999 1.3716
-0.02199704525612475 0.01269999999999999 1.4478
-0.02199704525612475 0.01269999999999999 1.524
-0.02199704525612475 0.01269999999999999 1.6002
-0.02199704525612475 0.01269999999999999 1.6764
-0.02199704525612475 0.01269999999999999 1.7526
-0.02199704525612475 0.01269999999999999 1.8288
-0.02199704525612475 0.01269999999999999 1.905
-0.02199704525612475 0.01269999999999999 1.9812
-0.02199704525612475 0.01269999999999999 2.0574
-0.02199704525612475 0.01269999999999999 2.1336
-0.02199704525612475 0.01269999999999999 2.2098
-0.02199704525612475 0.01269999999999999 2.286
-0.02199704525612475 0.01269999999999999 2.3622
-0.02199704525612475 0.01269999999999999 2.4384
-0.02199704525612475 0.01269999999999999 2.5146
-0.02199704525612475 0.01269999999999999 2.5908
-0.02199704525612475 0.01269999999999999 2.667
-0.02199704525612475 0.01269999999999999 2.7432
-0.02199704525612475 0.01269999999999999 2.8194
-0.02199704525612475 0.01269999999999999 2.8956
-0.02199704525612475 0.01269999999999999 2.9718
-0.02199704525612475 0.01269999999999999 3.048
-0.02199704525612475 0.01269999999999999 3.1242
-0.02199704525612475 0.01269999999999999 3.2004
-0.02199704525612475 0.01269999999999999 3.2766
-0.02199704525612475 0.01269999999999999 3.3528
-0.02199704525612475 0.01269999999999999 3.429
-0.02199704525612475 0.01269999999999999 3.5052
-0.02199704525612475 0.01269999999999999 3.5814
-0.02199704525612475 0.01269999999999999 3.6576
-0.02199704525612475 0.01269999999999999 3.7338
-0.02199704525612475 0.01269999999999999 3.81
-0.02199704525612475 0.01269999999999999 3.8862
-0.02199704525612475 0.01269999999999999 3.9624
-0.02199704525612475 0.01269999999999999 4.0386
-0.02199704525612475 0.01269999999999999 4.114800000000001
-0.02199704525612475 0.01269999999999999 4.191
-0.02199704525612475 0.01269999999999999 4.2672
-0.02199704525612475 0.01269999999999999 4.3434
-0.02199704525612475 0.01269999999999999 4.4196
-0.02199704525612475 0.01269999999999999 4.4958
-0.02199704525612475 0.01269999999999999 4.572
-0.02199704525612475 0.01269999999999999 4.6482
-0.02199704525612475 0.01269999999999999 4.7244
-0.02199704525612475 0.01269999999999999 4.8006
-0.02199704525612475 0.01269999999999999 4.8768
-0.02199704525612475 0.01269999999999999 4.953
-0.02199704525612475 0.01269999999999999 5.029199999999999
-0.02199704525612475 0.01269999999999999 5.1054
-0.02199704525612475 0.01269999999999999 5.1816
-0.02199704525612475 0.01269999999999999 5.2578
-0.02199704525612475 0.01269999999999999 5.334
-0.02199704525612475 0.01269999999999999 5.4102
-0.02199704525612475 0.01269999999999999 5.486400000000001
-0.02199704525612475 0.01269999999999999 5.5626
-0.02199704525612475 0.01269999999999999 5.638800000000001
-0.02199704525612475 0.01269999999999999 5.715
-0.02199704525612475 0.01269999999999999 5.7912
-0.02199704525612475 0.01269999999999999 5.8674
-0.02199704525612475 0.01269999999999999 5.9436
-0.02199704525612475 0.01269999999999999 6.0198
-0.02453451598774234 0.006574003745604022 0.0762
-0.02453451598774234 0.006574003745604022 0.1524
-0.02453451598774234 0.006574003745604022 0.2286
-0.02453451598774234 0.006574003745604022 0.3048
-0.02453451598774234 0.006574003745604022 0.381
-0.02453451598774234 0.006574003745604022 0.4572
-0.02453451598774234 0.006574003745604022 0.5334
-0.02453451598774234 0.006574003745604022 0.6096
-0.02453451598774234 0.006574003745604022 0.6858000000000001
-0.02453451598774234 0.006574003745604022 0.762
-0.02453451598774234 0.006574003745604022 0.8382000000000001
-0.02453451598774234 0.006574003745604022 0.9144
-0.02453451598774234 0.006574003745604022 0.9906
-0.02453451598774234 0.006574003745604022 1.0668
-0.02453451598774234 0.006574003745604022 1.143
-0.02453451598774234 0.006574003745604022 1.2192
-0.02453451598774234 0.006574003745604022 1.2954
-0.02453451598774234 0.006574003745604022 1.3716
-0.02453451598774234 0.006574003745604022 1.4478
-0.02453451598774234 0.006574003745604022 1.524
-0.02453451598774234 0.006574003745604022 1.6002
-0.02453451598774234 0.006574003745604022 1.6764
-0.02453451598774234 0.006574003745604022 1.7526
-0.02453451598774234 0.006574003745604022 1.8288
-0.02453451598774234 0.006574003745604022 1.905
-0.02453451598774234 0.006574003745604022 1.9812
-0.02453451598774234 0.006574003745604022 2.0574
-0.02453451598774234 0.006574003745604022 2.1336
-0.02453451598774234 0.006574003745604022 2.2098
-0.02453451598774234 0.006574003745604022 2.286
-0.02453451598774234 0.006574003745604022 2.3622
-0.02453451598774234 0.006574003745604022 2.4384
-0.02453451598774234 0.006574003745604022 2.5146
-0.02453451598774234 0.006574003745604022 2.5908
-0.02453451598774234 0.006574003745604022 2.667
-0.02453451598774234 0.006574003745604022 2.7432
-0.02453451598774234 0.006574003745604022 2.8194
-0.02453451598774234 0.006574003745604022 2.8956
-0.02453451598774234 0.006574003745604022 2.9718
-0.02453451598774234 0.006574003745604022 3.048
-0.02453451598774234 0.006574003745604022 3.1242
-0.02453451598774234 0.006574003745604022 3.2004
-0.02453451598774234 0.006574003745604022 3.2766
-0.02453451598774234 0.006574003745604022 3.3528
-0.02453451598774234 0.006574003745604022 3.429
-0.02453451598774234 0.006574003745604022 3.5052
-0.02453451598774234 0.006574003745604022 3.5814
-0.02453451598774234 0.006574003745604022 3.6576
-0.02453451598774234 0.006574003745604022 3.7338
-0.02453451598774234 0.006574003745604022 3.81
-0.02453451598774234 0.006574003745604022 3.8862
-0.02453451598774234 0.006574003745604022 3.9624
-0.02453451598774234 0.006574003745604022 4.0386
-0.02453451598774234 0.006574003745604022 4.114800000000001
-0.02453451598774234 0.006574003745604022 4.191
-0.02453451598774234 0.006574003745604022 4.2672
-0.02453451598774234 0.006574003745604022 4.3434
-0.02453451598774234 0.006574003745604022 4.4196
-0.02453451598774234 0.006574003745604022 4.4958
-0.02453451598774234 0.006574003745604022 4.572
-0.02453451598774234 0.006574003745604022 4.6482
-0.02453451598774234 0.006574003745604022 4.7244
-0.02453451598774234 0.006574003745604022 4.8006
-0.02453451598774234 0.006574003745604022 4.8768
-0.02453451598774234 0.006574003745604022 4.953
-0.02453451598774234 0.006574003745604022 5.029199999999999
-0.02453451598774234 0.006574003745604022 5.1054
-0.02453451598774234 0.006574003745604022 5.1816
-0.02453451598774234 0.006574003745604022 5.2578
-0.02453451598774234 0.006574003745604022 5.334
-0.02453451598774234 0.006574003745604022 5.4102
-0.02453451598774234 0.006574003745604022 5.486400000000001
-0.02453451598774234 0.006574003745604022 5.5626
-0.02453451598774234 0.006574003745604022 5.638800000000001
-0.02453451598774234 0.006574003745604022 5.715
-0.02453451598774234 0.006574003745604022 5.7912
-0.02453451598774234 0.006574003745604022 5.8674
-0.02453451598774234 0.006574003745604022 5.9436
-0.02453451598774234 0.006574003745604022 6.0198
-0.0254 3.110602869834277e-18 0.0762
-0.0254 3.110602869834277e-18 0.1524
-0.0254 3.110602869834277e-18 0.2286
-0.0254 3.110602869834277e-18 0.3048
-0.0254 3.110602869834277e-18 0.381
-0.0254 3.110602869834277e-18 0.4572
-0.0254 3.110602869834277e-18 0.5334
-0.0254 3.110602869834277e-18 0.6096
-0.0254 3.110602869834277e-18 0.6858000000000001
-0.0254 3.110602869834277e-18 0.762
-0.0254 3.110602869834277e-18 0.8382000000000001
-0.0254 3.110602869834277e-18 0.9144
-0.0254 3.110602869834277e-18 0.9906
-0.0254 3.110602869834277e-18 1.0668
-0.0254 3.110602869834277e-18 1.143
-0.0254 3.110602869834277e-18 1.2192
-0.0254 3.110602869834277e-18 1.2954
-0.0254 3.110602869834277e-18 1.3716
-0.0254 3.110602869834277e-18 1.4478
-0.0254 3.110602869834277e-18 1.524
-0.0254 3.110602869834277e-18 1.6002
-0.0254 3.110602869834277e-18 1.6764
-0.0254 3.110602869834277e-18 1.7526
-0.0254 3.110602869834277e-18 1.8288
-0.0254 3.110602869834277e-18 1.905
-0.0254 3.110602869834277e-18 1.9812
-0.0254 3.110602869834277e-18 2.0574
-0.0254 3.110602869834277e-18 2.1336
-0.0254 3.110602869834277e-18 2.2098
-0.0254 3.110602869834277e-18 2.286
-0.0254 3.110602869834277e-18 2.3622
-0.0254 3.110602869834277e-18 2.4384
-0.0254 3.110602869834277e-18 2.5146
-0.0254 3.110602869834277e-18 2.5908
-0.0254 3.110602869834277e-18 2.667
-0.0254 3.110602869834277e-18 2.7432
-0.0254 3.110602869834277e-18 2.8194
-0.0254 3.110602869834277e-18 2.8956
-0.0254 3.110602869834277e-18 2.9718
-0.0254 3.110602869834277e-18 3.048
-0.0254 3.110602869834277e-18 3.1242
-0.0254 3.110602869834277e-18 3.2004
-0.0254 3.110602869834277e-18 3.2766
-0.0254 3.110602869834277e-18 3.3528
-0.0254 3.110602869834277e-18 3.429
-0.0254 3.110602869834277e-18 3.5052
-0.0254 3.110602869834277e-18 3.5814
-0.0254 3.110602869834277e-18 3.6576
-0.0254 3.110602869834277e-18 3.7338
-0.0254 3.110602869834277e-18 3.81
-0.0254 3.110602869834277e-18 3.8862
-0.0254 3.110602869834277e-18 3.9624
-0.0254 3.110602869834277e-18 4.0386
-0.0254 3.110602869834277e-18 4.114800000000001
-0.0254 3.110602869834277e-18 4.191
-0.0254 3.110602869834277e-18 4.2672
-0.0254 3.110602869834277e-18 4.3434
-0.0254 3.110602869834277e-18 4.4196
-0.0254 3.110602869834277e-18 4.4958
-0.0254 3.110602869834277e-18 4.572
-0.0254 3.110602869834277e-18 4.6482
-0.0254 3.110602869834277e-18 4.7244
-0.0254 3.110602869834277e-18 4.8006
-0.0254 3.110602869834277e-18 4.8768
-0.0254 3.110602869834277e-18 4.953
-0.0254 3.110602869834277e-18 5.029199999999999
-0.0254 3.110602869834277e-18 5.1054
-0.0254 3.110602869834277e-18 5.1816
-0.0254 3.110602869834277e-18 5.2578
-0.0254 3.110602869834277e-18 5.334
-0.0254 3.110602869834277e-18 5.4102
-0.0254 3.110602869834277e-18 5.486400000000001
-0.0254 3.110602869834277e-18 5.5626
-0.0254 3.110602869834277e-18 5.638800000000001
-0.0254 3.110602869834277e-18 5.715
-0.0254 3.110602869834277e-18 5.7912
-0.0254 3.110602869834277e-18 5.8674
-0.0254 3.110602869834277e-18 5.9436
-0.0254 3.110602869834277e-18 6.0198
-0.02453451598774233 -0.006574003745604038 0.0762
-0.02453451598774233 -0.006574003745604038 0.1524
-0.02453451598774233 -0.006574003745604038 0.2286
-0.02453451598774233 -0.006574003745604038 0.3048
-0.02453451598774233 -0.006574003745604038 0.381
-0.02453451598774233 -0.006574003745604038 0.4572
-0.02453451598774233 -0.006574003745604038 0.5334
-0.02453451598774233 -0.006574003745604038 0.6096
-0.02453451598774233 -0.006574003745604038 0.6858000000000001
-0.02453451598774233 -0.006574003745604038 0.762
-0.02453451598774233 -0.006574003745604038 0.8382000000000001
-0.02453451598774233 -0.006574003745604038 0.9144
-0.02453451598774233 -0.006574003745604038 0.9906
-0.02453451598774233 -0.006574003745604038 1.0668
-0.02453451598774233 -0.006574003745604038 1.143
-0.02453451598774233 -0.006574003745604038 1.2192
-0.02453451598774233 -0.006574003745604038 1.2954
-0.02453451598774233 -0.006574003745604038 1.3716
-0.02453451598774233 -0.006574003745604038 1.4478
-0.02453451598774233 -0.006574003745604038 1.524
-0.02453451598774233 -0.006574003745604038 1.6002
-0.02453451598774233 -0.006574003745604038 1.6764
-0.02453451598774233 -0.006574003745604038 1.7526
-0.02453451598774233 -0.006574003745604038 1.8288
-0.02453451598774233 -0.006574003745604038 1.905
-0.02453451598774233 -0.006574003745604038 1.9812
-0.02453451598774233 -0.006574003745604038 2.0574
-0.02453451598774233 -0.006574003745604038 2.1336
-0.02453451598774233 -0.006574003745604038 2.2098
-0.02453451598774233 -0.006574003745604038 2.286
-0.02453451598774233 -0.006574003745604038 2.3622
-0.02453451598774233 -0.006574003745604038 2.4384
-0.02453451598774233 -0.006574003745604038 2.5146
-0.02453451598774233 -0.006574003745604038 2.5908
-0.02453451598774233 -0.006574003745604038 2.667
-0.02453451598774233 -0.006574003745604038 2.7432
-0.02453451598774233 -0.006574003745604038 2.8194
-0.02453451598774233 -0.006574003745604038 2.8956
-0.02453451598774233 -0.006574003745604038 2.9718
-0.02453451598774233 -0.006574003745604038 3.048
-0.02453451598774233 -0.006574003745604038 3.1242
-0.02453451598774233 -0.006574003745604038 3.2004
-0.02453451598774233 -0.006574003745604038 3.2766
-0.02453451598774233 -0.006574003745604038 3.3528
-0.02453451598774233 -0.006574003745604038 3.429
-0.02453451598774233 -0.006574003745604038 3.5052
-0.02453451598774233 -0.006574003745604038 3.5814
-0.02453451598774233 -0.006574003745604038 3.6576
-0.02453451598774233 -0.006574003745604038 3.7338
-0.02453451598774233 -0.006574003745604038 3.81
-0.02453451598774233 -0.006574003745604038 3.8862
-0.02453451598774233 -0.006574003745604038 3.9624
-0.02453451598774233 -0.006574003745604038 4.0386
-0.02453451598774233 -0.006574003745604038 4.114800000000001
-0.02453451598774233 -0.006574003745604038 4.191
-0.02453451598774233 -0.006574003745604038 4.2672
-0.02453451598774233 -0.006574003745604038 4.3434
-0.02453451598774233 -0.006574003745604038 4.4196
-0.02453451598774233 -0.006574003745604038 4.4958
-0.02453451598774233 -0.006574003745604038 4.572
-0.02453451598774233 -0.006574003745604038 4.6482
-0.02453451598774233 -0.006574003745604038 4.7244
-0.02453451598774233 -0.006574003745604038 4.8006
-0.02453451598774233 -0.006574003745604038 4.8768
-0.02453451598774233 -0.006574003745604038 4.953
-0.02453451598774233 -0.006574003745604038 5.029199999999999
-0.02453451598774233 -0.006574003745604038 5.1054
-0.02453451598774233 -0.006574003745604038 5.1816
-0.02453451598774233 -0.006574003745604038 5.2578
-0.02453451598774233 -0.006574003745604038 5.334
-0.02453451598774233 -0.006574003745604038 5.4102
-0.02453451598774233 -0.006574003745604038 5.486400000000001
-0.02453451598774233 -0.006574003745604038 5.5626
-0.02453451598774233 -0.006574003745604038 5.638800000000001
-0.02453451598774233 -0.006574003745604038 5.715
-0.02453451598774233 -0.006574003745604038 5.7912
-0.02453451598774233 -0.006574003745604038 5.8674
-0.02453451598774233 -0.006574003745604038 5.9436
-0.02453451598774233 -0.006574003745604038 6.0198
-0.02199704525612473 -0.01270000000000001 0.0762
-0.02199704525612473 -0.01270000000000001 0.1524
-0.02199704525612473 -0.01270000000000001 0.2286
-0.02199704525612473 -0.01270000000000001 0.3048
-0.02199704525612473 -0.01270000000000001 0.381
-0.02199704525612473 -0.01270000000000001 0.4572
-0.02199704525612473 -0.01270000000000001 0.5334
-0.02199704525612473 -0.01270000000000001 0.6096
-0.02199704525612473 -0.01270000000000001 0.6858000000000001
-0.02199704525612473 -0.01270000000000001 0.762
-0.02199704525612473 -0.01270000000000001 0.8382000000000001
-0.02199704525612473 -0.01270000000000001 0.9144
-0.02199704525612473 -0.01270000000000001 0.9906
-0.02199704525612473 -0.01270000000000001 1.0668
-0.02199704525612473 -0.01270000000000001 1.143
-0.02199704525612473 -0.01270000000000001 1.2192
-0.02199704525612473 -0.01270000000000001 1.2954
-0.02199704525612473 -0.01270000000000001 1.3716
-0.02199704525612473 -0.01270000000000001 1.4478
-0.02199704525612473 -0.01270000000000001 1.524
-0.02199704525612473 -0.01270000000000001 1.6002
-0.02199704525612473 -0.01270000000000001 1.6764
-0.02199704525612473 -0.01270000000000001 1.7526
-0.02199704525612473 -0.01270000000000001 1.8288
-0.02199704525612473 -0.01270000000000001 1.905
-0.02199704525612473 -0.01270000000000001 1.9812
-0.02199704525612473 -0.01270000000000001 2.0574
-0.02199704525612473 -0.01270000000000001 2.1336
-0.02199704525612473 -0.01270000000000001 2.2098
-0.02199704525612473 -0.01270000000000001 2.286
-0.02199704525612473 -0.01270000000000001 2.3622
-0.02199704525612473 -0.01270000000000001 2.4384
-0.02199704525612473 -0.01270000000000001 2.5146
-0.02199704525612473 -0.01270000000000001 2.5908
-0.02199704525612473 -0.01270000000000001 2.667
-0.02199704525612473 -0.01270000000000001 2.7432
-0.02199704525612473 -0.01270000000000001 2.8194
-0.02199704525612473 -0.01270000000000001 2.8956
-0.02199704525612473 -0.01270000000000001 2.9718
-0.02199704525612473 -0.01270000000000001 3.048
-0.02199704525612473 -0.01270000000000001 3.1242
-0.02199704525612473 -0.01270000000000001 3.2004
-0.02199704525612473 -0.01270000000000001 3.2766
-0.02199704525612473 -0.01270000000000001 3.3528
-0.02199704525612473 -0.01270000000000001 3.429
-0.02199704525612473 -0.01270000000000001 3.5052
-0.02199704525612473 -0.01270000000000001 3.5814
-0.02199704525612473 -0.01270000000000001 3.6576
-0.02199704525612473 -0.01270000000000001 3.7338
-0.02199704525612473 -0.01270000000000001 3.81
-0.02199704525612473 -0.01270000000000001 3.8862
-0.02199704525612473 -0.01270000000000001 3.9624
-0.02199704525612473 -0.01270000000000001 4.0386
-0.02199704525612473 -0.01270000000000001 4.114800000000001
-0.02199704525612473 -0.01270000000000001 4.191
-0.02199704525612473 -0.01270000000000001 4.2672
-0.02199704525612473 -0.01270000000000001 4.3434
-0.02199704525612473 -0.01270000000000001 4.4196
-0.02199704525612473 -0.01270000000000001 4.4958
-0.02199704525612473 -0.01270000000000001 4.572
-0.02199704525612473 -0.01270000000000001 4.6482
-0.02199704525612473 -0.01270000000000001 4.7244
-0.02199704525612473 -0.01270000000000001 4.8006
-0.02199704525612473 -0.01270000000000001 4.8768
-0.02199704525612473 -0.01270000000000001 4.953
-0.02199704525612473 -0.01270000000000001 5.029199999999999
-0.02199704525612473 -0.01270000000000001 5.1054
-0.02199704525612473 -0.01270000000000001 5.1816
-0.02199704525612473 -0.01270000000000001 5.2578
-0.02199704525612473 -0.01270000000000001 5.334
-0.02199704525612473 -0.01270000000000001 5.4102
-0.02199704525612473 -0.01270000000000001 5.486400000000001
-0.02199704525612473 -0.01270000000000001 5.5626
-0.02199704525612473 -0.01270000000000001 5.638800000000001
-0.02199704525612473 -0.01270000000000001 5.715
-0.02199704525612473 -0.01270000000000001 5.7912
-0.02199704525612473 -0.01270000000000001 5.8674
-0.02199704525612473 -0.01270000000000001 5.9436
-0.02199704525612473 -0.01270000000000001 6.0198
-0.01796051224213829 -0.01796051224213833 0.0762
-0.01796051224213829 -0.01796051224213833 0.1524
-0.01796051224213829 -0.01796051224213833 0.2286
-0.01796051224213829 -0.01796051224213833 0.3048
-0.01796051224213829 -0.01796051224213833 0.381
-0.01796051224213829 -0.01796051224213833 0.4572
-0.01796051224213829 -0.01796051224213833 0.5334
-0.01796051224213829 -0.01796051224213833 0.6096
-0.01796051224213829 -0.01796051224213833 0.6858000000000001
-0.01796051224213829 -0.01796051224213833 0.762
-0.01796051224213829 -0.01796051224213833 0.8382000000000001
-0.01796051224213829 -0.01796051224213833 0.9144
-0.01796051224213829 -0.01796051224213833 0.9906
-0.01796051224213829 -0.01796051224213833 1.0668
-0.01796051224213829 -0.01796051224213833 1.143
-0.01796051224213829 -0.01796051224213833 1.2192
-0.01796051224213829 -0.01796051224213833 1.2954
-0.01796051224213829 -0.01796051224213833 1.3716
-0.01796051224213829 -0.01796051224213833 1.4478
-0.01796051224213829 -0.01796051224213833 1.524
-0.01796051224213829 -0.01796051224213833 1.6002
-0.01796051224213829 -0.01796051224213833 1.6764
-0.01796051224213829 -0.01796051224213833 1.7526
-0.01796051224213829 -0.01796051224213833 1.8288
-0.01796051224213829 -0.01796051224213833 1.905
-0.01796051224213829 -0.01796051224213833 1.9812
-0.01796051224213829 -0.01796051224213833 2.0574
-0.01796051224213829 -0.01796051224213833 2.1336
-0.01796051224213829 -0.01796051224213833 2.2098
-0.01796051224213829 -0.01796051224213833 2.286
-0.01796051224213829 -0.01796051224213833 2.3622
-0.01796051224213829 -0.01796051224213833 2.4384
-0.01796051224213829 -0.01796051224213833 2.5146
-0.01796051224213829 -0.01796051224213833 2.5908
-0.01796051224213829 -0.01796051224213833 2.667
-0.01796051224213829 -0.01796051224213833 2.7432
-0.01796051224213829 -0.01796051224213833 2.8194
-0.01796051224213829 -0.01796051224213833 2.8956
-0.01796051224213829 -0.01796051224213833 2.9718
-0.01796051224213829 -0.01796051224213833 3.048
-0.01796051224213829 -0.01796051224213833 3.1242
-0.01796051224213829 -0.01796051224213833 3.2004
-0.01796051224213829 -0.01796051224213833 3.2766
-0.01796051224213829 -0.01796051224213833 3.3528
-0.01796051224213829 -0.01796051224213833 3.429
-0.01796051224213829 -0.01796051224213833 3.5052
-0.01796051224213829 -0.01796051224213833 3.5814
-0.01796051224213829 -0.01796051224213833 3.6576
-0.01796051224213829 -0.01796051224213833 3.7338
-0.01796051224213829 -0.01796051224213833 3.81
-0.01796051224213829 -0.01796051224213833 3.8862
-0.01796051224213829 -0.01796051224213833 3.9624
-0.01796051224213829 -0.01796051224213833 4.0386
-0.01796051224213829 -0.01796051224213833 4.114800000000001
-0.01796051224213829 -0.01796051224213833 4.191
-0.01796051224213829 -0.01796051224213833 4.2672
-0.01796051224213829 -0.01796051224213833 4.3434
-0.01796051224213829 -0.01796051224213833 4.4196
-0.01796051224213829 -0.01796051224213833 4.4958
-0.01796051224213829 -0.01796051224213833 4.572
-0.01796051224213829 -0.01796051224213833 4.6482
-0.01796051224213829 -0.01796051224213833 4.7244
-0.01796051224213829 -0.01796051224213833 4.8006
-0.01796051224213829 -0.01796051224213833 4.8768
-0.01796051224213829 -0.01796051224213833 4.953
-0.01796051224213829 -0.01796051224213833 5.029199999999999
-0.01796051224213829 -0.01796051224213833 5.1054
-0.01796051224213829 -0.01796051224213833 5.1816
-0.01796051224213829 -0.01796051224213833 5.2578
-0.01796051224213829 -0.01796051224213833 5.334
-0.01796051224213829 -0.01796051224213833 5.4102
-0.01796051224213829 -0.01796051224213833 5.486400000000001
-0.01796051224213829 -0.01796051224213833 5.5626
-0.01796051224213829 -0.01796051224213833 5.638800000000001
-0.01796051224213829 -0.01796051224213833 5.715
-0.01796051224213829 -0.01796051224213833 5.7912
-0.01796051224213829 -0.01796051224213833 5.8674
-0.01796051224213829 -0.01796051224213833 5.9436
-0.01796051224213829 -0.01796051224213833 6.0198
-0.01269999999999997 -0.02199704525612476 0.0762
-0.01269999999999997 -0.02199704525612476 0.1524
-0.01269999999999997 -0.02199704525612476 0.2286
-0.01269999999999997 -0.02199704525612476 0.3048
-0.01269999999999997 -0.02199704525612476 0.381
-0.01269999999999997 -0.02199704525612476 0.4572
-0.01269999999999997 -0.02199704525612476 0.5334
-0.01269999999999997 -0.02199704525612476 0.6096
-0.01269999999999997 -0.02199704525612476 0.6858000000000001
-0.01269999999999997 -0.02199704525612476 0.762
-0.01269999999999997 -0.02199704525612476 0.8382000000000001
-0.01269999999999997 -0.02199704525612476 0.9144
-0.01269999999999997 -0.02199704525612476 0.9906
-0.01269999999999997 -0.02199704525612476 1.0668
-0.01269999999999997 -0.02199704525612476 1.143
-0.01269999999999997 -0.02199704525612476 1.2192
-0.01269999999999997 -0.02199704525612476 1.2954
-0.01269999999999997 -0.02199704525612476 1.3716
-0.01269999999999997 -0.02199704525612476 1.4478
-0.01269999999999997 -0.02199704525612476 1.524
-0.01269999999999997 -0.02199704525612476 1.6002
-0.01269999999999997 -0.02199704525612476 1.6764
-0.01269999999999997 -0.02199704525612476 1.7526
-0.01269999999999997 -0.02199704525612476 1.8288
-0.01269999999999997 -0.02199704525612476 1.905
-0.01269999999999997 -0.02199704525612476 1.9812
-0.01269999999999997 -0.02199704525612476 2.0574
-0.01269999999999997 -0.02199704525612476 2.1336
-0.01269999999999997 -0.02199704525612476 2.2098
-0.01269999999999997 -0.02199704525612476 2.286
-0.01269999999999997 -0.02199704525612476 2.3622
-0.01269999999999997 -0.02199704525612476 2.4384
-0.01269999999999997 -0.02199704525612476 2.5146
-0.01269999999999997 -0.02199704525612476 2.5908
-0.01269999999999997 -0.02199704525612476 2.667
-0.01269999999999997 -0.02199704525612476 2.7432
-0.01269999999999997 -0.02199704525612476 2.8194
-0.01269999999999997 -0.02199704525612476 2.8956
-0.01269999999999997 -0.02199704525612476 2.9718
-0.01269999999999997 -0.02199704525612476 3.048
-0.01269999999999997 -0.02199704525612476 3.1242
-0.01269999999999997 -0.02199704525612476 3.2004
-0.01269999999999997 -0.02199704525612476 3.2766
-0.01269999999999997 -0.02199704525612476 3.3528
-0.01269999999999997 -0.02199704525612476 3.429
-0.01269999999999997 -0.02199704525612476 3.5052
-0.01269999999999997 -0.02199704525612476 3.5814
-0.01269999999999997 -0.02199704525612476 3.6576
-0.01269999999999997 -0.02199704525612476 3.7338
-0.01269999999999997 -0.02199704525612476 3.81
-0.01269999999999997 -0.02199704525612476 3.8862
-0.01269999999999997 -0.02199704525612476 3.9624
-0.01269999999999997 -0.02199704525612476 4.0386
-0.01269999999999997 -0.02199704525612476 4.114800000000001
-0.01269999999999997 -0.02199704525612476 4.191
-0.01269999999999997 -0.02199704525612476 4.2672
-0.01269999999999997 -0.02199704525612476 4.3434
-0.01269999999999997 -0.02199704525612476 4.4196
-0.01269999999999997 -0.02199704525612476 4.4958
-0.01269999999999997 -0.02199704525612476 4.572
-0.01269999999999997 -0.02199704525612476 4.6482
-0.01269999999999997 -0.02199704525612476 4.7244
-0.01269999999999997 -0.02199704525612476 4.8006
-0.01269999999999997 -0.02199704525612476 4.8768
-0.01269999999999997 -0.02199704525612476 4.953
-0.01269999999999997 -0.02199704525612476 5.029199999999999
-0.01269999999999997 -0.02199704525612476 5.1054
-0.01269999999999997 -0.02199704525612476 5.1816
-0.01269999999999997 -0.02199704525612476 5.2578
-0.01269999999999997 -0.02199704525612476 5.334
-0.01269999999999997 -0.02199704525612476 5.4102
-0.01269999999999997 -0.02199704525612476 5.486400000000001
-0.01269999999999997 -0.02199704525612476 5.5626
-0.01269999999999997 -0.02199704525612476 5.638800000000001
-0.01269999999999997 -0.02199704525612476 5.715
-0.01269999999999997 -0.02199704525612476 5.7912
-0.01269999999999997 -0.02199704525612476 5.8674
-0.01269999999999997 -0.02199704525612476 5.9436
-0.01269999999999997 -0.02199704525612476 6.0198
-0.006574003745604002 -0.02453451598774234 0.0762
-0.006574003745604002 -0.02453451598774234 0.1524
-0.006574003745604002 -0.02453451598774234 0.2286
-0.006574003745604002 -0.02453451598774234 0.3048
-0.006574003745604002 -0.02453451598774234 0.381
-0.006574003745604002 -0.02453451598774234 0.4572
-0.006574003745604002 -0.02453451598774234 0.5334
-0.006574003745604002 -0.02453451598774234 0.6096
-0.006574003745604002 -0.02453451598774234 0.6858000000000001
-0.006574003745604002 -0.02453451598774234 0.762
-0.006574003745604002 -0.02453451598774234 0.8382000000000001
-0.006574003745604002 -0.02453451598774234 0.9144
-0.006574003745604002 -0.02453451598774234 0.9906
-0.006574003745604002 -0.02453451598774234 1.0668
-0.006574003745604002 -0.02453451598774234 1.143
-0.006574003745604002 -0.02453451598774234 1.2192
-0.006574003745604002 -0.02453451598774234 1.2954
-0.006574003745604002 -0.02453451598774234 1.3716
-0.006574003745604002 -0.02453451598774234 1.4478
-0.006574003745604002 -0.02453451598774234 1.524
-0.006574003745604002 -0.02453451598774234 1.6002
-0.006574003745604002 -0.02453451598774234 1.6764
-0.006574003745604002 -0.02453451598774234 1.7526
-0.006574003745604002 -0.02453451598774234 1.8288
-0.006574003745604002 -0.02453451598774234 1.905
-0.006574003745604002 -0.02453451598774234 1.9812
-0.006574003745604002 -0.02453451598774234 2.0574
-0.006574003745604002 -0.02453451598774234 2.1336
-0.006574003745604002 -0.02453451598774234 2.2098
-0.006574003745604002 -0.02453451598774234 2.286
-0.006574003745604002 -0.02453451598774234 2.3622
-0.006574003745604002 -0.02453451598774234 2.4384
-0.006574003745604002 -0.02453451598774234 2.5146
-0.006574003745604002 -0.02453451598774234 2.5908
-0.006574003745604002 -0.02453451598774234 2.667
-0.006574003745604002 -0.02453451598774234 2.7432
-0.006574003745604002 -0.02453451598774234 2.8194
-0.006574003745604002 -0.02453451598774234 2.8956
-0.006574003745604002 -0.02453451598774234 2.9718
-0.006574003745604002 -0.02453451598774234 3.048
-0.006574003745604002 -0.02453451598774234 3.1242
-0.006574003745604002 -0.02453451598774234 3.2004
-0.006574003745604002 -0.02453451598774234 3.2766
-0.006574003745604002 -0.02453451598774234 3.3528
-0.006574003745604002 -0.02453451598774234 3.429
-0.006574003745604002 -0.02453451598774234 3.5052
-0.006574003745604002 -0.02453451598774234 3.5814
-0.006574003745604002 -0.02453451598774234 3.6576
-0.006574003745604002 -0.02453451598774234 3.7338
-0.006574003745604002 -0.02453451598774234 3.81
-0.006574003745604002 -0.02453451598774234 3.8862
-0.006574003745604002 -0.02453451598774234 3.9624
-0.006574003745604002 -0.02453451598774234 4.0386
-0.006574003745604002 -0.02453451598774234 4.114800000000001
-0.006574003745604002 -0.02453451598774234 4.191
-0.006574003745604002 -0.02453451598774234 4.2672
-0.006574003745604002 -0.02453451598774234 4.3434
-0.006574003745604002 -0.02453451598774234 4.4196
-0.006574003745604002 -0.02453451598774234 4.4958
-0.006574003745604002 -0.02453451598774234 4.572
-0.006574003745604002 -0.02453451598774234 4.6482
-0.006574003745604002 -0.02453451598774234 4.7244
-0.006574003745604002 -0.02453451598774234 4.8006
-0.006574003745604002 -0.02453451598774234 4.8768
-0.006574003745604002 -0.02453451598774234 4.953
-0.006574003745604002 -0.02453451598774234 5.029199999999999
-0.006574003745604002 -0.02453451598774234 5.1054
-0.006574003745604002 -0.02453451598774234 5.1816
-0.006574003745604002 -0.02453451598774234 5.2578
-0.006574003745604002 -0.02453451598774234 5.334
-0.006574003745604002 -0.02453451598774234 5.4102
-0.006574003745604002 -0.02453451598774234 5.486400000000001
-0.006574003745604002 -0.02453451598774234 5.5626
-0.006574003745604002 -0.02453451598774234 5.638800000000001
-0.006574003745604002 -0.02453451598774234 5.715
-0.006574003745604002 -0.02453451598774234 5.7912
-0.006574003745604002 -0.02453451598774234 5.8674
-0.006574003745604002 -0.02453451598774234 5.9436
-0.006574003745604002 -0.02453451598774234 6.0198
4.045355941601495e-17 -0.0254 0.0762
4.045355941601495e-17 -0.0254 0.1524
4.045355941601495e-17 -0.0254 0.2286
4.045355941601495e-17 -0.0254 0.3048
4.045355941601495e-17 -0.0254 0.381
4.045355941601495e-17 -0.0254 0.4572
4.045355941601495e-17 -0.0254 0.5334
4.045355941601495e-17 -0.0254 0.6096
4.045355941601495e-17 -0.0254 0.6858000000000001
4.045355941601495e-17 -0.0254 0.762
4.045355941601495e-17 -0.0254 0.8382000000000001
4.045355941601495e-17 -0.0254 0.9144
4.045355941601495e-17 -0.0254 0.9906
4.045355941601495e-17 -0.0254 1.0668
4.045355941601495e-17 -0.0254 1.143
4.045355941601495e-17 -0.0254 1.2192
4.045355941601495e-17 -0.0254 1.2954
4.045355941601495e-17 -0.0254 1.3716
4.045355941601495e-17 -0.0254 1.4478
4.045355941601495e-17 -0.0254 1.524
4.045355941601495e-17 -0.0254 1.6002
4.045355941601495e-17 -0.0254 1.6764
4.045355941601495e-17 -0.0254 1.7526
4.045355941601495e-17 -0.0254 1.8288
4.045355941601495e-17 -0.0254 1.905
4.045355941601495e-17 -0.0254 1.9812
4.045355941601495e-17 -0.0254 2.0574
4.045355941601495e-17 -0.0254 2.1336
4.045355941601495e-17 -0.0254 2.2098
4.045355941601495e-17 -0.0254 2.286
4.045355941601495e-17 -0.0254 2.3622
4.045355941601495e-17 -0.0254 2.4384
4.045355941601495e-17 -0.0254 2.5146
4.045355941601495e-17 -0.0254 2.5908
4.045355941601495e-17 -0.0254 2.667
4.045355941601495e-17 -0.0254 2.7432
4.045355941601495e-17 -0.0254 2.8194
4.045355941601495e-17 -0.0254 2.8956
4.045355941601495e-17 -0.0254 2.9718
4.045355941601495e-17 -0.0254 3.048
4.045355941601495e-17 -0.0254 3.1242
4.045355941601495e-17 -0.0254 3.2004
4.045355941601495e-17 -0.0254 3.2766
4.045355941601495e-17 -0.0254 3.3528
4.045355941601495e-17 -0.0254 3.429
4.045355941601495e-17 -0.0254 3.5052
4.045355941601495e-17 -0.0254 3.5814
4.045355941601495e-17 -0.0254 3.6576
4.045355941601495e-17 -0.0254 3.7338
4.045355941601495e-17 -0.0254 3.81
4.045355941601495e-17 -0.0254 3.8862
4.045355941601495e-17 -0.0254 3.9624
4.045355941601495e-17 -0.0254 4.0386
4.045355941601495e-17 -0.0254 4.114800000000001
4.045355941601495e-17 -0.0254 4.191
4.045355941601495e-17 -0.0254 4.2672
4.045355941601495e-17 -0.0254 4.3434
4.045355941601495e-17 -0.0254 4.4196
4.045355941601495e-17 -0.0254 4.4958
4.045355941601495e-17 -0.0254 4.572
4.045355941601495e-17 -0.0254 4.6482
4.045355941601495e-17 -0.0254 4.7244
4.045355941601495e-17 -0.0254 4.8006
4.045355941601495e-17 -0.0254 4.8768
4.045355941601495e-17 -0.0254 4.953
4.045355941601495e-17 -0.0254 5.029199999999999
4.045355941601495e-17 -0.0254 5.1054
4.045355941601495e-17 -0.0254 5.1816
4.045355941601495e-17 -0.0254 5.2578
4.045355941601495e-17 -0.0254 5.334
4.045355941601495e-17 -0.0254 5.4102
4.045355941601495e-17 -0.0254 5.486400000000001
4.045355941601495e-17 -0.0254 5.5626
4.045355941601495e-17 -0.0254 5.638800000000001
4.045355941601495e-17 -0.0254 5.715
4.045355941601495e-17 -0.0254 5.7912
4.045355941601495e-17 -0.0254 5.8674
4.045355941601495e-17 -0.0254 5.9436
4.045355941601495e-17 -0.0254 6.0198
0.006574003745604059 -0.02453451598774233 0.0762
0.006574003745604059 -0.02453451598774233 0.1524
0.006574003745604059 -0.02453451598774233 0.2286
0.006574003745604059 -0.02453451598774233 0.3048
0.006574003745604059 -0.02453451598774233 0.381
0.006574003745604059 -0.02453451598774233 0.4572
0.006574003745604059 -0.02453451598774233 0.5334
0.006574003745604059 -0.02453451598774233 0.6096
0.006574003745604059 -0.02453451598774233 0.6858000000000001
0.006574003745604059 -0.02453451598774233 0.762
0.006574003745604059 -0.02453451598774233 0.8382000000000001
0.006574003745604059 -0.02453451598774233 0.9144
0.006574003745604059 -0.02453451598774233 0.9906
0.006574003745604059 -0.02453451598774233 1.0668
0.006574003745604059 -0.02453451598774233 1.143
0.006574003745604059 -0.02453451598774233 1.2192
0.006574003745604059 -0.02453451598774233 1.2954
0.006574003745604059 -0.02453451598774233 1.3716
0.006574003745604059 -0.02453451598774233 1.4478
0.006574003745604059 -0.02453451598774233 1.524
0.006574003745604059 -0.02453451598774233 1.6002
0.006574003745604059 -0.02453451598774233 1.6764
0.006574003745604059 -0.02453451598774233 1.7526
0.006574003745604059 -0.02453451598774233 1.8288
0.006574003745604059 -0.02453451598774233 1.905
0.006574003745604059 -0.02453451598774233 1.9812
0.006574003745604059 -0.02453451598774233 2.0574
0.006574003745604059 -0.02453451598774233 2.1336
0.006574003745604059 -0.02453451598774233 2.2098
0.006574003745604059 -0.02453451598774233 2.286
0.006574003745604059 -0.02453451598774233 2.3622
0.006574003745604059 -0.02453451598774233 2.4384
0.006574003745604059 -0.02453451598774233 2.5146
0.006574003745604059 -0.02453451598774233 2.5908
0.006574003745604059 -0.02453451598774233 2.667
0.006574003745604059 -0.02453451598774233 2.7432
0.006574003745604059 -0.02453451598774233 2.8194
0.006574003745604059 -0.02453451598774233 2.8956
0.006574003745604059 -0.02453451598774233 2.9718
0.006574003745604059 -0.02453451598774233 3.048
0.006574003745604059 -0.02453451598774233 3.1242
0.006574003745604059 -0.02453451598774233 3.2004
0.006574003745604059 -0.02453451598774233 3.2766
0.006574003745604059 -0.02453451598774233 3.3528
0.006574003745604059 -0.02453451598774233 3.429
0.006574003745604059 -0.02453451598774233 3.5052
0.006574003745604059 -0.02453451598774233 3.5814
0.006574003745604059 -0.02453451598774233 3.6576
0.006574003745604059 -0.02453451598774233 3.7338
0.006574003745604059 -0.02453451598774233 3.81
0.006574003745604059 -0.02453451598774233 3.8862
0.006574003745604059 -0.02453451598774233 3.9624
0.006574003745604059 -0.02453451598774233 4.0386
0.006574003745604059 -0.02453451598774233 4.114800000000001
0.006574003745604059 -0.02453451598774233 4.191
0.006574003745604059 -0.02453451598774233 4.2672
0.006574003745604059 -0.02453451598774233 4.3434
0.006574003745604059 -0.02453451598774233 4.4196
0.006574003745604059 -0.02453451598774233 4.4958
0.006574003745604059 -0.02453451598774233 4.572
0.006574003745604059 -0.02453451598774233 4.6482
0.006574003745604059 -0.02453451598774233 4.7244
0.006574003745604059 -0.02453451598774233 4.8006
0.006574003745604059 -0.02453451598774233 4.8768
0.006574003745604059 -0.02453451598774233 4.953
0.006574003745604059 -0.02453451598774233 5.029199999999999
0.006574003745604059 -0.02453451598774233 5.1054
0.006574003745604059 -0.02453451598774233 5.1816
0.006574003745604059 -0.02453451598774233 5.2578
0.006574003745604059 -0.02453451598774233 5.334
0.006574003745604059 -0.02453451598774233 5.4102
0.006574003745604059 -0.02453451598774233 5.486400000000001
0.006574003745604059 -0.02453451598774233 5.5626
0.006574003745604059 -0.02453451598774233 5.638800000000001
0.006574003745604059 -0.02453451598774233 5.715
0.006574003745604059 -0.02453451598774233 5.7912
0.006574003745604059 -0.02453451598774233 5.8674
0.006574003745604059 -0.02453451598774233 5.9436
0.006574003745604059 -0.02453451598774233 6.0198
0.01270000000000002 -0.02199704525612473 0.0762
0.01270000000000002 -0.02199704525612473 0.1524
0.01270000000000002 -0.02199704525612473 0.2286
0.01270000000000002 -0.02199704525612473 0.3048
0.01270000000000002 -0.02199704525612473 0.381
0.01270000000000002 -0.02199704525612473 0.4572
0.01270000000000002 -0.02199704525612473 0.5334
0.01270000000000002 -0.02199704525612473 0.6096
0.01270000000000002 -0.02199704525612473 0.6858000000000001
0.01270000000000002 -0.02199704525612473 0.762
0.01270000000000002 -0.02199704525612473 0.8382000000000001
0.01270000000000002 -0.02199704525612473 0.9144
0.01270000000000002 -0.02199704525612473 0.9906
0.01270000000000002 -0.02199704525612473 1.0668
0.01270000000000002 -0.02199704525612473 1.143
0.01270000000000002 -0.02199704525612473 1.2192
0.01270000000000002 -0.02199704525612473 1.2954
0.01270000000000002 -0.02199704525612473 1.3716
0.01270000000000002 -0.02199704525612473 1.4478
0.01270000000000002 -0.02199704525612473 1.524
0.01270000000000002 -0.02199704525612473 1.6002
0.01270000000000002 -0.02199704525612473 1.6764
0.01270000000000002 -0.02199704525612473 1.7526
0.01270000000000002 -0.02199704525612473 1.8288
0.01270000000000002 -0.02199704525612473 1.905
0.01270000000000002 -0.02199704525612473 1.9812
0.01270000000000002 -0.02199704525612473 2.0574
0.01270000000000002 -0.02199704525612473 2.1336
0.01270000000000002 -0.02199704525612473 2.2098
0.01270000000000002 -0.02199704525612473 2.286
0.01270000000000002 -0.02199704525612473 2.3622
0.01270000000000002 -0.02199704525612473 2.4384
0.01270000000000002 -0.02199704525612473 2.5146
0.01270000000000002 -0.02199704525612473 2.5908
0.01270000000000002 -0.02199704525612473 2.667
0.01270000000000002 -0.02199704525612473 2.7432
0.01270000000000002 -0.02199704525612473 2.8194
0.01270000000000002 -0.02199704525612473 2.8956
0.01270000000000002 -0.02199704525612473 2.9718
0.01270000000000002 -0.02199704525612473 3.048
0.01270000000000002 -0.02199704525612473 3.1242
0.01270000000000002 -0.02199704525612473 3.2004
0.01270000000000002 -0.02199704525612473 3.2766
0.01270000000000002 -0.02199704525612473 3.3528
0.01270000000000002 -0.02199704525612473 3.429
0.01270000000000002 -0.02199704525612473 3.5052
0.01270000000000002 -0.02199704525612473 3.5814
0.01270000000000002 -0.02199704525612473 3.6576
0.01270000000000002 -0.02199704525612473 3.7338
0.01270000000000002 -0.02199704525612473 3.81
0.01270000000000002 -0.02199704525612473 3.8862
0.01270000000000002 -0.02199704525612473 3.9624
0.01270000000000002 -0.02199704525612473 4.0386
0.01270000000000002 -0.02199704525612473 4.114800000000001
0.01270000000000002 -0.02199704525612473 4.191
0.01270000000000002 -0.02199704525612473 4.2672
0.01270000000000002 -0.02199704525612473 4.3434
0.01270000000000002 -0.02199704525612473 4.4196
0.01270000000000002 -0.02199704525612473 4.4958
0.01270000000000002 -0.02199704525612473 4.572
0.01270000000000002 -0.02199704525612473 4.6482
0.01270000000000002 -0.02199704525612473 4.7244
0.01270000000000002 -0.02199704525612473 4.8006
0.01270000000000002 -0.02199704525612473 4.8768
0.01270000000000002 -0.02199704525612473 4.953
0.01270000000000002 -0.02199704525612473 5.029199999999999
0.01270000000000002 -0.02199704525612473 5.1054
0.01270000000000002 -0.02199704525612473 5.1816
0.01270000000000002 -0.02199704525612473 5.2578
0.01270000000000002 -0.02199704525612473 5.334
0.01270000000000002 -0.02199704525612473 5.4102
0.01270000000000002 -0.02199704525612473 5.486400000000001
0.01270000000000002 -0.02199704525612473 5.5626
0.01270000000000002 -0.02199704525612473 5.638800000000001
0.01270000000000002 -0.02199704525612473 5.715
0.01270000000000002 -0.02199704525612473 5.7912
0.01270000000000002 -0.02199704525612473 5.8674
0.01270000000000002 -0.02199704525612473 5.9436
0.01270000000000002 -0.02199704525612473 6.0198
0.01796051224213832 -0.01796051224213829 0.0762
0.01796051224213832 -0.01796051224213829 0.1524
0.01796051224213832 -0.01796051224213829 0.2286
0.01796051224213832 -0.01796051224213829 0.3048
0.01796051224213832 -0.01796051224213829 0.381
0.01796051224213832 -0.01796051224213829 0.4572
0.01796051224213832 -0.01796051224213829 0.5334
0.01796051224213832 -0.01796051224213829 0.6096
0.01796051224213832 -0.01796051224213829 0.6858000000000001
0.01796051224213832 -0.01796051224213829 0.762
0.01796051224213832 -0.01796051224213829 0.8382000000000001
0.01796051224213832 -0.01796051224213829 0.9144
0.01796051224213832 -0.01796051224213829 0.9906
0.01796051224213832 -0.01796051224213829 1.0668
0.01796051224213832 -0.01796051224213829 1.143
0.01796051224213832 -0.01796051224213829 1.2192
0.01796051224213832 -0.01796051224213829 1.2954
0.01796051224213832 -0.01796051224213829 1.3716
0.01796051224213832 -0.01796051224213829 1.4478
0.01796051224213832 -0.01796051224213829 1.524
0.01796051224213832 -0.01796051224213829 1.6002
0.01796051224213832 -0.01796051224213829 1.6764
0.01796051224213832 -0.01796051224213829 1.7526
0.01796051224213832 -0.01796051224213829 1.8288
0.01796051224213832 -0.01796051224213829 1.905
0.01796051224213832 -0.01796051224213829 1.9812
0.01796051224213832 -0.01796051224213829 2.0574
0.01796051224213832 -0.01796051224213829 2.1336
0.01796051224213832 -0.01796051224213829 2.2098
0.01796051224213832 -0.01796051224213829 2.286
0.01796051224213832 -0.01796051224213829 2.3622
0.01796051224213832 -0.01796051224213829 2.4384
0.01796051224213832 -0.01796051224213829 2.5146
0.01796051224213832 -0.01796051224213829 2.5908
0.01796051224213832 -0.01796051224213829 2.667
0.01796051224213832 -0.01796051224213829 2.7432
0.01796051224213832 -0.01796051224213829 2.8194
0.01796051224213832 -0.01796051224213829 2.8956
0.01796051224213832 -0.01796051224213829 2.9718
0.01796051224213832 -0.01796051224213829 3.048
0.01796051224213832 -0.01796051224213829 3.1242
0.01796051224213832 -0.01796051224213829 3.2004
0.01796051224213832 -0.01796051224213829 3.2766
0.01796051224213832 -0.01796051224213829 3.3528
0.01796051224213832 -0.01796051224213829 3.429
0.01796051224213832 -0.01796051224213829 3.5052
0.01796051224213832 -0.01796051224213829 3.5814
0.01796051224213832 -0.01796051224213829 3.6576
0.01796051224213832 -0.01796051224213829 3.7338
0.01796051224213832 -0.01796051224213829 3.81
0.01796051224213832 -0.01796051224213829 3.8862
0.01796051224213832 -0.01796051224213829 3.9624
0.01796051224213832 -0.01796051224213829 4.0386
0.01796051224213832 -0.01796051224213829 4.114800000000001
0.01796051224213832 -0.01796051224213829 4.191
0.01796051224213832 -0.01796051224213829 4.2672
0.01796051224213832 -0.01796051224213829 4.3434
0.01796051224213832 -0.01796051224213829 4.4196
0.01796051224213832 -0.01796051224213829 4.4958
0.01796051224213832 -0.01796051224213829 4.572
0.01796051224213832 -0.01796051224213829 4.6482
0.01796051224213832 -0.01796051224213829 4.7244
0.01796051224213832 -0.01796051224213829 4.8006
0.01796051224213832 -0.01796051224213829 4.8768
0.01796051224213832 -0.01796051224213829 4.953
0.01796051224213832 -0.01796051224213829 5.029199999999999
0.01796051224213832 -0.01796051224213829 5.1054
0.01796051224213832 -0.01796051224213829 5.1816
0.01796051224213832 -0.01796051224213829 5.2578
0.01796051224213832 -0.01796051224213829 5.334
0.01796051224213832 -0.01796051224213829 5.4102
0.01796051224213832 -0.01796051224213829 5.486400000000001
0.01796051224213832 -0.01796051224213829 5.5626
0.01796051224213832 -0.01796051224213829 5.638800000000001
0.01796051224213832 -0.01796051224213829 5.715
0.01796051224213832 -0.01796051224213829 5.7912
0.01796051224213832 -0.01796051224213829 5.8674
0.01796051224213832 -0.01796051224213829 5.9436
0.01796051224213832 -0.01796051224213829 6.0198
0.02199704525612475 -0.01269999999999999 0.0762
0.02199704525612475 -0.01269999999999999 0.1524
0.02199704525612475 -0.01269999999999999 0.2286
0.02199704525612475 -0.01269999999999999 0.3048
0.02199704525612475 -0.01269999999999999 0.381
0.02199704525612475 -0.01269999999999999 0.4572
0.02199704525612475 -0.01269999999999999 0.5334
0.02199704525612475 -0.01269999999999999 0.6096
0.02199704525612475 -0.01269999999999999 0.6858000000000001
0.02199704525612475 -0.01269999999999999 0.762
0.02199704525612475 -0.01269999999999999 0.8382000000000001
0.02199704525612475 -0.01269999999999999 0.9144
0.02199704525612475 -0.01269999999999999 0.9906
0.02199704525612475 -0.01269999999999999 1.0668
0.02199704525612475 -0.01269999999999999 1.143
0.02199704525612475 -0.01269999999999999 1.2192
0.02199704525612475 -0.01269999999999999 1.2954
0.02199704525612475 -0.01269999999999999 1.3716
0.02199704525612475 -0.01269999999999999 1.4478
0.02199704525612475 -0.01269999999999999 1.524
0.02199704525612475 -0.01269999999999999 1.6002
0.02199704525612475 -0.01269999999999999 1.6764
0.02199704525612475 -0.01269999999999999 1.7526
0.02199704525612475 -0.01269999999999999 1.8288
0.02199704525612475 -0.01269999999999999 1.905
0.02199704525612475 -0.01269999999999999 1.9812
0.02199704525612475 -0.01269999999999999 2.0574
0.02199704525612475 -0.01269999999999999 2.1336
0.02199704525612475 -0.01269999999999999 2.2098
0.02199704525612475 -0.01269999999999999 2.286
0.02199704525612475 -0.01269999999999999 2.3622
0.02199704525612475 -0.01269999999999999 2.4384
0.02199704525612475 -0.01269999999999999 2.5146
0.02199704525612475 -0.01269999999999999 2.5908
0.02199704525612475 -0.01269999999999999 2.667
0.02199704525612475 -0.01269999999999999 2.7432
0.02199704525612475 -0.01269999999999999 2.8194
0.02199704525612475 -0.01269999999999999 2.8956
0.02199704525612475 -0.01269999999999999 2.9718
0.02199704525612475 -0.01269999999999999 3.048
0.02199704525612475 -0.01269999999999999 3.1242
0.02199704525612475 -0.01269999999999999 3.2004
0.02199704525612475 -0.01269999999999999 3.2766
0.02199704525612475 -0.01269999999999999 3.3528
0.02199704525612475 -0.01269999999999999 3.429
0.02199704525612475 -0.01269999999999999 3.5052
0.02199704525612475 -0.01269999999999999 3.5814
0.02199704525612475 -0.01269999999999999 3.6576
0.02199704525612475 -0.01269999999999999 3.7338
0.02199704525612475 -0.01269999999999999 3.81
0.02199704525612475 -0.01269999999999999 3.8862
0.02199704525612475 -0.01269999999999999 3.9624
0.02199704525612475 -0.01269999999999999 4.0386
0.02199704525612475 -0.01269999999999999 4.114800000000001
0.02199704525612475 -0.01269999999999999 4.191
0.02199704525612475 -0.01269999999999999 4.2672
0.02199704525612475 -0.01269999999999999 4.3434
0.02199704525612475 -0.01269999999999999 4.4196
0.02199704525612475 -0.01269999999999999 4.4958
0.02199704525612475 -0.01269999999999999 4.572
0.02199704525612475 -0.01269999999999999 4.6482
0.02199704525612475 -0.01269999999999999 4.7244
0.02199704525612475 -0.01269999999999999 4.8006
0.02199704525612475 -0.01269999999999999 4.8768
0.02199704525612475 -0.01269999999999999 4.953
0.02199704525612475 -0.01269999999999999 5.029199999999999
0.02199704525612475 -0.01269999999999999 5.1054
0.02199704525612475 -0.01269999999999999 5.1816
0.02199704525612475 -0.01269999999999999 5.2578
0.02199704525612475 -0.01269999999999999 5.334
0.02199704525612475 -0.01269999999999999 5.4102
0.02199704525612475 -0.01269999999999999 5.486400000000001
0.02199704525612475 -0.01269999999999999 5.5626
0.02199704525612475 -0.01269999999999999 5.638800000000001
0.02199704525612475 -0.01269999999999999 5.715
0.02199704525612475 -0.01269999999999999 5.7912
0.02199704525612475 -0.01269999999999999 5.8674
0.02199704525612475 -0.01269999999999999 5.9436
0.02199704525612475 -0.01269999999999999 6.0198
0.02453451598774234 -0.006574003745604025 0.0762
0.02453451598774234 -0.006574003745604025 0.1524
0.02453451598774234 -0.006574003745604025 0.2286
0.02453451598774234 -0.006574003745604025 0.3048
0.02453451598774234 -0.006574003745604025 0.381
0.02453451598774234 -0.006574003745604025 0.4572
0.02453451598774234 -0.006574003745604025 0.5334
0.02453451598774234 -0.006574003745604025 0.6096
0.02453451598774234 -0.006574003745604025 0.6858000000000001
0.02453451598774234 -0.006574003745604025 0.762
0.02453451598774234 -0.006574003745604025 0.8382000000000001
0.02453451598774234 -0.006574003745604025 0.9144
0.02453451598774234 -0.006574003745604025 0.9906
0.02453451598774234 -0.006574003745604025 1.0668
0.02453451598774234 -0.006574003745604025 1.143
0.02453451598774234 -0.006574003745604025 1.2192
0.02453451598774234 -0.006574003745604025 1.2954
0.02453451598774234 -0.006574003745604025 1.3716
0.02453451598774234 -0.006574003745604025 1.4478
0.02453451598774234 -0.006574003745604025 1.524
0.02453451598774234 -0.006574003745604025 1.6002
0.02453451598774234 -0.006574003745604025 1.6764
0.02453451598774234 -0.006574003745604025 1.7526
0.02453451598774234 -0.006574003745604025 1.8288
0.02453451598774234 -0.006574003745604025 1.905
0.02453451598774234 -0.006574003745604025 1.9812
0.02453451598774234 -0.006574003745604025 2.0574
0.02453451598774234 -0.006574003745604025 2.1336
0.02453451598774234 -0.006574003745604025 2.2098
0.02453451598774234 -0.006574003745604025 2.286
0.02453451598774234 -0.006574003745604025 2.3622
0.02453451598774234 -0.006574003745604025 2.4384
0.02453451598774234 -0.006574003745604025 2.5146
0.02453451598774234 -0.006574003745604025 2.5908
0.02453451598774234 -0.006574003745604025 2.667
0.02453451598774234 -0.006574003745604025 2.7432
0.02453451598774234 -0.006574003745604025 2.8194
0.02453451598774234 -0.006574003745604025 2.8956
0.02453451598774234 -0.006574003745604025 2.9718
0.02453451598774234 -0.006574003745604025 3.048
0.02453451598774234 -0.006574003745604025 3.1242
0.02453451598774234 -0.006574003745604025 3.2004
0.02453451598774234 -0.006574003745604025 3.2766
0.02453451598774234 -0.006574003745604025 3.3528
0.02453451598774234 -0.006574003745604025 3.429
0.02453451598774234 -0.006574003745604025 3.5052
0.02453451598774234 -0.006574003745604025 3.5814
0.02453451598774234 -0.006574003745604025 3.6576
0.02453451598774234 -0.006574003745604025 3.7338
0.02453451598774234 -0.006574003745604025 3.81
0.02453451598774234 -0.006574003745604025 3.8862
0.02453451598774234 -0.006574003745604025 3.9624
0.02453451598774234 -0.006574003745604025 4.0386
0.02453451598774234 -0.006574003745604025 4.114800000000001
0.02453451598774234 -0.006574003745604025 4.191
0.02453451598774234 -0.006574003745604025 4.2672
0.02453451598774234 -0.006574003745604025 4.3434
0.02453451598774234 -0.006574003745604025 4.4196
0.02453451598774234 -0.006574003745604025 4.4958
0.02453451598774234 -0.006574003745604025 4.572
0.02453451598774234 -0.006574003745604025 4.6482
0.02453451598774234 -0.006574003745604025 4.7244
0.02453451598774234 -0.006574003745604025 4.8006
0.02453451598774234 -0.006574003745604025 4.8768
0.02453451598774234 -0.006574003745604025 4.953
0.02453451598774234 -0.006574003745604025 5.029199999999999
0.02453451598774234 -0.006574003745604025 5.1054
0.02453451598774234 -0.006574003745604025 5.1816
0.02453451598774234 -0.006574003745604025 5.2578
0.02453451598774234 -0.006574003745604025 5.334
0.02453451598774234 -0.006574003745604025 5.4102
0.02453451598774234 -0.006574003745604025 5.486400000000001
0.02453451598774234 -0.006574003745604025 5.5626
0.02453451598774234 -0.006574003745604025 5.638800000000001
0.02453451598774234 -0.006574003745604025 5.715
0.02453451598774234 -0.006574003745604025 5.7912
0.02453451598774234 -0.006574003745604025 5.8674
0.02453451598774234 -0.006574003745604025 5.9436
0.02453451598774234 -0.006574003745604025 6.0198
0.002537470731617622 -0.01927400374560403 6.096
-0.002537470731617604 0.01927400374560402 6.096
-0.01893016754315971 -0.002697093497784033 6.096
0.01927400374560403 0.002537470731617594 6.096
-0.01237139241038773 -0.01578266403445769 6.096
0.01542304151052072 -0.01183451598774233 6.096
-0.01562753352898411 0.01181668304886538 6.096
0.01205466730921646 0.01549215095890662 6.096
-0.002723041510520693 -0.02068355375265902 6.096
-0.001224947746627849 -0.01458136486271215 6.096
0.004619894827383592 -0.01306483022225195 6.096
0.0005284991699501314 -0.008173694111166172 6.096
0.006729167628473222 -0.006775988192834512 6.096
0.002592866524631163 -0.001865680056014945 6.096
-0.003869639940527329 -0.00317626939923432 6.096
-0.00174284338303557 0.003110739482511285 6.096
0.004760437456902035 0.004402817887278936 6.096
-0.008077304027606232 0.001856792225419572 6.096
-0.005909094355286932 0.007677162545492834 6.096
-0.01094103193637854 -0.004516365461924876 6.096
-0.005515969405595036 -0.009590925968539802 6.096
0.008896744716223275 -0.0007218266958753609 6.096
0.01198680772857525 0.00510860085514133 6.096
0.007019866879992308 0.01084212819494964 6.096
0.0004849074846383538 0.009161670938860861 6.096
0.01342560761783171 -0.006248187149942018 6.096
0.001797886646237604 0.01540568933607198 6.096
-0.01205417529171246 0.006596294495902838 6.096
-0.01458738376465312 0.001210480731089299 6.096
-0.01690532261825451 -0.008534528534162944 6.096
-0.0183069536160707 0.006792898017983277 6.096
0.008264314360235218 -0.0177717456579798 6.096
-0.004122524014134609 0.01343817644736376 6.096
-0.008220819460965615 0.01785250327122887 6.096
0.007093732307850073 0.0181803794957904 6.096
-0.007000722144450862 -0.01677221872011136 6.096
0.01455326393222326 -0.0006614329426309643 6.096
0.01755946385566968 0.008501122592816374 6.096
0.01939229132924161 -0.003291227901497807 6.096
0.01013940842798324 -0.01170896309636133 6.096
-0.009940939378003196 0.01207465845862463 6.096
0.002537155785739172 0.020630869006729 6.096
-0.0111700322801807 -0.01063348971116316 6.096
0.01302100660225702 -0.01630849841599819 6.096
-0.0129965965227695 0.01633382408318086 6.096
0.01260169426299635 0.01054631028736948 6.096
0.01641389238541567 0.01313836894722846 6.096
0.01905826671666256 -0.008458547289432433 6.096
-0.02068940272185934 0.002123258593040368 6.096
-0.0161317506089737 -0.01334845110438626 6.096

CELLS 2294 10964
1 0
1 1
2 0 2
2 2 3
2 3 4
2 4 5
2 5 6
2 6 7
2 7 8
2 8 9
2 9 10
2 10 11
2 11 12
2 12 13
2 13 14
2 14 15
2 15 16
2 16 17
2 17 18
2 18 19
2 19 20
2 20 21
2 21 22
2 22 23
2 23 24
2 24 0
2 0 25
2 25 26
2 26 27
2 27 28
2 28 29
2 29 30
2 30 31
2 31 32
2 32 33
2 33 34
2 34 35
2 35 36
2 36 37
2 37 38
2 38 39
2 39 40
2 40 41
2 41 42
2 42 43
2 43 44
2 44 45
2 45 46
2 46 47
2 47 48
2 48 49
2 49 50
2 50 51
2 51 52
2 52 53
2 53 54
2 54 55
2 55 56
2 56 57
2 57 58
2 58 59
2 59 60
2 60 61
2 61 62
2 62 63
2 63 64
2 64 65
2 65 66
2 66 67
2 67 68
2 68 69
2 69 70
2 70 71
2 71 72
2 72 73
2 73 74
2 74 75
2 75 76
2 76 77
2 77 78
2 78 79
2 79 80
2 80 81
2 81 82
2 82 83
2 83 84
2 84 85
2 85 86
2 86 87
2 87 88
2 88 89
2 89 90
2 90 91
2 91 92
2 92 93
2 93 94
2 94 95
2 95 96
2 96 97
2 97 98
2 98 99
2 99 100
2 100 101
2 101 102
2 102 103
2 103 1
2 1 104
2 104 105
2 105 106
2 106 107
2 107 108
2 108 109
2 109 110
2 110 111
2 111 112
2 112 113
2 113 114
2 114 115
2 115 116
2 116 117
2 117 118
2 118 119
2 119 120
2 120 121
2 121 122
2 122 123
2 123 124
2 124 125
2 125 126
2 126 1
3 129 156 146
3 146 155 129
3 14 156 129
3 15 156 14
3 18 162 17
3 130 164 149
3 149 163 130
3 11 157 133
3 134 161 150
3 150 161 153
3 17 162 131
3 12 157 11
3 2 164 130
3 3 164 2
3 147 169 162
3 130 165 0
3 162 169 131
3 135 162 18
3 0 165 24
3 8 160 128
3 9 160 8
3 146 147 141
3 141 147 138
3 142 151 145
3 148 149 143
3 143 151 142
3 140 148 143
3 149 150 143
3 150 151 143
3 14 129 13
3 8 128 7
3 17 131 16
3 23 132 22
3 2 130 0
3 20 127 19
3 5 134 4
3 11 133 10
3 142 145 144
3 144 146 141
3 142 144 141
3 140 143 142
3 140 142 141
3 140 141 138
3 139 148 140
3 139 140 138
3 137 139 138
3 138 147 136
3 137 138 136
3 139 152 148
3 147 162 136
3 127 137 136
3 21 158 20
3 20 158 127
3 150 153 151
3 144 155 146
3 133 157 154
3 148 163 149
3 160 167 159
3 153 159 151
3 128 159 153
3 145 154 144
3 152 166 132
3 139 166 152
3 156 169 146
3 5 161 134
3 6 161 5
3 154 157 155
3 15 176 156
3 127 158 137
3 151 159 145
3 158 166 137
3 132 174 152
3 157 175 155
3 154 155 144
3 127 136 135
3 155 175 129
3 128 160 159
3 158 170 166
3 163 165 130
3 159 167 145
3 146 169 147
3 150 172 134
3 19 135 18
3 127 135 19
3 137 166 139
3 7 168 6
3 152 163 148
3 22 170 21
3 152 174 165
3 10 171 9
3 24 174 23
3 16 176 15
3 13 175 12
3 4 173 3
3 149 172 150
3 128 168 7
3 136 162 135
3 132 170 22
3 152 165 163
3 133 171 10
3 3 173 164
3 134 173 4
3 153 168 128
3 23 174 132
3 129 175 13
3 131 176 16
3 12 175 157
3 160 171 167
3 9 171 160
3 164 172 149
3 145 167 154
3 154 167 133
3 21 170 158
3 165 174 24
3 6 168 161
3 166 170 132
3 161 168 153
3 169 176 131
3 156 176 169
3 167 171 133
3 172 173 134
3 164 173 172
4 0 2 177 25
4 25 177 178 26
4 26 178 179 27
4 27 179 180 28
4 28 180 181 29
4 29 181 182 30
4 30 182 183 31
4 31 183 184 32
4 32 184 185 33
4 33 185 186 34
4 34 186 187 35
4 35 187 188 36
4 36 188 189 37
4 37 189 190 38
4 38 190 191 39
4 39 191 192 40
4 40 192 193 41
4 41 193 194 42
4 42 194 195 43
4 43 195 196 44
4 44 196 197 45
4 45 197 198 46
4 46 198 199 47
4 47 199 200 48
4 48 200 201 49
4 49 201 202 50
4 50 202 203 51
4 51 203 204 52
4 52 204 205 53
4 53 205 206 54
4 54 206 207 55
4 55 207 208 56
4 56 208 209 57
4 57 209 210 58
4 58 210 211 59
4 59 211 212 60
4 60 212 213 61
4 61 213 214 62
4 62 214 215 63
4 63 215 216 64
4 64 216 217 65
4 65 217 218 66
4 66 218 219 67
4 67 219 220 68
4 68 220 221 69
4 69 221 222 70
4 70 222 223 71
4 71 223 224 72
4 72 224 225 73
4 73 225 226 74
4 74 226 227 75
4 75 227 228 76
4 76 228 229 77
4 77 229 230 78
4 78 230 231 79
4 79 231 232 80
4 80 232 233 81
4 81 233 234 82
4 82 234 235 83
4 83 235 236 84
4 84 236 237 85
4 85 237 238 86
4 86 238 239 87
4 87 239 240 88
4 88 240 241 89
4 89 241 242 90
4 90 242 243 91
4 91 243 244 92
4 92 244 245 93
4 93 245 246 94
4 94 246 247 95
4 95 247 248 96
4 96 248 249 97
4 97 249 250 98
4 98 250 251 99
4 99 251 252 100
4 100 252 253 101
4 101 253 254 102
4 102 254 255 103
4 103 255 104 1
4 2 3 256 177
4 177 256 257 178
4 178 257 258 179
4 179 258 259 180
4 180 259 260 181
4 181 260 261 182
4 182 261 262 183
4 183 262 263 184
4 184 263 264 185
4 185 264 265 186
4 186 265 266 187
4 187 266 267 188
4 188 267 268 189
4 189 268 269 190
4 190 269 270 191
4 191 270 271 192
4 192 271 272 193
4 193 272 273 194
4 194 273 274 195
4 195 274 275 196
4 196 275 276 197
4 197 276 277 198
4 198 277 278 199
4 199 278 279 200
4 200 279 280 201
4 201 280 281 202
4 202 281 282 203
4 203 282 283 204
4 204 283 284 205
4 205 284 285 206
4 206 285 286 207
4 207 286 287 208
4 208 287 288 209
4 209 288 289 210
4 210 289 290 211
4 211 290 291 212
4 212 291 292 213
4 213 292 293 214
4 214 293 294 215
4 215 294 295 216
4 216 295 296 217
4 217 296 297 218
4 218 297 298 219
4 219 298 299 220
4 220 299 300 221
4 221 300 301 222
4 222 301 302 223
4 223 302 303 224
4 224 303 304 225
4 225 304 305 226
4 226 305 306 227
4 227 306 307 228
4 228 307 308 229
4 229 308 309 230
4 230 309 310 231
4 231 310 311 232
4 232 311 312 233
4 233 312 313 234
4 234 313 314 235
4 235 314 315 236
4 236 315 316 237
4 237 316 317 238
4 238 317 318 239
4 239 318 319 240
4 240 319 320 241
4 241 320 321 242
4 242 321 322 243
4 243 322 323 244
4 244 323 324 245
4 245 324 325 246
4 246 325 326 247
4 247 326 327 248
4 248 327 328 249
4 249 328 329 250
4 250 329 330 251
4 251 330 331 252
4 252 331 332 253
4 253 332 333 254
4 254 333 334 255
4 255 334 105 104
4 3 4 335 256
4 256 335 336 257
4 257 336 337 258
4 258 337 338 259
4 259 338 339 260
4 260 339 340 261
4 261 340 341 262
4 262 341 342 263
4 263 342 343 264
4 264 343 344 265
4 265 344 345 266
4 266 345 346 267
4 267 346 347 268
4 268 347 348 269
4 269 348 349 270
4 270 349 350 271
4 271 350 351 272
4 272 351 352 273
4 273 352 353 274
4 274 353 354 275
4 275 354 355 276
4 276 355 356 277
4 277 356 357 278
4 278 357 358 279
4 279 358 359 280
4 280 359 360 281
4 281 360 361 282
4 282 361 362 283
4 283 362 363 284
4 284 363 364 285
4 285 364 365 286
4 286 365 366 287
4 287 366 367 288
4 288 367 368 289
4 289 368 369 290
4 290 369 370 291
4 291 370 371 292
4 292 371 372 293
4 293 372 373 294
4 294 373 374 295
4 295 374 375 296
4 296 375 376 297
4 297 376 377 298
4 298 377 378 299
4 299 378 379 300
4 300 379 380 301
4 301 380 381 302
4 302 381 382 303
4 303 382 383 304
4 304 383 384 305
4 305 384 385 306
4 306 385 386 307
4 307 386 387 308
4 308 387 388 309
4 309 388 389 310
4 310 389 390 311
4 311 390 391 312
4 312 391 392 313
4 313 392 393 314
4 314 393 394 315
4 315 394 395 316
4 316 395 396 317
4 317 396 397 318
4 318 397 398 319
4 319 398 399 320
4 320 399 400 321
4 321 400 401 322
4 322 401 402 323
4 323 402 403 324
4 324 403 404 325
4 325 404 405 326
4 326 405 406 327
4 327 406 407 328
4 328 407 408 329
4 329 408 409 330
4 330 409 410 331
4 331 410 411 332
4 332 411 412 333
4 333 412 413 334
4 334 413 106 105
4 4 5 414 335
4 335 414 415 336
4 336 415 416 337
4 337 416 417 338
4 338 417 418 339
4 339 418 419 340
4 340 419 420 341
4 341 420 421 342
4 342 421 422 343
4 343 422 423 344
4 344 423 424 345
4 345 424 425 346
4 346 425 426 347
4 347 426 427 348
4 348 427 428 349
4 349 428 429 350
4 350 429 430 351
4 351 430 431 352
4 352 431 432 353
4 353 432 433 354
4 354 433 434 355
4 355 434 435 356
4 356 435 436 357
4 357 436 437 358
4 358 437 438 359
4 359 438 439 360
4 360 439 440 361
4 361 440 441 362
4 362 441 442 363
4 363 442 443 364
4 364 443 444 365
4 365 444 445 366
4 366 445 446 367
4 367 446 447 368
4 368 447 448 369
4 369 448 449 370
4 370 449 450 371
4 371 450 451 372
4 372 451 452 373
4 373 452 453 374
4 374 453 454 375
4 375 454 455 376
4 376 455 456 377
4 377 456 457 378
4 378 457 458 379
4 379 458 459 380
4 380 459 460 381
4 381 460 461 382
4 382 461 462 383
4 383 462 463 384
4 384 463 464 385
4 385 464 465 386
4 386 465 466 387
4 387 466 467 388
4 388 467 468 389
4 389 468 469 390
4 390 469 470 391
4 391 470 471 392
4 392 471 472 393
4 393 472 473 394
4 394 473 474 395
4 395 474 475 396
4 396 475 476 397
4 397 476 477 398
4 398 477 478 399
4 399 478 479 400
4 400 479 480 401
4 401 480 481 402
4 402 481 482 403
4 403 482 483 404
4 404 483 484 405
4 405 484 485 406
4 406 485 486 407
4 407 486 487 408
4 408 487 488 409
4 409 488 489 410
4 410 489 490 411
4 411 490 491 412
4 412 491 492 413
4 413 492 107 106
4 5 6 493 414
4 414 493 494 415
4 415 494 495 416
4 416 495 496 417
4 417 496 497 418
4 418 497 498 419
4 419 498 499 420
4 420 499 500 421
4 421 500 501 422
4 422 501 502 423
4 423 502 503 424
4 424 503 504 425
4 425 504 505 426
4 426 505 506 427
4 427 506 507 428
4 428 507 508 429
4 429 508 509 430
4 430 509 510 431
4 431 510 511 432
4 432 511 512 433
4 433 512 513 434
4 434 513 514 435
4 435 514 515 436
4 436 515 516 437
4 437 516 517 438
4 438 517 518 439
4 439 518 519 440
4 440 519 520 441
4 441 520 521 442
4 442 521 522 443
4 443 522 523 444
4 444 523 524 445
4 445 524 525 446
4 446 525 526 447
4 447 526 527 448
4 448 527 528 449
4 449 528 529 450
4 450 529 530 451
4 451 530 531 452
4 452 531 532 453
4 453 532 533 454
4 454 533 534 455
4 455 534 535 456
4 456 535 536 457
4 457 536 537 458
4 458 537 538 459
4 459 538 539 460
4 460 539 540 461
4 461 540 541 462
4 462 541 542 463
4 463 542 543 464
4 464 543 544 465
4 465 544 545 466
4 466 545 546 467
4 467 546 547 468
4 468 547 548 469
4 469 548 549 470
4 470 549 550 471
4 471 550 551 472
4 472 551 552 473
4 473 552 553 474
4 474 553 554 475
4 475 554 555 476
4 476 555 556 477
4 477 556 557 478
4 478 557 558 479
4 479 558 559 480
4 480 559 560 481
4 481 560 561 482
4 482 561 562 483
4 483 562 563 484
4 484 563 564 485
4 485 564 565 486
4 486 565 566 487
4 487 566 567 488
4 488 567 568 489
4 489 568 569 490
4 490 569 570 491
4 491 570 571 492
4 492 571 108 107
4 6 7 572 493
4 493 572 573 494
4 494 573 574 495
4 495 574 575 496
4 496 575 576 497
4 497 576 577 498
4 498 577 578 499
4 499 578 579 500
4 500 579 580 501
4 501 580 581 502
4 502 581 582 503
4 503 582 583 504
4 504 583 584 505
4 505 584 585 506
4 506 585 586 507
4 507 586 587 508
4 508 587 588 509
4 509 588 589 510
4 510 589 590 511
4 511 590 591 512
4 512 591 592 513
4 513 592 593 514
4 514 593 594 515
4 515 594 595 516
4 516 595 596 517
4 517 596 597 518
4 518 597 598 519
4 519 598 599 520
4 520 599 600 521
4 521 600 601 522
4 522 601 602 523
4 523 602 603 524
4 524 603 604 525
4 525 604 605 526
4 526 605 606 527
4 527 606 607 528
4 528 607 608 529
4 529 608 609 530
4 530 609 610 531
4 531 610 611 532
4 532 611 612 533
4 533 612 613 534
4 534 613 614 535
4 535 614 615 536
4 536 615 616 537
4 537 616 617 538
4 538 617 618 539
4 539 618 619 540
4 540 619 620 541
4 541 620 621 542
4 542 621 622 543
4 543 622 623 544
4 544 623 624 545
4 545 624 625 546
4 546 625 626 547
4 547 626 627 548
4 548 627 628 549
4 549 628 629 550
4 550 629 630 551
4 551 630 631 552
4 552 631 632 553
4 553 632 633 554
4 554 633 634 555
4 555 634 635 556
4 556 635 636 557
4 557 636 637 558
4 558 637 638 559
4 559 638 639 560
4 560 639 640 561
4 561 640 641 562
4 562 641 642 563
4 563 642 643 564
4 564 643 644 565
4 565 644 645 566
4 566 645 646 567
4 567 646 647 568
4 568 647 648 569
4 569 648 649 570
4 570 649 650 571
4 571 650 109 108
4 7 8 651 572
4 572 651 652 573
4 573 652 653 574
4 574 653 654 575
4 575 654 655 576
4 576 655 656 577
4 577 656 657 578
4 578 657 658 579
4 579 658 659 580
4 580 659 660 581
4 581 660 661 582
4 582 661 662 583
4 583 662 663 584
4 584 663 664 585
4 585 664 665 586
4 586 665 666 587
4 587 666 667 588
4 588 667 668 589
4 589 668 669 590
4 590 669 670 591
4 591 670 671 592
4 592 671 672 593
4 593 672 673 594
4 594 673 674 595
4 595 674 675 596
4 596 675 676 597
4 597 676 677 598
4 598 677 678 599
4 599 678 679 600
4 600 679 680 601
4 601 680 681 602
4 602 681 682 603
4 603 682 683 604
4 604 683 684 605
4 605 684 685 606
4 606 685 686 607
4 607 686 687 608
4 608 687 688 609
4 609 688 689 610
4 610 689 690 611
4 611 690 691 612
4 612 691 692 613
4 613 692 693 614
4 614 693 694 615
4 615 694 695 616
4 616 695 696 617
4 617 696 697 618
4 618 697 698 619
4 619 698 699 620
4 620 699 700 621
4 621 700 701 622
4 622 701 702 623
4 623 702 703 624
4 624 703 704 625
4 625 704 705 626
4 626 705 706 627
4 627 706 707 628
4 628 707 708 629
4 629 708 709 630
4 630 709 710 631
4 631 710 711 632
4 632 711 712 633
4 633 712 713 634
4 634 713 714 635
4 635 714 715 636
4 636 715 716 637
4 637 716 717 638
4 638 717 718 639
4 639 718 719 640
4 640 719 720 641
4 641 720 721 642
4 642 721 722 643
4 643 722 723 644
4 644 723 724 645
4 645 724 725 646
4 646 725 726 647
4 647 726 727 648
4 648 727 728 649
4 649 728 729 650
4 650 729 110 109
4 8 9 730 651
4 651 730 731 652
4 652 731 732 653
4 653 732 733 654
4 654 733 734 655
4 655 734 735 656
4 656 735 736 657
4 657 736 737 658
4 658 737 738 659
4 659 738 739 660
4 660 739 740 661
4 661 740 741 662
4 662 741 742 663
4 663 742 743 664
4 664 743 744 665
4 665 744 745 666
4 666 745 746 667
4 667 746 747 668
4 668 747 748 669
4 669 748 749 670
4 670 749 750 671
4 671 750 751 672
4 672 751 752 673
4 673 752 753 674
4 674 753 754 675
4 675 754 755 676
4 676 755 756 677
4 677 756 757 678
4 678 757 758 679
4 679 758 759 680
4 680 759 760 681
4 681 760 761 682
4 682 761 762 683
4 683 762 763 684
4 684 763 764 685
4 685 764 765 686
4 686 765 766 687
4 687 766 767 688
4 688 767 768 689
4 689 768 769 690
4 690 769 770 691
4 691 770 771 692
4 692 771 772 693
4 693 772 773 694
4 694 773 774 695
4 695 774 775 696
4 696 775 776 697
4 697 776 777 698
4 698 777 778 699
4 699 778 779 700
4 700 779 780 701
4 701 780 781 702
4 702 781 782 703
4 703 782 783 704
4 704 783 784 705
4 705 784 785 706
4 706 785 786 707
4 707 786 787 708
4 708 787 788 709
4 709 788 789 710
4 710 789 790 711
4 711 790 791 712
4 712 791 792 713
4 713 792 793 714
4 714 793 794 715
4 715 794 795 716
4 716 795 796 717
4 717 796 797 718
4 718 797 798 719
4 719 798 799 720
4 720 799 800 721
4 721 800 801 722
4 722 801 802 723
4 723 802 803 724
4 724 803 804 725
4 725 804 805 726
4 726 805 806 727
4 727 806 807 728
4 728 807 808 729
4 729 808 111 110
4 9 10 809 730
4 730 809 810 731
4 731 810 811 732
4 732 811 812 733
4 733 812 813 734
4 734 813 814 735
4 735 814 815 736
4 736 815 816 737
4 737 816 817 738
4 738 817 818 739
4 739 818 819 740
4 740 819 820 741
4 741 820 821 742
4 742 821 822 743
4 743 822 823 744
4 744 823 824 745
4 745 824 825 746
4 746 825 826 747
4 747 826 827 748
4 748 827 828 749
4 749 828 829 750
4 750 829 830 751
4 751 830 831 752
4 752 831 832 753
4 753 832 833 754
4 754 833 834 755
4 755 834 835 756
4 756 835 836 757
4 757 836 837 758
4 758 837 838 759
4 759 838 839 760
4 760 839 840 761
4 761 840 841 762
4 762 841 842 763
4 763 842 843 764
4 764 843 844 765
4 765 844 845 766
4 766 845 846 767
4 767 846 847 768
4 768 847 848 769
4 769 848 849 770
4 770 849 850 771
4 771 850 851 772
4 772 851 852 773
4 773 852 853 774
4 774 853 854 775
4 775 854 855 776
4 776 855 856 777
4 777 856 857 778
4 778 857 858 779
4 779 858 859 780
4 780 859 860 781
4 781 860 861 782
4 782 861 862 783
4 783 862 863 784
4 784 863 864 785
4 785 864 865 786
4 786 865 866 787
4 787 866 867 788
4 788 867 868 789
4 789 868 869 790
4 790 869 870 791
4 791 870 871 792
4 792 871 872 793
4 793 872 873 794
4 794 873 874 795
4 795 874 875 796
4 796 875 876 797
4 797 876 877 798
4 798 877 878 799
4 799 878 879 800
4 800 879 880 801
4 801 880 881 802
4 802 881 882 803
4 803 882 883 804
4 804 883 884 805
4 805 884 885 806
4 806 885 886 807
4 807 886 887 808
4 808 887 112 111
4 10 11 888 809
4 809 888 889 810
4 810 889 890 811
4 811 890 891 812
4 812 891 892 813
4 813 892 893 814
4 814 893 894 815
4 815 894 895 816
4 816 895 896 817
4 817 896 897 818
4 818 897 898 819
4 819 898 899 820
4 820 899 900 821
4 821 900 901 822
4 822 901 902 823
4 823 902 903 824
4 824 903 904 825
4 825 904 905 826
4 826 905 906 827
4 827 906 907 828
4 828 907 908 829
4 829 908 909 830
4 830 909 910 831
4 831 910 911 832
4 832 911 912 833
4 833 912 913 834
4 834 913 914 835
4 835 914 915 836
4 836 915 916 837
4 837 916 917 838
4 838 917 918 839
4 839 918 919 840
4 840 919 920 841
4 841 920 921 842
4 842 921 922 843
4 843 922 923 844
4 844 923 924 845
4 845 924 925 846
4 846 925 926 847
4 847 926 927 848
4 848 927 928 849
4 849 928 929 850
4 850 929 930 851
4 851 930 931 852
4 852 931 932 853
4 853 932 933 854
4 854 933 934 855
4 855 934 935 856
4 856 935 936 857
4 857 936 937 858
4 858 937 938 859
4 859 938 939 860
4 860 939 940 861
4 861 940 941 862
4 862 941 942 863
4 863 942 943 864
4 864 943 944 865
4 865 944 945 866
4 866 945 946 867
4 867 946 947 868
4 868 947 948 869
4 869 948 949 870
4 870 949 950 871
4 871 950 951 872
4 872 951 952 873
4 873 952 953 874
4 874 953 954 875
4 875 954 955 876
4 876 955 956 877
4 877 956 957 878
4 878 957 958 879
4 879 958 959 880
4 880 959 960 881
4 881 960 961 882
4 882 961 962 883
4 883 962 963 884
4 884 963 964 885
4 885 964 965 886
4 886 965 966 887
4 887 966 113 112
4 11 12 967 888
4 888 967 968 889
4 889 968 969 890
4 890 969 970 891
4 891 970 971 892
4 892 971 972 893
4 893 972 973 894
4 894 973 974 895
4 895 974 975 896
4 896 975 976 897
4 897 976 977 898
4 898 977 978 899
4 899 978 979 900
4 900 979 980 901
4 901 980 981 902
4 902 981 982 903
4 903 982 983 904
4 904 983 984 905
4 905 984 985 906
4 906 985 986 907
4 907 986 987 908
4 908 987 988 909
4 909 988 989 910
4 910 989 990 911
4 911 990 991 912
4 912 991 992 913
4 913 992 993 914
4 914 993 994 915
4 915 994 995 916
4 916 995 996 917
4 917 996 997 918
4 918 997 998 919
4 919 998 999 920
4 920 999 1000 921
4 921 1000 1001 922
4 922 1001 1002 923
4 923 1002 1003 924
4 924 1003 1004 925
4 925 1004 1005 926
4 926 1005 1006 927
4 927 1006 1007 928
4 928 1007 1008 929
4 929 1008 1009 930
4 930 1009 1010 931
4 931 1010 1011 932
4 932 1011 1012 933
4 933 1012 1013 934
4 934 1013 1014 935
4 935 1014 1015 936
4 936 1015 1016 937
4 937 1016 1017 938
4 938 1017 1018 939
4 939 1018 1019 940
4 940 1019 1020 941
4 941 1020 1021 942
4 942 1021 1022 943
4 943 1022 1023 944
4 944 1023 1024 945
4 945 1024 1025 946
4 946 1025 1026 947
4 947 1026 1027 948
4 948 1027 1028 949
4 949 1028 1029 950
4 950 1029 1030 951
4 951 1030 1031 952
4 952 1031 1032 953
4 953 1032 1033 954
4 954 1033 1034 955
4 955 1034 1035 956
4 956 1035 1036 957
4 957 1036 1037 958
4 958 1037 1038 959
4 959 1038 1039 960
4 960 1039 1040 961
4 961 1040 1041 962
4 962 1041 1042 963
4 963 1042 1043 964
4 964 1043 1044 965
4 965 1044 1045 966
4 966 1045 114 113
4 12 13 1046 967
4 967 1046 1047 968
4 968 1047 1048 969
4 969 1048 1049 970
4 970 1049 1050 971
4 971 1050 1051 972
4 972 1051 1052 973
4 973 1052 1053 974
4 974 1053 1054 975
4 975 1054 1055 976
4 976 1055 1056 977
4 977 1056 1057 978
4 978 1057 1058 979
4 979 1058 1059 980
4 980 1059 1060 981
4 981 1060 1061 982
4 982 1061 1062 983
4 983 1062 1063 984
4 984 1063 1064 985
4 985 1064 1065 986
4 986 1065 1066 987
4 987 1066 1067 988
4 988 1067 1068 989
4 989 1068 1069 990
4 990 1069 1070 991
4 991 1070 1071 992
4 992 1071 1072 993
4 993 1072 1073 994
4 994 1073 1074 995
4 995 1074 1075 996
4 996 1075 1076 997
4 997 1076 1077 998
4 998 1077 1078 999
4 999 1078 1079 1000
4 1000 1079 1080 1001
4 1001 1080 1081 1002
4 1002 1081 1082 1003
4 1003 1082 1083 1004
4 1004 1083 1084 1005
4 1005 1084 1085 1006
4 1006 1085 1086 1007
4 1007 1086 1087 1008
4 1008 1087 1088 1009
4 1009 1088 1089 1010
4 1010 1089 1090 1011
4 1011 1090 1091 1012
4 1012 1091 1092 1013
4 1013 1092 1093 1014
4 1014 1093 1094 1015
4 1015 1094 1095 1016
4 1016 1095 1096 1017
4 1017 1096 1097 1018
4 1018 1097 1098 1019
4 1019 1098 1099 1020
4 1020 1099 1100 1021
4 1021 1100 1101 1022
4 1022 1101 1102 1023
4 1023 1102 1103 1024
4 1024 1103 1104 1025
4 1025 1104 1105 1026
4 1026 1105 1106 1027
4 1027 1106 1107 1028
4 1028 1107 1108 1029
4 1029 1108 1109 1030
4 1030 1109 1110 1031
4 1031 1110 1111 1032
4 1032 1111 1112 1033
4 1033 1112 1113 1034
4 1034 1113 1114 1035
4 1035 1114 1115 1036
4 1036 1115 1116 1037
4 1037 1116 1117 1038
4 1038 1117 1118 1039
4 1039 1118 1119 1040
4 1040 1119 1120 1041
4 1041 1120 1121 1042
4 1042 1121 1122 1043
4 1043 1122 1123 1044
4 1044 1123 1124 1045
4 1045 1124 115 114
4 13 14 1125 1046
4 1046 1125 1126 1047
4 1047 1126 1127 1048
4 1048 1127 1128 1049
4 1049 1128 1129 1050
4 1050 1129 1130 1051
4 1051 1130 1131 1052
4 1052 1131 1132 1053
4 1053 1132 1133 1054
4 1054 1133 1134 1055
4 1055 1134 1135 1056
4 1056 1135 1136 1057
4 1057 1136 1137 1058
4 1058 1137 1138 1059
4 1059 1138 1139 1060
4 1060 1139 1140 1061
4 1061 1140 1141 1062
4 1062 1141 1142 1063
4 1063 1142 1143 1064
4 1064 1143 1144 1065
4 1065 1144 1145 1066
4 1066 1145 1146 1067
4 1067 1146 1147 1068
4 1068 1147 1148 1069
4 1069 1148 1149 1070
4 1070 1149 1150 1071
4 1071 1150 1151 1072
4 1072 1151 1152 1073
4 1073 1152 1153 1074
4 1074 1153 1154 1075
4 1075 1154 1155 1076
4 1076 1155 1156 1077
4 1077 1156 1157 1078
4 1078 1157 1158 1079
4 1079 1158 1159 1080
4 1080 1159 1160 1081
4 1081 1160 1161 1082
4 1082 1161 1162 1083
4 1083 1162 1163 1084
4 1084 1163 1164 1085
4 1085 1164 1165 1086
4 1086 1165 1166 1087
4 1087 1166 1167 1088
4 1088 1167 1168 1089
4 1089 1168 1169 1090
4 1090 1169 1170 1091
4 1091 1170 1171 1092
4 1092 1171 1172 1093
4 1093 1172 1173 1094
4 1094 1173 1174 1095
4 1095 1174 1175 1096
4 1096 1175 1176 1097
4 1097 1176 1177 1098
4 1098 1177 1178 1099
4 1099 1178 1179 1100
4 1100 1179 1180 1101
4 1101 1180 1181 1102
4 1102 1181 1182 1103
4 1103 1182 1183 1104
4 1104 1183 1184 1105
4 1105 1184 1185 1106
4 1106 1185 1186 1107
4 1107 1186 1187 1108
4 1108 1187 1188 1109
4 1109 1188 1189 1110
4 1110 1189 1190 1111
4 1111 1190 1191 1112
4 1112 1191 1192 1113
4 1113 1192 1193 1114
4 1114 1193 1194 1115
4 1115 1194 1195 1116
4 1116 1195 1196 1117
4 1117 1196 1197 1118
4 1118 1197 1198 1119
4 1119 1198 1199 1120
4 1120 1199 1200 1121
4 1121 1200 1201 1122
4 1122 1201 1202 1123
4 1123 1202 1203 1124
4 1124 1203 116 115
4 14 15 1204 1125
4 1125 1204 1205 1126
4 1126 1205 1206 1127
4 1127 1206 1207 1128
4 1128 1207 1208 1129
4 1129 1208 1209 1130
4 1130 1209 1210 1131
4 1131 1210 1211 1132
4 1132 1211 1212 1133
4 1133 1212 1213 1134
4 1134 1213 1214 1135
4 1135 1214 1215 1136
4 1136 1215 1216 1137
4 1137 1216 1217 1138
4 1138 1217 1218 1139
4 1139 1218 1219 1140
4 1140 1219 1220 1141
4 1141 1220 1221 1142
4 1142 1221 1222 1143
4 1143 1222 1223 1144
4 1144 1223 1224 1145
4 1145 1224 1225 1146
4 1146 1225 1226 1147
4 1147 1226 1227 1148
4 1148 1227 1228 1149
4 1149 1228 1229 1150
4 1150 1229 1230 1151
4 1151 1230 1231 1152
4 1152 1231 1232 1153
4 1153 1232 1233 1154
4 1154 1233 1234 1155
4 1155 1234 1235 1156
4 1156 1235 1236 1157
4 1157 1236 1237 1158
4 1158 1237 1238 1159
4 1159 1238 1239 1160
4 1160 1239 1240 1161
4 1161 1240 1241 1162
4 1162 1241 1242 1163
4 1163 1242 1243 1164
4 1164 1243 1244 1165
4 1165 1244 1245 1166
4 1166 1245 1246 1167
4 1167 1246 1247 1168
4 1168 1247 1248 1169
4 1169 1248 1249 1170
4 1170 1249 1250 1171
4 1171 1250 1251 1172
4 1172 1251 1252 1173
4 1173 1252 1253 1174
4 1174 1253 1254 1175
4 1175 1254 1255 1176
4 1176 1255 1256 1177
4 1177 1256 1257 1178
4 1178 1257 1258 1179
4 1179 1258 1259 1180
4 1180 1259 1260 1181
4 1181 1260 1261 1182
4 1182 1261 1262 1183
4 1183 1262 1263 1184
4 1184 1263 1264 1185
4 1185 1264 1265 1186
4 1186 1265 1266 1187
4 1187 1266 1267 1188
4 1188 1267 1268 1189
4 1189 1268 1269 1190
4 1190 1269 1270 1191
4 1191 1270 1271 1192
4 1192 1271 1272 1193
4 1193 1272 1273 1194
4 1194 1273 1274 1195
4 1195 1274 1275 1196
4 1196 1275 1276 1197
4 1197 1276 1277 1198
4 1198 1277 1278 1199
4 1199 1278 1279 1200
4 1200 1279 1280 1201
4 1201 1280 1281 1202
4 1202 1281 1282 1203
4 1203 1282 117 116
4 15 16 1283 1204
4 1204 1283 1284 1205
4 1205 1284 1285 1206
4 1206 1285 1286 1207
4 1207 1286 1287 1208
4 1208 1287 1288 1209
4 1209 1288 1289 1210
4 1210 1289 1290 1211
4 1211 1290 1291 1212
4 1212 1291 1292 1213
4 1213 1292 1293 1214
4 1214 1293 1294 1215
4 1215 1294 1295 1216
4 1216 1295 1296 1217
4 1217 1296 1297 1218
4 1218 1297 1298 1219
4 1219 1298 1299 1220
4 1220 1299 1300 1221
4 1221 1300 1301 1222
4 1222 1301 1302 1223
4 1223 1302 1303 1224
4 1224 1303 1304 1225
4 1225 1304 1305 1226
4 1226 1305 1306 1227
4 1227 1306 1307 1228
4 1228 1307 1308 1229
4 1229 1308 1309 1230
4 1230 1309 1310 1231
4 1231 1310 1311 1232
4 1232 1311 1312 1233
4 1233 1312 1313 1234
4 1234 1313 1314 1235
4 1235 1314 1315 1236
4 1236 1315 1316 1237
4 1237 1316 1317 1238
4 1238 1317 1318 1239
4 1239 1318 1319 1240
4 1240 1319 1320 1241
4 1241 1320 1321 1242
4 1242 1321 1322 1243
4 1243 1322 1323 1244
4 1244 1323 1324 1245
4 1245 1324 1325 1246
4 1246 1325 1326 1247
4 1247 1326 1327 1248
4 1248 1327 1328 1249
4 1249 1328 1329 1250
4 1250 1329 1330 1251
4 1251 1330 1331 1252
4 1252 1331 1332 1253
4 1253 1332 1333 1254
4 1254 1333 1334 1255
4 1255 1334 1335 1256
4 1256 1335 1336 1257
4 1257 1336 1337 1258
4 1258 1337 1338 1259
4 1259 1338 1339 1260
4 1260 1339 1340 1261
4 1261 1340 1341 1262
4 1262 1341 1342 1263
4 1263 1342 1343 1264
4 1264 1343 1344 1265
4 1265 1344 1345 1266
4 1266 1345 1346 1267
4 1267 1346 1347 1268
4 1268 1347 1348 1269
4 1269 1348 1349 1270
4 1270 1349 1350 1271
4 1271 1350 1351 1272
4 1272 1351 1352 1273
4 1273 1352 1353 1274
4 1274 1353 1354 1275
4 1275 1354 1355 1276
4 1276 1355 1356 1277
4 1277 1356 1357 1278
4 1278 1357 1358 1279
4 1279 1358 1359 1280
4 1280 1359 1360 1281
4 1281 1360 1361 1282
4 1282 1361 118 117
4 16 17 1362 1283
4 1283 1362 1363 1284
4 1284 1363 1364 1285
4 1285 1364 1365 1286
4 1286 1365 1366 1287
4 1287 1366 1367 1288
4 1288 1367 1368 1289
4 1289 1368 1369 1290
4 1290 1369 1370 1291
4 1291 1370 1371 1292
4 1292 1371 1372 1293
4 1293 1372 1373 1294
4 1294 1373 1374 1295
4 1295 1374 1375 1296
4 1296 1375 1376 1297
4 1297 1376 1377 1298
4 1298 1377 1378 1299
4 1299 1378 1379 1300
4 1300 1379 1380 1301
4 1301 1380 1381 1302
4 1302 1381 1382 1303
4 1303 1382 1383 1304
4 1304 1383 1384 1305
4 1305 1384 1385 1306
4 1306 1385 1386 1307
4 1307 1386 1387 1308
4 1308 1387 1388 1309
4 1309 1388 1389 1310
4 1310 1389 1390 1311
4 1311 1390 1391 1312
4 1312 1391 1392 1313
4 1313 1392 1393 1314
4 1314 1393 1394 1315
4 1315 1394 1395 1316
4 1316 1395 1396 1317
4 1317 1396 1397 1318
4 1318 1397 1398 1319
4 1319 1398 1399 1320
4 1320 1399 1400 1321
4 1321 1400 1401 1322
4 1322 1401 1402 1323
4 1323 1402 1403 1324
4 1324 1403 1404 1325
4 1325 1404 1405 1326
4 1326 1405 1406 1327
4 1327 1406 1407 1328
4 1328 1407 1408 1329
4 1329 1408 1409 1330
4 1330 1409 1410 1331
4 1331 1410 1411 1332
4 1332 1411 1412 1333
4 1333 1412 1413 1334
4 1334 1413 1414 1335
4 1335 1414 1415 1336
4 1336 1415 1416 1337
4 1337 1416 1417 1338
4 1338 1417 1418 1339
4 1339 1418 1419 1340
4 1340 1419 1420 1341
4 1341 1420 1421 1342
4 1342 1421 1422 1343
4 1343 1422 1423 1344
4 1344 1423 1424 1345
4 1345 1424 1425 1346
4 1346 1425 1426 1347
4 1347 1426 1427 1348
4 1348 1427 1428 1349
4 1349 1428 1429 1350
4 1350 1429 1430 1351
4 1351 1430 1431 1352
4 1352 1431 1432 1353
4 1353 1432 1433 1354
4 1354 1433 1434 1355
4 1355 1434 1435 1356
4 1356 1435 1436 1357
4 1357 1436 1437 1358
4 1358 1437 1438 1359
4 1359 1438 1439 1360
4 1360 1439 1440 1361
4 1361 1440 119 118
4 17 18 1441 1362
4 1362 1441 1442 1363
4 1363 1442 1443 1364
4 1364 1443 1444 1365
4 1365 1444 1445 1366
4 1366 1445 1446 1367
4 1367 1446 1447 1368
4 1368 1447 1448 1369
4 1369 1448 1449 1370
4 1370 1449 1450 1371
4 1371 1450 1451 1372
4 1372 1451 1452 1373
4 1373 1452 1453 1374
4 1374 1453 1454 1375
4 1375 1454 1455 1376
4 1376 1455 1456 1377
4 1377 1456 1457 1378
4 1378 1457 1458 1379
4 1379 1458 1459 1380
4 1380 1459 1460 1381
4 1381 1460 1461 1382
4 1382 1461 1462 1383
4 1383 1462 1463 1384
4 1384 1463 1464 1385
4 1385 1464 1465 1386
4 1386 1465 1466 1387
4 1387 1466 1467 1388
4 1388 1467 1468 1389
4 1389 1468 1469 1390
4 1390 1469 1470 1391
4 1391 1470 1471 1392
4 1392 1471 1472 1393
4 1393 1472 1473 1394
4 1394 1473 1474 1395
4 1395 1474 1475 1396
4 1396 1475 1476 1397
4 1397 1476 1477 1398
4 1398 1477 1478 1399
4 1399 1478 1479 1400
4 1400 1479 1480 1401
4 1401 1480 1481 1402
4 1402 1481 1482 1403
4 1403 1482 1483 1404
4 1404 1483 1484 1405
4 1405 1484 1485 1406
4 1406 1485 1486 1407
4 1407 1486 1487 1408
4 1408 1487 1488 1409
4 1409 1488 1489 1410
4 1410 1489 1490 1411
4 1411 1490 1491 1412
4 1412 1491 1492 1413
4 1413 1492 1493 1414
4 1414 1493 1494 1415
4 1415 1494 1495 1416
4 1416 1495 1496 1417
4 1417 1496 1497 1418
4 1418 1497 1498 1419
4 1419 1498 1499 1420
4 1420 1499 1500 1421
4 1421 1500 1501 1422
4 1422 1501 1502 1423
4 1423 1502 1503 1424
4 1424 1503 1504 1425
4 1425 1504 1505 1426
4 1426 1505 1506 1427
4 1427 1506 1507 1428
4 1428 1507 1508 1429
4 1429 1508 1509 1430
4 1430 1509 1510 1431
4 1431 1510 1511 1432
4 1432 1511 1512 1433
4 1433 1512 1513 1434
4 1434 1513 1514 1435
4 1435 1514 1515 1436
4 1436 1515 1516 1437
4 1437 1516 1517 1438
4 1438 1517 1518 1439
4 1439 1518 1519 1440
4 1440 1519 120 119
4 18 19 1520 1441
4 1441 1520 1521 1442
4 1442 1521 1522 1443
4 1443 1522 1523 1444
4 1444 1523 1524 1445
4 1445 1524 1525 1446
4 1446 1525 1526 1447
4 1447 1526 1527 1448
4 1448 1527 1528 1449
4 1449 1528 1529 1450
4 1450 1529 1530 1451
4 1451 1530 1531 1452
4 1452 1531 1532 1453
4 1453 1532 1533 1454
4 1454 1533 1534 1455
4 1455 1534 1535 1456
4 1456 1535 1536 1457
4 1457 1536 1537 1458
4 1458 1537 1538 1459
4 1459 1538 1539 1460
4 1460 1539 1540 1461
4 1461 1540 1541 1462
4 1462 1541 1542 1463
4 1463 1542 1543 1464
4 1464 1543 1544 1465
4 1465 1544 1545 1466
4 1466 1545 1546 1467
4 1467 1546 1547 1468
4 1468 1547 1548 1469
4 1469 1548 1549 1470
4 1470 1549 1550 1471
4 1471 1550 1551 1472
4 1472 1551 1552 1473
4 1473 1552 1553 1474
4 1474 1553 1554 1475
4 1475 1554 1555 1476
4 1476 1555 1556 1477
4 1477 1556 1557 1478
4 1478 1557 1558 1479
4 1479 1558 1559 1480
4 1480 1559 1560 1481
4 1481 1560 1561 1482
4 1482 1561 1562 1483
4 1483 1562 1563 1484
4 1484 1563 1564 1485
4 1485 1564 1565 1486
4 1486 1565 1566 1487
4 1487 1566 1567 1488
4 1488 1567 1568 1489
4 1489 1568 1569 1490
4 1490 1569 1570 1491
4 1491 1570 1571 1492
4 1492 1571 1572 1493
4 1493 1572 1573 1494
4 1494 1573 1574 1495
4 1495 1574 1575 1496
4 1496 1575 1576 1497
4 1497 1576 1577 1498
4 1498 1577 1578 1499
4 1499 1578 1579 1500
4 1500 1579 1580 1501
4 1501 1580 1581 1502
4 1502 1581 1582 1503
4 1503 1582 1583 1504
4 1504 1583 1584 1505
4 1505 1584 1585 1506
4 1506 1585 1586 1507
4 1507 1586 1587 1508
4 1508 1587 1588 1509
4 1509 1588 1589 1510
4 1510 1589 1590 1511
4 1511 1590 1591 1512
4 1512 1591 1592 1513
4 1513 1592 1593 1514
4 1514 1593 1594 1515
4 1515 1594 1595 1516
4 1516 1595 1596 1517
4 1517 1596 1597 1518
4 1518 1597 1598 1519
4 1519 1598 121 120
4 19 20 1599 1520
4 1520 1599 1600 1521
4 1521 1600 1601 1522
4 1522 1601 1602 1523
4 1523 1602 1603 1524
4 1524 1603 1604 1525
4 1525 1604 1605 1526
4 1526 1605 1606 1527
4 1527 1606 1607 1528
4 1528 1607 1608 1529
4 1529 1608 1609 1530
4 1530 1609 1610 1531
4 1531 1610 1611 1532
4 1532 1611 1612 1533
4 1533 1612 1613 1534
4 1534 1613 1614 1535
4 1535 1614 1615 1536
4 1536 1615 1616 1537
4 1537 1616 1617 1538
4 1538 1617 1618 1539
4 1539 1618 1619 1540
4 1540 1619 1620 1541
4 1541 1620 1621 1542
4 1542 1621 1622 1543
4 1543 1622 1623 1544
4 1544 1623 1624 1545
4 1545 1624 1625 1546
4 1546 1625 1626 1547
4 1547 1626 1627 1548
4 1548 1627 1628 1549
4 1549 1628 1629 1550
4 1550 1629 1630 1551
4 1551 1630 1631 1552
4 1552 1631 1632 1553
4 1553 1632 1633 1554
4 1554 1633 1634 1555
4 1555 1634 1635 1556
4 1556 1635 1636 1557
4 1557 1636 1637 1558
4 1558 1637 1638 1559
4 1559 1638 1639 1560
4 1560 1639 1640 1561
4 1561 1640 1641 1562
4 1562 1641 1642 1563
4 1563 1642 1643 1564
4 1564 1643 1644 1565
4 1565 1644 1645 1566
4 1566 1645 1646 1567
4 1567 1646 1647 1568
4 1568 1647 1648 1569
4 1569 1648 1649 1570
4 1570 1649 1650 1571
4 1571 1650 1651 1572
4 1572 1651 1652 1573
4 1573 1652 1653 1574
4 1574 1653 1654 1575
4 1575 1654 1655 1576
4 1576 1655 1656 1577
4 1577 1656 1657 1578
4 1578 1657 1658 1579
4 1579 1658 1659 1580
4 1580 1659 1660 1581
4 1581 1660 1661 1582
4 1582 1661 1662 1583
4 1583 1662 1663 1584
4 1584 1663 1664 1585
4 1585 1664 1665 1586
4 1586 1665 1666 1587
4 1587 1666 1667 1588
4 1588 1667 1668 1589
4 1589 1668 1669 1590
4 1590 1669 1670 1591
4 1591 1670 1671 1592
4 1592 1671 1672 1593
4 1593 1672 1673 1594
4 1594 1673 1674 1595
4 1595 1674 1675 1596
4 1596 1675 1676 1597
4 1597 1676 1677 1598
4 1598 1677 122 121
4 20 21 1678 1599
4 1599 1678 1679 1600
4 1600 1679 1680 1601
4 1601 1680 1681 1602
4 1602 1681 1682 1603
4 1603 1682 1683 1604
4 1604 1683 1684 1605
4 1605 1684 1685 1606
4 1606 1685 1686 1607
4 1607 1686 1687 1608
4 1608 1687 1688 1609
4 1609 1688 1689 1610
4 1610 1689 1690 1611
4 1611 1690 1691 1612
4 1612 1691 1692 1613
4 1613 1692 1693 1614
4 1614 1693 1694 1615
4 1615 1694 1695 1616
4 1616 1695 1696 1617
4 1617 1696 1697 1618
4 1618 1697 1698 1619
4 1619 1698 1699 1620
4 1620 1699 1700 1621
4 1621 1700 1701 1622
4 1622 1701 1702 1623
4 1623 1702 1703 1624
4 1624 1703 1704 1625
4 1625 1704 1705 1626
4 1626 1705 1706 1627
4 1627 1706 1707 1628
4 1628 1707 1708 1629
4 1629 1708 1709 1630
4 1630 1709 1710 1631
4 1631 1710 1711 1632
4 1632 1711 1712 1633
4 1633 1712 1713 1634
4 1634 1713 1714 1635
4 1635 1714 1715 1636
4 1636 1715 1716 1637
4 1637 1716 1717 1638
4 1638 1717 1718 1639
4 1639 1718 1719 1640
4 1640 1719 1720 1641
4 1641 1720 1721 1642
4 1642 1721 1722 1643
4 1643 1722 1723 1644
4 1644 1723 1724 1645
4 1645 1724 1725 1646
4 1646 1725 1726 1647
4 1647 1726 1727 1648
4 1648 1727 1728 1649
4 1649 1728 1729 1650
4 1650 1729 1730 1651
4 1651 1730 1731 1652
4 1652 1731 1732 1653
4 1653 1732 1733 1654
4 1654 1733 1734 1655
4 1655 1734 1735 1656
4 1656 1735 1736 1657
4 1657 1736 1737 1658
4 1658 1737 1738 1659
4 1659 1738 1739 1660
4 1660 1739 1740 1661
4 1661 1740 1741 1662
4 1662 1741 1742 1663
4 1663 1742 1743 1664
4 1664 1743 1744 1665
4 1665 1744 1745 1666
4 1666 1745 1746 1667
4 1667 1746 1747 1668
4 1668 1747 1748 1669
4 1669 1748 1749 1670
4 1670 1749 1750 1671
4 1671 1750 1751 1672
4 1672 1751 1752 1673
4 1673 1752 1753 1674
4 1674 1753 1754 1675
4 1675 1754 1755 1676
4 1676 1755 1756 1677
4 1677 1756 123 122
4 21 22 1757 1678
4 1678 1757 1758 1679
4 1679 1758 1759 1680
4 1680 1759 1760 1681
4 1681 1760 1761 1682
4 1682 1761 1762 1683
4 1683 1762 1763 1684
4 1684 1763 1764 1685
4 1685 1764 1765 1686
4 1686 1765 1766 1687
4 1687 1766 1767 1688
4 1688 1767 1768 1689
4 1689 1768 1769 1690
4 1690 1769 1770 1691
4 1691 1770 1771 1692
4 1692 1771 1772 1693
4 1693 1772 1773 1694
4 1694 1773 1774 1695
4 1695 1774 1775 1696
4 1696 1775 1776 1697
4 1697 1776 1777 1698
4 1698 1777 1778 1699
4 1699 1778 1779 1700
4 1700 1779 1780 1701
4 1701 1780 1781 1702
4 1702 1781 1782 1703
4 1703 1782 1783 1704
4 1704 1783 1784 1705
4 1705 1784 1785 1706
4 1706 1785 1786 1707
4 1707 1786 1787 1708
4 1708 1787 1788 1709
4 1709 1788 1789 1710
4 1710 1789 1790 1711
4 1711 1790 1791 1712
4 1712 1791 1792 1713
4 1713 1792 1793 1714
4 1714 1793 1794 1715
4 1715 1794 1795 1716
4 1716 1795 1796 1717
4 1717 1796 1797 1718
4 1718 1797 1798 1719
4 1719 1798 1799 1720
4 1720 1799 1800 1721
4 1721 1800 1801 1722
4 1722 1801 1802 1723
4 1723 1802 1803 1724
4 1724 1803 1804 1725
4 1725 1804 1805 1726
4 1726 1805 1806 1727
4 1727 1806 1807 1728
4 1728 1807 1808 1729
4 1729 1808 1809 1730
4 1730 1809 1810 1731
4 1731 1810 1811 1732
4 1732 1811 1812 1733
4 1733 1812 1813 1734
4 1734 1813 1814 1735
4 1735 1814 1815 1736
4 1736 1815 1816 1737
4 1737 1816 1817 1738
4 1738 1817 1818 1739
4 1739 1818 1819 1740
4 1740 1819 1820 1741
4 1741 1820 1821 1742
4 1742 1821 1822 1743
4 1743 1822 1823 1744
4 1744 1823 1824 1745
4 1745 1824 1825 1746
4 1746 1825 1826 1747
4 1747 1826 1827 1748
4 1748 1827 1828 1749
4 1749 1828 1829 1750
4 1750 1829 1830 1751
4 1751 1830 1831 1752
4 1752 1831 1832 1753
4 1753 1832 1833 1754
4 1754 1833 1834 1755
4 1755 1834 1835 1756
4 1756 1835 124 123
4 22 23 1836 1757
4 1757 1836 1837 1758
4 1758 1837 1838 1759
4 1759 1838 1839 1760
4 1760 1839 1840 1761
4 1761 1840 1841 1762
4 1762 1841 1842 1763
4 1763 1842 1843 1764
4 1764 1843 1844 1765
4 1765 1844 1845 1766
4 1766 1845 1846 1767
4 1767 1846 1847 1768
4 1768 1847 1848 1769
4 1769 1848 1849 1770
4 1770 1849 1850 1771
4 1771 1850 1851 1772
4 1772 1851 1852 1773
4 1773 1852 1853 1774
4 1774 1853 1854 1775
4 1775 1854 1855 1776
4 1776 1855 1856 1777
4 1777 1856 1857 1778
4 1778 1857 1858 1779
4 1779 1858 1859 1780
4 1780 1859 1860 1781
4 1781 1860 1861 1782
4 1782 1861 1862 1783
4 1783 1862 1863 1784
4 1784 1863 1864 1785
4 1785 1864 1865 1786
4 1786 1865 1866 1787
4 1787 1866 1867 1788
4 1788 1867 1868 1789
4 1789 1868 1869 1790
4 1790 1869 1870 1791
4 1791 1870 1871 1792
4 1792 1871 1872 1793
4 1793 1872 1873 1794
4 1794 1873 1874 1795
4 1795 1874 1875 1796
4 1796 1875 1876 1797
4 1797 1876 1877 1798
4 1798 1877 1878 1799
4 1799 1878 1879 1800
4 1800 1879 1880 1801
4 1801 1880 1881 1802
4 1802 1881 1882 1803
4 1803 1882 1883 1804
4 1804 1883 1884 1805
4 1805 1884 1885 1806
4 1806 1885 1886 1807
4 1807 1886 1887 1808
4 1808 1887 1888 1809
4 1809 1888 1889 1810
4 1810 1889 1890 1811
4 1811 1890 1891 1812
4 1812 1891 1892 1813
4 1813 1892 1893 1814
4 1814 1893 1894 1815
4 1815 1894 1895 1816
4 1816 1895 1896 1817
4 1817 1896 1897 1818
4 1818 1897 1898 1819
4 1819 1898 1899 1820
4 1820 1899 1900 1821
4 1821 1900 1901 1822
4 1822 1901 1902 1823
4 1823 1902 1903 1824
4 1824 1903 1904 1825
4 1825 1904 1905 1826
4 1826 1905 1906 1827
4 1827 1906 1907 1828
4 1828 1907 1908 1829
4 1829 1908 1909 1830
4 1830 1909 1910 1831
4 1831 1910 1911 1832
4 1832 1911 1912 1833
4 1833 1912 1913 1834
4 1834 1913 1914 1835
4 1835 1914 125 124
4 23 24 1915 1836
4 1836 1915 1916 1837
4 1837 1916 1917 1838
4 1838 1917 1918 1839
4 1839 1918 1919 1840
4 1840 1919 1920 1841
4 1841 1920 1921 1842
4 1842 1921 1922 1843
4 1843 1922 1923 1844
4 1844 1923 1924 1845
4 1845 1924 1925 1846
4 1846 1925 1926 1847
4 1847 1926 1927 1848
4 1848 1927 1928 1849
4 1849 1928 1929 1850
4 1850 1929 1930 1851
4 1851 1930 1931 1852
4 1852 1931 1932 1853
4 1853 1932 1933 1854
4 1854 1933 1934 1855
4 1855 1934 1935 1856
4 1856 1935 1936 1857
4 1857 1936 1937 1858
4 1858 1937 1938 1859
4 1859 1938 1939 1860
4 1860 1939 1940 1861
4 1861 1940 1941 1862
4 1862 1941 1942 1863
4 1863 1942 1943 1864
4 1864 1943 1944 1865
4 1865 1944 1945 1866
4 1866 1945 1946 1867
4 1867 1946 1947 1868
4 1868 1947 1948 1869
4 1869 1948 1949 1870
4 1870 1949 1950 1871
4 1871 1950 1951 1872
4 1872 1951 1952 1873
4 1873 1952 1953 1874
4 1874 1953 1954 1875
4 1875 1954 1955 1876
4 1876 1955 1956 1877
4 1877 1956 1957 1878
4 1878 1957 1958 1879
4 1879 1958 1959 1880
4 1880 1959 1960 1881
4 1881 1960 1961 1882
4 1882 1961 1962 1883
4 1883 1962 1963 1884
4 1884 1963 1964 1885
4 1885 1964 1965 1886
4 1886 1965 1966 1887
4 1887 1966 1967 1888
4 1888 1967 1968 1889
4 1889 1968 1969 1890
4 1890 1969 1970 1891
4 1891 1970 1971 1892
4 1892 1971 1972 1893
4 1893 1972 1973 1894
4 1894 1973 1974 1895
4 1895 1974 1975 1896
4 1896 1975 1976 1897
4 1897 1976 1977 1898
4 1898 1977 1978 1899
4 1899 1978 1979 1900
4 1900 1979 1980 1901
4 1901 1980 1981 1902
4 1902 1981 1982 1903
4 1903 1982 1983 1904
4 1904 1983 1984 1905
4 1905 1984 1985 1906
4 1906 1985 1986 1907
4 1907 1986 1987 1908
4 1908 1987 1988 1909
4 1909 1988 1989 1910
4 1910 1989 1990 1911
4 1911 1990 1991 1912
4 1912 1991 1992 1913
4 1913 1992 1993 1914
4 1914 1993 126 125
4 24 0 25 1915
4 1915 25 26 1916
4 1916 26 27 1917
4 1917 27 28 1918
4 1918 28 29 1919
4 1919 29 30 1920
4 1920 30 31 1921
4 1921 31 32 1922
4 1922 32 33 1923
4 1923 33 34 1924
4 1924 34 35 1925
4 1925 35 36 1926
4 1926 36 37 1927
4 1927 37 38 1928
4 1928 38 39 1929
4 1929 39 40 1930
4 1930 40 41 1931
4 1931 41 42 1932
4 1932 42 43 1933
4 1933 43 44 1934
4 1934 44 45 1935
4 1935 45 46 1936
4 1936 46 47 1937
4 1937 47 48 1938
4 1938 48 49 1939
4 1939 49 50 1940
4 1940 50 51 1941
4 1941 51 52 1942
4 1942 52 53 1943
4 1943 53 54 1944
4 1944 54 55 1945
4 1945 55 56 1946
4 1946 56 57 1947
4 1947 57 58 1948
4 1948 58 59 1949
4 1949 59 60 1950
4 1950 60 61 1951
4 1951 61 62 1952
4 1952 62 63 1953
4 1953 63 64 1954
4 1954 64 65 1955
4 1955 65 66 1956
4 1956 66 67 1957
4 1957 67 68 1958
4 1958 68 69 1959
4 1959 69 70 1960
4 1960 70 71 1961
4 1961 71 72 1962
4 1962 72 73 1963
4 1963 73 74 1964
4 1964 74 75 1965
4 1965 75 76 1966
4 1966 76 77 1967
4 1967 77 78 1968
4 1968 78 79 1969
4 1969 79 80 1970
4 1970 80 81 1971
4 1971 81 82 1972
4 1972 82 83 1973
4 1973 83 84 1974
4 1974 84 85 1975
4 1975 85 86 1976
4 1976 86 87 1977
4 1977 87 88 1978
4 1978 88 89 1979
4 1979 89 90 1980
4 1980 90 91 1981
4 1981 91 92 1982
4 1982 92 93 1983
4 1983 93 94 1984
4 1984 94 95 1985
4 1985 95 96 1986
4 1986 96 97 1987
4 1987 97 98 1988
4 1988 98 99 1989
4 1989 99 100 1990
4 1990 100 101 1991
4 1991 101 102 1992
4 1992 102 103 1993
4 1993 103 1 126
3 1996 2023 2013
3 2013 2022 1996
3 116 2023 1996
3 117 2023 116
3 120 2029 119
3 1997 2031 2016
3 2016 2030 1997
3 113 2024 2000
3 2001 2028 2017
3 2017 2028 2020
3 119 2029 1998
3 114 2024 113
3 104 2031 1997
3 105 2031 104
3 2014 2036 2029
3 1997 2032 1
3 2029 2036 1998
3 2002 2029 120
3 1 2032 126
3 110 2027 1995
3 111 2027 110
3 2013 2014 2008
3 2008 2014 2005
3 2009 2018 2012
3 2015 2016 2010
3 2010 2018 2009
3 2007 2015 2010
3 2016 2017 2010
3 2017 2018 2010
3 116 1996 115
3 110 1995 109
3 119 1998 118
3 125 1999 124
3 104 1997 1
3 122 1994 121
3 107 2001 106
3 113 2000 112
3 2009 2012 2011
3 2011 2013 2008
3 2009 2011 2008
3 2007 2010 2009
3 2007 2009 2008
3 2007 2008 2005
3 2006 2015 2007
3 2006 2007 2005
3 2004 2006 2005
3 2005 2014 2003
3 2004 2005 2003
3 2006 2019 2015
3 2014 2029 2003
3 1994 2004 2003
3 123 2025 122
3 122 2025 1994
3 2017 2020 2018
3 2011 2022 2013
3 2000 2024 2021
3 2015 2030 2016
3 2027 2034 2026
3 2020 2026 2018
3 1995 2026 2020
3 2012 2021 2011
3 2019 2033 1999
3 2006 2033 2019
3 2023 2036 2013
3 107 2028 2001
3 108 2028 107
3 2021 2024 2022
3 117 2043 2023
3 1994 2025 2004
3 2018 2026 2012
3 2025 2033 2004
3 1999 2041 2019
3 2024 2042 2022
3 2021 2022 2011
3 1994 2003 2002
3 2022 2042 1996
3 1995 2027 2026
3 2025 2037 2033
3 2030 2032 1997
3 2026 2034 2012
3 2013 2036 2014
3 2017 2039 2001
3 121 2002 120
3 1994 2002 121
3 2004 2033 2006
3 109 2035 108
3 2019 2030 2015
3 124 2037 123
3 2019 2041 2032
3 112 2038 111
3 126 2041 125
3 118 2043 117
3 115 2042 114
3 106 2040 105
3 2016 2039 2017
3 1995 2035 109
3 2003 2029 2002
3 1999 2037 124
3 2019 2032 2030
3 2000 2038 112
3 105 2040 2031
3 2001 2040 106
3 2020 2035 1995
3 125 2041 1999
3 1996 2042 115
3 1998 2043 118
3 114 2042 2024
3 2027 2038 2034
3 111 2038 2027
3 2031 2039 2016
3 2012 2034 2021
3 2021 2034 2000
3 123 2037 2025
3 2032 2041 126
3 108 2035 2028
3 2033 2037 1999
3 2028 2035 2020
3 2036 2043 1998
3 2023 2043 2036
3 2034 2038 2000
3 2039 2040 2001
3 2031 2040 2039

CELL_TYPES 2294
1
1
3
3
3
3
3
3
3
3
3
3
3
3
3
3
3
3
3
3
3
3
3
3
3
3
3
3
3
3
3
3
3
3
3
3
3
3
3
3
3
3
3
3
3
3
3
3
3
3
3
3
3
3
3
3
3
3
3
3
3
3
3
3
3
3
3
3
3
3
3
3
3
3
3
3
3
3
3
3
3
3
3
3
3
3
3
3
3
3
3
3
3
3
3
3
3
3
3
3
3
3
3
3
3
3
3
3
3
3
3
3
3
3
3
3
3
3
3
3
3
3
3
3
3
3
3
3
3
3
5
5
5
5
5
5
5
5
5
5
5
5
5
5
5
5
5
5
5
5
5
5
5
5
5
5
5
5
5
5
5
5
5
5
5
5
5
5
5
5
5
5
5
5
5
5
5
5
5
5
5
5
5
5
5
5
5
5
5
5
5
5
5
5
5
5
5
5
5
5
5
5
5
5
5
5
5
5
5
5
5
5
5
5
5
5
5
5
5
5
5
5
5
5
5
5
5
5
5
5
5
5
5
5
5
5
5
5
5
5
5
5
5
5
5
5
5
5
5
5
5
5
9
9
9
9
9
9
9
9
9
9
9
9
9
9
9
9
9
9
9
9
9
9
9
9
9
9
9
9
9
9
9
9
9
9
9
9
9
9
9
9
9
9
9
9
9
9
9
9
9
9
9
9
9
9
9
9
9
9
9
9
9
9
9
9
9
9
9
9
9
9
9
9
9
9
9
9
9
9
9
9
9
9
9
9
9
9
9
9
9
9
9
9
9
9
9
9
9
9
9
9
9
9
9
9
9
9
9
9
9
9
9
9
9
9
9
9
9
9
9
9
9
9
9
9
9
9
9
9
9
9
9
9
9
9
9
9
9
9
9
9
9
9
9
9
9
9
9
9
9
9
9
9
9
9
9
9
9
9
9
9
9
9
9
9
9
9
9
9
9
9
9
9
9
9
9
9
9
9
9
9
9
9
9
9
9
9
9
9
9
9
9
9
9
9
9
9
9
9
9
9
9
9
9
9
9
9
9
9
9
9
9
9
9
9
9
9
9
9
9
9
9
9
9
9
9
9
9
9
9
9
9
9
9
9
9
9
9
9
9
9
9
9
9
9
9
9
9
9
9
9
9
9
9
9
9
9
9
9
9
9
9
9
9
9
9
9
9
9
9
9
9
9
9
9
9
9
9
9
9
9
9
9
9
9
9
9
9
9
9
9
9
9
9
9
9
9
9
9
9
9
9
9
9
9
9
9
9
9
9
9
9
9
9
9
9
9
9
9
9
9
9
9
9
9
9
9
9
9
9
9
9
9
9
9
9
9
9
9
9
9
9
9
9
9
9
9
9
9
9
9
9
9
9
9
9
9
9
9
9
9
9
9
9
9
9
9
9
9
9
9
9
9
9
9
9
9
9
9
9
9
9
9
9
9
9
9
9
9
9
9
9
9
9
9
9
9
9
9
9
9
9
9
9
9
9
9
9
9
9
9
9
9
9
9
9
9
9
9
9
9
9
9
9
9
9
9
9
9
9
9
9
9
9
9
9
9
9
9
9
9
9
9
9
9
9
9
9
9
9
9
9
9
9
9
9
9
9
9
9
9
9
9
9
9
9
9
9
9
9
9
9
9
9
9
9
9
9
9
9
9
9
9
9
9
9
9
9
9
9
9
9
9
9
9
9
9
9
9
9
9
9
9
9
9
9
9
9
9
9
9
9
9
9
9
9
9
9
9
9
9
9
9
9
9
9
9
9
9
9
9
9
9
9
9
9
9
9
9
9
9
9
9
9
9
9
9
9
9
9
9
9
9
9
9
9
9
9
9
9
9
9
9
9
9
9
9
9
9
9
9
9
9
9
9
9
9
9
9
9
9
9
9
9
9
9
9
9
9
9
9
9
9
9
9
9
9
9
9
9
9
9
9
9
9
9
9
9
9
9
9
9
9
9
9
9
9
9
9
9
9
9
9
9
9
9
9
9
9
9
9
9
9
9
9
9
9
9
9
9
9
9
9
9
9
9
9
9
9
9
9
9
9
9
9
9
9
9
9
9
9
9
9
9
9
9
9
9
9
9
9
9
9
9
9
9
9
9
9
9
9
9
9
9
9
9
9
9
9
9
9
9
9
9
9
9
9
9
9
9
9
9
9
9
9
9
9
9
9
9
9
9
9
9
9
9
9
9
9
9
9
9
9
9
9
9
9
9
9
9
9
9
9
9
9
9
9
9
9
9
9
9
9
9
9
9
9
9
9
9
9
9
9
9
9
9
9
9
9
9
9
9
9
9
9
9
9
9
9
9
9
9
9
9
9
9
9
9
9
9
9
9
9
9
9
9
9
9
9
9
9
9
9
9
9
9
9
9
9
9
9
9
9
9
9
9
9
9
9
9
9
9
9
9
9
9
9
9
9
9
9
9
9
9
9
9
9
9
9
9
9
9
9
9
9
9
9
9
9
9
9
9
9
9
9
9
9
9
9
9
9
9
9
9
9
9
9
9
9
9
9
9
9
9
9
9
9
9
9
9
9
9
9
9
9
9
9
9
9
9
9
9
9
9
9
9
9
9
9
9
9
9
9
9
9
9
9
9
9
9
9
9
9
9
9
9
9
9
9
9
9
9
9
9
9
9
9
9
9
9
9
9
9
9
9
9
9
9
9
9
9
9
9
9
9
9
9
9
9
9
9
9
9
9
9
9
9
9
9
9
9
9
9
9
9
9
9
9
9
9
9
9
9
9
9
9
9
9
9
9
9
9
9
9
9
9
9
9
9
9
9
9
9
9
9
9
9
9
9
9
9
9
9
9
9
9
9
9
9
9
9
9
9
9
9
9
9
9
9
9
9
9
9
9
9
9
9
9
9
9
9
9
9
9
9
9
9
9
9
9
9
9
9
9
9
9
9
9
9
9
9
9
9
9
9
9
9
9
9
9
9
9
9
9
9
9
9
9
9
9
9
9
9
9
9
9
9
9
9
9
9
9
9
9
9
9
9
9
9
9
9
9
9
9
9
9
9
9
9
9
9
9
9
9
9
9
9
9
9
9
9
9
9
9
9
9
9
9
9
9
9
9
9
9
9
9
9
9
9
9
9
9
9
9
9
9
9
9
9
9
9
9
9
9
9
9
9
9
9
9
9
9
9
9
9
9
9
9
9
9
9
9
9
9
9
9
9
9
9
9
9
9
9
9
9
9
9
9
9
9
9
9
9
9
9
9
9
9
9
9
9
9
9
9
9
9
9
9
9
9
9
9
9
9
9
9
9
9
9
9
9
9
9
9
9
9
9
9
9
9
9
9
9
9
9
9
9
9
9
9
9
9
9
9
9
9
9
9
9
9
9
9
9
9
9
9
9
9
9
9
9
9
9
9
9
9
9
9
9
9
9
9
9
9
9
9
9
9
9
9
9
9
9
9
9
9
9
9
9
9
9
9
9
9
9
9
9
9
9
9
9
9
9
9
9
9
9
9
9
9
9
9
9
9
9
9
9
9
9
9
9
9
9
9
9
9
9
9
9
9
9
9
9
9
9
9
9
9
9
9
9
9
9
9
9
9
9
9
9
9
9
9
9
9
9
9
9
9
9
9
9
9
9
9
9
9
9
9
9
9
9
9
9
9
9
9
9
9
9
9
9
9
9
9
9
9
9
9
9
9
9
9
9
9
9
9
9
9
9
9
9
9
9
9
9
9
9
9
9
9
9
9
9
9
9
9
9
9
9
9
9
9
9
9
9
9
9
9
9
9
9
9
9
9
9
9
9
9
9
9
9
9
9
9
9
9
9
9
9
9
9
9
9
9
9
9
9
9
9
9
9
9
9
9
9
9
9
9
9
9
9
9
9
9
9
9
9
9
9
9
9
9
9
9
9
9
9
9
9
9
9
9
9
9
9
9
9
9
9
9
9
9
9
9
9
9
9
9
9
9
9
9
9
9
9
9
9
9
9
9
9
9
9
9
9
9
9
9
9
9
9
9
9
9
9
9
9
9
9
9
9
9
9
9
9
9
9
9
9
9
9
9
9
9
9
9
9
9
9
9
9
9
9
9
9
9
9
9
9
9
9
9
9
9
9
9
9
9
9
9
9
9
9
9
9
9
9
9
9
9
9
9
9
9
9
9
9
9
9
9
9
9
9
9
9
9
9
9
9
9
9
9
9
9
9
9
9
9
9
9
9
9
9
9
9
9
9
9
9
9
9
9
9
9
9
9
9
9
9
9
9
9
9
9
9
9
9
9
9
9
9
9
9
9
9
9
9
9
9
9
9
9
9
9
9
9
9
9
9
9
9
9
9
9
9
9
9
9
9
9
9
9
9
9
9
9
9
9
9
9
9
9
9
9
9
9
9
9
9
9
9
9
9
9
9
9
9
9
9
9
9
9
9
9
9
9
9
9
9
9
9
9
9
9
9
9
9
9
9
9
9
9
9
9
9
9
9
9
9
9
9
9
9
9
9
9
9
9
9
9
9
9
9
9
9
9
9
9
9
9
9
9
9
9
9
9
9
9
9
9
9
9
9
9
9
9
9
9
9
9
9
9
9
9
9
9
9
9
9
9
9
9
9
9
9
9
9
9
9
9
9
9
9
9
9
9
9
9
9
9
9
9
9
9
9
9
9
9
9
9
9
9
9
9
9
9
9
9
9
9
9
9
9
9
9
9
9
9
9
9
9
9
9
9
9
9
9
9
9
9
9
9
9
9
9
9
9
9
9
9
9
9
9
9
9
9
9
9
9
9
9
9
9
9
9
9
9
9
9
9
9
9
9
9
9
9
9
9
9
9
9
9
9
9
9
9
9
9
9
9
9
9
9
9
9
9
9
9
9
9
9
9
9
9
9
9
9
9
9
9
9
9
9
9
9
9
9
9
9
9
9
9
9
9
9
9
9
9
9
9
9
5
5
5
5
5
5
5
5
5
5
5
5
5
5
5
5
5
5
5
5
5
5
5
5
5
5
5
5
5
5
5
5
5
5
5
5
5
5
5
5
5
5
5
5
5
5
5
5
5
5
5
5
5
5
5
5
5
5
5
5
5
5
5
5
5
5
5
5
5
5
5
5
5
5
5
5
5
5
5
5
5
5
5
5
5
5
5
5
5
5
5
5
5
5
5
5
5
5
5
5
5
5
5
5
5
5
5
5
5
5
5
5
5
5
5
5
5
5
5
5
5
5
