$MeshFormat
4.1 0 8
$EndMeshFormat
$Entities
2 3 3 1
1 0.0301625 0 0 0 
2 0.0301625 0 6.096 0 
1 -0.0301626 -0.0301626 -1e-07 0.0301626 0.0301626 1e-07 0 2 1 -1 
2 0.0301624 -1e-07 -9.999999983634211e-08 0.0301626 1e-07 6.0960001 0 2 1 -2 
3 -0.0301626 -0.0301626 6.0959999 0.0301626 0.0301626 6.0960001 0 2 2 -2 
1 -0.0301626 -0.0301626 -1e-07 0.0301626 0.0301626 1e-07 0 1 1 
2 -0.0301626 -0.0301626 -9.999999983634211e-08 0.0301626 0.0301626 6.0960001 0 4 2 3 -2 -1 
3 -0.0301626 -0.0301626 6.0959999 0.0301626 0.0301626 6.0960001 0 1 3 
1 -0.0301626 -0.0301626 -9.999999983634211e-08 0.0301626 0.0301626 6.0960001 0 3 -2 -1 3 
$EndEntities
$Nodes
9 2044 1 2044
0 1 0 1
1
0.0301625 0 0
0 2 0 1
2
0.0301625 0 6.096
1 1 0 23
3
4
5
6
7
8
9
10
11
12
13
14
15
16
17
18
19
20
21
22
23
24
25
0.02913473773544402 0.007806629447904791 0
0.02612149124164812 0.01508125000000001 0
0.02132810828753922 0.02132810828753926 0
0.01508124999999997 0.02612149124164815 0
0.00780662944790473 0.02913473773544404 0
-7.182470390259972e-17 0.0301625 0
-0.007806629447904855 0.029134737735444 0
-0.01508125000000006 0.02612149124164809 0
-0.02132810828753928 0.02132810828753919 0
-0.02612149124164816 0.01508124999999995 0
-0.02913473773544403 0.007806629447904737 0
-0.0301625 -3.649068146837933e-17 0
-0.02913473773544401 -0.007806629447904835 0
-0.02612149124164811 -0.01508125000000004 0
-0.02132810828753919 -0.02132810828753928 0
-0.01508124999999994 -0.02612149124164816 0
-0.007806629447904726 -0.02913473773544404 0
4.803860180651775e-17 -0.0301625 0
0.00780662944790482 -0.02913473773544401 0
0.01508125000000003 -0.02612149124164811 0
0.02132810828753925 -0.02132810828753922 0
0.02612149124164814 -0.01508124999999999 0
0.02913473773544402 -0.00780662944790478 0
1 2 0 79
26
27
28
29
30
31
32
33
34
35
36
37
38
39
40
41
42
43
44
45
46
47
48
49
50
51
52
53
54
55
56
57
58
59
60
61
62
63
64
65
66
67
68
69
70
71
72
73
74
75
76
77
78
79
80
81
82
83
84
85
86
87
88
89
90
91
92
93
94
95
96
97
98
99
100
101
102
103
104
0.0301625 0 0.0762
0.0301625 0 0.1524
0.0301625 0 0.2286
0.0301625 0 0.3048
0.0301625 0 0.381
0.0301625 0 0.4572
0.0301625 0 0.5334
0.0301625 0 0.6096
0.0301625 0 0.6858000000000001
0.0301625 0 0.762
0.0301625 0 0.8382000000000001
0.0301625 0 0.9144
0.0301625 0 0.9906
0.0301625 0 1.0668
0.0301625 0 1.143
0.0301625 0 1.2192
0.0301625 0 1.2954
0.0301625 0 1.3716
0.0301625 0 1.4478
0.0301625 0 1.524
0.0301625 0 1.6002
0.0301625 0 1.6764
0.0301625 0 1.7526
0.0301625 0 1.8288
0.0301625 0 1.905
0.0301625 0 1.9812
0.0301625 0 2.0574
0.0301625 0 2.1336
0.0301625 0 2.2098
0.0301625 0 2.286
0.0301625 0 2.3622
0.0301625 0 2.4384
0.0301625 0 2.5146
0.0301625 0 2.5908
0.0301625 0 2.667
0.0301625 0 2.7432
0.0301625 0 2.8194
0.0301625 0 2.8956
0.0301625 0 2.9718
0.0301625 0 3.048
0.0301625 0 3.1242
0.0301625 0 3.2004
0.0301625 0 3.2766
0.0301625 0 3.3528
0.0301625 0 3.429
0.0301625 0 3.5052
0.0301625 0 3.5814
0.0301625 0 3.6576
0.0301625 0 3.7338
0.0301625 0 3.81
0.0301625 0 3.8862
0.0301625 0 3.9624
0.0301625 0 4.0386
0.0301625 0 4.114800000000001
0.0301625 0 4.191
0.0301625 0 4.2672
0.0301625 0 4.3434
0.0301625 0 4.4196
0.0301625 0 4.4958
0.0301625 0 4.572
0.0301625 0 4.6482
0.0301625 0 4.7244
0.0301625 0 4.8006
0.0301625 0 4.8768
0.0301625 0 4.953
0.0301625 0 5.029199999999999
0.0301625 0 5.1054
0.0301625 0 5.1816
0.0301625 0 5.2578
0.0301625 0 5.334
0.0301625 0 5.4102
0.0301625 0 5.486400000000001
0.0301625 0 5.5626
0.0301625 0 5.638800000000001
0.0301625 0 5.715
0.0301625 0 5.7912
0.0301625 0 5.8674
0.0301625 0 5.9436
0.0301625 0 6.0198
1 3 0 23
105
106
107
108
109
110
111
112
113
114
115
116
117
118
119
120
121
122
123
124
125
126
127
0.02913473773544402 0.007806629447904791 6.096
0.02612149124164812 0.01508125000000001 6.096
0.02132810828753922 0.02132810828753926 6.096
0.01508124999999997 0.02612149124164815 6.096
0.00780662944790473 0.02913473773544404 6.096
-7.182470390259972e-17 0.0301625 6.096
-0.007806629447904855 0.029134737735444 6.096
-0.01508125000000006 0.02612149124164809 6.096
-0.02132810828753928 0.02132810828753919 6.096
-0.02612149124164816 0.01508124999999995 6.096
-0.02913473773544403 0.007806629447904737 6.096
-0.0301625 -3.649068146837933e-17 6.096
-0.02913473773544401 -0.007806629447904835 6.096
-0.02612149124164811 -0.01508125000000004 6.096
-0.02132810828753919 -0.02132810828753928 6.096
-0.01508124999999994 -0.02612149124164816 6.096
-0.007806629447904726 -0.02913473773544404 6.096
4.803860180651775e-17 -0.0301625 6.096
0.00780662944790482 -0.02913473773544401 6.096
0.01508125000000003 -0.02612149124164811 6.096
0.02132810828753925 -0.02132810828753922 6.096
0.02612149124164814 -0.01508124999999999 6.096
0.02913473773544402 -0.00780662944790478 6.096
2 1 0 50
128
129
130
131
132
133
134
135
136
137
138
139
140
141
142
143
144
145
146
147
148
149
150
151
152
153
154
155
156
157
158
159
160
161
162
163
164
165
166
167
168
169
170
171
172
173
174
175
176
177
-0.0228878794479048 0.003013246493795862 0
0.02288787944790479 -0.003013246493795893 0
-0.003202798528618491 -0.02247957395750216 0
0.003013246493795844 0.02288787944790478 0
-0.01874191354091847 -0.01469102848733548 0
-0.01405348773544407 0.01831486179374333 0
0.01403231758306291 -0.01855768046372842 0
0.01839689958546452 0.01431465237463068 0
-0.02456172008128258 -0.003233611793743386 0
-0.01731537077447068 -0.001454625449120619 0
-0.0155144858889242 0.005486125107517972 0
-0.009706261757009825 0.0006275927643157517 0
-0.00804560717552525 0.007991053294091879 0
-0.002214835990320859 0.003079007417408184 0
-0.003771710065557919 -0.004595201026141435 0
0.003693776278797169 -0.002070065612934339 0
0.005229172899961065 0.005651754880967023 0
0.002204921265910411 -0.009591872314839867 0
0.009116253369107125 -0.007017629163535505 0
-0.00536317476723397 -0.01299248332024777 0
-0.0113892047435019 -0.006550215584571378 0
-0.0008556006496049279 0.01056459968817182 0
0.006067388643024496 0.01423381868634604 0
0.01287549481265521 0.008333410200257865 0
0.0108790657152616 0.000574133015968087 0
-0.007418193249731157 0.01594302452481553 0
0.0182940249912099 0.002133371977228453 0
0.007833034681733702 -0.01431443945836679 0
0.001437439463821267 -0.01732253420499105 0
-0.01013475153684205 -0.02007507154915324 0
0.008066555567361345 -0.02173952519941453 0
-0.02110394796885104 0.009813873302779264 0
0.01595772104275204 -0.004896130597713634 0
0.02119983518237078 -0.009762313063111266 0
0.02158932739322277 0.008422823481317048 0
-0.0199170082837664 -0.008313357686143852 0
-0.0007838715480639034 0.01728213174665303 0
0.01009528933599093 0.02085226100360925 0
-0.003907441446417257 0.0230284361779077 0
-0.01390418893251663 0.0120405715060124 0
0.01433859467095297 -0.01180502027169457 0
0.02449930022194445 0.003012118884059338 0
-0.0126272676607554 -0.01326441380520914 0
-0.0193663209767109 0.01546244778893346 0
0.01939641742907452 -0.01543346435483277 0
0.01252463209497548 0.01496561945253545 0
0.0156019018251537 0.0194922447481321 0
-0.01004318023746679 0.02263185722593645 0
0.002521367820731292 -0.02456866917759531 0
-0.01585128543454769 -0.01915645399228596 0
2 2 0 1817
178
179
180
181
182
183
184
185
186
187
188
189
190
191
192
193
194
195
196
197
198
199
200
201
202
203
204
205
206
207
208
209
210
211
212
213
214
215
216
217
218
219
220
221
222
223
224
225
226
227
228
229
230
231
232
233
234
235
236
237
238
239
240
241
242
243
244
245
246
247
248
249
250
251
252
253
254
255
256
257
258
259
260
261
262
263
264
265
266
267
268
269
270
271
272
273
274
275
276
277
278
279
280
281
282
283
284
285
286
287
288
289
290
291
292
293
294
295
296
297
298
299
300
301
302
303
304
305
306
307
308
309
310
311
312
313
314
315
316
317
318
319
320
321
322
323
324
325
326
327
328
329
330
331
332
333
334
335
336
337
338
339
340
341
342
343
344
345
346
347
348
349
350
351
352
353
354
355
356
357
358
359
360
361
362
363
364
365
366
367
368
369
370
371
372
373
374
375
376
377
378
379
380
381
382
383
384
385
386
387
388
389
390
391
392
393
394
395
396
397
398
399
400
401
402
403
404
405
406
407
408
409
410
411
412
413
414
415
416
417
418
419
420
421
422
423
424
425
426
427
428
429
430
431
432
433
434
435
436
437
438
439
440
441
442
443
444
445
446
447
448
449
450
451
452
453
454
455
456
457
458
459
460
461
462
463
464
465
466
467
468
469
470
471
472
473
474
475
476
477
478
479
480
481
482
483
484
485
486
487
488
489
490
491
492
493
494
495
496
497
498
499
500
501
502
503
504
505
506
507
508
509
510
511
512
513
514
515
516
517
518
519
520
521
522
523
524
525
526
527
528
529
530
531
532
533
534
535
536
537
538
539
540
541
542
543
544
545
546
547
548
549
550
551
552
553
554
555
556
557
558
559
560
561
562
563
564
565
566
567
568
569
570
571
572
573
574
575
576
577
578
579
580
581
582
583
584
585
586
587
588
589
590
591
592
593
594
595
596
597
598
599
600
601
602
603
604
605
606
607
608
609
610
611
612
613
614
615
616
617
618
619
620
621
622
623
624
625
626
627
628
629
630
631
632
633
634
635
636
637
638
639
640
641
642
643
644
645
646
647
648
649
650
651
652
653
654
655
656
657
658
659
660
661
662
663
664
665
666
667
668
669
670
671
672
673
674
675
676
677
678
679
680
681
682
683
684
685
686
687
688
689
690
691
692
693
694
695
696
697
698
699
700
701
702
703
704
705
706
707
708
709
710
711
712
713
714
715
716
717
718
719
720
721
722
723
724
725
726
727
728
729
730
731
732
733
734
735
736
737
738
739
740
741
742
743
744
745
746
747
748
749
750
751
752
753
754
755
756
757
758
759
760
761
762
763
764
765
766
767
768
769
770
771
772
773
774
775
776
777
778
779
780
781
782
783
784
785
786
787
788
789
790
791
792
793
794
795
796
797
798
799
800
801
802
803
804
805
806
807
808
809
810
811
812
813
814
815
816
817
818
819
820
821
822
823
824
825
826
827
828
829
830
831
832
833
834
835
836
837
838
839
840
841
842
843
844
845
846
847
848
849
850
851
852
853
854
855
856
857
858
859
860
861
862
863
864
865
866
867
868
869
870
871
872
873
874
875
876
877
878
879
880
881
882
883
884
885
886
887
888
889
890
891
892
893
894
895
896
897
898
899
900
901
902
903
904
905
906
907
908
909
910
911
912
913
914
915
916
917
918
919
920
921
922
923
924
925
926
927
928
929
930
931
932
933
934
935
936
937
938
939
940
941
942
943
944
945
946
947
948
949
950
951
952
953
954
955
956
957
958
959
960
961
962
963
964
965
966
967
968
969
970
971
972
973
974
975
976
977
978
979
980
981
982
983
984
985
986
987
988
989
990
991
992
993
994
995
996
997
998
999
1000
1001
1002
1003
1004
1005
1006
1007
1008
1009
1010
1011
1012
1013
1014
1015
1016
1017
1018
1019
1020
1021
1022
1023
1024
1025
1026
1027
1028
1029
1030
1031
1032
1033
1034
1035
1036
1037
1038
1039
1040
1041
1042
1043
1044
1045
1046
1047
1048
1049
1050
1051
1052
1053
1054
1055
1056
1057
1058
1059
1060
1061
1062
1063
1064
1065
1066
1067
1068
1069
1070
1071
1072
1073
1074
1075
1076
1077
1078
1079
1080
1081
1082
1083
1084
1085
1086
1087
1088
1089
1090
1091
1092
1093
1094
1095
1096
1097
1098
1099
1100
1101
1102
1103
1104
1105
1106
1107
1108
1109
1110
1111
1112
1113
1114
1115
1116
1117
1118
1119
1120
1121
1122
1123
1124
1125
1126
1127
1128
1129
1130
1131
1132
1133
1134
1135
1136
1137
1138
1139
1140
1141
1142
1143
1144
1145
1146
1147
1148
1149
1150
1151
1152
1153
1154
1155
1156
1157
1158
1159
1160
1161
1162
1163
1164
1165
1166
1167
1168
1169
1170
1171
1172
1173
1174
1175
1176
1177
1178
1179
1180
1181
1182
1183
1184
1185
1186
1187
1188
1189
1190
1191
1192
1193
1194
1195
1196
1197
1198
1199
1200
1201
1202
1203
1204
1205
1206
1207
1208
1209
1210
1211
1212
1213
1214
1215
1216
1217
1218
1219
1220
1221
1222
1223
1224
1225
1226
1227
1228
1229
1230
1231
1232
1233
1234
1235
1236
1237
1238
1239
1240
1241
1242
1243
1244
1245
1246
1247
1248
1249
1250
1251
1252
1253
1254
1255
1256
1257
1258
1259
1260
1261
1262
1263
1264
1265
1266
1267
1268
1269
1270
1271
1272
1273
1274
1275
1276
1277
1278
1279
1280
1281
1282
1283
1284
1285
1286
1287
1288
1289
1290
1291
1292
1293
1294
1295
1296
1297
1298
1299
1300
1301
1302
1303
1304
1305
1306
1307
1308
1309
1310
1311
1312
1313
1314
1315
1316
1317
1318
1319
1320
1321
1322
1323
1324
1325
1326
1327
1328
1329
1330
1331
1332
1333
1334
1335
1336
1337
1338
1339
1340
1341
1342
1343
1344
1345
1346
1347
1348
1349
1350
1351
1352
1353
1354
1355
1356
1357
1358
1359
1360
1361
1362
1363
1364
1365
1366
1367
1368
1369
1370
1371
1372
1373
1374
1375
1376
1377
1378
1379
1380
1381
1382
1383
1384
1385
1386
1387
1388
1389
1390
1391
1392
1393
1394
1395
1396
1397
1398
1399
1400
1401
1402
1403
1404
1405
1406
1407
1408
1409
1410
1411
1412
1413
1414
1415
1416
1417
1418
1419
1420
1421
1422
1423
1424
1425
1426
1427
1428
1429
1430
1431
1432
1433
1434
1435
1436
1437
1438
1439
1440
1441
1442
1443
1444
1445
1446
1447
1448
1449
1450
1451
1452
1453
1454
1455
1456
1457
1458
1459
1460
1461
1462
1463
1464
1465
1466
1467
1468
1469
1470
1471
1472
1473
1474
1475
1476
1477
1478
1479
1480
1481
1482
1483
1484
1485
1486
1487
1488
1489
1490
1491
1492
1493
1494
1495
1496
1497
1498
1499
1500
1501
1502
1503
1504
1505
1506
1507
1508
1509
1510
1511
1512
1513
1514
1515
1516
1517
1518
1519
1520
1521
1522
1523
1524
1525
1526
1527
1528
1529
1530
1531
1532
1533
1534
1535
1536
1537
1538
1539
1540
1541
1542
1543
1544
1545
1546
1547
1548
1549
1550
1551
1552
1553
1554
1555
1556
1557
1558
1559
1560
1561
1562
1563
1564
1565
1566
1567
1568
1569
1570
1571
1572
1573
1574
1575
1576
1577
1578
1579
1580
1581
1582
1583
1584
1585
1586
1587
1588
1589
1590
1591
1592
1593
1594
1595
1596
1597
1598
1599
1600
1601
1602
1603
1604
1605
1606
1607
1608
1609
1610
1611
1612
1613
1614
1615
1616
1617
1618
1619
1620
1621
1622
1623
1624
1625
1626
1627
1628
1629
1630
1631
1632
1633
1634
1635
1636
1637
1638
1639
1640
1641
1642
1643
1644
1645
1646
1647
1648
1649
1650
1651
1652
1653
1654
1655
1656
1657
1658
1659
1660
1661
1662
1663
1664
1665
1666
1667
1668
1669
1670
1671
1672
1673
1674
1675
1676
1677
1678
1679
1680
1681
1682
1683
1684
1685
1686
1687
1688
1689
1690
1691
1692
1693
1694
1695
1696
1697
1698
1699
1700
1701
1702
1703
1704
1705
1706
1707
1708
1709
1710
1711
1712
1713
1714
1715
1716
1717
1718
1719
1720
1721
1722
1723
1724
1725
1726
1727
1728
1729
1730
1731
1732
1733
1734
1735
1736
1737
1738
1739
1740
1741
1742
1743
1744
1745
1746
1747
1748
1749
1750
1751
1752
1753
1754
1755
1756
1757
1758
1759
1760
1761
1762
1763
1764
1765
1766
1767
1768
1769
1770
1771
1772
1773
1774
1775
1776
1777
1778
1779
1780
1781
1782
1783
1784
1785
1786
1787
1788
1789
1790
1791
1792
1793
1794
1795
1796
1797
1798
1799
1800
1801
1802
1803
1804
1805
1806
1807
1808
1809
1810
1811
1812
1813
1814
1815
1816
1817
1818
1819
1820
1821
1822
1823
1824
1825
1826
1827
1828
1829
1830
1831
1832
1833
1834
1835
1836
1837
1838
1839
1840
1841
1842
1843
1844
1845
1846
1847
1848
1849
1850
1851
1852
1853
1854
1855
1856
1857
1858
1859
1860
1861
1862
1863
1864
1865
1866
1867
1868
1869
1870
1871
1872
1873
1874
1875
1876
1877
1878
1879
1880
1881
1882
1883
1884
1885
1886
1887
1888
1889
1890
1891
1892
1893
1894
1895
1896
1897
1898
1899
1900
1901
1902
1903
1904
1905
1906
1907
1908
1909
1910
1911
1912
1913
1914
1915
1916
1917
1918
1919
1920
1921
1922
1923
1924
1925
1926
1927
1928
1929
1930
1931
1932
1933
1934
1935
1936
1937
1938
1939
1940
1941
1942
1943
1944
1945
1946
1947
1948
1949
1950
1951
1952
1953
1954
1955
1956
1957
1958
1959
1960
1961
1962
1963
1964
1965
1966
1967
1968
1969
1970
1971
1972
1973
1974
1975
1976
1977
1978
1979
1980
1981
1982
1983
1984
1985
1986
1987
1988
1989
1990
1991
1992
1993
1994
0.02913473773544402 0.007806629447904791 0.0762
0.02913473773544402 0.007806629447904791 0.1524
0.02913473773544402 0.007806629447904791 0.2286
0.02913473773544402 0.007806629447904791 0.3048
0.02913473773544402 0.007806629447904791 0.381
0.02913473773544402 0.007806629447904791 0.4572
0.02913473773544402 0.007806629447904791 0.5334
0.02913473773544402 0.007806629447904791 0.6096
0.02913473773544402 0.007806629447904791 0.6858000000000001
0.02913473773544402 0.007806629447904791 0.762
0.02913473773544402 0.007806629447904791 0.8382000000000001
0.02913473773544402 0.007806629447904791 0.9144
0.02913473773544402 0.007806629447904791 0.9906
0.02913473773544402 0.007806629447904791 1.0668
0.02913473773544402 0.007806629447904791 1.143
0.02913473773544402 0.007806629447904791 1.2192
0.02913473773544402 0.007806629447904791 1.2954
0.02913473773544402 0.007806629447904791 1.3716
0.02913473773544402 0.007806629447904791 1.4478
0.02913473773544402 0.007806629447904791 1.524
0.02913473773544402 0.007806629447904791 1.6002
0.02913473773544402 0.007806629447904791 1.6764
0.02913473773544402 0.007806629447904791 1.7526
0.02913473773544402 0.007806629447904791 1.8288
0.02913473773544402 0.007806629447904791 1.905
0.02913473773544402 0.007806629447904791 1.9812
0.02913473773544402 0.007806629447904791 2.0574
0.02913473773544402 0.007806629447904791 2.1336
0.02913473773544402 0.007806629447904791 2.2098
0.02913473773544402 0.007806629447904791 2.286
0.02913473773544402 0.007806629447904791 2.3622
0.02913473773544402 0.007806629447904791 2.4384
0.02913473773544402 0.007806629447904791 2.5146
0.02913473773544402 0.007806629447904791 2.5908
0.02913473773544402 0.007806629447904791 2.667
0.02913473773544402 0.007806629447904791 2.7432
0.02913473773544402 0.007806629447904791 2.8194
0.02913473773544402 0.007806629447904791 2.8956
0.02913473773544402 0.007806629447904791 2.9718
0.02913473773544402 0.007806629447904791 3.048
0.02913473773544402 0.007806629447904791 3.1242
0.02913473773544402 0.007806629447904791 3.2004
0.02913473773544402 0.007806629447904791 3.2766
0.02913473773544402 0.007806629447904791 3.3528
0.02913473773544402 0.007806629447904791 3.429
0.02913473773544402 0.007806629447904791 3.5052
0.02913473773544402 0.007806629447904791 3.5814
0.02913473773544402 0.007806629447904791 3.6576
0.02913473773544402 0.007806629447904791 3.7338
0.02913473773544402 0.007806629447904791 3.81
0.02913473773544402 0.007806629447904791 3.8862
0.02913473773544402 0.007806629447904791 3.9624
0.02913473773544402 0.007806629447904791 4.0386
0.02913473773544402 0.007806629447904791 4.114800000000001
0.02913473773544402 0.007806629447904791 4.191
0.02913473773544402 0.007806629447904791 4.2672
0.02913473773544402 0.007806629447904791 4.3434
0.02913473773544402 0.007806629447904791 4.4196
0.02913473773544402 0.007806629447904791 4.4958
0.02913473773544402 0.007806629447904791 4.572
0.02913473773544402 0.007806629447904791 4.6482
0.02913473773544402 0.007806629447904791 4.7244
0.02913473773544402 0.007806629447904791 4.8006
0.02913473773544402 0.007806629447904791 4.8768
0.02913473773544402 0.007806629447904791 4.953
0.02913473773544402 0.007806629447904791 5.029199999999999
0.02913473773544402 0.007806629447904791 5.1054
0.02913473773544402 0.007806629447904791 5.1816
0.02913473773544402 0.007806629447904791 5.2578
0.02913473773544402 0.007806629447904791 5.334
0.02913473773544402 0.007806629447904791 5.4102
0.02913473773544402 0.007806629447904791 5.486400000000001
0.02913473773544402 0.007806629447904791 5.5626
0.02913473773544402 0.007806629447904791 5.638800000000001
0.02913473773544402 0.007806629447904791 5.715
0.02913473773544402 0.007806629447904791 5.7912
0.02913473773544402 0.007806629447904791 5.8674
0.02913473773544402 0.007806629447904791 5.9436
0.02913473773544402 0.007806629447904791 6.0198
0.02612149124164812 0.01508125000000001 0.0762
0.02612149124164812 0.01508125000000001 0.1524
0.02612149124164812 0.01508125000000001 0.2286
0.02612149124164812 0.01508125000000001 0.3048
0.02612149124164812 0.01508125000000001 0.381
0.02612149124164812 0.01508125000000001 0.4572
0.02612149124164812 0.01508125000000001 0.5334
0.02612149124164812 0.01508125000000001 0.6096
0.02612149124164812 0.01508125000000001 0.6858000000000001
0.02612149124164812 0.01508125000000001 0.762
0.02612149124164812 0.01508125000000001 0.8382000000000001
0.02612149124164812 0.01508125000000001 0.9144
0.02612149124164812 0.01508125000000001 0.9906
0.02612149124164812 0.01508125000000001 1.0668
0.02612149124164812 0.01508125000000001 1.143
0.02612149124164812 0.01508125000000001 1.2192
0.02612149124164812 0.01508125000000001 1.2954
0.02612149124164812 0.01508125000000001 1.3716
0.02612149124164812 0.01508125000000001 1.4478
0.02612149124164812 0.01508125000000001 1.524
0.02612149124164812 0.01508125000000001 1.6002
0.02612149124164812 0.01508125000000001 1.6764
0.02612149124164812 0.01508125000000001 1.7526
0.02612149124164812 0.01508125000000001 1.8288
0.02612149124164812 0.01508125000000001 1.905
0.02612149124164812 0.01508125000000001 1.9812
0.02612149124164812 0.01508125000000001 2.0574
0.02612149124164812 0.01508125000000001 2.1336
0.02612149124164812 0.01508125000000001 2.2098
0.02612149124164812 0.01508125000000001 2.286
0.02612149124164812 0.01508125000000001 2.3622
0.02612149124164812 0.01508125000000001 2.4384
0.02612149124164812 0.01508125000000001 2.5146
0.02612149124164812 0.01508125000000001 2.5908
0.02612149124164812 0.01508125000000001 2.667
0.02612149124164812 0.01508125000000001 2.7432
0.02612149124164812 0.01508125000000001 2.8194
0.02612149124164812 0.01508125000000001 2.8956
0.02612149124164812 0.01508125000000001 2.9718
0.02612149124164812 0.01508125000000001 3.048
0.02612149124164812 0.01508125000000001 3.1242
0.02612149124164812 0.01508125000000001 3.2004
0.02612149124164812 0.01508125000000001 3.2766
0.02612149124164812 0.01508125000000001 3.3528
0.02612149124164812 0.01508125000000001 3.429
0.02612149124164812 0.01508125000000001 3.5052
0.02612149124164812 0.01508125000000001 3.5814
0.02612149124164812 0.01508125000000001 3.6576
0.02612149124164812 0.01508125000000001 3.7338
0.02612149124164812 0.01508125000000001 3.81
0.02612149124164812 0.01508125000000001 3.8862
0.02612149124164812 0.01508125000000001 3.9624
0.02612149124164812 0.01508125000000001 4.0386
0.02612149124164812 0.01508125000000001 4.114800000000001
0.02612149124164812 0.01508125000000001 4.191
0.02612149124164812 0.01508125000000001 4.2672
0.02612149124164812 0.01508125000000001 4.3434
0.02612149124164812 0.01508125000000001 4.4196
0.02612149124164812 0.01508125000000001 4.4958
0.02612149124164812 0.01508125000000001 4.572
0.02612149124164812 0.01508125000000001 4.6482
0.02612149124164812 0.01508125000000001 4.7244
0.02612149124164812 0.01508125000000001 4.8006
0.02612149124164812 0.01508125000000001 4.8768
0.02612149124164812 0.01508125000000001 4.953
0.02612149124164812 0.01508125000000001 5.029199999999999
0.02612149124164812 0.01508125000000001 5.1054
0.02612149124164812 0.01508125000000001 5.1816
0.02612149124164812 0.01508125000000001 5.2578
0.02612149124164812 0.01508125000000001 5.334
0.02612149124164812 0.01508125000000001 5.4102
0.02612149124164812 0.01508125000000001 5.486400000000001
0.02612149124164812 0.01508125000000001 5.5626
0.02612149124164812 0.01508125000000001 5.638800000000001
0.02612149124164812 0.01508125000000001 5.715
0.02612149124164812 0.01508125000000001 5.7912
0.02612149124164812 0.01508125000000001 5.8674
0.02612149124164812 0.01508125000000001 5.9436
0.02612149124164812 0.01508125000000001 6.0198
0.02132810828753922 0.02132810828753926 0.0762
0.02132810828753922 0.02132810828753926 0.1524
0.02132810828753922 0.02132810828753926 0.2286
0.02132810828753922 0.02132810828753926 0.3048
0.02132810828753922 0.02132810828753926 0.381
0.02132810828753922 0.02132810828753926 0.4572
0.02132810828753922 0.02132810828753926 0.5334
0.02132810828753922 0.02132810828753926 0.6096
0.02132810828753922 0.02132810828753926 0.6858000000000001
0.02132810828753922 0.02132810828753926 0.762
0.02132810828753922 0.02132810828753926 0.8382000000000001
0.02132810828753922 0.02132810828753926 0.9144
0.02132810828753922 0.02132810828753926 0.9906
0.02132810828753922 0.02132810828753926 1.0668
0.02132810828753922 0.02132810828753926 1.143
0.02132810828753922 0.02132810828753926 1.2192
0.02132810828753922 0.02132810828753926 1.2954
0.02132810828753922 0.02132810828753926 1.3716
0.02132810828753922 0.02132810828753926 1.4478
0.02132810828753922 0.02132810828753926 1.524
0.02132810828753922 0.02132810828753926 1.6002
0.02132810828753922 0.02132810828753926 1.6764
0.02132810828753922 0.02132810828753926 1.7526
0.02132810828753922 0.02132810828753926 1.8288
0.02132810828753922 0.02132810828753926 1.905
0.02132810828753922 0.02132810828753926 1.9812
0.02132810828753922 0.02132810828753926 2.0574
0.02132810828753922 0.02132810828753926 2.1336
0.02132810828753922 0.02132810828753926 2.2098
0.02132810828753922 0.02132810828753926 2.286
0.02132810828753922 0.02132810828753926 2.3622
0.02132810828753922 0.02132810828753926 2.4384
0.02132810828753922 0.02132810828753926 2.5146
0.02132810828753922 0.02132810828753926 2.5908
0.02132810828753922 0.02132810828753926 2.667
0.02132810828753922 0.02132810828753926 2.7432
0.02132810828753922 0.02132810828753926 2.8194
0.02132810828753922 0.02132810828753926 2.8956
0.02132810828753922 0.02132810828753926 2.9718
0.02132810828753922 0.02132810828753926 3.048
0.02132810828753922 0.02132810828753926 3.1242
0.02132810828753922 0.02132810828753926 3.2004
0.02132810828753922 0.02132810828753926 3.2766
0.02132810828753922 0.02132810828753926 3.3528
0.02132810828753922 0.02132810828753926 3.429
0.02132810828753922 0.02132810828753926 3.5052
0.02132810828753922 0.02132810828753926 3.5814
0.02132810828753922 0.02132810828753926 3.6576
0.02132810828753922 0.02132810828753926 3.7338
0.02132810828753922 0.02132810828753926 3.81
0.02132810828753922 0.02132810828753926 3.8862
0.02132810828753922 0.02132810828753926 3.9624
0.02132810828753922 0.02132810828753926 4.0386
0.02132810828753922 0.02132810828753926 4.114800000000001
0.02132810828753922 0.02132810828753926 4.191
0.02132810828753922 0.02132810828753926 4.2672
0.02132810828753922 0.02132810828753926 4.3434
0.02132810828753922 0.02132810828753926 4.4196
0.02132810828753922 0.02132810828753926 4.4958
0.02132810828753922 0.02132810828753926 4.572
0.02132810828753922 0.02132810828753926 4.6482
0.02132810828753922 0.02132810828753926 4.7244
0.02132810828753922 0.02132810828753926 4.8006
0.02132810828753922 0.02132810828753926 4.8768
0.02132810828753922 0.02132810828753926 4.953
0.02132810828753922 0.02132810828753926 5.029199999999999
0.02132810828753922 0.02132810828753926 5.1054
0.02132810828753922 0.02132810828753926 5.1816
0.02132810828753922 0.02132810828753926 5.2578
0.02132810828753922 0.02132810828753926 5.334
0.02132810828753922 0.02132810828753926 5.4102
0.02132810828753922 0.02132810828753926 5.486400000000001
0.02132810828753922 0.02132810828753926 5.5626
0.02132810828753922 0.02132810828753926 5.638800000000001
0.02132810828753922 0.02132810828753926 5.715
0.02132810828753922 0.02132810828753926 5.7912
0.02132810828753922 0.02132810828753926 5.8674
0.02132810828753922 0.02132810828753926 5.9436
0.02132810828753922 0.02132810828753926 6.0198
0.01508124999999997 0.02612149124164815 0.0762
0.01508124999999997 0.02612149124164815 0.1524
0.01508124999999997 0.02612149124164815 0.2286
0.01508124999999997 0.02612149124164815 0.3048
0.01508124999999997 0.02612149124164815 0.381
0.01508124999999997 0.02612149124164815 0.4572
0.01508124999999997 0.02612149124164815 0.5334
0.01508124999999997 0.02612149124164815 0.6096
0.01508124999999997 0.02612149124164815 0.6858000000000001
0.01508124999999997 0.02612149124164815 0.762
0.01508124999999997 0.02612149124164815 0.8382000000000001
0.01508124999999997 0.02612149124164815 0.9144
0.01508124999999997 0.02612149124164815 0.9906
0.01508124999999997 0.02612149124164815 1.0668
0.01508124999999997 0.02612149124164815 1.143
0.01508124999999997 0.02612149124164815 1.2192
0.01508124999999997 0.02612149124164815 1.2954
0.01508124999999997 0.02612149124164815 1.3716
0.01508124999999997 0.02612149124164815 1.4478
0.01508124999999997 0.02612149124164815 1.524
0.01508124999999997 0.02612149124164815 1.6002
0.01508124999999997 0.02612149124164815 1.6764
0.01508124999999997 0.02612149124164815 1.7526
0.01508124999999997 0.02612149124164815 1.8288
0.01508124999999997 0.02612149124164815 1.905
0.01508124999999997 0.02612149124164815 1.9812
0.01508124999999997 0.02612149124164815 2.0574
0.01508124999999997 0.02612149124164815 2.1336
0.01508124999999997 0.02612149124164815 2.2098
0.01508124999999997 0.02612149124164815 2.286
0.01508124999999997 0.02612149124164815 2.3622
0.01508124999999997 0.02612149124164815 2.4384
0.01508124999999997 0.02612149124164815 2.5146
0.01508124999999997 0.02612149124164815 2.5908
0.01508124999999997 0.02612149124164815 2.667
0.01508124999999997 0.02612149124164815 2.7432
0.01508124999999997 0.02612149124164815 2.8194
0.01508124999999997 0.02612149124164815 2.8956
0.01508124999999997 0.02612149124164815 2.9718
0.01508124999999997 0.02612149124164815 3.048
0.01508124999999997 0.02612149124164815 3.1242
0.01508124999999997 0.02612149124164815 3.2004
0.01508124999999997 0.02612149124164815 3.2766
0.01508124999999997 0.02612149124164815 3.3528
0.01508124999999997 0.02612149124164815 3.429
0.01508124999999997 0.02612149124164815 3.5052
0.01508124999999997 0.02612149124164815 3.5814
0.01508124999999997 0.02612149124164815 3.6576
0.01508124999999997 0.02612149124164815 3.7338
0.01508124999999997 0.02612149124164815 3.81
0.01508124999999997 0.02612149124164815 3.8862
0.01508124999999997 0.02612149124164815 3.9624
0.01508124999999997 0.02612149124164815 4.0386
0.01508124999999997 0.02612149124164815 4.114800000000001
0.01508124999999997 0.02612149124164815 4.191
0.01508124999999997 0.02612149124164815 4.2672
0.01508124999999997 0.02612149124164815 4.3434
0.01508124999999997 0.02612149124164815 4.4196
0.01508124999999997 0.02612149124164815 4.4958
0.01508124999999997 0.02612149124164815 4.572
0.01508124999999997 0.02612149124164815 4.6482
0.01508124999999997 0.02612149124164815 4.7244
0.01508124999999997 0.02612149124164815 4.8006
0.01508124999999997 0.02612149124164815 4.8768
0.01508124999999997 0.02612149124164815 4.953
0.01508124999999997 0.02612149124164815 5.029199999999999
0.01508124999999997 0.02612149124164815 5.1054
0.01508124999999997 0.02612149124164815 5.1816
0.01508124999999997 0.02612149124164815 5.2578
0.01508124999999997 0.02612149124164815 5.334
0.01508124999999997 0.02612149124164815 5.4102
0.01508124999999997 0.02612149124164815 5.486400000000001
0.01508124999999997 0.02612149124164815 5.5626
0.01508124999999997 0.02612149124164815 5.638800000000001
0.01508124999999997 0.02612149124164815 5.715
0.01508124999999997 0.02612149124164815 5.7912
0.01508124999999997 0.02612149124164815 5.8674
0.01508124999999997 0.02612149124164815 5.9436
0.01508124999999997 0.02612149124164815 6.0198
0.00780662944790473 0.02913473773544404 0.0762
0.00780662944790473 0.02913473773544404 0.1524
0.00780662944790473 0.02913473773544404 0.2286
0.00780662944790473 0.02913473773544404 0.3048
0.00780662944790473 0.02913473773544404 0.381
0.00780662944790473 0.02913473773544404 0.4572
0.00780662944790473 0.02913473773544404 0.5334
0.00780662944790473 0.02913473773544404 0.6096
0.00780662944790473 0.02913473773544404 0.6858000000000001
0.00780662944790473 0.02913473773544404 0.762
0.00780662944790473 0.02913473773544404 0.8382000000000001
0.00780662944790473 0.02913473773544404 0.9144
0.00780662944790473 0.02913473773544404 0.9906
0.00780662944790473 0.02913473773544404 1.0668
0.00780662944790473 0.02913473773544404 1.143
0.00780662944790473 0.02913473773544404 1.2192
0.00780662944790473 0.02913473773544404 1.2954
0.00780662944790473 0.02913473773544404 1.3716
0.00780662944790473 0.02913473773544404 1.4478
0.00780662944790473 0.02913473773544404 1.524
0.00780662944790473 0.02913473773544404 1.6002
0.00780662944790473 0.02913473773544404 1.6764
0.00780662944790473 0.02913473773544404 1.7526
0.00780662944790473 0.02913473773544404 1.8288
0.00780662944790473 0.02913473773544404 1.905
0.00780662944790473 0.02913473773544404 1.9812
0.00780662944790473 0.02913473773544404 2.0574
0.00780662944790473 0.02913473773544404 2.1336
0.00780662944790473 0.02913473773544404 2.2098
0.00780662944790473 0.02913473773544404 2.286
0.00780662944790473 0.02913473773544404 2.3622
0.00780662944790473 0.02913473773544404 2.4384
0.00780662944790473 0.02913473773544404 2.5146
0.00780662944790473 0.02913473773544404 2.5908
0.00780662944790473 0.02913473773544404 2.667
0.00780662944790473 0.02913473773544404 2.7432
0.00780662944790473 0.02913473773544404 2.8194
0.00780662944790473 0.02913473773544404 2.8956
0.00780662944790473 0.02913473773544404 2.9718
0.00780662944790473 0.02913473773544404 3.048
0.00780662944790473 0.02913473773544404 3.1242
0.00780662944790473 0.02913473773544404 3.2004
0.00780662944790473 0.02913473773544404 3.2766
0.00780662944790473 0.02913473773544404 3.3528
0.00780662944790473 0.02913473773544404 3.429
0.00780662944790473 0.02913473773544404 3.5052
0.00780662944790473 0.02913473773544404 3.5814
0.00780662944790473 0.02913473773544404 3.6576
0.00780662944790473 0.02913473773544404 3.7338
0.00780662944790473 0.02913473773544404 3.81
0.00780662944790473 0.02913473773544404 3.8862
0.00780662944790473 0.02913473773544404 3.9624
0.00780662944790473 0.02913473773544404 4.0386
0.00780662944790473 0.02913473773544404 4.114800000000001
0.00780662944790473 0.02913473773544404 4.191
0.00780662944790473 0.02913473773544404 4.2672
0.00780662944790473 0.02913473773544404 4.3434
0.00780662944790473 0.02913473773544404 4.4196
0.00780662944790473 0.02913473773544404 4.4958
0.00780662944790473 0.02913473773544404 4.572
0.00780662944790473 0.02913473773544404 4.6482
0.00780662944790473 0.02913473773544404 4.7244
0.00780662944790473 0.02913473773544404 4.8006
0.00780662944790473 0.02913473773544404 4.8768
0.00780662944790473 0.02913473773544404 4.953
0.00780662944790473 0.02913473773544404 5.029199999999999
0.00780662944790473 0.02913473773544404 5.1054
0.00780662944790473 0.02913473773544404 5.1816
0.00780662944790473 0.02913473773544404 5.2578
0.00780662944790473 0.02913473773544404 5.334
0.00780662944790473 0.02913473773544404 5.4102
0.00780662944790473 0.02913473773544404 5.486400000000001
0.00780662944790473 0.02913473773544404 5.5626
0.00780662944790473 0.02913473773544404 5.638800000000001
0.00780662944790473 0.02913473773544404 5.715
0.00780662944790473 0.02913473773544404 5.7912
0.00780662944790473 0.02913473773544404 5.8674
0.00780662944790473 0.02913473773544404 5.9436
0.00780662944790473 0.02913473773544404 6.0198
-7.182470390259972e-17 0.0301625 0.0762
-7.182470390259972e-17 0.0301625 0.1524
-7.182470390259972e-17 0.0301625 0.2286
-7.182470390259972e-17 0.0301625 0.3048
-7.182470390259972e-17 0.0301625 0.381
-7.182470390259972e-17 0.0301625 0.4572
-7.182470390259972e-17 0.0301625 0.5334
-7.182470390259972e-17 0.0301625 0.6096
-7.182470390259972e-17 0.0301625 0.6858000000000001
-7.182470390259972e-17 0.0301625 0.762
-7.182470390259972e-17 0.0301625 0.8382000000000001
-7.182470390259972e-17 0.0301625 0.9144
-7.182470390259972e-17 0.0301625 0.9906
-7.182470390259972e-17 0.0301625 1.0668
-7.182470390259972e-17 0.0301625 1.143
-7.182470390259972e-17 0.0301625 1.2192
-7.182470390259972e-17 0.0301625 1.2954
-7.182470390259972e-17 0.0301625 1.3716
-7.182470390259972e-17 0.0301625 1.4478
-7.182470390259972e-17 0.0301625 1.524
-7.182470390259972e-17 0.0301625 1.6002
-7.182470390259972e-17 0.0301625 1.6764
-7.182470390259972e-17 0.0301625 1.7526
-7.182470390259972e-17 0.0301625 1.8288
-7.182470390259972e-17 0.0301625 1.905
-7.182470390259972e-17 0.0301625 1.9812
-7.182470390259972e-17 0.0301625 2.0574
-7.182470390259972e-17 0.0301625 2.1336
-7.182470390259972e-17 0.0301625 2.2098
-7.182470390259972e-17 0.0301625 2.286
-7.182470390259972e-17 0.0301625 2.3622
-7.182470390259972e-17 0.0301625 2.4384
-7.182470390259972e-17 0.0301625 2.5146
-7.182470390259972e-17 0.0301625 2.5908
-7.182470390259972e-17 0.0301625 2.667
-7.182470390259972e-17 0.0301625 2.7432
-7.182470390259972e-17 0.0301625 2.8194
-7.182470390259972e-17 0.0301625 2.8956
-7.182470390259972e-17 0.0301625 2.9718
-7.182470390259972e-17 0.0301625 3.048
-7.182470390259972e-17 0.0301625 3.1242
-7.182470390259972e-17 0.0301625 3.2004
-7.182470390259972e-17 0.0301625 3.2766
-7.182470390259972e-17 0.0301625 3.3528
-7.182470390259972e-17 0.0301625 3.429
-7.182470390259972e-17 0.0301625 3.5052
-7.182470390259972e-17 0.0301625 3.5814
-7.182470390259972e-17 0.0301625 3.6576
-7.182470390259972e-17 0.0301625 3.7338
-7.182470390259972e-17 0.0301625 3.81
-7.182470390259972e-17 0.0301625 3.8862
-7.182470390259972e-17 0.0301625 3.9624
-7.182470390259972e-17 0.0301625 4.0386
-7.182470390259972e-17 0.0301625 4.114800000000001
-7.182470390259972e-17 0.0301625 4.191
-7.182470390259972e-17 0.0301625 4.2672
-7.182470390259972e-17 0.0301625 4.3434
-7.182470390259972e-17 0.0301625 4.4196
-7.182470390259972e-17 0.0301625 4.4958
-7.182470390259972e-17 0.0301625 4.572
-7.182470390259972e-17 0.0301625 4.6482
-7.182470390259972e-17 0.0301625 4.7244
-7.182470390259972e-17 0.0301625 4.8006
-7.182470390259972e-17 0.0301625 4.8768
-7.182470390259972e-17 0.0301625 4.953
-7.182470390259972e-17 0.0301625 5.029199999999999
-7.182470390259972e-17 0.0301625 5.1054
-7.182470390259972e-17 0.0301625 5.1816
-7.182470390259972e-17 0.0301625 5.2578
-7.182470390259972e-17 0.0301625 5.334
-7.182470390259972e-17 0.0301625 5.4102
-7.182470390259972e-17 0.0301625 5.486400000000001
-7.182470390259972e-17 0.0301625 5.5626
-7.182470390259972e-17 0.0301625 5.638800000000001
-7.182470390259972e-17 0.0301625 5.715
-7.182470390259972e-17 0.0301625 5.7912
-7.182470390259972e-17 0.0301625 5.8674
-7.182470390259972e-17 0.0301625 5.9436
-7.182470390259972e-17 0.0301625 6.0198
-0.007806629447904855 0.029134737735444 0.0762
-0.007806629447904855 0.029134737735444 0.1524
-0.007806629447904855 0.029134737735444 0.2286
-0.007806629447904855 0.029134737735444 0.3048
-0.007806629447904855 0.029134737735444 0.381
-0.007806629447904855 0.029134737735444 0.4572
-0.007806629447904855 0.029134737735444 0.5334
-0.007806629447904855 0.029134737735444 0.6096
-0.007806629447904855 0.029134737735444 0.6858000000000001
-0.007806629447904855 0.029134737735444 0.762
-0.007806629447904855 0.029134737735444 0.8382000000000001
-0.007806629447904855 0.029134737735444 0.9144
-0.007806629447904855 0.029134737735444 0.9906
-0.007806629447904855 0.029134737735444 1.0668
-0.007806629447904855 0.029134737735444 1.143
-0.007806629447904855 0.029134737735444 1.2192
-0.007806629447904855 0.029134737735444 1.2954
-0.007806629447904855 0.029134737735444 1.3716
-0.007806629447904855 0.029134737735444 1.4478
-0.007806629447904855 0.029134737735444 1.524
-0.007806629447904855 0.029134737735444 1.6002
-0.007806629447904855 0.029134737735444 1.6764
-0.007806629447904855 0.029134737735444 1.7526
-0.007806629447904855 0.029134737735444 1.8288
-0.007806629447904855 0.029134737735444 1.905
-0.007806629447904855 0.029134737735444 1.9812
-0.007806629447904855 0.029134737735444 2.0574
-0.007806629447904855 0.029134737735444 2.1336
-0.007806629447904855 0.029134737735444 2.2098
-0.007806629447904855 0.029134737735444 2.286
-0.007806629447904855 0.029134737735444 2.3622
-0.007806629447904855 0.029134737735444 2.4384
-0.007806629447904855 0.029134737735444 2.5146
-0.007806629447904855 0.029134737735444 2.5908
-0.007806629447904855 0.029134737735444 2.667
-0.007806629447904855 0.029134737735444 2.7432
-0.007806629447904855 0.029134737735444 2.8194
-0.007806629447904855 0.029134737735444 2.8956
-0.007806629447904855 0.029134737735444 2.9718
-0.007806629447904855 0.029134737735444 3.048
-0.007806629447904855 0.029134737735444 3.1242
-0.007806629447904855 0.029134737735444 3.2004
-0.007806629447904855 0.029134737735444 3.2766
-0.007806629447904855 0.029134737735444 3.3528
-0.007806629447904855 0.029134737735444 3.429
-0.007806629447904855 0.029134737735444 3.5052
-0.007806629447904855 0.029134737735444 3.5814
-0.007806629447904855 0.029134737735444 3.6576
-0.007806629447904855 0.029134737735444 3.7338
-0.007806629447904855 0.029134737735444 3.81
-0.007806629447904855 0.029134737735444 3.8862
-0.007806629447904855 0.029134737735444 3.9624
-0.007806629447904855 0.029134737735444 4.0386
-0.007806629447904855 0.029134737735444 4.114800000000001
-0.007806629447904855 0.029134737735444 4.191
-0.007806629447904855 0.029134737735444 4.2672
-0.007806629447904855 0.029134737735444 4.3434
-0.007806629447904855 0.029134737735444 4.4196
-0.007806629447904855 0.029134737735444 4.4958
-0.007806629447904855 0.029134737735444 4.572
-0.007806629447904855 0.029134737735444 4.6482
-0.007806629447904855 0.029134737735444 4.7244
-0.007806629447904855 0.029134737735444 4.8006
-0.007806629447904855 0.029134737735444 4.8768
-0.007806629447904855 0.029134737735444 4.953
-0.007806629447904855 0.029134737735444 5.029199999999999
-0.007806629447904855 0.029134737735444 5.1054
-0.007806629447904855 0.029134737735444 5.1816
-0.007806629447904855 0.029134737735444 5.2578
-0.007806629447904855 0.029134737735444 5.334
-0.007806629447904855 0.029134737735444 5.4102
-0.007806629447904855 0.029134737735444 5.486400000000001
-0.007806629447904855 0.029134737735444 5.5626
-0.007806629447904855 0.029134737735444 5.638800000000001
-0.007806629447904855 0.029134737735444 5.715
-0.007806629447904855 0.029134737735444 5.7912
-0.007806629447904855 0.029134737735444 5.8674
-0.007806629447904855 0.029134737735444 5.9436
-0.007806629447904855 0.029134737735444 6.0198
-0.01508125000000006 0.02612149124164809 0.0762
-0.01508125000000006 0.02612149124164809 0.1524
-0.01508125000000006 0.02612149124164809 0.2286
-0.01508125000000006 0.02612149124164809 0.3048
-0.01508125000000006 0.02612149124164809 0.381
-0.01508125000000006 0.02612149124164809 0.4572
-0.01508125000000006 0.02612149124164809 0.5334
-0.01508125000000006 0.02612149124164809 0.6096
-0.01508125000000006 0.02612149124164809 0.6858000000000001
-0.01508125000000006 0.02612149124164809 0.762
-0.01508125000000006 0.02612149124164809 0.8382000000000001
-0.01508125000000006 0.02612149124164809 0.9144
-0.01508125000000006 0.02612149124164809 0.9906
-0.01508125000000006 0.02612149124164809 1.0668
-0.01508125000000006 0.02612149124164809 1.143
-0.01508125000000006 0.02612149124164809 1.2192
-0.01508125000000006 0.02612149124164809 1.2954
-0.01508125000000006 0.02612149124164809 1.3716
-0.01508125000000006 0.02612149124164809 1.4478
-0.01508125000000006 0.02612149124164809 1.524
-0.01508125000000006 0.02612149124164809 1.6002
-0.01508125000000006 0.02612149124164809 1.6764
-0.01508125000000006 0.02612149124164809 1.7526
-0.01508125000000006 0.02612149124164809 1.8288
-0.01508125000000006 0.02612149124164809 1.905
-0.01508125000000006 0.02612149124164809 1.9812
-0.01508125000000006 0.02612149124164809 2.0574
-0.01508125000000006 0.02612149124164809 2.1336
-0.01508125000000006 0.02612149124164809 2.2098
-0.01508125000000006 0.02612149124164809 2.286
-0.01508125000000006 0.02612149124164809 2.3622
-0.01508125000000006 0.02612149124164809 2.4384
-0.01508125000000006 0.02612149124164809 2.5146
-0.01508125000000006 0.02612149124164809 2.5908
-0.01508125000000006 0.02612149124164809 2.667
-0.01508125000000006 0.02612149124164809 2.7432
-0.01508125000000006 0.02612149124164809 2.8194
-0.01508125000000006 0.02612149124164809 2.8956
-0.01508125000000006 0.02612149124164809 2.9718
-0.01508125000000006 0.02612149124164809 3.048
-0.01508125000000006 0.02612149124164809 3.1242
-0.01508125000000006 0.02612149124164809 3.2004
-0.01508125000000006 0.02612149124164809 3.2766
-0.01508125000000006 0.02612149124164809 3.3528
-0.01508125000000006 0.02612149124164809 3.429
-0.01508125000000006 0.02612149124164809 3.5052
-0.01508125000000006 0.02612149124164809 3.5814
-0.01508125000000006 0.02612149124164809 3.6576
-0.01508125000000006 0.02612149124164809 3.7338
-0.01508125000000006 0.02612149124164809 3.81
-0.01508125000000006 0.02612149124164809 3.8862
-0.01508125000000006 0.02612149124164809 3.9624
-0.01508125000000006 0.02612149124164809 4.0386
-0.01508125000000006 0.02612149124164809 4.114800000000001
-0.01508125000000006 0.02612149124164809 4.191
-0.01508125000000006 0.02612149124164809 4.2672
-0.01508125000000006 0.02612149124164809 4.3434
-0.01508125000000006 0.02612149124164809 4.4196
-0.01508125000000006 0.02612149124164809 4.4958
-0.01508125000000006 0.02612149124164809 4.572
-0.01508125000000006 0.02612149124164809 4.6482
-0.01508125000000006 0.02612149124164809 4.7244
-0.01508125000000006 0.02612149124164809 4.8006
-0.01508125000000006 0.02612149124164809 4.8768
-0.01508125000000006 0.02612149124164809 4.953
-0.01508125000000006 0.02612149124164809 5.029199999999999
-0.01508125000000006 0.02612149124164809 5.1054
-0.01508125000000006 0.02612149124164809 5.1816
-0.01508125000000006 0.02612149124164809 5.2578
-0.01508125000000006 0.02612149124164809 5.334
-0.01508125000000006 0.02612149124164809 5.4102
-0.01508125000000006 0.02612149124164809 5.486400000000001
-0.01508125000000006 0.02612149124164809 5.5626
-0.01508125000000006 0.02612149124164809 5.638800000000001
-0.01508125000000006 0.02612149124164809 5.715
-0.01508125000000006 0.02612149124164809 5.7912
-0.01508125000000006 0.02612149124164809 5.8674
-0.01508125000000006 0.02612149124164809 5.9436
-0.01508125000000006 0.02612149124164809 6.0198
-0.02132810828753928 0.02132810828753919 0.0762
-0.02132810828753928 0.02132810828753919 0.1524
-0.02132810828753928 0.02132810828753919 0.2286
-0.02132810828753928 0.02132810828753919 0.3048
-0.02132810828753928 0.02132810828753919 0.381
-0.02132810828753928 0.02132810828753919 0.4572
-0.02132810828753928 0.02132810828753919 0.5334
-0.02132810828753928 0.02132810828753919 0.6096
-0.02132810828753928 0.02132810828753919 0.6858000000000001
-0.02132810828753928 0.02132810828753919 0.762
-0.02132810828753928 0.02132810828753919 0.8382000000000001
-0.02132810828753928 0.02132810828753919 0.9144
-0.02132810828753928 0.02132810828753919 0.9906
-0.02132810828753928 0.02132810828753919 1.0668
-0.02132810828753928 0.02132810828753919 1.143
-0.02132810828753928 0.02132810828753919 1.2192
-0.02132810828753928 0.02132810828753919 1.2954
-0.02132810828753928 0.02132810828753919 1.3716
-0.02132810828753928 0.02132810828753919 1.4478
-0.02132810828753928 0.02132810828753919 1.524
-0.02132810828753928 0.02132810828753919 1.6002
-0.02132810828753928 0.02132810828753919 1.6764
-0.02132810828753928 0.02132810828753919 1.7526
-0.02132810828753928 0.02132810828753919 1.8288
-0.02132810828753928 0.02132810828753919 1.905
-0.02132810828753928 0.02132810828753919 1.9812
-0.02132810828753928 0.02132810828753919 2.0574
-0.02132810828753928 0.02132810828753919 2.1336
-0.02132810828753928 0.02132810828753919 2.2098
-0.02132810828753928 0.02132810828753919 2.286
-0.02132810828753928 0.02132810828753919 2.3622
-0.02132810828753928 0.02132810828753919 2.4384
-0.02132810828753928 0.02132810828753919 2.5146
-0.02132810828753928 0.02132810828753919 2.5908
-0.02132810828753928 0.02132810828753919 2.667
-0.02132810828753928 0.02132810828753919 2.7432
-0.02132810828753928 0.02132810828753919 2.8194
-0.02132810828753928 0.02132810828753919 2.8956
-0.02132810828753928 0.02132810828753919 2.9718
-0.02132810828753928 0.02132810828753919 3.048
-0.02132810828753928 0.02132810828753919 3.1242
-0.02132810828753928 0.02132810828753919 3.2004
-0.02132810828753928 0.02132810828753919 3.2766
-0.02132810828753928 0.02132810828753919 3.3528
-0.02132810828753928 0.02132810828753919 3.429
-0.02132810828753928 0.02132810828753919 3.5052
-0.02132810828753928 0.02132810828753919 3.5814
-0.02132810828753928 0.02132810828753919 3.6576
-0.02132810828753928 0.02132810828753919 3.7338
-0.02132810828753928 0.02132810828753919 3.81
-0.02132810828753928 0.02132810828753919 3.8862
-0.02132810828753928 0.02132810828753919 3.9624
-0.02132810828753928 0.02132810828753919 4.0386
-0.02132810828753928 0.02132810828753919 4.114800000000001
-0.02132810828753928 0.02132810828753919 4.191
-0.02132810828753928 0.02132810828753919 4.2672
-0.02132810828753928 0.02132810828753919 4.3434
-0.02132810828753928 0.02132810828753919 4.4196
-0.02132810828753928 0.02132810828753919 4.4958
-0.02132810828753928 0.02132810828753919 4.572
-0.02132810828753928 0.02132810828753919 4.6482
-0.02132810828753928 0.02132810828753919 4.7244
-0.02132810828753928 0.02132810828753919 4.8006
-0.02132810828753928 0.02132810828753919 4.8768
-0.02132810828753928 0.02132810828753919 4.953
-0.02132810828753928 0.02132810828753919 5.029199999999999
-0.02132810828753928 0.02132810828753919 5.1054
-0.02132810828753928 0.02132810828753919 5.1816
-0.02132810828753928 0.02132810828753919 5.2578
-0.02132810828753928 0.02132810828753919 5.334
-0.02132810828753928 0.02132810828753919 5.4102
-0.02132810828753928 0.02132810828753919 5.486400000000001
-0.02132810828753928 0.02132810828753919 5.5626
-0.02132810828753928 0.02132810828753919 5.638800000000001
-0.02132810828753928 0.02132810828753919 5.715
-0.02132810828753928 0.02132810828753919 5.7912
-0.02132810828753928 0.02132810828753919 5.8674
-0.02132810828753928 0.02132810828753919 5.9436
-0.02132810828753928 0.02132810828753919 6.0198
-0.02612149124164816 0.01508124999999995 0.0762
-0.02612149124164816 0.01508124999999995 0.1524
-0.02612149124164816 0.01508124999999995 0.2286
-0.02612149124164816 0.01508124999999995 0.3048
-0.02612149124164816 0.01508124999999995 0.381
-0.02612149124164816 0.01508124999999995 0.4572
-0.02612149124164816 0.01508124999999995 0.5334
-0.02612149124164816 0.01508124999999995 0.6096
-0.02612149124164816 0.01508124999999995 0.6858000000000001
-0.02612149124164816 0.01508124999999995 0.762
-0.02612149124164816 0.01508124999999995 0.8382000000000001
-0.02612149124164816 0.01508124999999995 0.9144
-0.02612149124164816 0.01508124999999995 0.9906
-0.02612149124164816 0.01508124999999995 1.0668
-0.02612149124164816 0.01508124999999995 1.143
-0.02612149124164816 0.01508124999999995 1.2192
-0.02612149124164816 0.01508124999999995 1.2954
-0.02612149124164816 0.01508124999999995 1.3716
-0.02612149124164816 0.01508124999999995 1.4478
-0.02612149124164816 0.01508124999999995 1.524
-0.02612149124164816 0.01508124999999995 1.6002
-0.02612149124164816 0.01508124999999995 1.6764
-0.02612149124164816 0.01508124999999995 1.7526
-0.02612149124164816 0.01508124999999995 1.8288
-0.02612149124164816 0.01508124999999995 1.905
-0.02612149124164816 0.01508124999999995 1.9812
-0.02612149124164816 0.01508124999999995 2.0574
-0.02612149124164816 0.01508124999999995 2.1336
-0.02612149124164816 0.01508124999999995 2.2098
-0.02612149124164816 0.01508124999999995 2.286
-0.02612149124164816 0.01508124999999995 2.3622
-0.02612149124164816 0.01508124999999995 2.4384
-0.02612149124164816 0.01508124999999995 2.5146
-0.02612149124164816 0.01508124999999995 2.5908
-0.02612149124164816 0.01508124999999995 2.667
-0.02612149124164816 0.01508124999999995 2.7432
-0.02612149124164816 0.01508124999999995 2.8194
-0.02612149124164816 0.01508124999999995 2.8956
-0.02612149124164816 0.01508124999999995 2.9718
-0.02612149124164816 0.01508124999999995 3.048
-0.02612149124164816 0.01508124999999995 3.1242
-0.02612149124164816 0.01508124999999995 3.2004
-0.02612149124164816 0.01508124999999995 3.2766
-0.02612149124164816 0.01508124999999995 3.3528
-0.02612149124164816 0.01508124999999995 3.429
-0.02612149124164816 0.01508124999999995 3.5052
-0.02612149124164816 0.01508124999999995 3.5814
-0.02612149124164816 0.01508124999999995 3.6576
-0.02612149124164816 0.01508124999999995 3.7338
-0.02612149124164816 0.01508124999999995 3.81
-0.02612149124164816 0.01508124999999995 3.8862
-0.02612149124164816 0.01508124999999995 3.9624
-0.02612149124164816 0.01508124999999995 4.0386
-0.02612149124164816 0.01508124999999995 4.114800000000001
-0.02612149124164816 0.01508124999999995 4.191
-0.02612149124164816 0.01508124999999995 4.2672
-0.02612149124164816 0.01508124999999995 4.3434
-0.02612149124164816 0.01508124999999995 4.4196
-0.02612149124164816 0.01508124999999995 4.4958
-0.02612149124164816 0.01508124999999995 4.572
-0.02612149124164816 0.01508124999999995 4.6482
-0.02612149124164816 0.01508124999999995 4.7244
-0.02612149124164816 0.01508124999999995 4.8006
-0.02612149124164816 0.01508124999999995 4.8768
-0.02612149124164816 0.01508124999999995 4.953
-0.02612149124164816 0.01508124999999995 5.029199999999999
-0.02612149124164816 0.01508124999999995 5.1054
-0.02612149124164816 0.01508124999999995 5.1816
-0.02612149124164816 0.01508124999999995 5.2578
-0.02612149124164816 0.01508124999999995 5.334
-0.02612149124164816 0.01508124999999995 5.4102
-0.02612149124164816 0.01508124999999995 5.486400000000001
-0.02612149124164816 0.01508124999999995 5.5626
-0.02612149124164816 0.01508124999999995 5.638800000000001
-0.02612149124164816 0.01508124999999995 5.715
-0.02612149124164816 0.01508124999999995 5.7912
-0.02612149124164816 0.01508124999999995 5.8674
-0.02612149124164816 0.01508124999999995 5.9436
-0.02612149124164816 0.01508124999999995 6.0198
-0.02913473773544403 0.007806629447904737 0.0762
-0.02913473773544403 0.007806629447904737 0.1524
-0.02913473773544403 0.007806629447904737 0.2286
-0.02913473773544403 0.007806629447904737 0.3048
-0.02913473773544403 0.007806629447904737 0.381
-0.02913473773544403 0.007806629447904737 0.4572
-0.02913473773544403 0.007806629447904737 0.5334
-0.02913473773544403 0.007806629447904737 0.6096
-0.02913473773544403 0.007806629447904737 0.6858000000000001
-0.02913473773544403 0.007806629447904737 0.762
-0.02913473773544403 0.007806629447904737 0.8382000000000001
-0.02913473773544403 0.007806629447904737 0.9144
-0.02913473773544403 0.007806629447904737 0.9906
-0.02913473773544403 0.007806629447904737 1.0668
-0.02913473773544403 0.007806629447904737 1.143
-0.02913473773544403 0.007806629447904737 1.2192
-0.02913473773544403 0.007806629447904737 1.2954
-0.02913473773544403 0.007806629447904737 1.3716
-0.02913473773544403 0.007806629447904737 1.4478
-0.02913473773544403 0.007806629447904737 1.524
-0.02913473773544403 0.007806629447904737 1.6002
-0.02913473773544403 0.007806629447904737 1.6764
-0.02913473773544403 0.007806629447904737 1.7526
-0.02913473773544403 0.007806629447904737 1.8288
-0.02913473773544403 0.007806629447904737 1.905
-0.02913473773544403 0.007806629447904737 1.9812
-0.02913473773544403 0.007806629447904737 2.0574
-0.02913473773544403 0.007806629447904737 2.1336
-0.02913473773544403 0.007806629447904737 2.2098
-0.02913473773544403 0.007806629447904737 2.286
-0.02913473773544403 0.007806629447904737 2.3622
-0.02913473773544403 0.007806629447904737 2.4384
-0.02913473773544403 0.007806629447904737 2.5146
-0.02913473773544403 0.007806629447904737 2.5908
-0.02913473773544403 0.007806629447904737 2.667
-0.02913473773544403 0.007806629447904737 2.7432
-0.02913473773544403 0.007806629447904737 2.8194
-0.02913473773544403 0.007806629447904737 2.8956
-0.02913473773544403 0.007806629447904737 2.9718
-0.02913473773544403 0.007806629447904737 3.048
-0.02913473773544403 0.007806629447904737 3.1242
-0.02913473773544403 0.007806629447904737 3.2004
-0.02913473773544403 0.007806629447904737 3.2766
-0.02913473773544403 0.007806629447904737 3.3528
-0.02913473773544403 0.007806629447904737 3.429
-0.02913473773544403 0.007806629447904737 3.5052
-0.02913473773544403 0.007806629447904737 3.5814
-0.02913473773544403 0.007806629447904737 3.6576
-0.02913473773544403 0.007806629447904737 3.7338
-0.02913473773544403 0.007806629447904737 3.81
-0.02913473773544403 0.007806629447904737 3.8862
-0.02913473773544403 0.007806629447904737 3.9624
-0.02913473773544403 0.007806629447904737 4.0386
-0.02913473773544403 0.007806629447904737 4.114800000000001
-0.02913473773544403 0.007806629447904737 4.191
-0.02913473773544403 0.007806629447904737 4.2672
-0.02913473773544403 0.007806629447904737 4.3434
-0.02913473773544403 0.007806629447904737 4.4196
-0.02913473773544403 0.007806629447904737 4.4958
-0.02913473773544403 0.007806629447904737 4.572
-0.02913473773544403 0.007806629447904737 4.6482
-0.02913473773544403 0.007806629447904737 4.7244
-0.02913473773544403 0.007806629447904737 4.8006
-0.02913473773544403 0.007806629447904737 4.8768
-0.02913473773544403 0.007806629447904737 4.953
-0.02913473773544403 0.007806629447904737 5.029199999999999
-0.02913473773544403 0.007806629447904737 5.1054
-0.02913473773544403 0.007806629447904737 5.1816
-0.02913473773544403 0.007806629447904737 5.2578
-0.02913473773544403 0.007806629447904737 5.334
-0.02913473773544403 0.007806629447904737 5.4102
-0.02913473773544403 0.007806629447904737 5.486400000000001
-0.02913473773544403 0.007806629447904737 5.5626
-0.02913473773544403 0.007806629447904737 5.638800000000001
-0.02913473773544403 0.007806629447904737 5.715
-0.02913473773544403 0.007806629447904737 5.7912
-0.02913473773544403 0.007806629447904737 5.8674
-0.02913473773544403 0.007806629447904737 5.9436
-0.02913473773544403 0.007806629447904737 6.0198
-0.0301625 -3.649068146837933e-17 0.0762
-0.0301625 -3.649068146837933e-17 0.1524
-0.0301625 -3.649068146837933e-17 0.2286
-0.0301625 -3.649068146837933e-17 0.3048
-0.0301625 -3.649068146837933e-17 0.381
-0.0301625 -3.649068146837933e-17 0.4572
-0.0301625 -3.649068146837933e-17 0.5334
-0.0301625 -3.649068146837933e-17 0.6096
-0.0301625 -3.649068146837933e-17 0.6858000000000001
-0.0301625 -3.649068146837933e-17 0.762
-0.0301625 -3.649068146837933e-17 0.8382000000000001
-0.0301625 -3.649068146837933e-17 0.9144
-0.0301625 -3.649068146837933e-17 0.9906
-0.0301625 -3.649068146837933e-17 1.0668
-0.0301625 -3.649068146837933e-17 1.143
-0.0301625 -3.649068146837933e-17 1.2192
-0.0301625 -3.649068146837933e-17 1.2954
-0.0301625 -3.649068146837933e-17 1.3716
-0.0301625 -3.649068146837933e-17 1.4478
-0.0301625 -3.649068146837933e-17 1.524
-0.0301625 -3.649068146837933e-17 1.6002
-0.0301625 -3.649068146837933e-17 1.6764
-0.0301625 -3.649068146837933e-17 1.7526
-0.0301625 -3.649068146837933e-17 1.8288
-0.0301625 -3.649068146837933e-17 1.905
-0.0301625 -3.649068146837933e-17 1.9812
-0.0301625 -3.649068146837933e-17 2.0574
-0.0301625 -3.649068146837933e-17 2.1336
-0.0301625 -3.649068146837933e-17 2.2098
-0.0301625 -3.649068146837933e-17 2.286
-0.0301625 -3.649068146837933e-17 2.3622
-0.0301625 -3.649068146837933e-17 2.4384
-0.0301625 -3.649068146837933e-17 2.5146
-0.0301625 -3.649068146837933e-17 2.5908
-0.0301625 -3.649068146837933e-17 2.667
-0.0301625 -3.649068146837933e-17 2.7432
-0.0301625 -3.649068146837933e-17 2.8194
-0.0301625 -3.649068146837933e-17 2.8956
-0.0301625 -3.649068146837933e-17 2.9718
-0.0301625 -3.649068146837933e-17 3.048
-0.0301625 -3.649068146837933e-17 3.1242
-0.0301625 -3.649068146837933e-17 3.2004
-0.0301625 -3.649068146837933e-17 3.2766
-0.0301625 -3.649068146837933e-17 3.3528
-0.0301625 -3.649068146837933e-17 3.429
-0.0301625 -3.649068146837933e-17 3.5052
-0.0301625 -3.649068146837933e-17 3.5814
-0.0301625 -3.649068146837933e-17 3.6576
-0.0301625 -3.649068146837933e-17 3.7338
-0.0301625 -3.649068146837933e-17 3.81
-0.0301625 -3.649068146837933e-17 3.8862
-0.0301625 -3.649068146837933e-17 3.9624
-0.0301625 -3.649068146837933e-17 4.0386
-0.0301625 -3.649068146837933e-17 4.114800000000001
-0.0301625 -3.649068146837933e-17 4.191
-0.0301625 -3.649068146837933e-17 4.2672
-0.0301625 -3.649068146837933e-17 4.3434
-0.0301625 -3.649068146837933e-17 4.4196
-0.0301625 -3.649068146837933e-17 4.4958
-0.0301625 -3.649068146837933e-17 4.572
-0.0301625 -3.649068146837933e-17 4.6482
-0.0301625 -3.649068146837933e-17 4.7244
-0.0301625 -3.649068146837933e-17 4.8006
-0.0301625 -3.649068146837933e-17 4.8768
-0.0301625 -3.649068146837933e-17 4.953
-0.0301625 -3.649068146837933e-17 5.029199999999999
-0.0301625 -3.649068146837933e-17 5.1054
-0.0301625 -3.649068146837933e-17 5.1816
-0.0301625 -3.649068146837933e-17 5.2578
-0.0301625 -3.649068146837933e-17 5.334
-0.0301625 -3.649068146837933e-17 5.4102
-0.0301625 -3.649068146837933e-17 5.486400000000001
-0.0301625 -3.649068146837933e-17 5.5626
-0.0301625 -3.649068146837933e-17 5.638800000000001
-0.0301625 -3.649068146837933e-17 5.715
-0.0301625 -3.649068146837933e-17 5.7912
-0.0301625 -3.649068146837933e-17 5.8674
-0.0301625 -3.649068146837933e-17 5.9436
-0.0301625 -3.649068146837933e-17 6.0198
-0.02913473773544401 -0.007806629447904835 0.0762
-0.02913473773544401 -0.007806629447904835 0.1524
-0.02913473773544401 -0.007806629447904835 0.2286
-0.02913473773544401 -0.007806629447904835 0.3048
-0.02913473773544401 -0.007806629447904835 0.381
-0.02913473773544401 -0.007806629447904835 0.4572
-0.02913473773544401 -0.007806629447904835 0.5334
-0.02913473773544401 -0.007806629447904835 0.6096
-0.02913473773544401 -0.007806629447904835 0.6858000000000001
-0.02913473773544401 -0.007806629447904835 0.762
-0.02913473773544401 -0.007806629447904835 0.8382000000000001
-0.02913473773544401 -0.007806629447904835 0.9144
-0.02913473773544401 -0.007806629447904835 0.9906
-0.02913473773544401 -0.007806629447904835 1.0668
-0.02913473773544401 -0.007806629447904835 1.143
-0.02913473773544401 -0.007806629447904835 1.2192
-0.02913473773544401 -0.007806629447904835 1.2954
-0.02913473773544401 -0.007806629447904835 1.3716
-0.02913473773544401 -0.007806629447904835 1.4478
-0.02913473773544401 -0.007806629447904835 1.524
-0.02913473773544401 -0.007806629447904835 1.6002
-0.02913473773544401 -0.007806629447904835 1.6764
-0.02913473773544401 -0.007806629447904835 1.7526
-0.02913473773544401 -0.007806629447904835 1.8288
-0.02913473773544401 -0.007806629447904835 1.905
-0.02913473773544401 -0.007806629447904835 1.9812
-0.02913473773544401 -0.007806629447904835 2.0574
-0.02913473773544401 -0.007806629447904835 2.1336
-0.02913473773544401 -0.007806629447904835 2.2098
-0.02913473773544401 -0.007806629447904835 2.286
-0.02913473773544401 -0.007806629447904835 2.3622
-0.02913473773544401 -0.007806629447904835 2.4384
-0.02913473773544401 -0.007806629447904835 2.5146
-0.02913473773544401 -0.007806629447904835 2.5908
-0.02913473773544401 -0.007806629447904835 2.667
-0.02913473773544401 -0.007806629447904835 2.7432
-0.02913473773544401 -0.007806629447904835 2.8194
-0.02913473773544401 -0.007806629447904835 2.8956
-0.02913473773544401 -0.007806629447904835 2.9718
-0.02913473773544401 -0.007806629447904835 3.048
-0.02913473773544401 -0.007806629447904835 3.1242
-0.02913473773544401 -0.007806629447904835 3.2004
-0.02913473773544401 -0.007806629447904835 3.2766
-0.02913473773544401 -0.007806629447904835 3.3528
-0.02913473773544401 -0.007806629447904835 3.429
-0.02913473773544401 -0.007806629447904835 3.5052
-0.02913473773544401 -0.007806629447904835 3.5814
-0.02913473773544401 -0.007806629447904835 3.6576
-0.02913473773544401 -0.007806629447904835 3.7338
-0.02913473773544401 -0.007806629447904835 3.81
-0.02913473773544401 -0.007806629447904835 3.8862
-0.02913473773544401 -0.007806629447904835 3.9624
-0.02913473773544401 -0.007806629447904835 4.0386
-0.02913473773544401 -0.007806629447904835 4.114800000000001
-0.02913473773544401 -0.007806629447904835 4.191
-0.02913473773544401 -0.007806629447904835 4.2672
-0.02913473773544401 -0.007806629447904835 4.3434
-0.02913473773544401 -0.007806629447904835 4.4196
-0.02913473773544401 -0.007806629447904835 4.4958
-0.02913473773544401 -0.007806629447904835 4.572
-0.02913473773544401 -0.007806629447904835 4.6482
-0.02913473773544401 -0.007806629447904835 4.7244
-0.02913473773544401 -0.007806629447904835 4.8006
-0.02913473773544401 -0.007806629447904835 4.8768
-0.02913473773544401 -0.007806629447904835 4.953
-0.02913473773544401 -0.007806629447904835 5.029199999999999
-0.02913473773544401 -0.007806629447904835 5.1054
-0.02913473773544401 -0.007806629447904835 5.1816
-0.02913473773544401 -0.007806629447904835 5.2578
-0.02913473773544401 -0.007806629447904835 5.334
-0.02913473773544401 -0.007806629447904835 5.4102
-0.02913473773544401 -0.007806629447904835 5.486400000000001
-0.02913473773544401 -0.007806629447904835 5.5626
-0.02913473773544401 -0.007806629447904835 5.638800000000001
-0.02913473773544401 -0.007806629447904835 5.715
-0.02913473773544401 -0.007806629447904835 5.7912
-0.02913473773544401 -0.007806629447904835 5.8674
-0.02913473773544401 -0.007806629447904835 5.9436
-0.02913473773544401 -0.007806629447904835 6.0198
-0.02612149124164811 -0.01508125000000004 0.0762
-0.02612149124164811 -0.01508125000000004 0.1524
-0.02612149124164811 -0.01508125000000004 0.2286
-0.02612149124164811 -0.01508125000000004 0.3048
-0.02612149124164811 -0.01508125000000004 0.381
-0.02612149124164811 -0.01508125000000004 0.4572
-0.02612149124164811 -0.01508125000000004 0.5334
-0.02612149124164811 -0.01508125000000004 0.6096
-0.02612149124164811 -0.01508125000000004 0.6858000000000001
-0.02612149124164811 -0.01508125000000004 0.762
-0.02612149124164811 -0.01508125000000004 0.8382000000000001
-0.02612149124164811 -0.01508125000000004 0.9144
-0.02612149124164811 -0.01508125000000004 0.9906
-0.02612149124164811 -0.01508125000000004 1.0668
-0.02612149124164811 -0.01508125000000004 1.143
-0.02612149124164811 -0.01508125000000004 1.2192
-0.02612149124164811 -0.01508125000000004 1.2954
-0.02612149124164811 -0.01508125000000004 1.3716
-0.02612149124164811 -0.01508125000000004 1.4478
-0.02612149124164811 -0.01508125000000004 1.524
-0.02612149124164811 -0.01508125000000004 1.6002
-0.02612149124164811 -0.01508125000000004 1.6764
-0.02612149124164811 -0.01508125000000004 1.7526
-0.02612149124164811 -0.01508125000000004 1.8288
-0.02612149124164811 -0.01508125000000004 1.905
-0.02612149124164811 -0.01508125000000004 1.9812
-0.02612149124164811 -0.01508125000000004 2.0574
-0.02612149124164811 -0.01508125000000004 2.1336
-0.02612149124164811 -0.01508125000000004 2.2098
-0.02612149124164811 -0.01508125000000004 2.286
-0.02612149124164811 -0.01508125000000004 2.3622
-0.02612149124164811 -0.01508125000000004 2.4384
-0.02612149124164811 -0.01508125000000004 2.5146
-0.02612149124164811 -0.01508125000000004 2.5908
-0.02612149124164811 -0.01508125000000004 2.667
-0.02612149124164811 -0.01508125000000004 2.7432
-0.02612149124164811 -0.01508125000000004 2.8194
-0.02612149124164811 -0.01508125000000004 2.8956
-0.02612149124164811 -0.01508125000000004 2.9718
-0.02612149124164811 -0.01508125000000004 3.048
-0.02612149124164811 -0.01508125000000004 3.1242
-0.02612149124164811 -0.01508125000000004 3.2004
-0.02612149124164811 -0.01508125000000004 3.2766
-0.02612149124164811 -0.01508125000000004 3.3528
-0.02612149124164811 -0.01508125000000004 3.429
-0.02612149124164811 -0.01508125000000004 3.5052
-0.02612149124164811 -0.01508125000000004 3.5814
-0.02612149124164811 -0.01508125000000004 3.6576
-0.02612149124164811 -0.01508125000000004 3.7338
-0.02612149124164811 -0.01508125000000004 3.81
-0.02612149124164811 -0.01508125000000004 3.8862
-0.02612149124164811 -0.01508125000000004 3.9624
-0.02612149124164811 -0.01508125000000004 4.0386
-0.02612149124164811 -0.01508125000000004 4.114800000000001
-0.02612149124164811 -0.01508125000000004 4.191
-0.02612149124164811 -0.01508125000000004 4.2672
-0.02612149124164811 -0.01508125000000004 4.3434
-0.02612149124164811 -0.01508125000000004 4.4196
-0.02612149124164811 -0.01508125000000004 4.4958
-0.02612149124164811 -0.01508125000000004 4.572
-0.02612149124164811 -0.01508125000000004 4.6482
-0.02612149124164811 -0.01508125000000004 4.7244
-0.02612149124164811 -0.01508125000000004 4.8006
-0.02612149124164811 -0.01508125000000004 4.8768
-0.02612149124164811 -0.01508125000000004 4.953
-0.02612149124164811 -0.01508125000000004 5.029199999999999
-0.02612149124164811 -0.01508125000000004 5.1054
-0.02612149124164811 -0.01508125000000004 5.1816
-0.02612149124164811 -0.01508125000000004 5.2578
-0.02612149124164811 -0.01508125000000004 5.334
-0.02612149124164811 -0.01508125000000004 5.4102
-0.02612149124164811 -0.01508125000000004 5.486400000000001
-0.02612149124164811 -0.01508125000000004 5.5626
-0.02612149124164811 -0.01508125000000004 5.638800000000001
-0.02612149124164811 -0.01508125000000004 5.715
-0.02612149124164811 -0.01508125000000004 5.7912
-0.02612149124164811 -0.01508125000000004 5.8674
-0.02612149124164811 -0.01508125000000004 5.9436
-0.02612149124164811 -0.01508125000000004 6.0198
-0.02132810828753919 -0.02132810828753928 0.0762
-0.02132810828753919 -0.02132810828753928 0.1524
-0.02132810828753919 -0.02132810828753928 0.2286
-0.02132810828753919 -0.02132810828753928 0.3048
-0.02132810828753919 -0.02132810828753928 0.381
-0.02132810828753919 -0.02132810828753928 0.4572
-0.02132810828753919 -0.02132810828753928 0.5334
-0.02132810828753919 -0.02132810828753928 0.6096
-0.02132810828753919 -0.02132810828753928 0.6858000000000001
-0.02132810828753919 -0.02132810828753928 0.762
-0.02132810828753919 -0.02132810828753928 0.8382000000000001
-0.02132810828753919 -0.02132810828753928 0.9144
-0.02132810828753919 -0.02132810828753928 0.9906
-0.02132810828753919 -0.02132810828753928 1.0668
-0.02132810828753919 -0.02132810828753928 1.143
-0.02132810828753919 -0.02132810828753928 1.2192
-0.02132810828753919 -0.02132810828753928 1.2954
-0.02132810828753919 -0.02132810828753928 1.3716
-0.02132810828753919 -0.02132810828753928 1.4478
-0.02132810828753919 -0.02132810828753928 1.524
-0.02132810828753919 -0.02132810828753928 1.6002
-0.02132810828753919 -0.02132810828753928 1.6764
-0.02132810828753919 -0.02132810828753928 1.7526
-0.02132810828753919 -0.02132810828753928 1.8288
-0.02132810828753919 -0.02132810828753928 1.905
-0.02132810828753919 -0.02132810828753928 1.9812
-0.02132810828753919 -0.02132810828753928 2.0574
-0.02132810828753919 -0.02132810828753928 2.1336
-0.02132810828753919 -0.02132810828753928 2.2098
-0.02132810828753919 -0.02132810828753928 2.286
-0.02132810828753919 -0.02132810828753928 2.3622
-0.02132810828753919 -0.02132810828753928 2.4384
-0.02132810828753919 -0.02132810828753928 2.5146
-0.02132810828753919 -0.02132810828753928 2.5908
-0.02132810828753919 -0.02132810828753928 2.667
-0.02132810828753919 -0.02132810828753928 2.7432
-0.02132810828753919 -0.02132810828753928 2.8194
-0.02132810828753919 -0.02132810828753928 2.8956
-0.02132810828753919 -0.02132810828753928 2.9718
-0.02132810828753919 -0.02132810828753928 3.048
-0.02132810828753919 -0.02132810828753928 3.1242
-0.02132810828753919 -0.02132810828753928 3.2004
-0.02132810828753919 -0.02132810828753928 3.2766
-0.02132810828753919 -0.02132810828753928 3.3528
-0.02132810828753919 -0.02132810828753928 3.429
-0.02132810828753919 -0.02132810828753928 3.5052
-0.02132810828753919 -0.02132810828753928 3.5814
-0.02132810828753919 -0.02132810828753928 3.6576
-0.02132810828753919 -0.02132810828753928 3.7338
-0.02132810828753919 -0.02132810828753928 3.81
-0.02132810828753919 -0.02132810828753928 3.8862
-0.02132810828753919 -0.02132810828753928 3.9624
-0.02132810828753919 -0.02132810828753928 4.0386
-0.02132810828753919 -0.02132810828753928 4.114800000000001
-0.02132810828753919 -0.02132810828753928 4.191
-0.02132810828753919 -0.02132810828753928 4.2672
-0.02132810828753919 -0.02132810828753928 4.3434
-0.02132810828753919 -0.02132810828753928 4.4196
-0.02132810828753919 -0.02132810828753928 4.4958
-0.02132810828753919 -0.02132810828753928 4.572
-0.02132810828753919 -0.02132810828753928 4.6482
-0.02132810828753919 -0.02132810828753928 4.7244
-0.02132810828753919 -0.02132810828753928 4.8006
-0.02132810828753919 -0.02132810828753928 4.8768
-0.02132810828753919 -0.02132810828753928 4.953
-0.02132810828753919 -0.02132810828753928 5.029199999999999
-0.02132810828753919 -0.02132810828753928 5.1054
-0.02132810828753919 -0.02132810828753928 5.1816
-0.02132810828753919 -0.02132810828753928 5.2578
-0.02132810828753919 -0.02132810828753928 5.334
-0.02132810828753919 -0.02132810828753928 5.4102
-0.02132810828753919 -0.02132810828753928 5.486400000000001
-0.02132810828753919 -0.02132810828753928 5.5626
-0.02132810828753919 -0.02132810828753928 5.638800000000001
-0.02132810828753919 -0.02132810828753928 5.715
-0.02132810828753919 -0.02132810828753928 5.7912
-0.02132810828753919 -0.02132810828753928 5.8674
-0.02132810828753919 -0.02132810828753928 5.9436
-0.02132810828753919 -0.02132810828753928 6.0198
-0.01508124999999994 -0.02612149124164816 0.0762
-0.01508124999999994 -0.02612149124164816 0.1524
-0.01508124999999994 -0.02612149124164816 0.2286
-0.01508124999999994 -0.02612149124164816 0.3048
-0.01508124999999994 -0.02612149124164816 0.381
-0.01508124999999994 -0.02612149124164816 0.4572
-0.01508124999999994 -0.02612149124164816 0.5334
-0.01508124999999994 -0.02612149124164816 0.6096
-0.01508124999999994 -0.02612149124164816 0.6858000000000001
-0.01508124999999994 -0.02612149124164816 0.762
-0.01508124999999994 -0.02612149124164816 0.8382000000000001
-0.01508124999999994 -0.02612149124164816 0.9144
-0.01508124999999994 -0.02612149124164816 0.9906
-0.01508124999999994 -0.02612149124164816 1.0668
-0.01508124999999994 -0.02612149124164816 1.143
-0.01508124999999994 -0.02612149124164816 1.2192
-0.01508124999999994 -0.02612149124164816 1.2954
-0.01508124999999994 -0.02612149124164816 1.3716
-0.01508124999999994 -0.02612149124164816 1.4478
-0.01508124999999994 -0.02612149124164816 1.524
-0.01508124999999994 -0.02612149124164816 1.6002
-0.01508124999999994 -0.02612149124164816 1.6764
-0.01508124999999994 -0.02612149124164816 1.7526
-0.01508124999999994 -0.02612149124164816 1.8288
-0.01508124999999994 -0.02612149124164816 1.905
-0.01508124999999994 -0.02612149124164816 1.9812
-0.01508124999999994 -0.02612149124164816 2.0574
-0.01508124999999994 -0.02612149124164816 2.1336
-0.01508124999999994 -0.02612149124164816 2.2098
-0.01508124999999994 -0.02612149124164816 2.286
-0.01508124999999994 -0.02612149124164816 2.3622
-0.01508124999999994 -0.02612149124164816 2.4384
-0.01508124999999994 -0.02612149124164816 2.5146
-0.01508124999999994 -0.02612149124164816 2.5908
-0.01508124999999994 -0.02612149124164816 2.667
-0.01508124999999994 -0.02612149124164816 2.7432
-0.01508124999999994 -0.02612149124164816 2.8194
-0.01508124999999994 -0.02612149124164816 2.8956
-0.01508124999999994 -0.02612149124164816 2.9718
-0.01508124999999994 -0.02612149124164816 3.048
-0.01508124999999994 -0.02612149124164816 3.1242
-0.01508124999999994 -0.02612149124164816 3.2004
-0.01508124999999994 -0.02612149124164816 3.2766
-0.01508124999999994 -0.02612149124164816 3.3528
-0.01508124999999994 -0.02612149124164816 3.429
-0.01508124999999994 -0.02612149124164816 3.5052
-0.01508124999999994 -0.02612149124164816 3.5814
-0.01508124999999994 -0.02612149124164816 3.6576
-0.01508124999999994 -0.02612149124164816 3.7338
-0.01508124999999994 -0.02612149124164816 3.81
-0.01508124999999994 -0.02612149124164816 3.8862
-0.01508124999999994 -0.02612149124164816 3.9624
-0.01508124999999994 -0.02612149124164816 4.0386
-0.01508124999999994 -0.02612149124164816 4.114800000000001
-0.01508124999999994 -0.02612149124164816 4.191
-0.01508124999999994 -0.02612149124164816 4.2672
-0.01508124999999994 -0.02612149124164816 4.3434
-0.01508124999999994 -0.02612149124164816 4.4196
-0.01508124999999994 -0.02612149124164816 4.4958
-0.01508124999999994 -0.02612149124164816 4.572
-0.01508124999999994 -0.02612149124164816 4.6482
-0.01508124999999994 -0.02612149124164816 4.7244
-0.01508124999999994 -0.02612149124164816 4.8006
-0.01508124999999994 -0.02612149124164816 4.8768
-0.01508124999999994 -0.02612149124164816 4.953
-0.01508124999999994 -0.02612149124164816 5.029199999999999
-0.01508124999999994 -0.02612149124164816 5.1054
-0.01508124999999994 -0.02612149124164816 5.1816
-0.01508124999999994 -0.02612149124164816 5.2578
-0.01508124999999994 -0.02612149124164816 5.334
-0.01508124999999994 -0.02612149124164816 5.4102
-0.01508124999999994 -0.02612149124164816 5.486400000000001
-0.01508124999999994 -0.02612149124164816 5.5626
-0.01508124999999994 -0.02612149124164816 5.638800000000001
-0.01508124999999994 -0.02612149124164816 5.715
-0.01508124999999994 -0.02612149124164816 5.7912
-0.01508124999999994 -0.02612149124164816 5.8674
-0.01508124999999994 -0.02612149124164816 5.9436
-0.01508124999999994 -0.02612149124164816 6.0198
-0.007806629447904726 -0.02913473773544404 0.0762
-0.007806629447904726 -0.02913473773544404 0.1524
-0.007806629447904726 -0.02913473773544404 0.2286
-0.007806629447904726 -0.02913473773544404 0.3048
-0.007806629447904726 -0.02913473773544404 0.381
-0.007806629447904726 -0.02913473773544404 0.4572
-0.007806629447904726 -0.02913473773544404 0.5334
-0.007806629447904726 -0.02913473773544404 0.6096
-0.007806629447904726 -0.02913473773544404 0.6858000000000001
-0.007806629447904726 -0.02913473773544404 0.762
-0.007806629447904726 -0.02913473773544404 0.8382000000000001
-0.007806629447904726 -0.02913473773544404 0.9144
-0.007806629447904726 -0.02913473773544404 0.9906
-0.007806629447904726 -0.02913473773544404 1.0668
-0.007806629447904726 -0.02913473773544404 1.143
-0.007806629447904726 -0.02913473773544404 1.2192
-0.007806629447904726 -0.02913473773544404 1.2954
-0.007806629447904726 -0.02913473773544404 1.3716
-0.007806629447904726 -0.02913473773544404 1.4478
-0.007806629447904726 -0.02913473773544404 1.524
-0.007806629447904726 -0.02913473773544404 1.6002
-0.007806629447904726 -0.02913473773544404 1.6764
-0.007806629447904726 -0.02913473773544404 1.7526
-0.007806629447904726 -0.02913473773544404 1.8288
-0.007806629447904726 -0.02913473773544404 1.905
-0.007806629447904726 -0.02913473773544404 1.9812
-0.007806629447904726 -0.02913473773544404 2.0574
-0.007806629447904726 -0.02913473773544404 2.1336
-0.007806629447904726 -0.02913473773544404 2.2098
-0.007806629447904726 -0.02913473773544404 2.286
-0.007806629447904726 -0.02913473773544404 2.3622
-0.007806629447904726 -0.02913473773544404 2.4384
-0.007806629447904726 -0.02913473773544404 2.5146
-0.007806629447904726 -0.02913473773544404 2.5908
-0.007806629447904726 -0.02913473773544404 2.667
-0.007806629447904726 -0.02913473773544404 2.7432
-0.007806629447904726 -0.02913473773544404 2.8194
-0.007806629447904726 -0.02913473773544404 2.8956
-0.007806629447904726 -0.02913473773544404 2.9718
-0.007806629447904726 -0.02913473773544404 3.048
-0.007806629447904726 -0.02913473773544404 3.1242
-0.007806629447904726 -0.02913473773544404 3.2004
-0.007806629447904726 -0.02913473773544404 3.2766
-0.007806629447904726 -0.02913473773544404 3.3528
-0.007806629447904726 -0.02913473773544404 3.429
-0.007806629447904726 -0.02913473773544404 3.5052
-0.007806629447904726 -0.02913473773544404 3.5814
-0.007806629447904726 -0.02913473773544404 3.6576
-0.007806629447904726 -0.02913473773544404 3.7338
-0.007806629447904726 -0.02913473773544404 3.81
-0.007806629447904726 -0.02913473773544404 3.8862
-0.007806629447904726 -0.02913473773544404 3.9624
-0.007806629447904726 -0.02913473773544404 4.0386
-0.007806629447904726 -0.02913473773544404 4.114800000000001
-0.007806629447904726 -0.02913473773544404 4.191
-0.007806629447904726 -0.02913473773544404 4.2672
-0.007806629447904726 -0.02913473773544404 4.3434
-0.007806629447904726 -0.02913473773544404 4.4196
-0.007806629447904726 -0.02913473773544404 4.4958
-0.007806629447904726 -0.02913473773544404 4.572
-0.007806629447904726 -0.02913473773544404 4.6482
-0.007806629447904726 -0.02913473773544404 4.7244
-0.007806629447904726 -0.02913473773544404 4.8006
-0.007806629447904726 -0.02913473773544404 4.8768
-0.007806629447904726 -0.02913473773544404 4.953
-0.007806629447904726 -0.02913473773544404 5.029199999999999
-0.007806629447904726 -0.02913473773544404 5.1054
-0.007806629447904726 -0.02913473773544404 5.1816
-0.007806629447904726 -0.02913473773544404 5.2578
-0.007806629447904726 -0.02913473773544404 5.334
-0.007806629447904726 -0.02913473773544404 5.4102
-0.007806629447904726 -0.02913473773544404 5.486400000000001
-0.007806629447904726 -0.02913473773544404 5.5626
-0.007806629447904726 -0.02913473773544404 5.638800000000001
-0.007806629447904726 -0.02913473773544404 5.715
-0.007806629447904726 -0.02913473773544404 5.7912
-0.007806629447904726 -0.02913473773544404 5.8674
-0.007806629447904726 -0.02913473773544404 5.9436
-0.007806629447904726 -0.02913473773544404 6.0198
4.803860180651775e-17 -0.0301625 0.0762
4.803860180651775e-17 -0.0301625 0.1524
4.803860180651775e-17 -0.0301625 0.2286
4.803860180651775e-17 -0.0301625 0.3048
4.803860180651775e-17 -0.0301625 0.381
4.803860180651775e-17 -0.0301625 0.4572
4.803860180651775e-17 -0.0301625 0.5334
4.803860180651775e-17 -0.0301625 0.6096
4.803860180651775e-17 -0.0301625 0.6858000000000001
4.803860180651775e-17 -0.0301625 0.762
4.803860180651775e-17 -0.0301625 0.8382000000000001
4.803860180651775e-17 -0.0301625 0.9144
4.803860180651775e-17 -0.0301625 0.9906
4.803860180651775e-17 -0.0301625 1.0668
4.803860180651775e-17 -0.0301625 1.143
4.803860180651775e-17 -0.0301625 1.2192
4.803860180651775e-17 -0.0301625 1.2954
4.803860180651775e-17 -0.0301625 1.3716
4.803860180651775e-17 -0.0301625 1.4478
4.803860180651775e-17 -0.0301625 1.524
4.803860180651775e-17 -0.0301625 1.6002
4.803860180651775e-17 -0.0301625 1.6764
4.803860180651775e-17 -0.0301625 1.7526
4.803860180651775e-17 -0.0301625 1.8288
4.803860180651775e-17 -0.0301625 1.905
4.803860180651775e-17 -0.0301625 1.9812
4.803860180651775e-17 -0.0301625 2.0574
4.803860180651775e-17 -0.0301625 2.1336
4.803860180651775e-17 -0.0301625 2.2098
4.803860180651775e-17 -0.0301625 2.286
4.803860180651775e-17 -0.0301625 2.3622
4.803860180651775e-17 -0.0301625 2.4384
4.803860180651775e-17 -0.0301625 2.5146
4.803860180651775e-17 -0.0301625 2.5908
4.803860180651775e-17 -0.0301625 2.667
4.803860180651775e-17 -0.0301625 2.7432
4.803860180651775e-17 -0.0301625 2.8194
4.803860180651775e-17 -0.0301625 2.8956
4.803860180651775e-17 -0.0301625 2.9718
4.803860180651775e-17 -0.0301625 3.048
4.803860180651775e-17 -0.0301625 3.1242
4.803860180651775e-17 -0.0301625 3.2004
4.803860180651775e-17 -0.0301625 3.2766
4.803860180651775e-17 -0.0301625 3.3528
4.803860180651775e-17 -0.0301625 3.429
4.803860180651775e-17 -0.0301625 3.5052
4.803860180651775e-17 -0.0301625 3.5814
4.803860180651775e-17 -0.0301625 3.6576
4.803860180651775e-17 -0.0301625 3.7338
4.803860180651775e-17 -0.0301625 3.81
4.803860180651775e-17 -0.0301625 3.8862
4.803860180651775e-17 -0.0301625 3.9624
4.803860180651775e-17 -0.0301625 4.0386
4.803860180651775e-17 -0.0301625 4.114800000000001
4.803860180651775e-17 -0.0301625 4.191
4.803860180651775e-17 -0.0301625 4.2672
4.803860180651775e-17 -0.0301625 4.3434
4.803860180651775e-17 -0.0301625 4.4196
4.803860180651775e-17 -0.0301625 4.4958
4.803860180651775e-17 -0.0301625 4.572
4.803860180651775e-17 -0.0301625 4.6482
4.803860180651775e-17 -0.0301625 4.7244
4.803860180651775e-17 -0.0301625 4.8006
4.803860180651775e-17 -0.0301625 4.8768
4.803860180651775e-17 -0.0301625 4.953
4.803860180651775e-17 -0.0301625 5.029199999999999
4.803860180651775e-17 -0.0301625 5.1054
4.803860180651775e-17 -0.0301625 5.1816
4.803860180651775e-17 -0.0301625 5.2578
4.803860180651775e-17 -0.0301625 5.334
4.803860180651775e-17 -0.0301625 5.4102
4.803860180651775e-17 -0.0301625 5.486400000000001
4.803860180651775e-17 -0.0301625 5.5626
4.803860180651775e-17 -0.0301625 5.638800000000001
4.803860180651775e-17 -0.0301625 5.715
4.803860180651775e-17 -0.0301625 5.7912
4.803860180651775e-17 -0.0301625 5.8674
4.803860180651775e-17 -0.0301625 5.9436
4.803860180651775e-17 -0.0301625 6.0198
0.00780662944790482 -0.02913473773544401 0.0762
0.00780662944790482 -0.02913473773544401 0.1524
0.00780662944790482 -0.02913473773544401 0.2286
0.00780662944790482 -0.02913473773544401 0.3048
0.00780662944790482 -0.02913473773544401 0.381
0.00780662944790482 -0.02913473773544401 0.4572
0.00780662944790482 -0.02913473773544401 0.5334
0.00780662944790482 -0.02913473773544401 0.6096
0.00780662944790482 -0.02913473773544401 0.6858000000000001
0.00780662944790482 -0.02913473773544401 0.762
0.00780662944790482 -0.02913473773544401 0.8382000000000001
0.00780662944790482 -0.02913473773544401 0.9144
0.00780662944790482 -0.02913473773544401 0.9906
0.00780662944790482 -0.02913473773544401 1.0668
0.00780662944790482 -0.02913473773544401 1.143
0.00780662944790482 -0.02913473773544401 1.2192
0.00780662944790482 -0.02913473773544401 1.2954
0.00780662944790482 -0.02913473773544401 1.3716
0.00780662944790482 -0.02913473773544401 1.4478
0.00780662944790482 -0.02913473773544401 1.524
0.00780662944790482 -0.02913473773544401 1.6002
0.00780662944790482 -0.02913473773544401 1.6764
0.00780662944790482 -0.02913473773544401 1.7526
0.00780662944790482 -0.02913473773544401 1.8288
0.00780662944790482 -0.02913473773544401 1.905
0.00780662944790482 -0.02913473773544401 1.9812
0.00780662944790482 -0.02913473773544401 2.0574
0.00780662944790482 -0.02913473773544401 2.1336
0.00780662944790482 -0.02913473773544401 2.2098
0.00780662944790482 -0.02913473773544401 2.286
0.00780662944790482 -0.02913473773544401 2.3622
0.00780662944790482 -0.02913473773544401 2.4384
0.00780662944790482 -0.02913473773544401 2.5146
0.00780662944790482 -0.02913473773544401 2.5908
0.00780662944790482 -0.02913473773544401 2.667
0.00780662944790482 -0.02913473773544401 2.7432
0.00780662944790482 -0.02913473773544401 2.8194
0.00780662944790482 -0.02913473773544401 2.8956
0.00780662944790482 -0.02913473773544401 2.9718
0.00780662944790482 -0.02913473773544401 3.048
0.00780662944790482 -0.02913473773544401 3.1242
0.00780662944790482 -0.02913473773544401 3.2004
0.00780662944790482 -0.02913473773544401 3.2766
0.00780662944790482 -0.02913473773544401 3.3528
0.00780662944790482 -0.02913473773544401 3.429
0.00780662944790482 -0.02913473773544401 3.5052
0.00780662944790482 -0.02913473773544401 3.5814
0.00780662944790482 -0.02913473773544401 3.6576
0.00780662944790482 -0.02913473773544401 3.7338
0.00780662944790482 -0.02913473773544401 3.81
0.00780662944790482 -0.02913473773544401 3.8862
0.00780662944790482 -0.02913473773544401 3.9624
0.00780662944790482 -0.02913473773544401 4.0386
0.00780662944790482 -0.02913473773544401 4.114800000000001
0.00780662944790482 -0.02913473773544401 4.191
0.00780662944790482 -0.02913473773544401 4.2672
0.00780662944790482 -0.02913473773544401 4.3434
0.00780662944790482 -0.02913473773544401 4.4196
0.00780662944790482 -0.02913473773544401 4.4958
0.00780662944790482 -0.02913473773544401 4.572
0.00780662944790482 -0.02913473773544401 4.6482
0.00780662944790482 -0.02913473773544401 4.7244
0.00780662944790482 -0.02913473773544401 4.8006
0.00780662944790482 -0.02913473773544401 4.8768
0.00780662944790482 -0.02913473773544401 4.953
0.00780662944790482 -0.02913473773544401 5.029199999999999
0.00780662944790482 -0.02913473773544401 5.1054
0.00780662944790482 -0.02913473773544401 5.1816
0.00780662944790482 -0.02913473773544401 5.2578
0.00780662944790482 -0.02913473773544401 5.334
0.00780662944790482 -0.02913473773544401 5.4102
0.00780662944790482 -0.02913473773544401 5.486400000000001
0.00780662944790482 -0.02913473773544401 5.5626
0.00780662944790482 -0.02913473773544401 5.638800000000001
0.00780662944790482 -0.02913473773544401 5.715
0.00780662944790482 -0.02913473773544401 5.7912
0.00780662944790482 -0.02913473773544401 5.8674
0.00780662944790482 -0.02913473773544401 5.9436
0.00780662944790482 -0.02913473773544401 6.0198
0.01508125000000003 -0.02612149124164811 0.0762
0.01508125000000003 -0.02612149124164811 0.1524
0.01508125000000003 -0.02612149124164811 0.2286
0.01508125000000003 -0.02612149124164811 0.3048
0.01508125000000003 -0.02612149124164811 0.381
0.01508125000000003 -0.02612149124164811 0.4572
0.01508125000000003 -0.02612149124164811 0.5334
0.01508125000000003 -0.02612149124164811 0.6096
0.01508125000000003 -0.02612149124164811 0.6858000000000001
0.01508125000000003 -0.02612149124164811 0.762
0.01508125000000003 -0.02612149124164811 0.8382000000000001
0.01508125000000003 -0.02612149124164811 0.9144
0.01508125000000003 -0.02612149124164811 0.9906
0.01508125000000003 -0.02612149124164811 1.0668
0.01508125000000003 -0.02612149124164811 1.143
0.01508125000000003 -0.02612149124164811 1.2192
0.01508125000000003 -0.02612149124164811 1.2954
0.01508125000000003 -0.02612149124164811 1.3716
0.01508125000000003 -0.02612149124164811 1.4478
0.01508125000000003 -0.02612149124164811 1.524
0.01508125000000003 -0.02612149124164811 1.6002
0.01508125000000003 -0.02612149124164811 1.6764
0.01508125000000003 -0.02612149124164811 1.7526
0.01508125000000003 -0.02612149124164811 1.8288
0.01508125000000003 -0.02612149124164811 1.905
0.01508125000000003 -0.02612149124164811 1.9812
0.01508125000000003 -0.02612149124164811 2.0574
0.01508125000000003 -0.02612149124164811 2.1336
0.01508125000000003 -0.02612149124164811 2.2098
0.01508125000000003 -0.02612149124164811 2.286
0.01508125000000003 -0.02612149124164811 2.3622
0.01508125000000003 -0.02612149124164811 2.4384
0.01508125000000003 -0.02612149124164811 2.5146
0.01508125000000003 -0.02612149124164811 2.5908
0.01508125000000003 -0.02612149124164811 2.667
0.01508125000000003 -0.02612149124164811 2.7432
0.01508125000000003 -0.02612149124164811 2.8194
0.01508125000000003 -0.02612149124164811 2.8956
0.01508125000000003 -0.02612149124164811 2.9718
0.01508125000000003 -0.02612149124164811 3.048
0.01508125000000003 -0.02612149124164811 3.1242
0.01508125000000003 -0.02612149124164811 3.2004
0.01508125000000003 -0.02612149124164811 3.2766
0.01508125000000003 -0.02612149124164811 3.3528
0.01508125000000003 -0.02612149124164811 3.429
0.01508125000000003 -0.02612149124164811 3.5052
0.01508125000000003 -0.02612149124164811 3.5814
0.01508125000000003 -0.02612149124164811 3.6576
0.01508125000000003 -0.02612149124164811 3.7338
0.01508125000000003 -0.02612149124164811 3.81
0.01508125000000003 -0.02612149124164811 3.8862
0.01508125000000003 -0.02612149124164811 3.9624
0.01508125000000003 -0.02612149124164811 4.0386
0.01508125000000003 -0.02612149124164811 4.114800000000001
0.01508125000000003 -0.02612149124164811 4.191
0.01508125000000003 -0.02612149124164811 4.2672
0.01508125000000003 -0.02612149124164811 4.3434
0.01508125000000003 -0.02612149124164811 4.4196
0.01508125000000003 -0.02612149124164811 4.4958
0.01508125000000003 -0.02612149124164811 4.572
0.01508125000000003 -0.02612149124164811 4.6482
0.01508125000000003 -0.02612149124164811 4.7244
0.01508125000000003 -0.02612149124164811 4.8006
0.01508125000000003 -0.02612149124164811 4.8768
0.01508125000000003 -0.02612149124164811 4.953
0.01508125000000003 -0.02612149124164811 5.029199999999999
0.01508125000000003 -0.02612149124164811 5.1054
0.01508125000000003 -0.02612149124164811 5.1816
0.01508125000000003 -0.02612149124164811 5.2578
0.01508125000000003 -0.02612149124164811 5.334
0.01508125000000003 -0.02612149124164811 5.4102
0.01508125000000003 -0.02612149124164811 5.486400000000001
0.01508125000000003 -0.02612149124164811 5.5626
0.01508125000000003 -0.02612149124164811 5.638800000000001
0.01508125000000003 -0.02612149124164811 5.715
0.01508125000000003 -0.02612149124164811 5.7912
0.01508125000000003 -0.02612149124164811 5.8674
0.01508125000000003 -0.02612149124164811 5.9436
0.01508125000000003 -0.02612149124164811 6.0198
0.02132810828753925 -0.02132810828753922 0.0762
0.02132810828753925 -0.02132810828753922 0.1524
0.02132810828753925 -0.02132810828753922 0.2286
0.02132810828753925 -0.02132810828753922 0.3048
0.02132810828753925 -0.02132810828753922 0.381
0.02132810828753925 -0.02132810828753922 0.4572
0.02132810828753925 -0.02132810828753922 0.5334
0.02132810828753925 -0.02132810828753922 0.6096
0.02132810828753925 -0.02132810828753922 0.6858000000000001
0.02132810828753925 -0.02132810828753922 0.762
0.02132810828753925 -0.02132810828753922 0.8382000000000001
0.02132810828753925 -0.02132810828753922 0.9144
0.02132810828753925 -0.02132810828753922 0.9906
0.02132810828753925 -0.02132810828753922 1.0668
0.02132810828753925 -0.02132810828753922 1.143
0.02132810828753925 -0.02132810828753922 1.2192
0.02132810828753925 -0.02132810828753922 1.2954
0.02132810828753925 -0.02132810828753922 1.3716
0.02132810828753925 -0.02132810828753922 1.4478
0.02132810828753925 -0.02132810828753922 1.524
0.02132810828753925 -0.02132810828753922 1.6002
0.02132810828753925 -0.02132810828753922 1.6764
0.02132810828753925 -0.02132810828753922 1.7526
0.02132810828753925 -0.02132810828753922 1.8288
0.02132810828753925 -0.02132810828753922 1.905
0.02132810828753925 -0.02132810828753922 1.9812
0.02132810828753925 -0.02132810828753922 2.0574
0.02132810828753925 -0.02132810828753922 2.1336
0.02132810828753925 -0.02132810828753922 2.2098
0.02132810828753925 -0.02132810828753922 2.286
0.02132810828753925 -0.02132810828753922 2.3622
0.02132810828753925 -0.02132810828753922 2.4384
0.02132810828753925 -0.02132810828753922 2.5146
0.02132810828753925 -0.02132810828753922 2.5908
0.02132810828753925 -0.02132810828753922 2.667
0.02132810828753925 -0.02132810828753922 2.7432
0.02132810828753925 -0.02132810828753922 2.8194
0.02132810828753925 -0.02132810828753922 2.8956
0.02132810828753925 -0.02132810828753922 2.9718
0.02132810828753925 -0.02132810828753922 3.048
0.02132810828753925 -0.02132810828753922 3.1242
0.02132810828753925 -0.02132810828753922 3.2004
0.02132810828753925 -0.02132810828753922 3.2766
0.02132810828753925 -0.02132810828753922 3.3528
0.02132810828753925 -0.02132810828753922 3.429
0.02132810828753925 -0.02132810828753922 3.5052
0.02132810828753925 -0.02132810828753922 3.5814
0.02132810828753925 -0.02132810828753922 3.6576
0.02132810828753925 -0.02132810828753922 3.7338
0.02132810828753925 -0.02132810828753922 3.81
0.02132810828753925 -0.02132810828753922 3.8862
0.02132810828753925 -0.02132810828753922 3.9624
0.02132810828753925 -0.02132810828753922 4.0386
0.02132810828753925 -0.02132810828753922 4.114800000000001
0.02132810828753925 -0.02132810828753922 4.191
0.02132810828753925 -0.02132810828753922 4.2672
0.02132810828753925 -0.02132810828753922 4.3434
0.02132810828753925 -0.02132810828753922 4.4196
0.02132810828753925 -0.02132810828753922 4.4958
0.02132810828753925 -0.02132810828753922 4.572
0.02132810828753925 -0.02132810828753922 4.6482
0.02132810828753925 -0.02132810828753922 4.7244
0.02132810828753925 -0.02132810828753922 4.8006
0.02132810828753925 -0.02132810828753922 4.8768
0.02132810828753925 -0.02132810828753922 4.953
0.02132810828753925 -0.02132810828753922 5.029199999999999
0.02132810828753925 -0.02132810828753922 5.1054
0.02132810828753925 -0.02132810828753922 5.1816
0.02132810828753925 -0.02132810828753922 5.2578
0.02132810828753925 -0.02132810828753922 5.334
0.02132810828753925 -0.02132810828753922 5.4102
0.02132810828753925 -0.02132810828753922 5.486400000000001
0.02132810828753925 -0.02132810828753922 5.5626
0.02132810828753925 -0.02132810828753922 5.638800000000001
0.02132810828753925 -0.02132810828753922 5.715
0.02132810828753925 -0.02132810828753922 5.7912
0.02132810828753925 -0.02132810828753922 5.8674
0.02132810828753925 -0.02132810828753922 5.9436
0.02132810828753925 -0.02132810828753922 6.0198
0.02612149124164814 -0.01508124999999999 0.0762
0.02612149124164814 -0.01508124999999999 0.1524
0.02612149124164814 -0.01508124999999999 0.2286
0.02612149124164814 -0.01508124999999999 0.3048
0.02612149124164814 -0.01508124999999999 0.381
0.02612149124164814 -0.01508124999999999 0.4572
0.02612149124164814 -0.01508124999999999 0.5334
0.02612149124164814 -0.01508124999999999 0.6096
0.02612149124164814 -0.01508124999999999 0.6858000000000001
0.02612149124164814 -0.01508124999999999 0.762
0.02612149124164814 -0.01508124999999999 0.8382000000000001
0.02612149124164814 -0.01508124999999999 0.9144
0.02612149124164814 -0.01508124999999999 0.9906
0.02612149124164814 -0.01508124999999999 1.0668
0.02612149124164814 -0.01508124999999999 1.143
0.02612149124164814 -0.01508124999999999 1.2192
0.02612149124164814 -0.01508124999999999 1.2954
0.02612149124164814 -0.01508124999999999 1.3716
0.02612149124164814 -0.01508124999999999 1.4478
0.02612149124164814 -0.01508124999999999 1.524
0.02612149124164814 -0.01508124999999999 1.6002
0.02612149124164814 -0.01508124999999999 1.6764
0.02612149124164814 -0.01508124999999999 1.7526
0.02612149124164814 -0.01508124999999999 1.8288
0.02612149124164814 -0.01508124999999999 1.905
0.02612149124164814 -0.01508124999999999 1.9812
0.02612149124164814 -0.01508124999999999 2.0574
0.02612149124164814 -0.01508124999999999 2.1336
0.02612149124164814 -0.01508124999999999 2.2098
0.02612149124164814 -0.01508124999999999 2.286
0.02612149124164814 -0.01508124999999999 2.3622
0.02612149124164814 -0.01508124999999999 2.4384
0.02612149124164814 -0.01508124999999999 2.5146
0.02612149124164814 -0.01508124999999999 2.5908
0.02612149124164814 -0.01508124999999999 2.667
0.02612149124164814 -0.01508124999999999 2.7432
0.02612149124164814 -0.01508124999999999 2.8194
0.02612149124164814 -0.01508124999999999 2.8956
0.02612149124164814 -0.01508124999999999 2.9718
0.02612149124164814 -0.01508124999999999 3.048
0.02612149124164814 -0.01508124999999999 3.1242
0.02612149124164814 -0.01508124999999999 3.2004
0.02612149124164814 -0.01508124999999999 3.2766
0.02612149124164814 -0.01508124999999999 3.3528
0.02612149124164814 -0.01508124999999999 3.429
0.02612149124164814 -0.01508124999999999 3.5052
0.02612149124164814 -0.01508124999999999 3.5814
0.02612149124164814 -0.01508124999999999 3.6576
0.02612149124164814 -0.01508124999999999 3.7338
0.02612149124164814 -0.01508124999999999 3.81
0.02612149124164814 -0.01508124999999999 3.8862
0.02612149124164814 -0.01508124999999999 3.9624
0.02612149124164814 -0.01508124999999999 4.0386
0.02612149124164814 -0.01508124999999999 4.114800000000001
0.02612149124164814 -0.01508124999999999 4.191
0.02612149124164814 -0.01508124999999999 4.2672
0.02612149124164814 -0.01508124999999999 4.3434
0.02612149124164814 -0.01508124999999999 4.4196
0.02612149124164814 -0.01508124999999999 4.4958
0.02612149124164814 -0.01508124999999999 4.572
0.02612149124164814 -0.01508124999999999 4.6482
0.02612149124164814 -0.01508124999999999 4.7244
0.02612149124164814 -0.01508124999999999 4.8006
0.02612149124164814 -0.01508124999999999 4.8768
0.02612149124164814 -0.01508124999999999 4.953
0.02612149124164814 -0.01508124999999999 5.029199999999999
0.02612149124164814 -0.01508124999999999 5.1054
0.02612149124164814 -0.01508124999999999 5.1816
0.02612149124164814 -0.01508124999999999 5.2578
0.02612149124164814 -0.01508124999999999 5.334
0.02612149124164814 -0.01508124999999999 5.4102
0.02612149124164814 -0.01508124999999999 5.486400000000001
0.02612149124164814 -0.01508124999999999 5.5626
0.02612149124164814 -0.01508124999999999 5.638800000000001
0.02612149124164814 -0.01508124999999999 5.715
0.02612149124164814 -0.01508124999999999 5.7912
0.02612149124164814 -0.01508124999999999 5.8674
0.02612149124164814 -0.01508124999999999 5.9436
0.02612149124164814 -0.01508124999999999 6.0198
0.02913473773544402 -0.00780662944790478 0.0762
0.02913473773544402 -0.00780662944790478 0.1524
0.02913473773544402 -0.00780662944790478 0.2286
0.02913473773544402 -0.00780662944790478 0.3048
0.02913473773544402 -0.00780662944790478 0.381
0.02913473773544402 -0.00780662944790478 0.4572
0.02913473773544402 -0.00780662944790478 0.5334
0.02913473773544402 -0.00780662944790478 0.6096
0.02913473773544402 -0.00780662944790478 0.6858000000000001
0.02913473773544402 -0.00780662944790478 0.762
0.02913473773544402 -0.00780662944790478 0.8382000000000001
0.02913473773544402 -0.00780662944790478 0.9144
0.02913473773544402 -0.00780662944790478 0.9906
0.02913473773544402 -0.00780662944790478 1.0668
0.02913473773544402 -0.00780662944790478 1.143
0.02913473773544402 -0.00780662944790478 1.2192
0.02913473773544402 -0.00780662944790478 1.2954
0.02913473773544402 -0.00780662944790478 1.3716
0.02913473773544402 -0.00780662944790478 1.4478
0.02913473773544402 -0.00780662944790478 1.524
0.02913473773544402 -0.00780662944790478 1.6002
0.02913473773544402 -0.00780662944790478 1.6764
0.02913473773544402 -0.00780662944790478 1.7526
0.02913473773544402 -0.00780662944790478 1.8288
0.02913473773544402 -0.00780662944790478 1.905
0.02913473773544402 -0.00780662944790478 1.9812
0.02913473773544402 -0.00780662944790478 2.0574
0.02913473773544402 -0.00780662944790478 2.1336
0.02913473773544402 -0.00780662944790478 2.2098
0.02913473773544402 -0.00780662944790478 2.286
0.02913473773544402 -0.00780662944790478 2.3622
0.02913473773544402 -0.00780662944790478 2.4384
0.02913473773544402 -0.00780662944790478 2.5146
0.02913473773544402 -0.00780662944790478 2.5908
0.02913473773544402 -0.00780662944790478 2.667
0.02913473773544402 -0.00780662944790478 2.7432
0.02913473773544402 -0.00780662944790478 2.8194
0.02913473773544402 -0.00780662944790478 2.8956
0.02913473773544402 -0.00780662944790478 2.9718
0.02913473773544402 -0.00780662944790478 3.048
0.02913473773544402 -0.00780662944790478 3.1242
0.02913473773544402 -0.00780662944790478 3.2004
0.02913473773544402 -0.00780662944790478 3.2766
0.02913473773544402 -0.00780662944790478 3.3528
0.02913473773544402 -0.00780662944790478 3.429
0.02913473773544402 -0.00780662944790478 3.5052
0.02913473773544402 -0.00780662944790478 3.5814
0.02913473773544402 -0.00780662944790478 3.6576
0.02913473773544402 -0.00780662944790478 3.7338
0.02913473773544402 -0.00780662944790478 3.81
0.02913473773544402 -0.00780662944790478 3.8862
0.02913473773544402 -0.00780662944790478 3.9624
0.02913473773544402 -0.00780662944790478 4.0386
0.02913473773544402 -0.00780662944790478 4.114800000000001
0.02913473773544402 -0.00780662944790478 4.191
0.02913473773544402 -0.00780662944790478 4.2672
0.02913473773544402 -0.00780662944790478 4.3434
0.02913473773544402 -0.00780662944790478 4.4196
0.02913473773544402 -0.00780662944790478 4.4958
0.02913473773544402 -0.00780662944790478 4.572
0.02913473773544402 -0.00780662944790478 4.6482
0.02913473773544402 -0.00780662944790478 4.7244
0.02913473773544402 -0.00780662944790478 4.8006
0.02913473773544402 -0.00780662944790478 4.8768
0.02913473773544402 -0.00780662944790478 4.953
0.02913473773544402 -0.00780662944790478 5.029199999999999
0.02913473773544402 -0.00780662944790478 5.1054
0.02913473773544402 -0.00780662944790478 5.1816
0.02913473773544402 -0.00780662944790478 5.2578
0.02913473773544402 -0.00780662944790478 5.334
0.02913473773544402 -0.00780662944790478 5.4102
0.02913473773544402 -0.00780662944790478 5.486400000000001
0.02913473773544402 -0.00780662944790478 5.5626
0.02913473773544402 -0.00780662944790478 5.638800000000001
0.02913473773544402 -0.00780662944790478 5.715
0.02913473773544402 -0.00780662944790478 5.7912
0.02913473773544402 -0.00780662944790478 5.8674
0.02913473773544402 -0.00780662944790478 5.9436
0.02913473773544402 -0.00780662944790478 6.0198
2 3 0 50
1995
1996
1997
1998
1999
2000
2001
2002
2003
2004
2005
2006
2007
2008
2009
2010
2011
2012
2013
2014
2015
2016
2017
2018
2019
2020
2021
2022
2023
2024
2025
2026
2027
2028
2029
2030
2031
2032
2033
2034
2035
2036
2037
2038
2039
2040
2041
2042
2043
2044
-0.0228878794479048 0.003013246493795862 6.096
0.02288787944790479 -0.003013246493795893 6.096
-0.003202798528618491 -0.02247957395750216 6.096
0.003013246493795844 0.02288787944790478 6.096
-0.01874191354091847 -0.01469102848733548 6.096
-0.01405348773544407 0.01831486179374333 6.096
0.01403231758306291 -0.01855768046372842 6.096
0.01839689958546452 0.01431465237463068 6.096
-0.02456172008128258 -0.003233611793743386 6.096
-0.01731537077447068 -0.001454625449120619 6.096
-0.0155144858889242 0.005486125107517972 6.096
-0.009706261757009825 0.0006275927643157517 6.096
-0.00804560717552525 0.007991053294091879 6.096
-0.002214835990320859 0.003079007417408184 6.096
-0.003771710065557919 -0.004595201026141435 6.096
0.003693776278797169 -0.002070065612934339 6.096
0.005229172899961065 0.005651754880967023 6.096
0.002204921265910411 -0.009591872314839867 6.096
0.009116253369107125 -0.007017629163535505 6.096
-0.00536317476723397 -0.01299248332024777 6.096
-0.0113892047435019 -0.006550215584571378 6.096
-0.0008556006496049279 0.01056459968817182 6.096
0.006067388643024496 0.01423381868634604 6.096
0.01287549481265521 0.008333410200257865 6.096
0.0108790657152616 0.000574133015968087 6.096
-0.007418193249731157 0.01594302452481553 6.096
0.0182940249912099 0.002133371977228453 6.096
0.007833034681733702 -0.01431443945836679 6.096
0.001437439463821267 -0.01732253420499105 6.096
-0.01013475153684205 -0.02007507154915324 6.096
0.008066555567361345 -0.02173952519941453 6.096
-0.02110394796885104 0.009813873302779264 6.096
0.01595772104275204 -0.004896130597713634 6.096
0.02119983518237078 -0.009762313063111266 6.096
0.02158932739322277 0.008422823481317048 6.096
-0.0199170082837664 -0.008313357686143852 6.096
-0.0007838715480639034 0.01728213174665303 6.096
0.01009528933599093 0.02085226100360925 6.096
-0.003907441446417257 0.0230284361779077 6.096
-0.01390418893251663 0.0120405715060124 6.096
0.01433859467095297 -0.01180502027169457 6.096
0.02449930022194445 0.003012118884059338 6.096
-0.0126272676607554 -0.01326441380520914 6.096
-0.0193663209767109 0.01546244778893346 6.096
0.01939641742907452 -0.01543346435483277 6.096
0.01252463209497548 0.01496561945253545 6.096
0.0156019018251537 0.0194922447481321 6.096
-0.01004318023746679 0.02263185722593645 6.096
0.002521367820731292 -0.02456866917759531 6.096
-0.01585128543454769 -0.01915645399228596 6.096
3 1 0 0
$EndNodes
$Elements
8 2294 1 2294
0 1 15 1
1 1 
0 2 15 1
2 2 
1 1 1 24
3 1 3 
4 3 4 
5 4 5 
6 5 6 
7 6 7 
8 7 8 
9 8 9 
10 9 10 
11 10 11 
12 11 12 
13 12 13 
14 13 14 
15 14 15 
16 15 16 
17 16 17 
18 17 18 
19 18 19 
20 19 20 
21 20 21 
22 21 22 
23 22 23 
24 23 24 
25 24 25 
26 25 1 
1 2 1 80
27 1 26 
28 26 27 
29 27 28 
30 28 29 
31 29 30 
32 30 31 
33 31 32 
34 32 33 
35 33 34 
36 34 35 
37 35 36 
38 36 37 
39 37 38 
40 38 39 
41 39 40 
42 40 41 
43 41 42 
44 42 43 
45 43 44 
46 44 45 
47 45 46 
48 46 47 
49 47 48 
50 48 49 
51 49 50 
52 50 51 
53 51 52 
54 52 53 
55 53 54 
56 54 55 
57 55 56 
58 56 57 
59 57 58 
60 58 59 
61 59 60 
62 60 61 
63 61 62 
64 62 63 
65 63 64 
66 64 65 
67 65 66 
68 66 67 
69 67 68 
70 68 69 
71 69 70 
72 70 71 
73 71 72 
74 72 73 
75 73 74 
76 74 75 
77 75 76 
78 76 77 
79 77 78 
80 78 79 
81 79 80 
82 80 81 
83 81 82 
84 82 83 
85 83 84 
86 84 85 
87 85 86 
88 86 87 
89 87 88 
90 88 89 
91 89 90 
92 90 91 
93 91 92 
94 92 93 
95 93 94 
96 94 95 
97 95 96 
98 96 97 
99 97 98 
100 98 99 
101 99 100 
102 100 101 
103 101 102 
104 102 103 
105 103 104 
106 104 2 
1 3 1 24
107 2 105 
108 105 106 
109 106 107 
110 107 108 
111 108 109 
112 109 110 
113 110 111 
114 111 112 
115 112 113 
116 113 114 
117 114 115 
118 115 116 
119 116 117 
120 117 118 
121 118 119 
122 119 120 
123 120 121 
124 121 122 
125 122 123 
126 123 124 
127 124 125 
128 125 126 
129 126 127 
130 127 2 
2 1 2 122
131 147 157 130 
132 130 156 147 
133 19 157 18 
134 130 157 19 
135 16 163 15 
136 150 165 131 
137 131 164 150 
138 134 158 22 
139 151 162 135 
140 154 162 151 
141 132 163 16 
142 22 158 21 
143 7 165 6 
144 131 165 7 
145 163 170 148 
146 8 166 131 
147 132 170 163 
148 15 163 136 
149 9 166 8 
150 129 161 25 
151 25 161 24 
152 142 148 147 
153 139 148 142 
154 141 149 140 
155 144 152 151 
156 143 152 144 
157 17 132 16 
158 1 129 25 
159 8 131 7 
160 11 133 10 
161 20 130 19 
162 5 135 4 
163 23 134 22 
164 14 128 13 
165 144 151 150 
166 146 152 143 
167 144 150 149 
168 144 149 141 
169 142 147 145 
170 145 146 143 
171 142 145 143 
172 143 144 141 
173 142 143 141 
174 139 142 141 
175 139 141 140 
176 137 148 139 
177 139 140 138 
178 149 153 140 
179 137 139 138 
180 137 163 148 
181 137 138 128 
182 128 159 13 
183 13 159 12 
184 152 154 151 
185 147 156 145 
186 155 158 134 
187 150 164 149 
188 160 168 161 
189 154 160 129 
190 152 160 154 
191 145 155 146 
192 133 167 153 
193 153 167 140 
194 147 170 157 
195 4 162 3 
196 135 162 4 
197 156 158 155 
198 157 177 18 
199 138 159 128 
200 146 160 152 
201 138 167 159 
202 153 175 133 
203 156 176 158 
204 145 156 155 
205 136 137 128 
206 130 176 156 
207 160 161 129 
208 167 171 159 
209 131 166 164 
210 146 168 160 
211 148 170 147 
212 135 173 151 
213 15 136 14 
214 14 136 128 
215 140 167 138 
216 149 164 153 
217 3 169 1 
218 12 171 11 
219 166 175 153 
220 24 172 23 
221 10 175 9 
222 18 177 17 
223 21 176 20 
224 6 174 5 
225 151 173 150 
226 1 169 129 
227 136 163 137 
228 11 171 133 
229 164 166 153 
230 23 172 134 
231 165 174 6 
232 5 174 135 
233 129 169 154 
234 133 175 10 
235 20 176 130 
236 17 177 132 
237 158 176 21 
238 168 172 161 
239 161 172 24 
240 150 173 165 
241 134 168 155 
242 155 168 146 
243 159 171 12 
244 9 175 166 
245 162 169 3 
246 133 171 167 
247 154 169 162 
248 132 177 170 
249 170 177 157 
250 134 172 168 
251 135 174 173 
252 173 174 165 
2 2 3 1920
253 1 3 178 26 
254 26 178 179 27 
255 27 179 180 28 
256 28 180 181 29 
257 29 181 182 30 
258 30 182 183 31 
259 31 183 184 32 
260 32 184 185 33 
261 33 185 186 34 
262 34 186 187 35 
263 35 187 188 36 
264 36 188 189 37 
265 37 189 190 38 
266 38 190 191 39 
267 39 191 192 40 
268 40 192 193 41 
269 41 193 194 42 
270 42 194 195 43 
271 43 195 196 44 
272 44 196 197 45 
273 45 197 198 46 
274 46 198 199 47 
275 47 199 200 48 
276 48 200 201 49 
277 49 201 202 50 
278 50 202 203 51 
279 51 203 204 52 
280 52 204 205 53 
281 53 205 206 54 
282 54 206 207 55 
283 55 207 208 56 
284 56 208 209 57 
285 57 209 210 58 
286 58 210 211 59 
287 59 211 212 60 
288 60 212 213 61 
289 61 213 214 62 
290 62 214 215 63 
291 63 215 216 64 
292 64 216 217 65 
293 65 217 218 66 
294 66 218 219 67 
295 67 219 220 68 
296 68 220 221 69 
297 69 221 222 70 
298 70 222 223 71 
299 71 223 224 72 
300 72 224 225 73 
301 73 225 226 74 
302 74 226 227 75 
303 75 227 228 76 
304 76 228 229 77 
305 77 229 230 78 
306 78 230 231 79 
307 79 231 232 80 
308 80 232 233 81 
309 81 233 234 82 
310 82 234 235 83 
311 83 235 236 84 
312 84 236 237 85 
313 85 237 238 86 
314 86 238 239 87 
315 87 239 240 88 
316 88 240 241 89 
317 89 241 242 90 
318 90 242 243 91 
319 91 243 244 92 
320 92 244 245 93 
321 93 245 246 94 
322 94 246 247 95 
323 95 247 248 96 
324 96 248 249 97 
325 97 249 250 98 
326 98 250 251 99 
327 99 251 252 100 
328 100 252 253 101 
329 101 253 254 102 
330 102 254 255 103 
331 103 255 256 104 
332 104 256 105 2 
333 3 4 257 178 
334 178 257 258 179 
335 179 258 259 180 
336 180 259 260 181 
337 181 260 261 182 
338 182 261 262 183 
339 183 262 263 184 
340 184 263 264 185 
341 185 264 265 186 
342 186 265 266 187 
343 187 266 267 188 
344 188 267 268 189 
345 189 268 269 190 
346 190 269 270 191 
347 191 270 271 192 
348 192 271 272 193 
349 193 272 273 194 
350 194 273 274 195 
351 195 274 275 196 
352 196 275 276 197 
353 197 276 277 198 
354 198 277 278 199 
355 199 278 279 200 
356 200 279 280 201 
357 201 280 281 202 
358 202 281 282 203 
359 203 282 283 204 
360 204 283 284 205 
361 205 284 285 206 
362 206 285 286 207 
363 207 286 287 208 
364 208 287 288 209 
365 209 288 289 210 
366 210 289 290 211 
367 211 290 291 212 
368 212 291 292 213 
369 213 292 293 214 
370 214 293 294 215 
371 215 294 295 216 
372 216 295 296 217 
373 217 296 297 218 
374 218 297 298 219 
375 219 298 299 220 
376 220 299 300 221 
377 221 300 301 222 
378 222 301 302 223 
379 223 302 303 224 
380 224 303 304 225 
381 225 304 305 226 
382 226 305 306 227 
383 227 306 307 228 
384 228 307 308 229 
385 229 308 309 230 
386 230 309 310 231 
387 231 310 311 232 
388 232 311 312 233 
389 233 312 313 234 
390 234 313 314 235 
391 235 314 315 236 
392 236 315 316 237 
393 237 316 317 238 
394 238 317 318 239 
395 239 318 319 240 
396 240 319 320 241 
397 241 320 321 242 
398 242 321 322 243 
399 243 322 323 244 
400 244 323 324 245 
401 245 324 325 246 
402 246 325 326 247 
403 247 326 327 248 
404 248 327 328 249 
405 249 328 329 250 
406 250 329 330 251 
407 251 330 331 252 
408 252 331 332 253 
409 253 332 333 254 
410 254 333 334 255 
411 255 334 335 256 
412 256 335 106 105 
413 4 5 336 257 
414 257 336 337 258 
415 258 337 338 259 
416 259 338 339 260 
417 260 339 340 261 
418 261 340 341 262 
419 262 341 342 263 
420 263 342 343 264 
421 264 343 344 265 
422 265 344 345 266 
423 266 345 346 267 
424 267 346 347 268 
425 268 347 348 269 
426 269 348 349 270 
427 270 349 350 271 
428 271 350 351 272 
429 272 351 352 273 
430 273 352 353 274 
431 274 353 354 275 
432 275 354 355 276 
433 276 355 356 277 
434 277 356 357 278 
435 278 357 358 279 
436 279 358 359 280 
437 280 359 360 281 
438 281 360 361 282 
439 282 361 362 283 
440 283 362 363 284 
441 284 363 364 285 
442 285 364 365 286 
443 286 365 366 287 
444 287 366 367 288 
445 288 367 368 289 
446 289 368 369 290 
447 290 369 370 291 
448 291 370 371 292 
449 292 371 372 293 
450 293 372 373 294 
451 294 373 374 295 
452 295 374 375 296 
453 296 375 376 297 
454 297 376 377 298 
455 298 377 378 299 
456 299 378 379 300 
457 300 379 380 301 
458 301 380 381 302 
459 302 381 382 303 
460 303 382 383 304 
461 304 383 384 305 
462 305 384 385 306 
463 306 385 386 307 
464 307 386 387 308 
465 308 387 388 309 
466 309 388 389 310 
467 310 389 390 311 
468 311 390 391 312 
469 312 391 392 313 
470 313 392 393 314 
471 314 393 394 315 
472 315 394 395 316 
473 316 395 396 317 
474 317 396 397 318 
475 318 397 398 319 
476 319 398 399 320 
477 320 399 400 321 
478 321 400 401 322 
479 322 401 402 323 
480 323 402 403 324 
481 324 403 404 325 
482 325 404 405 326 
483 326 405 406 327 
484 327 406 407 328 
485 328 407 408 329 
486 329 408 409 330 
487 330 409 410 331 
488 331 410 411 332 
489 332 411 412 333 
490 333 412 413 334 
491 334 413 414 335 
492 335 414 107 106 
493 5 6 415 336 
494 336 415 416 337 
495 337 416 417 338 
496 338 417 418 339 
497 339 418 419 340 
498 340 419 420 341 
499 341 420 421 342 
500 342 421 422 343 
501 343 422 423 344 
502 344 423 424 345 
503 345 424 425 346 
504 346 425 426 347 
505 347 426 427 348 
506 348 427 428 349 
507 349 428 429 350 
508 350 429 430 351 
509 351 430 431 352 
510 352 431 432 353 
511 353 432 433 354 
512 354 433 434 355 
513 355 434 435 356 
514 356 435 436 357 
515 357 436 437 358 
516 358 437 438 359 
517 359 438 439 360 
518 360 439 440 361 
519 361 440 441 362 
520 362 441 442 363 
521 363 442 443 364 
522 364 443 444 365 
523 365 444 445 366 
524 366 445 446 367 
525 367 446 447 368 
526 368 447 448 369 
527 369 448 449 370 
528 370 449 450 371 
529 371 450 451 372 
530 372 451 452 373 
531 373 452 453 374 
532 374 453 454 375 
533 375 454 455 376 
534 376 455 456 377 
535 377 456 457 378 
536 378 457 458 379 
537 379 458 459 380 
538 380 459 460 381 
539 381 460 461 382 
540 382 461 462 383 
541 383 462 463 384 
542 384 463 464 385 
543 385 464 465 386 
544 386 465 466 387 
545 387 466 467 388 
546 388 467 468 389 
547 389 468 469 390 
548 390 469 470 391 
549 391 470 471 392 
550 392 471 472 393 
551 393 472 473 394 
552 394 473 474 395 
553 395 474 475 396 
554 396 475 476 397 
555 397 476 477 398 
556 398 477 478 399 
557 399 478 479 400 
558 400 479 480 401 
559 401 480 481 402 
560 402 481 482 403 
561 403 482 483 404 
562 404 483 484 405 
563 405 484 485 406 
564 406 485 486 407 
565 407 486 487 408 
566 408 487 488 409 
567 409 488 489 410 
568 410 489 490 411 
569 411 490 491 412 
570 412 491 492 413 
571 413 492 493 414 
572 414 493 108 107 
573 6 7 494 415 
574 415 494 495 416 
575 416 495 496 417 
576 417 496 497 418 
577 418 497 498 419 
578 419 498 499 420 
579 420 499 500 421 
580 421 500 501 422 
581 422 501 502 423 
582 423 502 503 424 
583 424 503 504 425 
584 425 504 505 426 
585 426 505 506 427 
586 427 506 507 428 
587 428 507 508 429 
588 429 508 509 430 
589 430 509 510 431 
590 431 510 511 432 
591 432 511 512 433 
592 433 512 513 434 
593 434 513 514 435 
594 435 514 515 436 
595 436 515 516 437 
596 437 516 517 438 
597 438 517 518 439 
598 439 518 519 440 
599 440 519 520 441 
600 441 520 521 442 
601 442 521 522 443 
602 443 522 523 444 
603 444 523 524 445 
604 445 524 525 446 
605 446 525 526 447 
606 447 526 527 448 
607 448 527 528 449 
608 449 528 529 450 
609 450 529 530 451 
610 451 530 531 452 
611 452 531 532 453 
612 453 532 533 454 
613 454 533 534 455 
614 455 534 535 456 
615 456 535 536 457 
616 457 536 537 458 
617 458 537 538 459 
618 459 538 539 460 
619 460 539 540 461 
620 461 540 541 462 
621 462 541 542 463 
622 463 542 543 464 
623 464 543 544 465 
624 465 544 545 466 
625 466 545 546 467 
626 467 546 547 468 
627 468 547 548 469 
628 469 548 549 470 
629 470 549 550 471 
630 471 550 551 472 
631 472 551 552 473 
632 473 552 553 474 
633 474 553 554 475 
634 475 554 555 476 
635 476 555 556 477 
636 477 556 557 478 
637 478 557 558 479 
638 479 558 559 480 
639 480 559 560 481 
640 481 560 561 482 
641 482 561 562 483 
642 483 562 563 484 
643 484 563 564 485 
644 485 564 565 486 
645 486 565 566 487 
646 487 566 567 488 
647 488 567 568 489 
648 489 568 569 490 
649 490 569 570 491 
650 491 570 571 492 
651 492 571 572 493 
652 493 572 109 108 
653 7 8 573 494 
654 494 573 574 495 
655 495 574 575 496 
656 496 575 576 497 
657 497 576 577 498 
658 498 577 578 499 
659 499 578 579 500 
660 500 579 580 501 
661 501 580 581 502 
662 502 581 582 503 
663 503 582 583 504 
664 504 583 584 505 
665 505 584 585 506 
666 506 585 586 507 
667 507 586 587 508 
668 508 587 588 509 
669 509 588 589 510 
670 510 589 590 511 
671 511 590 591 512 
672 512 591 592 513 
673 513 592 593 514 
674 514 593 594 515 
675 515 594 595 516 
676 516 595 596 517 
677 517 596 597 518 
678 518 597 598 519 
679 519 598 599 520 
680 520 599 600 521 
681 521 600 601 522 
682 522 601 602 523 
683 523 602 603 524 
684 524 603 604 525 
685 525 604 605 526 
686 526 605 606 527 
687 527 606 607 528 
688 528 607 608 529 
689 529 608 609 530 
690 530 609 610 531 
691 531 610 611 532 
692 532 611 612 533 
693 533 612 613 534 
694 534 613 614 535 
695 535 614 615 536 
696 536 615 616 537 
697 537 616 617 538 
698 538 617 618 539 
699 539 618 619 540 
700 540 619 620 541 
701 541 620 621 542 
702 542 621 622 543 
703 543 622 623 544 
704 544 623 624 545 
705 545 624 625 546 
706 546 625 626 547 
707 547 626 627 548 
708 548 627 628 549 
709 549 628 629 550 
710 550 629 630 551 
711 551 630 631 552 
712 552 631 632 553 
713 553 632 633 554 
714 554 633 634 555 
715 555 634 635 556 
716 556 635 636 557 
717 557 636 637 558 
718 558 637 638 559 
719 559 638 639 560 
720 560 639 640 561 
721 561 640 641 562 
722 562 641 642 563 
723 563 642 643 564 
724 564 643 644 565 
725 565 644 645 566 
726 566 645 646 567 
727 567 646 647 568 
728 568 647 648 569 
729 569 648 649 570 
730 570 649 650 571 
731 571 650 651 572 
732 572 651 110 109 
733 8 9 652 573 
734 573 652 653 574 
735 574 653 654 575 
736 575 654 655 576 
737 576 655 656 577 
738 577 656 657 578 
739 578 657 658 579 
740 579 658 659 580 
741 580 659 660 581 
742 581 660 661 582 
743 582 661 662 583 
744 583 662 663 584 
745 584 663 664 585 
746 585 664 665 586 
747 586 665 666 587 
748 587 666 667 588 
749 588 667 668 589 
750 589 668 669 590 
751 590 669 670 591 
752 591 670 671 592 
753 592 671 672 593 
754 593 672 673 594 
755 594 673 674 595 
756 595 674 675 596 
757 596 675 676 597 
758 597 676 677 598 
759 598 677 678 599 
760 599 678 679 600 
761 600 679 680 601 
762 601 680 681 602 
763 602 681 682 603 
764 603 682 683 604 
765 604 683 684 605 
766 605 684 685 606 
767 606 685 686 607 
768 607 686 687 608 
769 608 687 688 609 
770 609 688 689 610 
771 610 689 690 611 
772 611 690 691 612 
773 612 691 692 613 
774 613 692 693 614 
775 614 693 694 615 
776 615 694 695 616 
777 616 695 696 617 
778 617 696 697 618 
779 618 697 698 619 
780 619 698 699 620 
781 620 699 700 621 
782 621 700 701 622 
783 622 701 702 623 
784 623 702 703 624 
785 624 703 704 625 
786 625 704 705 626 
787 626 705 706 627 
788 627 706 707 628 
789 628 707 708 629 
790 629 708 709 630 
791 630 709 710 631 
792 631 710 711 632 
793 632 711 712 633 
794 633 712 713 634 
795 634 713 714 635 
796 635 714 715 636 
797 636 715 716 637 
798 637 716 717 638 
799 638 717 718 639 
800 639 718 719 640 
801 640 719 720 641 
802 641 720 721 642 
803 642 721 722 643 
804 643 722 723 644 
805 644 723 724 645 
806 645 724 725 646 
807 646 725 726 647 
808 647 726 727 648 
809 648 727 728 649 
810 649 728 729 650 
811 650 729 730 651 
812 651 730 111 110 
813 9 10 731 652 
814 652 731 732 653 
815 653 732 733 654 
816 654 733 734 655 
817 655 734 735 656 
818 656 735 736 657 
819 657 736 737 658 
820 658 737 738 659 
821 659 738 739 660 
822 660 739 740 661 
823 661 740 741 662 
824 662 741 742 663 
825 663 742 743 664 
826 664 743 744 665 
827 665 744 745 666 
828 666 745 746 667 
829 667 746 747 668 
830 668 747 748 669 
831 669 748 749 670 
832 670 749 750 671 
833 671 750 751 672 
834 672 751 752 673 
835 673 752 753 674 
836 674 753 754 675 
837 675 754 755 676 
838 676 755 756 677 
839 677 756 757 678 
840 678 757 758 679 
841 679 758 759 680 
842 680 759 760 681 
843 681 760 761 682 
844 682 761 762 683 
845 683 762 763 684 
846 684 763 764 685 
847 685 764 765 686 
848 686 765 766 687 
849 687 766 767 688 
850 688 767 768 689 
851 689 768 769 690 
852 690 769 770 691 
853 691 770 771 692 
854 692 771 772 693 
855 693 772 773 694 
856 694 773 774 695 
857 695 774 775 696 
858 696 775 776 697 
859 697 776 777 698 
860 698 777 778 699 
861 699 778 779 700 
862 700 779 780 701 
863 701 780 781 702 
864 702 781 782 703 
865 703 782 783 704 
866 704 783 784 705 
867 705 784 785 706 
868 706 785 786 707 
869 707 786 787 708 
870 708 787 788 709 
871 709 788 789 710 
872 710 789 790 711 
873 711 790 791 712 
874 712 791 792 713 
875 713 792 793 714 
876 714 793 794 715 
877 715 794 795 716 
878 716 795 796 717 
879 717 796 797 718 
880 718 797 798 719 
881 719 798 799 720 
882 720 799 800 721 
883 721 800 801 722 
884 722 801 802 723 
885 723 802 803 724 
886 724 803 804 725 
887 725 804 805 726 
888 726 805 806 727 
889 727 806 807 728 
890 728 807 808 729 
891 729 808 809 730 
892 730 809 112 111 
893 10 11 810 731 
894 731 810 811 732 
895 732 811 812 733 
896 733 812 813 734 
897 734 813 814 735 
898 735 814 815 736 
899 736 815 816 737 
900 737 816 817 738 
901 738 817 818 739 
902 739 818 819 740 
903 740 819 820 741 
904 741 820 821 742 
905 742 821 822 743 
906 743 822 823 744 
907 744 823 824 745 
908 745 824 825 746 
909 746 825 826 747 
910 747 826 827 748 
911 748 827 828 749 
912 749 828 829 750 
913 750 829 830 751 
914 751 830 831 752 
915 752 831 832 753 
916 753 832 833 754 
917 754 833 834 755 
918 755 834 835 756 
919 756 835 836 757 
920 757 836 837 758 
921 758 837 838 759 
922 759 838 839 760 
923 760 839 840 761 
924 761 840 841 762 
925 762 841 842 763 
926 763 842 843 764 
927 764 843 844 765 
928 765 844 845 766 
929 766 845 846 767 
930 767 846 847 768 
931 768 847 848 769 
932 769 848 849 770 
933 770 849 850 771 
934 771 850 851 772 
935 772 851 852 773 
936 773 852 853 774 
937 774 853 854 775 
938 775 854 855 776 
939 776 855 856 777 
940 777 856 857 778 
941 778 857 858 779 
942 779 858 859 780 
943 780 859 860 781 
944 781 860 861 782 
945 782 861 862 783 
946 783 862 863 784 
947 784 863 864 785 
948 785 864 865 786 
949 786 865 866 787 
950 787 866 867 788 
951 788 867 868 789 
952 789 868 869 790 
953 790 869 870 791 
954 791 870 871 792 
955 792 871 872 793 
956 793 872 873 794 
957 794 873 874 795 
958 795 874 875 796 
959 796 875 876 797 
960 797 876 877 798 
961 798 877 878 799 
962 799 878 879 800 
963 800 879 880 801 
964 801 880 881 802 
965 802 881 882 803 
966 803 882 883 804 
967 804 883 884 805 
968 805 884 885 806 
969 806 885 886 807 
970 807 886 887 808 
971 808 887 888 809 
972 809 888 113 112 
973 11 12 889 810 
974 810 889 890 811 
975 811 890 891 812 
976 812 891 892 813 
977 813 892 893 814 
978 814 893 894 815 
979 815 894 895 816 
980 816 895 896 817 
981 817 896 897 818 
982 818 897 898 819 
983 819 898 899 820 
984 820 899 900 821 
985 821 900 901 822 
986 822 901 902 823 
987 823 902 903 824 
988 824 903 904 825 
989 825 904 905 826 
990 826 905 906 827 
991 827 906 907 828 
992 828 907 908 829 
993 829 908 909 830 
994 830 909 910 831 
995 831 910 911 832 
996 832 911 912 833 
997 833 912 913 834 
998 834 913 914 835 
999 835 914 915 836 
1000 836 915 916 837 
1001 837 916 917 838 
1002 838 917 918 839 
1003 839 918 919 840 
1004 840 919 920 841 
1005 841 920 921 842 
1006 842 921 922 843 
1007 843 922 923 844 
1008 844 923 924 845 
1009 845 924 925 846 
1010 846 925 926 847 
1011 847 926 927 848 
1012 848 927 928 849 
1013 849 928 929 850 
1014 850 929 930 851 
1015 851 930 931 852 
1016 852 931 932 853 
1017 853 932 933 854 
1018 854 933 934 855 
1019 855 934 935 856 
1020 856 935 936 857 
1021 857 936 937 858 
1022 858 937 938 859 
1023 859 938 939 860 
1024 860 939 940 861 
1025 861 940 941 862 
1026 862 941 942 863 
1027 863 942 943 864 
1028 864 943 944 865 
1029 865 944 945 866 
1030 866 945 946 867 
1031 867 946 947 868 
1032 868 947 948 869 
1033 869 948 949 870 
1034 870 949 950 871 
1035 871 950 951 872 
1036 872 951 952 873 
1037 873 952 953 874 
1038 874 953 954 875 
1039 875 954 955 876 
1040 876 955 956 877 
1041 877 956 957 878 
1042 878 957 958 879 
1043 879 958 959 880 
1044 880 959 960 881 
1045 881 960 961 882 
1046 882 961 962 883 
1047 883 962 963 884 
1048 884 963 964 885 
1049 885 964 965 886 
1050 886 965 966 887 
1051 887 966 967 888 
1052 888 967 114 113 
1053 12 13 968 889 
1054 889 968 969 890 
1055 890 969 970 891 
1056 891 970 971 892 
1057 892 971 972 893 
1058 893 972 973 894 
1059 894 973 974 895 
1060 895 974 975 896 
1061 896 975 976 897 
1062 897 976 977 898 
1063 898 977 978 899 
1064 899 978 979 900 
1065 900 979 980 901 
1066 901 980 981 902 
1067 902 981 982 903 
1068 903 982 983 904 
1069 904 983 984 905 
1070 905 984 985 906 
1071 906 985 986 907 
1072 907 986 987 908 
1073 908 987 988 909 
1074 909 988 989 910 
1075 910 989 990 911 
1076 911 990 991 912 
1077 912 991 992 913 
1078 913 992 993 914 
1079 914 993 994 915 
1080 915 994 995 916 
1081 916 995 996 917 
1082 917 996 997 918 
1083 918 997 998 919 
1084 919 998 999 920 
1085 920 999 1000 921 
1086 921 1000 1001 922 
1087 922 1001 1002 923 
1088 923 1002 1003 924 
1089 924 1003 1004 925 
1090 925 1004 1005 926 
1091 926 1005 1006 927 
1092 927 1006 1007 928 
1093 928 1007 1008 929 
1094 929 1008 1009 930 
1095 930 1009 1010 931 
1096 931 1010 1011 932 
1097 932 1011 1012 933 
1098 933 1012 1013 934 
1099 934 1013 1014 935 
1100 935 1014 1015 936 
1101 936 1015 1016 937 
1102 937 1016 1017 938 
1103 938 1017 1018 939 
1104 939 1018 1019 940 
1105 940 1019 1020 941 
1106 941 1020 1021 942 
1107 942 1021 1022 943 
1108 943 1022 1023 944 
1109 944 1023 1024 945 
1110 945 1024 1025 946 
1111 946 1025 1026 947 
1112 947 1026 1027 948 
1113 948 1027 1028 949 
1114 949 1028 1029 950 
1115 950 1029 1030 951 
1116 951 1030 1031 952 
1117 952 1031 1032 953 
1118 953 1032 1033 954 
1119 954 1033 1034 955 
1120 955 1034 1035 956 
1121 956 1035 1036 957 
1122 957 1036 1037 958 
1123 958 1037 1038 959 
1124 959 1038 1039 960 
1125 960 1039 1040 961 
1126 961 1040 1041 962 
1127 962 1041 1042 963 
1128 963 1042 1043 964 
1129 964 1043 1044 965 
1130 965 1044 1045 966 
1131 966 1045 1046 967 
1132 967 1046 115 114 
1133 13 14 1047 968 
1134 968 1047 1048 969 
1135 969 1048 1049 970 
1136 970 1049 1050 971 
1137 971 1050 1051 972 
1138 972 1051 1052 973 
1139 973 1052 1053 974 
1140 974 1053 1054 975 
1141 975 1054 1055 976 
1142 976 1055 1056 977 
1143 977 1056 1057 978 
1144 978 1057 1058 979 
1145 979 1058 1059 980 
1146 980 1059 1060 981 
1147 981 1060 1061 982 
1148 982 1061 1062 983 
1149 983 1062 1063 984 
1150 984 1063 1064 985 
1151 985 1064 1065 986 
1152 986 1065 1066 987 
1153 987 1066 1067 988 
1154 988 1067 1068 989 
1155 989 1068 1069 990 
1156 990 1069 1070 991 
1157 991 1070 1071 992 
1158 992 1071 1072 993 
1159 993 1072 1073 994 
1160 994 1073 1074 995 
1161 995 1074 1075 996 
1162 996 1075 1076 997 
1163 997 1076 1077 998 
1164 998 1077 1078 999 
1165 999 1078 1079 1000 
1166 1000 1079 1080 1001 
1167 1001 1080 1081 1002 
1168 1002 1081 1082 1003 
1169 1003 1082 1083 1004 
1170 1004 1083 1084 1005 
1171 1005 1084 1085 1006 
1172 1006 1085 1086 1007 
1173 1007 1086 1087 1008 
1174 1008 1087 1088 1009 
1175 1009 1088 1089 1010 
1176 1010 1089 1090 1011 
1177 1011 1090 1091 1012 
1178 1012 1091 1092 1013 
1179 1013 1092 1093 1014 
1180 1014 1093 1094 1015 
1181 1015 1094 1095 1016 
1182 1016 1095 1096 1017 
1183 1017 1096 1097 1018 
1184 1018 1097 1098 1019 
1185 1019 1098 1099 1020 
1186 1020 1099 1100 1021 
1187 1021 1100 1101 1022 
1188 1022 1101 1102 1023 
1189 1023 1102 1103 1024 
1190 1024 1103 1104 1025 
1191 1025 1104 1105 1026 
1192 1026 1105 1106 1027 
1193 1027 1106 1107 1028 
1194 1028 1107 1108 1029 
1195 1029 1108 1109 1030 
1196 1030 1109 1110 1031 
1197 1031 1110 1111 1032 
1198 1032 1111 1112 1033 
1199 1033 1112 1113 1034 
1200 1034 1113 1114 1035 
1201 1035 1114 1115 1036 
1202 1036 1115 1116 1037 
1203 1037 1116 1117 1038 
1204 1038 1117 1118 1039 
1205 1039 1118 1119 1040 
1206 1040 1119 1120 1041 
1207 1041 1120 1121 1042 
1208 1042 1121 1122 1043 
1209 1043 1122 1123 1044 
1210 1044 1123 1124 1045 
1211 1045 1124 1125 1046 
1212 1046 1125 116 115 
1213 14 15 1126 1047 
1214 1047 1126 1127 1048 
1215 1048 1127 1128 1049 
1216 1049 1128 1129 1050 
1217 1050 1129 1130 1051 
1218 1051 1130 1131 1052 
1219 1052 1131 1132 1053 
1220 1053 1132 1133 1054 
1221 1054 1133 1134 1055 
1222 1055 1134 1135 1056 
1223 1056 1135 1136 1057 
1224 1057 1136 1137 1058 
1225 1058 1137 1138 1059 
1226 1059 1138 1139 1060 
1227 1060 1139 1140 1061 
1228 1061 1140 1141 1062 
1229 1062 1141 1142 1063 
1230 1063 1142 1143 1064 
1231 1064 1143 1144 1065 
1232 1065 1144 1145 1066 
1233 1066 1145 1146 1067 
1234 1067 1146 1147 1068 
1235 1068 1147 1148 1069 
1236 1069 1148 1149 1070 
1237 1070 1149 1150 1071 
1238 1071 1150 1151 1072 
1239 1072 1151 1152 1073 
1240 1073 1152 1153 1074 
1241 1074 1153 1154 1075 
1242 1075 1154 1155 1076 
1243 1076 1155 1156 1077 
1244 1077 1156 1157 1078 
1245 1078 1157 1158 1079 
1246 1079 1158 1159 1080 
1247 1080 1159 1160 1081 
1248 1081 1160 1161 1082 
1249 1082 1161 1162 1083 
1250 1083 1162 1163 1084 
1251 1084 1163 1164 1085 
1252 1085 1164 1165 1086 
1253 1086 1165 1166 1087 
1254 1087 1166 1167 1088 
1255 1088 1167 1168 1089 
1256 1089 1168 1169 1090 
1257 1090 1169 1170 1091 
1258 1091 1170 1171 1092 
1259 1092 1171 1172 1093 
1260 1093 1172 1173 1094 
1261 1094 1173 1174 1095 
1262 1095 1174 1175 1096 
1263 1096 1175 1176 1097 
1264 1097 1176 1177 1098 
1265 1098 1177 1178 1099 
1266 1099 1178 1179 1100 
1267 1100 1179 1180 1101 
1268 1101 1180 1181 1102 
1269 1102 1181 1182 1103 
1270 1103 1182 1183 1104 
1271 1104 1183 1184 1105 
1272 1105 1184 1185 1106 
1273 1106 1185 1186 1107 
1274 1107 1186 1187 1108 
1275 1108 1187 1188 1109 
1276 1109 1188 1189 1110 
1277 1110 1189 1190 1111 
1278 1111 1190 1191 1112 
1279 1112 1191 1192 1113 
1280 1113 1192 1193 1114 
1281 1114 1193 1194 1115 
1282 1115 1194 1195 1116 
1283 1116 1195 1196 1117 
1284 1117 1196 1197 1118 
1285 1118 1197 1198 1119 
1286 1119 1198 1199 1120 
1287 1120 1199 1200 1121 
1288 1121 1200 1201 1122 
1289 1122 1201 1202 1123 
1290 1123 1202 1203 1124 
1291 1124 1203 1204 1125 
1292 1125 1204 117 116 
1293 15 16 1205 1126 
1294 1126 1205 1206 1127 
1295 1127 1206 1207 1128 
1296 1128 1207 1208 1129 
1297 1129 1208 1209 1130 
1298 1130 1209 1210 1131 
1299 1131 1210 1211 1132 
1300 1132 1211 1212 1133 
1301 1133 1212 1213 1134 
1302 1134 1213 1214 1135 
1303 1135 1214 1215 1136 
1304 1136 1215 1216 1137 
1305 1137 1216 1217 1138 
1306 1138 1217 1218 1139 
1307 1139 1218 1219 1140 
1308 1140 1219 1220 1141 
1309 1141 1220 1221 1142 
1310 1142 1221 1222 1143 
1311 1143 1222 1223 1144 
1312 1144 1223 1224 1145 
1313 1145 1224 1225 1146 
1314 1146 1225 1226 1147 
1315 1147 1226 1227 1148 
1316 1148 1227 1228 1149 
1317 1149 1228 1229 1150 
1318 1150 1229 1230 1151 
1319 1151 1230 1231 1152 
1320 1152 1231 1232 1153 
1321 1153 1232 1233 1154 
1322 1154 1233 1234 1155 
1323 1155 1234 1235 1156 
1324 1156 1235 1236 1157 
1325 1157 1236 1237 1158 
1326 1158 1237 1238 1159 
1327 1159 1238 1239 1160 
1328 1160 1239 1240 1161 
1329 1161 1240 1241 1162 
1330 1162 1241 1242 1163 
1331 1163 1242 1243 1164 
1332 1164 1243 1244 1165 
1333 1165 1244 1245 1166 
1334 1166 1245 1246 1167 
1335 1167 1246 1247 1168 
1336 1168 1247 1248 1169 
1337 1169 1248 1249 1170 
1338 1170 1249 1250 1171 
1339 1171 1250 1251 1172 
1340 1172 1251 1252 1173 
1341 1173 1252 1253 1174 
1342 1174 1253 1254 1175 
1343 1175 1254 1255 1176 
1344 1176 1255 1256 1177 
1345 1177 1256 1257 1178 
1346 1178 1257 1258 1179 
1347 1179 1258 1259 1180 
1348 1180 1259 1260 1181 
1349 1181 1260 1261 1182 
1350 1182 1261 1262 1183 
1351 1183 1262 1263 1184 
1352 1184 1263 1264 1185 
1353 1185 1264 1265 1186 
1354 1186 1265 1266 1187 
1355 1187 1266 1267 1188 
1356 1188 1267 1268 1189 
1357 1189 1268 1269 1190 
1358 1190 1269 1270 1191 
1359 1191 1270 1271 1192 
1360 1192 1271 1272 1193 
1361 1193 1272 1273 1194 
1362 1194 1273 1274 1195 
1363 1195 1274 1275 1196 
1364 1196 1275 1276 1197 
1365 1197 1276 1277 1198 
1366 1198 1277 1278 1199 
1367 1199 1278 1279 1200 
1368 1200 1279 1280 1201 
1369 1201 1280 1281 1202 
1370 1202 1281 1282 1203 
1371 1203 1282 1283 1204 
1372 1204 1283 118 117 
1373 16 17 1284 1205 
1374 1205 1284 1285 1206 
1375 1206 1285 1286 1207 
1376 1207 1286 1287 1208 
1377 1208 1287 1288 1209 
1378 1209 1288 1289 1210 
1379 1210 1289 1290 1211 
1380 1211 1290 1291 1212 
1381 1212 1291 1292 1213 
1382 1213 1292 1293 1214 
1383 1214 1293 1294 1215 
1384 1215 1294 1295 1216 
1385 1216 1295 1296 1217 
1386 1217 1296 1297 1218 
1387 1218 1297 1298 1219 
1388 1219 1298 1299 1220 
1389 1220 1299 1300 1221 
1390 1221 1300 1301 1222 
1391 1222 1301 1302 1223 
1392 1223 1302 1303 1224 
1393 1224 1303 1304 1225 
1394 1225 1304 1305 1226 
1395 1226 1305 1306 1227 
1396 1227 1306 1307 1228 
1397 1228 1307 1308 1229 
1398 1229 1308 1309 1230 
1399 1230 1309 1310 1231 
1400 1231 1310 1311 1232 
1401 1232 1311 1312 1233 
1402 1233 1312 1313 1234 
1403 1234 1313 1314 1235 
1404 1235 1314 1315 1236 
1405 1236 1315 1316 1237 
1406 1237 1316 1317 1238 
1407 1238 1317 1318 1239 
1408 1239 1318 1319 1240 
1409 1240 1319 1320 1241 
1410 1241 1320 1321 1242 
1411 1242 1321 1322 1243 
1412 1243 1322 1323 1244 
1413 1244 1323 1324 1245 
1414 1245 1324 1325 1246 
1415 1246 1325 1326 1247 
1416 1247 1326 1327 1248 
1417 1248 1327 1328 1249 
1418 1249 1328 1329 1250 
1419 1250 1329 1330 1251 
1420 1251 1330 1331 1252 
1421 1252 1331 1332 1253 
1422 1253 1332 1333 1254 
1423 1254 1333 1334 1255 
1424 1255 1334 1335 1256 
1425 1256 1335 1336 1257 
1426 1257 1336 1337 1258 
1427 1258 1337 1338 1259 
1428 1259 1338 1339 1260 
1429 1260 1339 1340 1261 
1430 1261 1340 1341 1262 
1431 1262 1341 1342 1263 
1432 1263 1342 1343 1264 
1433 1264 1343 1344 1265 
1434 1265 1344 1345 1266 
1435 1266 1345 1346 1267 
1436 1267 1346 1347 1268 
1437 1268 1347 1348 1269 
1438 1269 1348 1349 1270 
1439 1270 1349 1350 1271 
1440 1271 1350 1351 1272 
1441 1272 1351 1352 1273 
1442 1273 1352 1353 1274 
1443 1274 1353 1354 1275 
1444 1275 1354 1355 1276 
1445 1276 1355 1356 1277 
1446 1277 1356 1357 1278 
1447 1278 1357 1358 1279 
1448 1279 1358 1359 1280 
1449 1280 1359 1360 1281 
1450 1281 1360 1361 1282 
1451 1282 1361 1362 1283 
1452 1283 1362 119 118 
1453 17 18 1363 1284 
1454 1284 1363 1364 1285 
1455 1285 1364 1365 1286 
1456 1286 1365 1366 1287 
1457 1287 1366 1367 1288 
1458 1288 1367 1368 1289 
1459 1289 1368 1369 1290 
1460 1290 1369 1370 1291 
1461 1291 1370 1371 1292 
1462 1292 1371 1372 1293 
1463 1293 1372 1373 1294 
1464 1294 1373 1374 1295 
1465 1295 1374 1375 1296 
1466 1296 1375 1376 1297 
1467 1297 1376 1377 1298 
1468 1298 1377 1378 1299 
1469 1299 1378 1379 1300 
1470 1300 1379 1380 1301 
1471 1301 1380 1381 1302 
1472 1302 1381 1382 1303 
1473 1303 1382 1383 1304 
1474 1304 1383 1384 1305 
1475 1305 1384 1385 1306 
1476 1306 1385 1386 1307 
1477 1307 1386 1387 1308 
1478 1308 1387 1388 1309 
1479 1309 1388 1389 1310 
1480 1310 1389 1390 1311 
1481 1311 1390 1391 1312 
1482 1312 1391 1392 1313 
1483 1313 1392 1393 1314 
1484 1314 1393 1394 1315 
1485 1315 1394 1395 1316 
1486 1316 1395 1396 1317 
1487 1317 1396 1397 1318 
1488 1318 1397 1398 1319 
1489 1319 1398 1399 1320 
1490 1320 1399 1400 1321 
1491 1321 1400 1401 1322 
1492 1322 1401 1402 1323 
1493 1323 1402 1403 1324 
1494 1324 1403 1404 1325 
1495 1325 1404 1405 1326 
1496 1326 1405 1406 1327 
1497 1327 1406 1407 1328 
1498 1328 1407 1408 1329 
1499 1329 1408 1409 1330 
1500 1330 1409 1410 1331 
1501 1331 1410 1411 1332 
1502 1332 1411 1412 1333 
1503 1333 1412 1413 1334 
1504 1334 1413 1414 1335 
1505 1335 1414 1415 1336 
1506 1336 1415 1416 1337 
1507 1337 1416 1417 1338 
1508 1338 1417 1418 1339 
1509 1339 1418 1419 1340 
1510 1340 1419 1420 1341 
1511 1341 1420 1421 1342 
1512 1342 1421 1422 1343 
1513 1343 1422 1423 1344 
1514 1344 1423 1424 1345 
1515 1345 1424 1425 1346 
1516 1346 1425 1426 1347 
1517 1347 1426 1427 1348 
1518 1348 1427 1428 1349 
1519 1349 1428 1429 1350 
1520 1350 1429 1430 1351 
1521 1351 1430 1431 1352 
1522 1352 1431 1432 1353 
1523 1353 1432 1433 1354 
1524 1354 1433 1434 1355 
1525 1355 1434 1435 1356 
1526 1356 1435 1436 1357 
1527 1357 1436 1437 1358 
1528 1358 1437 1438 1359 
1529 1359 1438 1439 1360 
1530 1360 1439 1440 1361 
1531 1361 1440 1441 1362 
1532 1362 1441 120 119 
1533 18 19 1442 1363 
1534 1363 1442 1443 1364 
1535 1364 1443 1444 1365 
1536 1365 1444 1445 1366 
1537 1366 1445 1446 1367 
1538 1367 1446 1447 1368 
1539 1368 1447 1448 1369 
1540 1369 1448 1449 1370 
1541 1370 1449 1450 1371 
1542 1371 1450 1451 1372 
1543 1372 1451 1452 1373 
1544 1373 1452 1453 1374 
1545 1374 1453 1454 1375 
1546 1375 1454 1455 1376 
1547 1376 1455 1456 1377 
1548 1377 1456 1457 1378 
1549 1378 1457 1458 1379 
1550 1379 1458 1459 1380 
1551 1380 1459 1460 1381 
1552 1381 1460 1461 1382 
1553 1382 1461 1462 1383 
1554 1383 1462 1463 1384 
1555 1384 1463 1464 1385 
1556 1385 1464 1465 1386 
1557 1386 1465 1466 1387 
1558 1387 1466 1467 1388 
1559 1388 1467 1468 1389 
1560 1389 1468 1469 1390 
1561 1390 1469 1470 1391 
1562 1391 1470 1471 1392 
1563 1392 1471 1472 1393 
1564 1393 1472 1473 1394 
1565 1394 1473 1474 1395 
1566 1395 1474 1475 1396 
1567 1396 1475 1476 1397 
1568 1397 1476 1477 1398 
1569 1398 1477 1478 1399 
1570 1399 1478 1479 1400 
1571 1400 1479 1480 1401 
1572 1401 1480 1481 1402 
1573 1402 1481 1482 1403 
1574 1403 1482 1483 1404 
1575 1404 1483 1484 1405 
1576 1405 1484 1485 1406 
1577 1406 1485 1486 1407 
1578 1407 1486 1487 1408 
1579 1408 1487 1488 1409 
1580 1409 1488 1489 1410 
1581 1410 1489 1490 1411 
1582 1411 1490 1491 1412 
1583 1412 1491 1492 1413 
1584 1413 1492 1493 1414 
1585 1414 1493 1494 1415 
1586 1415 1494 1495 1416 
1587 1416 1495 1496 1417 
1588 1417 1496 1497 1418 
1589 1418 1497 1498 1419 
1590 1419 1498 1499 1420 
1591 1420 1499 1500 1421 
1592 1421 1500 1501 1422 
1593 1422 1501 1502 1423 
1594 1423 1502 1503 1424 
1595 1424 1503 1504 1425 
1596 1425 1504 1505 1426 
1597 1426 1505 1506 1427 
1598 1427 1506 1507 1428 
1599 1428 1507 1508 1429 
1600 1429 1508 1509 1430 
1601 1430 1509 1510 1431 
1602 1431 1510 1511 1432 
1603 1432 1511 1512 1433 
1604 1433 1512 1513 1434 
1605 1434 1513 1514 1435 
1606 1435 1514 1515 1436 
1607 1436 1515 1516 1437 
1608 1437 1516 1517 1438 
1609 1438 1517 1518 1439 
1610 1439 1518 1519 1440 
1611 1440 1519 1520 1441 
1612 1441 1520 121 120 
1613 19 20 1521 1442 
1614 1442 1521 1522 1443 
1615 1443 1522 1523 1444 
1616 1444 1523 1524 1445 
1617 1445 1524 1525 1446 
1618 1446 1525 1526 1447 
1619 1447 1526 1527 1448 
1620 1448 1527 1528 1449 
1621 1449 1528 1529 1450 
1622 1450 1529 1530 1451 
1623 1451 1530 1531 1452 
1624 1452 1531 1532 1453 
1625 1453 1532 1533 1454 
1626 1454 1533 1534 1455 
1627 1455 1534 1535 1456 
1628 1456 1535 1536 1457 
1629 1457 1536 1537 1458 
1630 1458 1537 1538 1459 
1631 1459 1538 1539 1460 
1632 1460 1539 1540 1461 
1633 1461 1540 1541 1462 
1634 1462 1541 1542 1463 
1635 1463 1542 1543 1464 
1636 1464 1543 1544 1465 
1637 1465 1544 1545 1466 
1638 1466 1545 1546 1467 
1639 1467 1546 1547 1468 
1640 1468 1547 1548 1469 
1641 1469 1548 1549 1470 
1642 1470 1549 1550 1471 
1643 1471 1550 1551 1472 
1644 1472 1551 1552 1473 
1645 1473 1552 1553 1474 
1646 1474 1553 1554 1475 
1647 1475 1554 1555 1476 
1648 1476 1555 1556 1477 
1649 1477 1556 1557 1478 
1650 1478 1557 1558 1479 
1651 1479 1558 1559 1480 
1652 1480 1559 1560 1481 
1653 1481 1560 1561 1482 
1654 1482 1561 1562 1483 
1655 1483 1562 1563 1484 
1656 1484 1563 1564 1485 
1657 1485 1564 1565 1486 
1658 1486 1565 1566 1487 
1659 1487 1566 1567 1488 
1660 1488 1567 1568 1489 
1661 1489 1568 1569 1490 
1662 1490 1569 1570 1491 
1663 1491 1570 1571 1492 
1664 1492 1571 1572 1493 
1665 1493 1572 1573 1494 
1666 1494 1573 1574 1495 
1667 1495 1574 1575 1496 
1668 1496 1575 1576 1497 
1669 1497 1576 1577 1498 
1670 1498 1577 1578 1499 
1671 1499 1578 1579 1500 
1672 1500 1579 1580 1501 
1673 1501 1580 1581 1502 
1674 1502 1581 1582 1503 
1675 1503 1582 1583 1504 
1676 1504 1583 1584 1505 
1677 1505 1584 1585 1506 
1678 1506 1585 1586 1507 
1679 1507 1586 1587 1508 
1680 1508 1587 1588 1509 
1681 1509 1588 1589 1510 
1682 1510 1589 1590 1511 
1683 1511 1590 1591 1512 
1684 1512 1591 1592 1513 
1685 1513 1592 1593 1514 
1686 1514 1593 1594 1515 
1687 1515 1594 1595 1516 
1688 1516 1595 1596 1517 
1689 1517 1596 1597 1518 
1690 1518 1597 1598 1519 
1691 1519 1598 1599 1520 
1692 1520 1599 122 121 
1693 20 21 1600 1521 
1694 1521 1600 1601 1522 
1695 1522 1601 1602 1523 
1696 1523 1602 1603 1524 
1697 1524 1603 1604 1525 
1698 1525 1604 1605 1526 
1699 1526 1605 1606 1527 
1700 1527 1606 1607 1528 
1701 1528 1607 1608 1529 
1702 1529 1608 1609 1530 
1703 1530 1609 1610 1531 
1704 1531 1610 1611 1532 
1705 1532 1611 1612 1533 
1706 1533 1612 1613 1534 
1707 1534 1613 1614 1535 
1708 1535 1614 1615 1536 
1709 1536 1615 1616 1537 
1710 1537 1616 1617 1538 
1711 1538 1617 1618 1539 
1712 1539 1618 1619 1540 
1713 1540 1619 1620 1541 
1714 1541 1620 1621 1542 
1715 1542 1621 1622 1543 
1716 1543 1622 1623 1544 
1717 1544 1623 1624 1545 
1718 1545 1624 1625 1546 
1719 1546 1625 1626 1547 
1720 1547 1626 1627 1548 
1721 1548 1627 1628 1549 
1722 1549 1628 1629 1550 
1723 1550 1629 1630 1551 
1724 1551 1630 1631 1552 
1725 1552 1631 1632 1553 
1726 1553 1632 1633 1554 
1727 1554 1633 1634 1555 
1728 1555 1634 1635 1556 
1729 1556 1635 1636 1557 
1730 1557 1636 1637 1558 
1731 1558 1637 1638 1559 
1732 1559 1638 1639 1560 
1733 1560 1639 1640 1561 
1734 1561 1640 1641 1562 
1735 1562 1641 1642 1563 
1736 1563 1642 1643 1564 
1737 1564 1643 1644 1565 
1738 1565 1644 1645 1566 
1739 1566 1645 1646 1567 
1740 1567 1646 1647 1568 
1741 1568 1647 1648 1569 
1742 1569 1648 1649 1570 
1743 1570 1649 1650 1571 
1744 1571 1650 1651 1572 
1745 1572 1651 1652 1573 
1746 1573 1652 1653 1574 
1747 1574 1653 1654 1575 
1748 1575 1654 1655 1576 
1749 1576 1655 1656 1577 
1750 1577 1656 1657 1578 
1751 1578 1657 1658 1579 
1752 1579 1658 1659 1580 
1753 1580 1659 1660 1581 
1754 1581 1660 1661 1582 
1755 1582 1661 1662 1583 
1756 1583 1662 1663 1584 
1757 1584 1663 1664 1585 
1758 1585 1664 1665 1586 
1759 1586 1665 1666 1587 
1760 1587 1666 1667 1588 
1761 1588 1667 1668 1589 
1762 1589 1668 1669 1590 
1763 1590 1669 1670 1591 
1764 1591 1670 1671 1592 
1765 1592 1671 1672 1593 
1766 1593 1672 1673 1594 
1767 1594 1673 1674 1595 
1768 1595 1674 1675 1596 
1769 1596 1675 1676 1597 
1770 1597 1676 1677 1598 
1771 1598 1677 1678 1599 
1772 1599 1678 123 122 
1773 21 22 1679 1600 
1774 1600 1679 1680 1601 
1775 1601 1680 1681 1602 
1776 1602 1681 1682 1603 
1777 1603 1682 1683 1604 
1778 1604 1683 1684 1605 
1779 1605 1684 1685 1606 
1780 1606 1685 1686 1607 
1781 1607 1686 1687 1608 
1782 1608 1687 1688 1609 
1783 1609 1688 1689 1610 
1784 1610 1689 1690 1611 
1785 1611 1690 1691 1612 
1786 1612 1691 1692 1613 
1787 1613 1692 1693 1614 
1788 1614 1693 1694 1615 
1789 1615 1694 1695 1616 
1790 1616 1695 1696 1617 
1791 1617 1696 1697 1618 
1792 1618 1697 1698 1619 
1793 1619 1698 1699 1620 
1794 1620 1699 1700 1621 
1795 1621 1700 1701 1622 
1796 1622 1701 1702 1623 
1797 1623 1702 1703 1624 
1798 1624 1703 1704 1625 
1799 1625 1704 1705 1626 
1800 1626 1705 1706 1627 
1801 1627 1706 1707 1628 
1802 1628 1707 1708 1629 
1803 1629 1708 1709 1630 
1804 1630 1709 1710 1631 
1805 1631 1710 1711 1632 
1806 1632 1711 1712 1633 
1807 1633 1712 1713 1634 
1808 1634 1713 1714 1635 
1809 1635 1714 1715 1636 
1810 1636 1715 1716 1637 
1811 1637 1716 1717 1638 
1812 1638 1717 1718 1639 
1813 1639 1718 1719 1640 
1814 1640 1719 1720 1641 
1815 1641 1720 1721 1642 
1816 1642 1721 1722 1643 
1817 1643 1722 1723 1644 
1818 1644 1723 1724 1645 
1819 1645 1724 1725 1646 
1820 1646 1725 1726 1647 
1821 1647 1726 1727 1648 
1822 1648 1727 1728 1649 
1823 1649 1728 1729 1650 
1824 1650 1729 1730 1651 
1825 1651 1730 1731 1652 
1826 1652 1731 1732 1653 
1827 1653 1732 1733 1654 
1828 1654 1733 1734 1655 
1829 1655 1734 1735 1656 
1830 1656 1735 1736 1657 
1831 1657 1736 1737 1658 
1832 1658 1737 1738 1659 
1833 1659 1738 1739 1660 
1834 1660 1739 1740 1661 
1835 1661 1740 1741 1662 
1836 1662 1741 1742 1663 
1837 1663 1742 1743 1664 
1838 1664 1743 1744 1665 
1839 1665 1744 1745 1666 
1840 1666 1745 1746 1667 
1841 1667 1746 1747 1668 
1842 1668 1747 1748 1669 
1843 1669 1748 1749 1670 
1844 1670 1749 1750 1671 
1845 1671 1750 1751 1672 
1846 1672 1751 1752 1673 
1847 1673 1752 1753 1674 
1848 1674 1753 1754 1675 
1849 1675 1754 1755 1676 
1850 1676 1755 1756 1677 
1851 1677 1756 1757 1678 
1852 1678 1757 124 123 
1853 22 23 1758 1679 
1854 1679 1758 1759 1680 
1855 1680 1759 1760 1681 
1856 1681 1760 1761 1682 
1857 1682 1761 1762 1683 
1858 1683 1762 1763 1684 
1859 1684 1763 1764 1685 
1860 1685 1764 1765 1686 
1861 1686 1765 1766 1687 
1862 1687 1766 1767 1688 
1863 1688 1767 1768 1689 
1864 1689 1768 1769 1690 
1865 1690 1769 1770 1691 
1866 1691 1770 1771 1692 
1867 1692 1771 1772 1693 
1868 1693 1772 1773 1694 
1869 1694 1773 1774 1695 
1870 1695 1774 1775 1696 
1871 1696 1775 1776 1697 
1872 1697 1776 1777 1698 
1873 1698 1777 1778 1699 
1874 1699 1778 1779 1700 
1875 1700 1779 1780 1701 
1876 1701 1780 1781 1702 
1877 1702 1781 1782 1703 
1878 1703 1782 1783 1704 
1879 1704 1783 1784 1705 
1880 1705 1784 1785 1706 
1881 1706 1785 1786 1707 
1882 1707 1786 1787 1708 
1883 1708 1787 1788 1709 
1884 1709 1788 1789 1710 
1885 1710 1789 1790 1711 
1886 1711 1790 1791 1712 
1887 1712 1791 1792 1713 
1888 1713 1792 1793 1714 
1889 1714 1793 1794 1715 
1890 1715 1794 1795 1716 
1891 1716 1795 1796 1717 
1892 1717 1796 1797 1718 
1893 1718 1797 1798 1719 
1894 1719 1798 1799 1720 
1895 1720 1799 1800 1721 
1896 1721 1800 1801 1722 
1897 1722 1801 1802 1723 
1898 1723 1802 1803 1724 
1899 1724 1803 1804 1725 
1900 1725 1804 1805 1726 
1901 1726 1805 1806 1727 
1902 1727 1806 1807 1728 
1903 1728 1807 1808 1729 
1904 1729 1808 1809 1730 
1905 1730 1809 1810 1731 
1906 1731 1810 1811 1732 
1907 1732 1811 1812 1733 
1908 1733 1812 1813 1734 
1909 1734 1813 1814 1735 
1910 1735 1814 1815 1736 
1911 1736 1815 1816 1737 
1912 1737 1816 1817 1738 
1913 1738 1817 1818 1739 
1914 1739 1818 1819 1740 
1915 1740 1819 1820 1741 
1916 1741 1820 1821 1742 
1917 1742 1821 1822 1743 
1918 1743 1822 1823 1744 
1919 1744 1823 1824 1745 
1920 1745 1824 1825 1746 
1921 1746 1825 1826 1747 
1922 1747 1826 1827 1748 
1923 1748 1827 1828 1749 
1924 1749 1828 1829 1750 
1925 1750 1829 1830 1751 
1926 1751 1830 1831 1752 
1927 1752 1831 1832 1753 
1928 1753 1832 1833 1754 
1929 1754 1833 1834 1755 
1930 1755 1834 1835 1756 
1931 1756 1835 1836 1757 
1932 1757 1836 125 124 
1933 23 24 1837 1758 
1934 1758 1837 1838 1759 
1935 1759 1838 1839 1760 
1936 1760 1839 1840 1761 
1937 1761 1840 1841 1762 
1938 1762 1841 1842 1763 
1939 1763 1842 1843 1764 
1940 1764 1843 1844 1765 
1941 1765 1844 1845 1766 
1942 1766 1845 1846 1767 
1943 1767 1846 1847 1768 
1944 1768 1847 1848 1769 
1945 1769 1848 1849 1770 
1946 1770 1849 1850 1771 
1947 1771 1850 1851 1772 
1948 1772 1851 1852 1773 
1949 1773 1852 1853 1774 
1950 1774 1853 1854 1775 
1951 1775 1854 1855 1776 
1952 1776 1855 1856 1777 
1953 1777 1856 1857 1778 
1954 1778 1857 1858 1779 
1955 1779 1858 1859 1780 
1956 1780 1859 1860 1781 
1957 1781 1860 1861 1782 
1958 1782 1861 1862 1783 
1959 1783 1862 1863 1784 
1960 1784 1863 1864 1785 
1961 1785 1864 1865 1786 
1962 1786 1865 1866 1787 
1963 1787 1866 1867 1788 
1964 1788 1867 1868 1789 
1965 1789 1868 1869 1790 
1966 1790 1869 1870 1791 
1967 1791 1870 1871 1792 
1968 1792 1871 1872 1793 
1969 1793 1872 1873 1794 
1970 1794 1873 1874 1795 
1971 1795 1874 1875 1796 
1972 1796 1875 1876 1797 
1973 1797 1876 1877 1798 
1974 1798 1877 1878 1799 
1975 1799 1878 1879 1800 
1976 1800 1879 1880 1801 
1977 1801 1880 1881 1802 
1978 1802 1881 1882 1803 
1979 1803 1882 1883 1804 
1980 1804 1883 1884 1805 
1981 1805 1884 1885 1806 
1982 1806 1885 1886 1807 
1983 1807 1886 1887 1808 
1984 1808 1887 1888 1809 
1985 1809 1888 1889 1810 
1986 1810 1889 1890 1811 
1987 1811 1890 1891 1812 
1988 1812 1891 1892 1813 
1989 1813 1892 1893 1814 
1990 1814 1893 1894 1815 
1991 1815 1894 1895 1816 
1992 1816 1895 1896 1817 
1993 1817 1896 1897 1818 
1994 1818 1897 1898 1819 
1995 1819 1898 1899 1820 
1996 1820 1899 1900 1821 
1997 1821 1900 1901 1822 
1998 1822 1901 1902 1823 
1999 1823 1902 1903 1824 
2000 1824 1903 1904 1825 
2001 1825 1904 1905 1826 
2002 1826 1905 1906 1827 
2003 1827 1906 1907 1828 
2004 1828 1907 1908 1829 
2005 1829 1908 1909 1830 
2006 1830 1909 1910 1831 
2007 1831 1910 1911 1832 
2008 1832 1911 1912 1833 
2009 1833 1912 1913 1834 
2010 1834 1913 1914 1835 
2011 1835 1914 1915 1836 
2012 1836 1915 126 125 
2013 24 25 1916 1837 
2014 1837 1916 1917 1838 
2015 1838 1917 1918 1839 
2016 1839 1918 1919 1840 
2017 1840 1919 1920 1841 
2018 1841 1920 1921 1842 
2019 1842 1921 1922 1843 
2020 1843 1922 1923 1844 
2021 1844 1923 1924 1845 
2022 1845 1924 1925 1846 
2023 1846 1925 1926 1847 
2024 1847 1926 1927 1848 
2025 1848 1927 1928 1849 
2026 1849 1928 1929 1850 
2027 1850 1929 1930 1851 
2028 1851 1930 1931 1852 
2029 1852 1931 1932 1853 
2030 1853 1932 1933 1854 
2031 1854 1933 1934 1855 
2032 1855 1934 1935 1856 
2033 1856 1935 1936 1857 
2034 1857 1936 1937 1858 
2035 1858 1937 1938 1859 
2036 1859 1938 1939 1860 
2037 1860 1939 1940 1861 
2038 1861 1940 1941 1862 
2039 1862 1941 1942 1863 
2040 1863 1942 1943 1864 
2041 1864 1943 1944 1865 
2042 1865 1944 1945 1866 
2043 1866 1945 1946 1867 
2044 1867 1946 1947 1868 
2045 1868 1947 1948 1869 
2046 1869 1948 1949 1870 
2047 1870 1949 1950 1871 
2048 1871 1950 1951 1872 
2049 1872 1951 1952 1873 
2050 1873 1952 1953 1874 
2051 1874 1953 1954 1875 
2052 1875 1954 1955 1876 
2053 1876 1955 1956 1877 
2054 1877 1956 1957 1878 
2055 1878 1957 1958 1879 
2056 1879 1958 1959 1880 
2057 1880 1959 1960 1881 
2058 1881 1960 1961 1882 
2059 1882 1961 1962 1883 
2060 1883 1962 1963 1884 
2061 1884 1963 1964 1885 
2062 1885 1964 1965 1886 
2063 1886 1965 1966 1887 
2064 1887 1966 1967 1888 
2065 1888 1967 1968 1889 
2066 1889 1968 1969 1890 
2067 1890 1969 1970 1891 
2068 1891 1970 1971 1892 
2069 1892 1971 1972 1893 
2070 1893 1972 1973 1894 
2071 1894 1973 1974 1895 
2072 1895 1974 1975 1896 
2073 1896 1975 1976 1897 
2074 1897 1976 1977 1898 
2075 1898 1977 1978 1899 
2076 1899 1978 1979 1900 
2077 1900 1979 1980 1901 
2078 1901 1980 1981 1902 
2079 1902 1981 1982 1903 
2080 1903 1982 1983 1904 
2081 1904 1983 1984 1905 
2082 1905 1984 1985 1906 
2083 1906 1985 1986 1907 
2084 1907 1986 1987 1908 
2085 1908 1987 1988 1909 
2086 1909 1988 1989 1910 
2087 1910 1989 1990 1911 
2088 1911 1990 1991 1912 
2089 1912 1991 1992 1913 
2090 1913 1992 1993 1914 
2091 1914 1993 1994 1915 
2092 1915 1994 127 126 
2093 25 1 26 1916 
2094 1916 26 27 1917 
2095 1917 27 28 1918 
2096 1918 28 29 1919 
2097 1919 29 30 1920 
2098 1920 30 31 1921 
2099 1921 31 32 1922 
2100 1922 32 33 1923 
2101 1923 33 34 1924 
2102 1924 34 35 1925 
2103 1925 35 36 1926 
2104 1926 36 37 1927 
2105 1927 37 38 1928 
2106 1928 38 39 1929 
2107 1929 39 40 1930 
2108 1930 40 41 1931 
2109 1931 41 42 1932 
2110 1932 42 43 1933 
2111 1933 43 44 1934 
2112 1934 44 45 1935 
2113 1935 45 46 1936 
2114 1936 46 47 1937 
2115 1937 47 48 1938 
2116 1938 48 49 1939 
2117 1939 49 50 1940 
2118 1940 50 51 1941 
2119 1941 51 52 1942 
2120 1942 52 53 1943 
2121 1943 53 54 1944 
2122 1944 54 55 1945 
2123 1945 55 56 1946 
2124 1946 56 57 1947 
2125 1947 57 58 1948 
2126 1948 58 59 1949 
2127 1949 59 60 1950 
2128 1950 60 61 1951 
2129 1951 61 62 1952 
2130 1952 62 63 1953 
2131 1953 63 64 1954 
2132 1954 64 65 1955 
2133 1955 65 66 1956 
2134 1956 66 67 1957 
2135 1957 67 68 1958 
2136 1958 68 69 1959 
2137 1959 69 70 1960 
2138 1960 70 71 1961 
2139 1961 71 72 1962 
2140 1962 72 73 1963 
2141 1963 73 74 1964 
2142 1964 74 75 1965 
2143 1965 75 76 1966 
2144 1966 76 77 1967 
2145 1967 77 78 1968 
2146 1968 78 79 1969 
2147 1969 79 80 1970 
2148 1970 80 81 1971 
2149 1971 81 82 1972 
2150 1972 82 83 1973 
2151 1973 83 84 1974 
2152 1974 84 85 1975 
2153 1975 85 86 1976 
2154 1976 86 87 1977 
2155 1977 87 88 1978 
2156 1978 88 89 1979 
2157 1979 89 90 1980 
2158 1980 90 91 1981 
2159 1981 91 92 1982 
2160 1982 92 93 1983 
2161 1983 93 94 1984 
2162 1984 94 95 1985 
2163 1985 95 96 1986 
2164 1986 96 97 1987 
2165 1987 97 98 1988 
2166 1988 98 99 1989 
2167 1989 99 100 1990 
2168 1990 100 101 1991 
2169 1991 101 102 1992 
2170 1992 102 103 1993 
2171 1993 103 104 1994 
2172 1994 104 2 127 
2 3 2 122
2173 2014 2024 1997 
2174 1997 2023 2014 
2175 121 2024 120 
2176 1997 2024 121 
2177 118 2030 117 
2178 2017 2032 1998 
2179 1998 2031 2017 
2180 2001 2025 124 
2181 2018 2029 2002 
2182 2021 2029 2018 
2183 1999 2030 118 
2184 124 2025 123 
2185 109 2032 108 
2186 1998 2032 109 
2187 2030 2037 2015 
2188 110 2033 1998 
2189 1999 2037 2030 
2190 117 2030 2003 
2191 111 2033 110 
2192 1996 2028 127 
2193 127 2028 126 
2194 2009 2015 2014 
2195 2006 2015 2009 
2196 2008 2016 2007 
2197 2011 2019 2018 
2198 2010 2019 2011 
2199 119 1999 118 
2200 2 1996 127 
2201 110 1998 109 
2202 113 2000 112 
2203 122 1997 121 
2204 107 2002 106 
2205 125 2001 124 
2206 116 1995 115 
2207 2011 2018 2017 
2208 2013 2019 2010 
2209 2011 2017 2016 
2210 2011 2016 2008 
2211 2009 2014 2012 
2212 2012 2013 2010 
2213 2009 2012 2010 
2214 2010 2011 2008 
2215 2009 2010 2008 
2216 2006 2009 2008 
2217 2006 2008 2007 
2218 2004 2015 2006 
2219 2006 2007 2005 
2220 2016 2020 2007 
2221 2004 2006 2005 
2222 2004 2030 2015 
2223 2004 2005 1995 
2224 1995 2026 115 
2225 115 2026 114 
2226 2019 2021 2018 
2227 2014 2023 2012 
2228 2022 2025 2001 
2229 2017 2031 2016 
2230 2027 2035 2028 
2231 2021 2027 1996 
2232 2019 2027 2021 
2233 2012 2022 2013 
2234 2000 2034 2020 
2235 2020 2034 2007 
2236 2014 2037 2024 
2237 106 2029 105 
2238 2002 2029 106 
2239 2023 2025 2022 
2240 2024 2044 120 
2241 2005 2026 1995 
2242 2013 2027 2019 
2243 2005 2034 2026 
2244 2020 2042 2000 
2245 2023 2043 2025 
2246 2012 2023 2022 
2247 2003 2004 1995 
2248 1997 2043 2023 
2249 2027 2028 1996 
2250 2034 2038 2026 
2251 1998 2033 2031 
2252 2013 2035 2027 
2253 2015 2037 2014 
2254 2002 2040 2018 
2255 117 2003 116 
2256 116 2003 1995 
2257 2007 2034 2005 
2258 2016 2031 2020 
2259 105 2036 2 
2260 114 2038 113 
2261 2033 2042 2020 
2262 126 2039 125 
2263 112 2042 111 
2264 120 2044 119 
2265 123 2043 122 
2266 108 2041 107 
2267 2018 2040 2017 
2268 2 2036 1996 
2269 2003 2030 2004 
2270 113 2038 2000 
2271 2031 2033 2020 
2272 125 2039 2001 
2273 2032 2041 108 
2274 107 2041 2002 
2275 1996 2036 2021 
2276 2000 2042 112 
2277 122 2043 1997 
2278 119 2044 1999 
2279 2025 2043 123 
2280 2035 2039 2028 
2281 2028 2039 126 
2282 2017 2040 2032 
2283 2001 2035 2022 
2284 2022 2035 2013 
2285 2026 2038 114 
2286 111 2042 2033 
2287 2029 2036 105 
2288 2000 2038 2034 
2289 2021 2036 2029 
2290 1999 2044 2037 
2291 2037 2044 2024 
2292 2001 2039 2035 
2293 2002 2041 2040 
2294 2040 2041 2032 
$EndElements
