$MeshFormat
4.1 0 8
$EndMeshFormat
$Entities
16 26 13 2
1 0.3048 0 0 0 
2 1.866361721900567e-17 0.3048 0 0 
3 1.866361721900567e-17 0.3048 -0.009525 0 
4 0.3048 0 -0.009525 0 
5 -5.599085165701699e-17 -0.3048 0 0 
6 -4.665904304751416e-18 -0.0254 0 0 
7 0.0254 0 0 0 
8 1.555301434917139e-18 0.0254 0 0 
9 -5.599085165701699e-17 -0.3048 -0.009525 0 
10 -4.665904304751416e-18 -0.0254 6.096 0 
11 1.555301434917139e-18 0.0254 6.096 0 
12 0.0254 0 6.096 0 
13 0 -0.33528 -0.109525 0 
14 0 0.33528 -0.109525 0 
15 0 -0.33528 6.196 0 
16 0 0.33528 6.196 0 
1 -9.999999997511999e-08 -1.000000000028756e-07 -1e-07 0.3048001 0.3048001 1e-07 0 2 1 -2 
2 -5e-06 0.304795 -0.009530000000000005 5e-06 0.304805 5.000000000002398e-06 0 2 3 -2 
3 -9.999999997511999e-08 -1.000000000028756e-07 -0.0095251 0.3048001 0.3048001 -0.009524900000000001 0 2 4 -3 
4 0.3047999 -1e-07 -0.0095251 0.3048001 1e-07 1.000000000002735e-07 0 2 1 -4 
5 -1.000000000583867e-07 -0.3048001 -1e-07 0.3048001 9.999999991960884e-08 1e-07 0 2 5 -1 
6 -1.5e-07 -0.30480015 -1.5e-07 1.5e-07 -0.02539985 1.5e-07 0 2 5 -6 
7 -1.000000000046103e-07 -0.0254001 -1e-07 0.0254001 9.999999999420195e-08 1e-07 0 2 6 -7 
8 -9.99999999976714e-08 -9.999999999940612e-08 -1e-07 0.0254001 0.0254001 1e-07 0 2 7 -8 
9 -1.5e-07 0.02539985 -1.5e-07 1.5e-07 0.30480015 1.5e-07 0 2 8 -2 
10 -1.5e-07 -0.30480015 -0.009525150000000003 1.5e-07 0.30480015 -0.009524850000000001 0 2 9 -3 
11 -5e-06 -0.304805 -0.009530000000000005 5e-06 -0.304795 5.000000000002398e-06 0 2 9 -5 
12 -5e-06 -0.025405 -5.000000003807514e-06 5e-06 -0.025395 6.096005000000002 0 2 10 -6 
13 -1.5e-07 -0.02540015 6.09599985 1.5e-07 0.02540015 6.09600015 0 2 10 -11 
14 -5e-06 0.025395 -5.000000003807514e-06 5e-06 0.025405 6.096005000000002 0 2 11 -8 
15 -1.000000000583867e-07 -0.3048001 -0.0095251 0.3048001 9.999999991960884e-08 -0.009524900000000001 0 2 9 -4 
16 0.0253999 -1e-07 -9.999999983634211e-08 0.0254001 1e-07 6.0960001 0 2 7 -12 
17 -1.000000000046103e-07 -0.0254001 6.0959999 0.0254001 9.999999999420195e-08 6.0960001 0 2 10 -12 
18 -9.99999999976714e-08 -9.999999999940612e-08 6.0959999 0.0254001 0.0254001 6.0960001 0 2 12 -11 
19 -0.3048001 -0.3048001 -1e-07 1.000000000306311e-07 0.3048001 1e-07 0 2 2 -5 
20 -0.3048001 -0.3048001 -0.0095251 1.000000000306311e-07 0.3048001 -0.009524900000000001 0 2 3 -9 
21 -0.0254001 -0.0254001 -1e-07 1.000000000011408e-07 0.0254001 1e-07 0 2 8 -6 
22 -0.0254001 -0.0254001 6.0959999 1.000000000011408e-07 0.0254001 6.0960001 0 2 11 -10 
23 -1e-07 -0.3352801 -0.1095251 1e-07 0.3352801 -0.1095249 0 2 13 -14 
24 -1e-07 -0.3352801 -0.1095250999999995 1e-07 -0.3352799 6.1960001 0 2 15 -13 
25 -1e-07 0.3352799 -0.1095250999999999 1e-07 0.3352801 6.1960001 0 2 14 -16 
26 -1e-07 -0.3352801 6.195999899999999 1e-07 0.3352801 6.1960001 0 2 16 -15 
1 -9.999999997511999e-08 -1.000000000028756e-07 -0.00952510000000009 0.3048001 0.3048001 1.000000000939485e-07 0 4 -1 4 3 2 
2 -1.500000000598245e-07 -0.30480015 -1.5e-07 0.30480015 0.30480015 1.5e-07 0 6 5 1 -9 -8 -7 -6 
3 -5e-06 -0.304805 -0.009529999999999816 5e-06 0.304805 6.096005000000002 0 8 10 2 -9 -14 -13 12 -6 -11 
4 -1.500000000598245e-07 -0.30480015 -0.009525150000000003 0.30480015 0.30480015 -0.00952485 0 3 15 3 -10 
5 -1.000000000583867e-07 -0.3048001 -0.00952510000000009 0.3048001 9.999999991960884e-08 1.000000000939485e-07 0 4 -4 -5 -11 15 
6 -1.000000000046103e-07 -0.0254001 -9.999999983634211e-08 0.0254001 9.999999999420195e-08 6.0960001 0 4 -16 -7 -12 17 
7 -1.000000000202228e-07 -9.999999999940612e-08 -9.999999983634211e-08 0.0254001 0.0254001 6.0960001 0 4 -8 16 18 14 
8 -1.500000000043133e-07 -0.02540015 6.09599985 0.02540015 0.02540015 6.09600015 0 3 17 18 -13 
9 -0.3048001 -0.3048001 -0.00952510000000009 1.000000000306311e-07 0.3048001 1.000000000939485e-07 0 4 -19 -2 20 11 
10 -0.30480015 -0.30480015 -1.5e-07 1.500000000320689e-07 0.30480015 1.5e-07 0 4 9 19 6 -21 
11 -0.30480015 -0.30480015 -0.009525150000000003 1.500000000320689e-07 0.30480015 -0.00952485 0 2 10 20 
12 -0.0254001 -0.0254001 -9.999999983634211e-08 1.000000000011408e-07 0.0254001 6.0960001 0 4 -21 -14 22 12 
13 -0.02540015 -0.02540015 6.09599985 1.500000000008439e-07 0.02540015 6.09600015 0 2 13 22 
1 -5.000000000060512e-06 -0.304805 -0.00953000000000026 0.304805 0.304805 6.096005000000002 0 8 1 2 -3 -4 5 -6 -7 8 
2 -0.304805 -0.304805 -0.00953000000000026 5.000000000005e-06 0.304805 6.096005000000002 0 6 9 10 3 -11 -12 13 
$EndEntities
$Nodes
57 1197 1 1197
0 1 0 1
1
0.3048 0 0
0 2 0 1
2
1.866361721900567e-17 0.3048 0
0 3 0 1
3
1.866361721900567e-17 0.3048 -0.009525
0 4 0 1
4
0.3048 0 -0.009525
0 5 0 1
5
-5.599085165701699e-17 -0.3048 0
0 6 0 1
6
-4.665904304751416e-18 -0.0254 0
0 7 0 1
7
0.0254 0 0
0 8 0 1
8
1.555301434917139e-18 0.0254 0
0 9 0 1
9
-5.599085165701699e-17 -0.3048 -0.009525
0 10 0 1
10
-4.665904304751416e-18 -0.0254 6.096
0 11 0 1
11
1.555301434917139e-18 0.0254 6.096
0 12 0 1
12
0.0254 0 6.096
0 13 0 1
13
0 -0.33528 -0.109525
0 14 0 1
14
0 0.33528 -0.109525
0 15 0 1
15
0 -0.33528 6.196
0 16 0 1
16
0 0.33528 6.196
1 1 0 1
17
0.2155261469056594 0.2155261469056599 0
1 2 0 1
18
0 0.3048 -0.004762500000000016
1 3 0 1
19
0.2155261469056594 0.2155261469056599 -0.009525
1 4 0 0
1 5 0 1
20
0.21552614690566 -0.2155261469056594 0
1 6 0 0
1 7 0 1
21
0.01796051224213834 -0.01796051224213828 0
1 8 0 1
22
0.01796051224213832 0.01796051224213829 0
1 9 0 0
1 10 0 1
23
0 2.147153390182196e-16 -0.009525000000000002
1 11 0 1
24
0 -0.3048 -0.004762500000000016
1 12 0 79
25
26
27
28
29
30
31
32
33
34
35
36
37
38
39
40
41
42
43
44
45
46
47
48
49
50
51
52
53
54
55
56
57
58
59
60
61
62
63
64
65
66
67
68
69
70
71
72
73
74
75
76
77
78
79
80
81
82
83
84
85
86
87
88
89
90
91
92
93
94
95
96
97
98
99
100
101
102
103
0 -0.0254 6.0198
0 -0.0254 5.9436
0 -0.0254 5.8674
0 -0.0254 5.7912
0 -0.0254 5.715
0 -0.0254 5.638800000000002
0 -0.0254 5.562600000000002
0 -0.0254 5.486400000000001
0 -0.0254 5.410200000000003
0 -0.0254 5.334000000000002
0 -0.0254 5.257800000000003
0 -0.0254 5.181600000000003
0 -0.0254 5.105400000000003
0 -0.0254 5.029200000000003
0 -0.0254 4.953000000000003
0 -0.0254 4.876800000000004
0 -0.0254 4.800600000000005
0 -0.0254 4.724400000000005
0 -0.0254 4.648200000000005
0 -0.0254 4.572000000000005
0 -0.0254 4.495800000000005
0 -0.0254 4.419600000000005
0 -0.0254 4.343400000000005
0 -0.0254 4.267200000000005
0 -0.0254 4.191000000000005
0 -0.0254 4.114800000000004
0 -0.0254 4.038600000000004
0 -0.0254 3.962400000000006
0 -0.0254 3.886200000000006
0 -0.0254 3.810000000000007
0 -0.0254 3.733800000000007
0 -0.0254 3.657600000000007
0 -0.0254 3.581400000000008
0 -0.0254 3.505200000000008
0 -0.0254 3.429000000000008
0 -0.0254 3.352800000000008
0 -0.0254 3.276600000000009
0 -0.0254 3.200400000000009
0 -0.0254 3.12420000000001
0 -0.0254 3.048000000000009
0 -0.0254 2.971800000000009
0 -0.0254 2.895600000000009
0 -0.0254 2.81940000000001
0 -0.0254 2.743200000000009
0 -0.0254 2.667000000000008
0 -0.0254 2.590800000000008
0 -0.0254 2.514600000000007
0 -0.0254 2.438400000000008
0 -0.0254 2.362200000000007
0 -0.0254 2.286000000000006
0 -0.0254 2.209800000000006
0 -0.0254 2.133600000000006
0 -0.0254 2.057400000000006
0 -0.0254 1.981200000000005
0 -0.0254 1.905000000000005
0 -0.0254 1.828800000000004
0 -0.0254 1.752600000000005
0 -0.0254 1.676400000000004
0 -0.0254 1.600200000000005
0 -0.0254 1.524000000000004
0 -0.0254 1.447800000000004
0 -0.0254 1.371600000000003
0 -0.0254 1.295400000000003
0 -0.0254 1.219200000000003
0 -0.0254 1.143000000000003
0 -0.0254 1.066800000000002
0 -0.0254 0.9906000000000014
0 -0.0254 0.9144000000000019
0 -0.0254 0.8382000000000018
0 -0.0254 0.7620000000000013
0 -0.0254 0.6858000000000004
0 -0.0254 0.6096000000000003
0 -0.0254 0.5334000000000008
0 -0.0254 0.4572000000000006
0 -0.0254 0.3810000000000003
0 -0.0254 0.3047999999999996
0 -0.0254 0.2285999999999994
0 -0.0254 0.1524
0 -0.0254 0.07619999999999999
1 13 0 1
104
0 3.301742683199601e-17 6.096
1 14 0 79
105
106
107
108
109
110
111
112
113
114
115
116
117
118
119
120
121
122
123
124
125
126
127
128
129
130
131
132
133
134
135
136
137
138
139
140
141
142
143
144
145
146
147
148
149
150
151
152
153
154
155
156
157
158
159
160
161
162
163
164
165
166
167
168
169
170
171
172
173
174
175
176
177
178
179
180
181
182
183
0 0.0254 6.0198
0 0.0254 5.9436
0 0.0254 5.867400000000001
0 0.0254 5.7912
0 0.0254 5.715000000000001
0 0.0254 5.6388
0 0.0254 5.562600000000001
0 0.0254 5.4864
0 0.0254 5.410200000000001
0 0.0254 5.334000000000001
0 0.0254 5.2578
0 0.0254 5.181599999999999
0 0.0254 5.1054
0 0.0254 5.029199999999999
0 0.0254 4.952999999999999
0 0.0254 4.8768
0 0.0254 4.8006
0 0.0254 4.7244
0 0.0254 4.648199999999999
0 0.0254 4.572
0 0.0254 4.4958
0 0.0254 4.4196
0 0.0254 4.343399999999999
0 0.0254 4.2672
0 0.0254 4.191
0 0.0254 4.1148
0 0.0254 4.038600000000001
0 0.0254 3.9624
0 0.0254 3.8862
0 0.0254 3.81
0 0.0254 3.7338
0 0.0254 3.6576
0 0.0254 3.581400000000001
0 0.0254 3.505199999999999
0 0.0254 3.428999999999999
0 0.0254 3.3528
0 0.0254 3.2766
0 0.0254 3.200399999999999
0 0.0254 3.1242
0 0.0254 3.048
0 0.0254 2.971800000000001
0 0.0254 2.895600000000001
0 0.0254 2.819400000000002
0 0.0254 2.743200000000002
0 0.0254 2.667000000000002
0 0.0254 2.590800000000003
0 0.0254 2.514600000000004
0 0.0254 2.438400000000004
0 0.0254 2.362200000000005
0 0.0254 2.286000000000006
0 0.0254 2.209800000000006
0 0.0254 2.133600000000007
0 0.0254 2.057400000000007
0 0.0254 1.981200000000008
0 0.0254 1.905000000000008
0 0.0254 1.828800000000008
0 0.0254 1.752600000000009
0 0.0254 1.676400000000009
0 0.0254 1.600200000000009
0 0.0254 1.524000000000008
0 0.0254 1.447800000000007
0 0.0254 1.371600000000007
0 0.0254 1.295400000000007
0 0.0254 1.219200000000007
0 0.0254 1.143000000000006
0 0.0254 1.066800000000006
0 0.0254 0.9906000000000053
0 0.0254 0.914400000000005
0 0.0254 0.8382000000000049
0 0.0254 0.762000000000004
0 0.0254 0.6858000000000031
0 0.0254 0.6096000000000029
0 0.0254 0.5334000000000026
0 0.0254 0.4572000000000018
0 0.0254 0.3810000000000016
0 0.0254 0.3048000000000007
0 0.0254 0.2285999999999999
0 0.0254 0.1524000000000003
0 0.0254 0.07619999999999948
1 15 0 1
184
0.21552614690566 -0.2155261469056594 -0.009525
1 16 0 9
185
186
187
188
189
190
191
192
193
0.0254 0 0.609600000000001
0.0254 0 1.219200000000002
0.0254 0 1.828800000000002
0.0254 0 2.438400000000001
0.0254 0 3.048000000000001
0.0254 0 3.657600000000001
0.0254 0 4.267200000000001
0.0254 0 4.8768
0.0254 0 5.486400000000001
1 17 0 1
194
0.01796051224213834 -0.01796051224213828 6.096
1 18 0 1
195
0.01796051224213832 0.01796051224213829 6.096
1 19 0 2
196
197
-0.263964543073497 0.1523999999999999 0
-0.2639645430734961 -0.1524000000000013 0
1 20 0 2
198
199
-0.263964543073497 0.1523999999999999 -0.009525
-0.2639645430734961 -0.1524000000000013 -0.009525
1 21 0 11
200
201
202
203
204
205
206
207
208
209
210
-0.006574003745604029 0.02453451598774234 0
-0.0127 0.02199704525612474 0
-0.0179605122421383 0.01796051224213831 0
-0.02199704525612474 0.0127 0
-0.02453451598774233 0.006574003745604034 0
-0.0254 3.110602869834277e-18 0
-0.02453451598774234 -0.006574003745604028 0
-0.02199704525612475 -0.01269999999999999 0
-0.01796051224213832 -0.0179605122421383 0
-0.01270000000000001 -0.02199704525612473 0
-0.006574003745604047 -0.02453451598774233 0
1 22 0 11
211
212
213
214
215
216
217
218
219
220
221
-0.006574003745604029 0.02453451598774234 6.096
-0.0127 0.02199704525612474 6.096
-0.0179605122421383 0.01796051224213831 6.096
-0.02199704525612474 0.0127 6.096
-0.02453451598774233 0.006574003745604034 6.096
-0.0254 3.110602869834277e-18 6.096
-0.02453451598774234 -0.006574003745604028 6.096
-0.02199704525612475 -0.01269999999999999 6.096
-0.01796051224213832 -0.0179605122421383 6.096
-0.01270000000000001 -0.02199704525612473 6.096
-0.006574003745604047 -0.02453451598774233 6.096
1 23 0 1
222
0 2.220446049250313e-16 -0.109525
1 24 0 9
223
224
225
226
227
228
229
230
231
0 -0.33528 5.5654475
0 -0.33528 4.934895000000001
0 -0.33528 4.304342500000002
0 -0.33528 3.673790000000003
0 -0.33528 3.043237500000004
0 -0.33528 2.412685000000006
0 -0.33528 1.782132500000009
0 -0.33528 1.15158000000001
0 -0.33528 0.5210275000000051
1 25 0 9
232
233
234
235
236
237
238
239
240
0 0.33528 0.5210274999999998
0 0.33528 1.151579999999999
0 0.33528 1.782132499999998
0 0.33528 2.412684999999997
0 0.33528 3.043237499999995
0 0.33528 3.673789999999993
0 0.33528 4.304342499999991
0 0.33528 4.93489499999999
0 0.33528 5.565447499999995
1 26 0 1
241
0 -2.220446049250313e-16 6.196
2 1 0 0
2 2 0 3
242
243
244
0.1149594134281252 0.06876124181984063 0
0.1309657574864651 -0.07548485340910897 0
0.0614492390797734 -0.001344722317853667 0
2 3 0 79
245
246
247
248
249
250
251
252
253
254
255
256
257
258
259
260
261
262
263
264
265
266
267
268
269
270
271
272
273
274
275
276
277
278
279
280
281
282
283
284
285
286
287
288
289
290
291
292
293
294
295
296
297
298
299
300
301
302
303
304
305
306
307
308
309
310
311
312
313
314
315
316
317
318
319
320
321
322
323
0 0 5.8293
0 -1.734723475976807e-18 0.1143000000000001
0 -8.673617379884035e-19 5.9817
0 5.616306228608899e-15 6.057986394557825
0 -1.734723475976807e-18 5.9055
0 -8.673617379884035e-19 5.7531
0 8.673617379884035e-19 2.247900000000006
0 0 5.6769
0 0 5.524500000000001
0 0 0.2667000000000006
0 0 0.3429000000000006
0 0 5.372100000000001
0 0 2.324100000000006
0 -8.673617379884035e-19 2.171700000000006
0 -1.734723475976807e-18 2.095500000000006
0 0 0.1905000000000001
0 0 0.4953000000000016
0 -1.734723475976807e-18 0.4191000000000011
0 -8.673617379884035e-19 5.600700000000001
0 0 5.067300000000001
0 2.708782594859831e-16 2.019300000000007
0 -8.673617379884035e-19 0.7239000000000022
0 0 0.8001000000000027
0 8.673617379884035e-19 0.5715000000000021
0 5.921602494066544e-16 1.485900000000007
0 -8.673617379884035e-19 1.028700000000004
0 0 0.6477000000000022
0 -8.673617379884035e-19 5.219700000000001
0 0 5.295900000000001
0 1.734723475976807e-18 1.943100000000006
0 1.734723475976807e-18 2.476500000000006
0 4.658971621194853e-17 1.409700000000005
0 1.734723475976807e-18 0.8763000000000032
0 0 2.400300000000006
0 0 1.181100000000005
0 -8.673617379884035e-19 1.866900000000006
0 -3.469446951953614e-18 5.448300000000001
0 1.734723475976807e-18 4.991100000000001
0 -1.734723475976807e-18 4.152900000000002
0 -8.673617379884035e-19 2.552700000000006
0 0 0.9525000000000032
0 2.602085213965211e-18 1.562100000000007
0 -8.673617379884035e-19 1.257300000000005
0 0 1.104900000000005
0 8.673617379884035e-19 1.714500000000007
0 -1.734723475976807e-18 5.143500000000001
0 -4.173249047921347e-16 4.762500000000003
0 1.657392089969216e-15 4.6863
0 0 4.533900000000002
0 -8.673617379884035e-19 4.381500000000003
0 0 1.638300000000006
0 -8.673617379884035e-19 4.838700000000001
0 -1.734723475976807e-18 4.076700000000002
0 8.673617379884035e-19 1.790700000000007
0 0 1.333500000000005
0 -8.673617379884035e-19 4.914900000000001
0 0 4.457700000000003
0 -8.673617379884035e-19 4.229100000000003
0 1.734723475976807e-18 2.628900000000006
0 0 4.000500000000002
0 1.734723475976807e-18 3.924300000000003
0 -8.673617379884035e-19 4.610100000000002
0 8.673617379884035e-19 3.771900000000003
0 -8.673617379884035e-19 3.695700000000004
0 -8.673617379884035e-19 2.705100000000005
0 1.734723475976807e-18 3.848100000000003
0 -8.673617379884035e-19 4.305300000000003
0 -8.673617379884035e-19 2.781300000000005
0 8.673617379884037e-19 3.543300000000004
0 -8.673617379884035e-19 2.933700000000005
0 -8.673617379884035e-19 3.619500000000004
0 0 3.009900000000005
0 3.469446951953615e-18 2.857500000000005
0 8.673617379884035e-19 3.467100000000004
0 -1.734723475976807e-18 3.390900000000004
0 0 3.238500000000004
0 0 3.086100000000005
0 -8.673617379884035e-19 3.314700000000004
0 -1.734723475976807e-18 3.162300000000005
2 4 0 0
2 5 0 0
2 6 0 0
2 7 0 0
2 8 0 0
2 9 0 0
2 10 0 0
2 11 0 0
2 12 0 869
324
325
326
327
328
329
330
331
332
333
334
335
336
337
338
339
340
341
342
343
344
345
346
347
348
349
350
351
352
353
354
355
356
357
358
359
360
361
362
363
364
365
366
367
368
369
370
371
372
373
374
375
376
377
378
379
380
381
382
383
384
385
386
387
388
389
390
391
392
393
394
395
396
397
398
399
400
401
402
403
404
405
406
407
408
409
410
411
412
413
414
415
416
417
418
419
420
421
422
423
424
425
426
427
428
429
430
431
432
433
434
435
436
437
438
439
440
441
442
443
444
445
446
447
448
449
450
451
452
453
454
455
456
457
458
459
460
461
462
463
464
465
466
467
468
469
470
471
472
473
474
475
476
477
478
479
480
481
482
483
484
485
486
487
488
489
490
491
492
493
494
495
496
497
498
499
500
501
502
503
504
505
506
507
508
509
510
511
512
513
514
515
516
517
518
519
520
521
522
523
524
525
526
527
528
529
530
531
532
533
534
535
536
537
538
539
540
541
542
543
544
545
546
547
548
549
550
551
552
553
554
555
556
557
558
559
560
561
562
563
564
565
566
567
568
569
570
571
572
573
574
575
576
577
578
579
580
581
582
583
584
585
586
587
588
589
590
591
592
593
594
595
596
597
598
599
600
601
602
603
604
605
606
607
608
609
610
611
612
613
614
615
616
617
618
619
620
621
622
623
624
625
626
627
628
629
630
631
632
633
634
635
636
637
638
639
640
641
642
643
644
645
646
647
648
649
650
651
652
653
654
655
656
657
658
659
660
661
662
663
664
665
666
667
668
669
670
671
672
673
674
675
676
677
678
679
680
681
682
683
684
685
686
687
688
689
690
691
692
693
694
695
696
697
698
699
700
701
702
703
704
705
706
707
708
709
710
711
712
713
714
715
716
717
718
719
720
721
722
723
724
725
726
727
728
729
730
731
732
733
734
735
736
737
738
739
740
741
742
743
744
745
746
747
748
749
750
751
752
753
754
755
756
757
758
759
760
761
762
763
764
765
766
767
768
769
770
771
772
773
774
775
776
777
778
779
780
781
782
783
784
785
786
787
788
789
790
791
792
793
794
795
796
797
798
799
800
801
802
803
804
805
806
807
808
809
810
811
812
813
814
815
816
817
818
819
820
821
822
823
824
825
826
827
828
829
830
831
832
833
834
835
836
837
838
839
840
841
842
843
844
845
846
847
848
849
850
851
852
853
854
855
856
857
858
859
860
861
862
863
864
865
866
867
868
869
870
871
872
873
874
875
876
877
878
879
880
881
882
883
884
885
886
887
888
889
890
891
892
893
894
895
896
897
898
899
900
901
902
903
904
905
906
907
908
909
910
911
912
913
914
915
916
917
918
919
920
921
922
923
924
925
926
927
928
929
930
931
932
933
934
935
936
937
938
939
940
941
942
943
944
945
946
947
948
949
950
951
952
953
954
955
956
957
958
959
960
961
962
963
964
965
966
967
968
969
970
971
972
973
974
975
976
977
978
979
980
981
982
983
984
985
986
987
988
989
990
991
992
993
994
995
996
997
998
999
1000
1001
1002
1003
1004
1005
1006
1007
1008
1009
1010
1011
1012
1013
1014
1015
1016
1017
1018
1019
1020
1021
1022
1023
1024
1025
1026
1027
1028
1029
1030
1031
1032
1033
1034
1035
1036
1037
1038
1039
1040
1041
1042
1043
1044
1045
1046
1047
1048
1049
1050
1051
1052
1053
1054
1055
1056
1057
1058
1059
1060
1061
1062
1063
1064
1065
1066
1067
1068
1069
1070
1071
1072
1073
1074
1075
1076
1077
1078
1079
1080
1081
1082
1083
1084
1085
1086
1087
1088
1089
1090
1091
1092
1093
1094
1095
1096
1097
1098
1099
1100
1101
1102
1103
1104
1105
1106
1107
1108
1109
1110
1111
1112
1113
1114
1115
1116
1117
1118
1119
1120
1121
1122
1123
1124
1125
1126
1127
1128
1129
1130
1131
1132
1133
1134
1135
1136
1137
1138
1139
1140
1141
1142
1143
1144
1145
1146
1147
1148
1149
1150
1151
1152
1153
1154
1155
1156
1157
1158
1159
1160
1161
1162
1163
1164
1165
1166
1167
1168
1169
1170
1171
1172
1173
1174
1175
1176
1177
1178
1179
1180
1181
1182
1183
1184
1185
1186
1187
1188
1189
1190
1191
1192
-0.00657400374560404 0.02453451598774233 0.07619999999999957
-0.006574003745604029 0.02453451598774234 0.1524000000000003
-0.006574003745604029 0.02453451598774234 0.2285999999999999
-0.006574003745604035 0.02453451598774233 0.3048000000000007
-0.006574003745604024 0.02453451598774234 0.3810000000000016
-0.006574003745604029 0.02453451598774234 0.4572000000000017
-0.006574003745604029 0.02453451598774234 0.5334000000000024
-0.00657400374560404 0.02453451598774233 0.6096000000000029
-0.006574003745604029 0.02453451598774234 0.6858000000000027
-0.006574003745604029 0.02453451598774234 0.7620000000000038
-0.006574003745604029 0.02453451598774234 0.8382000000000047
-0.006574003745604029 0.02453451598774234 0.914400000000005
-0.006574003745604029 0.02453451598774234 0.9906000000000051
-0.006574003745604029 0.02453451598774234 1.066800000000006
-0.006574003745604018 0.02453451598774234 1.143000000000006
-0.006574003745604029 0.02453451598774234 1.219200000000007
-0.006574003745604018 0.02453451598774234 1.295400000000007
-0.006574003745604029 0.02453451598774234 1.371600000000007
-0.006574003745604018 0.02453451598774234 1.447800000000007
-0.006574003745604024 0.02453451598774234 1.524000000000008
-0.006574003745604018 0.02453451598774234 1.600200000000008
-0.006574003745604029 0.02453451598774234 1.676400000000009
-0.006574003745604029 0.02453451598774234 1.752600000000009
-0.006574003745604029 0.02453451598774234 1.828800000000008
-0.006574003745604024 0.02453451598774234 1.905000000000008
-0.006574003745604029 0.02453451598774234 1.981200000000008
-0.006574003745604018 0.02453451598774234 2.057400000000007
-0.006574003745604029 0.02453451598774234 2.133600000000007
-0.00657400374560404 0.02453451598774233 2.209800000000006
-0.006574003745604029 0.02453451598774234 2.286000000000006
-0.006574003745604035 0.02453451598774233 2.362200000000006
-0.006574003745604029 0.02453451598774234 2.438400000000004
-0.006574003745604029 0.02453451598774234 2.514600000000004
-0.006574003745604029 0.02453451598774234 2.590800000000004
-0.00657400374560404 0.02453451598774233 2.667000000000002
-0.006574003745604029 0.02453451598774234 2.743200000000003
-0.006574003745604029 0.02453451598774234 2.819400000000003
-0.006574003745604029 0.02453451598774234 2.895600000000001
-0.006574003745604029 0.02453451598774234 2.971800000000002
-0.006574003745604029 0.02453451598774234 3.048000000000001
-0.006574003745604029 0.02453451598774234 3.1242
-0.006574003745604029 0.02453451598774234 3.200400000000001
-0.006574003745604029 0.02453451598774234 3.276600000000001
-0.006574003745604029 0.02453451598774234 3.352799999999999
-0.006574003745604029 0.02453451598774234 3.429000000000001
-0.006574003745604029 0.02453451598774234 3.5052
-0.006574003745604029 0.02453451598774234 3.581400000000001
-0.006574003745604029 0.02453451598774234 3.6576
-0.006574003745604029 0.02453451598774234 3.733800000000001
-0.006574003745604029 0.02453451598774234 3.81
-0.006574003745604029 0.02453451598774234 3.886200000000001
-0.006574003745604029 0.02453451598774234 3.962400000000001
-0.006574003745604029 0.02453451598774234 4.038599999999999
-0.006574003745604029 0.02453451598774234 4.1148
-0.006574003745604029 0.02453451598774234 4.191
-0.006574003745604029 0.02453451598774234 4.267200000000001
-0.006574003745604029 0.02453451598774234 4.3434
-0.006574003745604024 0.02453451598774234 4.4196
-0.006574003745604029 0.02453451598774234 4.495800000000001
-0.006574003745604024 0.02453451598774234 4.572
-0.006574003745604029 0.02453451598774234 4.648200000000001
-0.006574003745604029 0.02453451598774234 4.724400000000001
-0.006574003745604029 0.02453451598774234 4.800600000000001
-0.006574003745604029 0.02453451598774234 4.8768
-0.006574003745604029 0.02453451598774234 4.953000000000002
-0.006574003745604029 0.02453451598774234 5.029199999999999
-0.006574003745604029 0.02453451598774234 5.1054
-0.006574003745604029 0.02453451598774234 5.1816
-0.006574003745604029 0.02453451598774234 5.2578
-0.006574003745604029 0.02453451598774234 5.334000000000001
-0.006574003745604029 0.02453451598774234 5.410200000000001
-0.006574003745604029 0.02453451598774234 5.4864
-0.006574003745604029 0.02453451598774234 5.562599999999999
-0.006574003745604029 0.02453451598774234 5.638800000000001
-0.006574003745604029 0.02453451598774234 5.714999999999999
-0.006574003745604035 0.02453451598774233 5.7912
-0.006574003745604029 0.02453451598774234 5.8674
-0.006574003745604029 0.02453451598774234 5.9436
-0.006574003745604029 0.02453451598774234 6.019799999999999
-0.01269999999999999 0.02199704525612474 0.0761999999999996
-0.01269999999999999 0.02199704525612474 0.1524000000000003
-0.01269999999999998 0.02199704525612475 0.2285999999999999
-0.01269999999999998 0.02199704525612475 0.3048000000000006
-0.01269999999999999 0.02199704525612474 0.3810000000000014
-0.01269999999999998 0.02199704525612475 0.4572000000000017
-0.01269999999999998 0.02199704525612475 0.5334000000000022
-0.0127 0.02199704525612474 0.6096000000000025
-0.0127 0.02199704525612474 0.6858000000000029
-0.0127 0.02199704525612474 0.7620000000000036
-0.0127 0.02199704525612474 0.8382000000000044
-0.0127 0.02199704525612474 0.9144000000000045
-0.01269999999999999 0.02199704525612474 0.9906000000000048
-0.0127 0.02199704525612474 1.066800000000006
-0.0127 0.02199704525612474 1.143000000000006
-0.0127 0.02199704525612474 1.219200000000007
-0.0127 0.02199704525612474 1.295400000000007
-0.0127 0.02199704525612474 1.371600000000006
-0.0127 0.02199704525612474 1.447800000000007
-0.0127 0.02199704525612474 1.524000000000007
-0.0127 0.02199704525612474 1.600200000000008
-0.01269999999999999 0.02199704525612474 1.676400000000008
-0.0127 0.02199704525612474 1.752600000000008
-0.0127 0.02199704525612474 1.828800000000008
-0.0127 0.02199704525612474 1.905000000000008
-0.0127 0.02199704525612474 1.981200000000008
-0.0127 0.02199704525612474 2.057400000000006
-0.01269999999999999 0.02199704525612474 2.133600000000007
-0.01269999999999999 0.02199704525612474 2.209800000000006
-0.0127 0.02199704525612474 2.286000000000006
-0.0127 0.02199704525612474 2.362200000000005
-0.0127 0.02199704525612474 2.438400000000004
-0.0127 0.02199704525612474 2.514600000000005
-0.01269999999999999 0.02199704525612474 2.590800000000004
-0.01269999999999999 0.02199704525612474 2.667000000000002
-0.0127 0.02199704525612474 2.743200000000003
-0.0127 0.02199704525612474 2.819400000000003
-0.0127 0.02199704525612474 2.895600000000003
-0.0127 0.02199704525612474 2.971800000000002
-0.0127 0.02199704525612474 3.048000000000002
-0.0127 0.02199704525612474 3.124200000000002
-0.0127 0.02199704525612474 3.200400000000001
-0.0127 0.02199704525612474 3.276600000000001
-0.0127 0.02199704525612474 3.352800000000002
-0.01269999999999999 0.02199704525612474 3.429
-0.0127 0.02199704525612474 3.505200000000001
-0.0127 0.02199704525612474 3.581400000000001
-0.0127 0.02199704525612474 3.6576
-0.0127 0.02199704525612474 3.733800000000001
-0.01269999999999999 0.02199704525612474 3.810000000000002
-0.0127 0.02199704525612474 3.886200000000001
-0.0127 0.02199704525612474 3.962400000000002
-0.01269999999999999 0.02199704525612474 4.038600000000001
-0.01269999999999999 0.02199704525612474 4.1148
-0.01269999999999999 0.02199704525612474 4.191
-0.01269999999999999 0.02199704525612474 4.2672
-0.0127 0.02199704525612474 4.3434
-0.0127 0.02199704525612474 4.4196
-0.0127 0.02199704525612474 4.4958
-0.0127 0.02199704525612474 4.572
-0.0127 0.02199704525612474 4.648200000000001
-0.0127 0.02199704525612474 4.7244
-0.0127 0.02199704525612474 4.800600000000001
-0.0127 0.02199704525612474 4.8768
-0.0127 0.02199704525612474 4.953000000000001
-0.0127 0.02199704525612474 5.0292
-0.0127 0.02199704525612474 5.1054
-0.01269999999999999 0.02199704525612474 5.1816
-0.0127 0.02199704525612474 5.257800000000001
-0.0127 0.02199704525612474 5.334000000000001
-0.0127 0.02199704525612474 5.410200000000001
-0.01269999999999999 0.02199704525612474 5.486399999999999
-0.0127 0.02199704525612474 5.562600000000001
-0.01269999999999999 0.02199704525612474 5.638799999999999
-0.0127 0.02199704525612474 5.715
-0.0127 0.02199704525612474 5.791200000000001
-0.0127 0.02199704525612474 5.867399999999999
-0.0127 0.02199704525612474 5.9436
-0.0127 0.02199704525612474 6.0198
-0.0179605122421383 0.01796051224213831 0.07619999999999964
-0.01796051224213832 0.01796051224213829 0.1524000000000003
-0.0179605122421383 0.01796051224213831 0.2285999999999998
-0.0179605122421383 0.01796051224213832 0.3048000000000005
-0.0179605122421383 0.01796051224213831 0.3810000000000014
-0.01796051224213831 0.0179605122421383 0.4572000000000015
-0.0179605122421383 0.01796051224213831 0.5334000000000022
-0.0179605122421383 0.01796051224213831 0.6096000000000024
-0.0179605122421383 0.01796051224213831 0.6858000000000024
-0.01796051224213831 0.0179605122421383 0.7620000000000033
-0.0179605122421383 0.01796051224213831 0.8382000000000039
-0.0179605122421383 0.01796051224213832 0.9144000000000045
-0.0179605122421383 0.01796051224213831 0.9906000000000046
-0.0179605122421383 0.01796051224213831 1.066800000000006
-0.0179605122421383 0.01796051224213832 1.143000000000006
-0.0179605122421383 0.01796051224213831 1.219200000000007
-0.0179605122421383 0.01796051224213831 1.295400000000006
-0.0179605122421383 0.01796051224213831 1.371600000000006
-0.0179605122421383 0.01796051224213832 1.447800000000007
-0.0179605122421383 0.01796051224213831 1.524000000000007
-0.01796051224213831 0.0179605122421383 1.600200000000008
-0.0179605122421383 0.01796051224213832 1.676400000000008
-0.0179605122421383 0.01796051224213831 1.752600000000008
-0.0179605122421383 0.01796051224213831 1.828800000000008
-0.0179605122421383 0.01796051224213831 1.905000000000008
-0.0179605122421383 0.01796051224213831 1.981200000000007
-0.0179605122421383 0.01796051224213831 2.057400000000007
-0.0179605122421383 0.01796051224213831 2.133600000000007
-0.0179605122421383 0.01796051224213831 2.209800000000005
-0.0179605122421383 0.01796051224213831 2.286000000000005
-0.0179605122421383 0.01796051224213831 2.362200000000005
-0.0179605122421383 0.01796051224213831 2.438400000000005
-0.0179605122421383 0.01796051224213831 2.514600000000005
-0.0179605122421383 0.01796051224213831 2.590800000000004
-0.0179605122421383 0.01796051224213831 2.667000000000005
-0.0179605122421383 0.01796051224213831 2.743200000000003
-0.0179605122421383 0.01796051224213831 2.819400000000003
-0.0179605122421383 0.01796051224213831 2.895600000000004
-0.0179605122421383 0.01796051224213831 2.971800000000004
-0.0179605122421383 0.01796051224213831 3.048000000000002
-0.0179605122421383 0.01796051224213831 3.124200000000002
-0.0179605122421383 0.01796051224213831 3.200400000000002
-0.0179605122421383 0.01796051224213831 3.276600000000002
-0.0179605122421383 0.01796051224213831 3.352800000000002
-0.0179605122421383 0.01796051224213831 3.429000000000001
-0.0179605122421383 0.01796051224213831 3.505200000000002
-0.0179605122421383 0.01796051224213831 3.581400000000003
-0.0179605122421383 0.01796051224213831 3.657600000000001
-0.0179605122421383 0.01796051224213831 3.733800000000003
-0.0179605122421383 0.01796051224213831 3.810000000000002
-0.0179605122421383 0.01796051224213831 3.886200000000001
-0.0179605122421383 0.01796051224213831 3.962400000000002
-0.0179605122421383 0.01796051224213831 4.038600000000002
-0.0179605122421383 0.01796051224213831 4.114800000000001
-0.0179605122421383 0.01796051224213831 4.191
-0.0179605122421383 0.01796051224213831 4.267200000000001
-0.0179605122421383 0.01796051224213831 4.343400000000002
-0.0179605122421383 0.01796051224213831 4.419600000000001
-0.0179605122421383 0.01796051224213831 4.4958
-0.0179605122421383 0.01796051224213831 4.572
-0.0179605122421383 0.01796051224213831 4.648200000000001
-0.0179605122421383 0.01796051224213831 4.724400000000003
-0.0179605122421383 0.01796051224213831 4.800600000000001
-0.0179605122421383 0.01796051224213831 4.8768
-0.0179605122421383 0.01796051224213831 4.953000000000001
-0.0179605122421383 0.01796051224213831 5.0292
-0.0179605122421383 0.01796051224213831 5.105400000000001
-0.0179605122421383 0.01796051224213831 5.1816
-0.0179605122421383 0.01796051224213831 5.257800000000001
-0.0179605122421383 0.01796051224213831 5.334000000000001
-0.0179605122421383 0.01796051224213831 5.410200000000001
-0.0179605122421383 0.01796051224213831 5.486399999999999
-0.0179605122421383 0.01796051224213831 5.562600000000002
-0.0179605122421383 0.01796051224213831 5.6388
-0.0179605122421383 0.01796051224213831 5.715
-0.0179605122421383 0.01796051224213831 5.7912
-0.0179605122421383 0.01796051224213831 5.8674
-0.0179605122421383 0.01796051224213831 5.9436
-0.0179605122421383 0.01796051224213831 6.019799999999999
-0.02199704525612474 0.01270000000000001 0.0761999999999997
-0.02199704525612475 0.01269999999999998 0.1524000000000003
-0.02199704525612474 0.01270000000000001 0.2285999999999998
-0.02199704525612474 0.0127 0.3048000000000004
-0.02199704525612474 0.01270000000000001 0.3810000000000012
-0.02199704525612475 0.01269999999999999 0.4572000000000015
-0.02199704525612473 0.01270000000000002 0.533400000000002
-0.02199704525612474 0.01270000000000001 0.6096000000000019
-0.02199704525612474 0.0127 0.6858000000000023
-0.02199704525612474 0.0127 0.7620000000000033
-0.02199704525612474 0.0127 0.8382000000000039
-0.02199704525612475 0.01269999999999999 0.9144000000000043
-0.02199704525612474 0.0127 0.9906000000000043
-0.02199704525612474 0.0127 1.066800000000005
-0.02199704525612474 0.01270000000000001 1.143000000000005
-0.02199704525612474 0.0127 1.219200000000006
-0.02199704525612474 0.01270000000000001 1.295400000000006
-0.02199704525612474 0.0127 1.371600000000006
-0.02199704525612474 0.0127 1.447800000000006
-0.02199704525612474 0.01270000000000001 1.524000000000007
-0.02199704525612474 0.0127 1.600200000000007
-0.02199704525612473 0.01270000000000002 1.676400000000007
-0.02199704525612475 0.01269999999999998 1.752600000000007
-0.02199704525612474 0.0127 1.828800000000007
-0.02199704525612474 0.0127 1.905000000000007
-0.02199704525612475 0.01269999999999998 1.981200000000007
-0.02199704525612473 0.01270000000000002 2.057400000000006
-0.02199704525612474 0.01270000000000001 2.133600000000007
-0.02199704525612474 0.0127 2.209800000000007
-0.02199704525612475 0.01269999999999999 2.286000000000005
-0.02199704525612473 0.01270000000000002 2.362200000000006
-0.02199704525612473 0.01270000000000002 2.438400000000005
-0.02199704525612474 0.0127 2.514600000000005
-0.02199704525612474 0.01270000000000001 2.590800000000004
-0.02199704525612473 0.01270000000000002 2.667000000000004
-0.02199704525612475 0.01269999999999998 2.743200000000005
-0.02199704525612473 0.01270000000000002 2.819400000000004
-0.02199704525612474 0.01270000000000001 2.895600000000004
-0.02199704525612474 0.01270000000000001 2.971800000000004
-0.02199704525612474 0.0127 3.048000000000004
-0.02199704525612474 0.0127 3.124200000000002
-0.02199704525612475 0.01269999999999999 3.200400000000003
-0.02199704525612475 0.01269999999999999 3.276600000000003
-0.02199704525612474 0.0127 3.352800000000003
-0.02199704525612474 0.0127 3.429000000000002
-0.02199704525612474 0.0127 3.505200000000002
-0.02199704525612474 0.0127 3.581400000000003
-0.02199704525612474 0.0127 3.657600000000003
-0.02199704525612474 0.0127 3.733800000000002
-0.02199704525612474 0.0127 3.810000000000002
-0.02199704525612474 0.0127 3.886200000000001
-0.02199704525612474 0.0127 3.962400000000002
-0.02199704525612474 0.0127 4.038600000000001
-0.02199704525612474 0.0127 4.114800000000001
-0.02199704525612474 0.0127 4.191
-0.02199704525612474 0.0127 4.267200000000003
-0.02199704525612474 0.0127 4.343400000000002
-0.02199704525612474 0.0127 4.419600000000001
-0.02199704525612474 0.0127 4.495800000000002
-0.02199704525612474 0.0127 4.572000000000002
-0.02199704525612474 0.0127 4.648200000000001
-0.02199704525612474 0.0127 4.724400000000002
-0.02199704525612474 0.0127 4.8006
-0.02199704525612474 0.0127 4.876800000000001
-0.02199704525612474 0.01270000000000001 4.953000000000001
-0.02199704525612474 0.01270000000000001 5.029199999999999
-0.02199704525612474 0.0127 5.105400000000001
-0.02199704525612475 0.01269999999999999 5.181600000000002
-0.02199704525612474 0.0127 5.2578
-0.02199704525612474 0.0127 5.334000000000001
-0.02199704525612475 0.01269999999999999 5.410200000000001
-0.02199704525612474 0.0127 5.4864
-0.02199704525612474 0.0127 5.5626
-0.02199704525612474 0.0127 5.6388
-0.02199704525612474 0.01270000000000001 5.714999999999999
-0.02199704525612474 0.0127 5.7912
-0.02199704525612475 0.01269999999999999 5.8674
-0.02199704525612475 0.01269999999999999 5.9436
-0.02199704525612474 0.01270000000000001 6.0198
-0.02453451598774234 0.006574003745604022 0.07619999999999974
-0.02453451598774233 0.006574003745604034 0.1524000000000002
-0.02453451598774233 0.006574003745604034 0.2285999999999998
-0.02453451598774234 0.006574003745604022 0.3048000000000003
-0.02453451598774234 0.006574003745604022 0.3810000000000011
-0.02453451598774233 0.006574003745604045 0.4572000000000013
-0.02453451598774233 0.006574003745604034 0.5334000000000018
-0.02453451598774233 0.006574003745604034 0.6096000000000019
-0.02453451598774233 0.006574003745604034 0.685800000000002
-0.02453451598774234 0.006574003745604022 0.7620000000000028
-0.02453451598774233 0.006574003745604034 0.8382000000000035
-0.02453451598774233 0.006574003745604034 0.914400000000004
-0.02453451598774233 0.006574003745604045 0.9906000000000037
-0.02453451598774233 0.006574003745604034 1.066800000000005
-0.02453451598774233 0.006574003745604045 1.143000000000005
-0.02453451598774234 0.006574003745604011 1.219200000000006
-0.02453451598774233 0.006574003745604034 1.295400000000005
-0.02453451598774233 0.006574003745604034 1.371600000000005
-0.02453451598774234 0.006574003745604022 1.447800000000006
-0.02453451598774233 0.006574003745604034 1.524000000000006
-0.02453451598774233 0.006574003745604034 1.600200000000007
-0.02453451598774234 0.006574003745604022 1.676400000000007
-0.02453451598774234 0.006574003745604022 1.752600000000007
-0.02453451598774234 0.006574003745604011 1.828800000000007
-0.02453451598774234 0.006574003745604011 1.905000000000007
-0.02453451598774233 0.006574003745604034 1.981200000000006
-0.02453451598774233 0.006574003745604054 2.057400000000005
-0.02453451598774233 0.006574003745604045 2.133600000000007
-0.02453451598774233 0.006574003745604045 2.209800000000006
-0.02453451598774233 0.006574003745604045 2.286000000000006
-0.02453451598774233 0.006574003745604054 2.362200000000005
-0.02453451598774233 0.006574003745604034 2.438400000000006
-0.02453451598774233 0.006574003745604034 2.514600000000005
-0.02453451598774233 0.006574003745604045 2.590800000000005
-0.02453451598774234 0.006574003745604022 2.667000000000004
-0.02453451598774233 0.006574003745604034 2.743200000000004
-0.02453451598774233 0.006574003745604034 2.819400000000004
-0.02453451598774233 0.006574003745604034 2.895600000000004
-0.02453451598774233 0.006574003745604034 2.971800000000004
-0.02453451598774233 0.006574003745604034 3.048000000000004
-0.02453451598774233 0.006574003745604034 3.124200000000004
-0.02453451598774234 0.006574003745604011 3.200400000000003
-0.02453451598774233 0.006574003745604034 3.276600000000003
-0.02453451598774233 0.006574003745604034 3.352800000000003
-0.02453451598774233 0.006574003745604034 3.429000000000002
-0.02453451598774233 0.006574003745604045 3.505200000000003
-0.02453451598774234 0.006574003745604022 3.581400000000003
-0.02453451598774233 0.006574003745604045 3.657600000000003
-0.02453451598774233 0.006574003745604034 3.733800000000002
-0.02453451598774233 0.006574003745604034 3.810000000000003
-0.02453451598774233 0.006574003745604034 3.886200000000002
-0.02453451598774233 0.006574003745604045 3.962400000000001
-0.02453451598774233 0.006574003745604045 4.038600000000002
-0.02453451598774233 0.006574003745604045 4.114800000000001
-0.02453451598774233 0.006574003745604045 4.191000000000002
-0.02453451598774233 0.006574003745604034 4.267200000000003
-0.02453451598774233 0.006574003745604034 4.343400000000003
-0.02453451598774233 0.006574003745604034 4.419600000000003
-0.02453451598774232 0.006574003745604066 4.495800000000002
-0.02453451598774233 0.006574003745604034 4.572000000000002
-0.02453451598774233 0.006574003745604034 4.648200000000003
-0.02453451598774234 0.006574003745604022 4.724400000000005
-0.02453451598774233 0.006574003745604034 4.800600000000001
-0.02453451598774233 0.006574003745604034 4.876800000000001
-0.02453451598774233 0.006574003745604034 4.953000000000001
-0.02453451598774233 0.006574003745604045 5.029200000000002
-0.02453451598774233 0.006574003745604034 5.105400000000001
-0.02453451598774233 0.006574003745604034 5.181600000000001
-0.02453451598774233 0.006574003745604034 5.257800000000001
-0.02453451598774233 0.006574003745604045 5.334000000000001
-0.02453451598774233 0.006574003745604034 5.410200000000001
-0.02453451598774233 0.006574003745604045 5.486400000000001
-0.02453451598774233 0.006574003745604045 5.562600000000002
-0.02453451598774233 0.006574003745604034 5.6388
-0.02453451598774234 0.006574003745604022 5.715
-0.02453451598774233 0.006574003745604034 5.7912
-0.02453451598774233 0.006574003745604034 5.8674
-0.02453451598774234 0.006574003745604022 5.9436
-0.02453451598774233 0.006574003745604034 6.0198
-0.0254 3.110602869834277e-18 0.0761999999999998
-0.0254 3.110602869834277e-18 0.1524000000000003
-0.0254 1.439046880002587e-17 0.2285999999999997
-0.0254 1.439046880002587e-17 0.3048000000000002
-0.0254 1.439046880002587e-17 0.381000000000001
-0.0254 1.439046880002587e-17 0.4572000000000013
-0.0254 1.439046880002587e-17 0.5334000000000019
-0.0254 -1.94491289905489e-17 0.6096000000000015
-0.0254 -1.94491289905489e-17 0.685800000000002
-0.0254 3.110602869834277e-18 0.7620000000000029
-0.0254 1.439046880002587e-17 0.8382000000000032
-0.0254 -8.169263060357313e-18 0.9144000000000037
-0.0254 -1.94491289905489e-17 0.9906000000000035
-0.0254 -8.169263060357313e-18 1.066800000000004
-0.0254 -1.94491289905489e-17 1.143000000000004
-0.0254 -8.169263060357313e-18 1.219200000000005
-0.0254 -1.94491289905489e-17 1.295400000000005
-0.0254 1.439046880002587e-17 1.371600000000005
-0.0254 3.110602869834277e-18 1.447800000000006
-0.0254 3.110602869834277e-18 1.524000000000006
-0.0254 3.110602869834277e-18 1.600200000000006
-0.0254 3.110602869834277e-18 1.676400000000006
-0.0254 3.110602869834277e-18 1.752600000000007
-0.0254 3.110602869834277e-18 1.828800000000006
-0.0254 1.439046880002587e-17 1.905000000000006
-0.0254 3.110602869834277e-18 1.981200000000006
-0.0254 -8.169263060357313e-18 2.057400000000005
-0.0254 3.110602869834277e-18 2.133600000000007
-0.0254 3.110602869834277e-18 2.209800000000005
-0.0254 3.110602869834277e-18 2.286000000000005
-0.0254 3.110602869834277e-18 2.362200000000005
-0.0254 3.110602869834277e-18 2.438400000000006
-0.0254 3.110602869834277e-18 2.514600000000006
-0.0254 3.110602869834277e-18 2.590800000000005
-0.0254 3.110602869834277e-18 2.667000000000005
-0.0254 -8.169263060357313e-18 2.743200000000004
-0.0254 3.110602869834277e-18 2.819400000000005
-0.0254 1.439046880002587e-17 2.895600000000005
-0.0254 2.567033473021746e-17 2.971800000000005
-0.0254 3.110602869834277e-18 3.048000000000004
-0.0254 -8.169263060357313e-18 3.124200000000004
-0.0254 3.110602869834277e-18 3.200400000000005
-0.0254 3.110602869834277e-18 3.276600000000004
-0.0254 3.110602869834277e-18 3.352800000000003
-0.0254 3.110602869834277e-18 3.429000000000004
-0.0254 -8.169263060357313e-18 3.505200000000004
-0.0254 3.110602869834277e-18 3.581400000000004
-0.0254 3.110602869834277e-18 3.657600000000003
-0.0254 3.110602869834277e-18 3.733800000000004
-0.0254 1.439046880002587e-17 3.810000000000003
-0.0254 3.110602869834277e-18 3.886200000000003
-0.0254 3.110602869834277e-18 3.962400000000002
-0.0254 1.439046880002587e-17 4.038600000000003
-0.0254 3.110602869834277e-18 4.114800000000002
-0.0254 3.110602869834277e-18 4.191000000000003
-0.0254 3.110602869834277e-18 4.267200000000003
-0.0254 3.110602869834277e-18 4.343400000000003
-0.0254 3.110602869834277e-18 4.419600000000003
-0.0254 3.110602869834277e-18 4.495800000000004
-0.0254 3.110602869834277e-18 4.572000000000004
-0.0254 3.110602869834277e-18 4.648200000000003
-0.0254 3.110602869834277e-18 4.724400000000004
-0.0254 3.110602869834277e-18 4.800600000000001
-0.0254 3.110602869834277e-18 4.876800000000002
-0.0254 3.110602869834277e-18 4.953000000000001
-0.0254 3.110602869834277e-18 5.029200000000002
-0.0254 3.110602869834277e-18 5.105400000000001
-0.0254 3.110602869834277e-18 5.181600000000002
-0.0254 1.439046880002587e-17 5.257800000000001
-0.0254 3.110602869834277e-18 5.334000000000001
-0.0254 1.439046880002587e-17 5.410200000000001
-0.0254 3.110602869834277e-18 5.486400000000001
-0.0254 1.439046880002587e-17 5.562600000000002
-0.0254 1.439046880002587e-17 5.6388
-0.0254 3.110602869834277e-18 5.715
-0.0254 3.110602869834277e-18 5.7912
-0.0254 3.110602869834277e-18 5.8674
-0.0254 3.110602869834277e-18 5.9436
-0.0254 3.110602869834277e-18 6.0198
-0.02453451598774233 -0.006574003745604038 0.0761999999999998
-0.02453451598774234 -0.006574003745604028 0.1524000000000002
-0.02453451598774234 -0.006574003745604017 0.2285999999999997
-0.02453451598774234 -0.006574003745604028 0.3048000000000001
-0.02453451598774234 -0.006574003745604028 0.3810000000000009
-0.02453451598774234 -0.006574003745604006 0.4572000000000011
-0.02453451598774234 -0.006574003745604028 0.5334000000000015
-0.02453451598774234 -0.006574003745604017 0.6096000000000015
-0.02453451598774234 -0.006574003745604017 0.6858000000000015
-0.02453451598774234 -0.006574003745604006 0.7620000000000023
-0.02453451598774234 -0.006574003745604028 0.8382000000000031
-0.02453451598774233 -0.006574003745604038 0.9144000000000032
-0.02453451598774234 -0.006574003745604006 0.990600000000003
-0.02453451598774234 -0.006574003745604006 1.066800000000004
-0.02453451598774233 -0.006574003745604038 1.143000000000004
-0.02453451598774233 -0.006574003745604038 1.219200000000005
-0.02453451598774234 -0.006574003745603995 1.295400000000005
-0.02453451598774234 -0.006574003745604028 1.371600000000005
-0.02453451598774233 -0.006574003745604038 1.447800000000005
-0.02453451598774234 -0.006574003745604006 1.524000000000006
-0.02453451598774234 -0.006574003745604006 1.600200000000006
-0.02453451598774234 -0.006574003745604028 1.676400000000006
-0.02453451598774234 -0.006574003745604006 1.752600000000006
-0.02453451598774234 -0.006574003745604017 1.828800000000006
-0.02453451598774234 -0.006574003745603995 1.905000000000006
-0.02453451598774234 -0.006574003745604017 1.981200000000006
-0.02453451598774233 -0.006574003745604038 2.057400000000005
-0.02453451598774234 -0.006574003745604017 2.133600000000007
-0.02453451598774234 -0.006574003745604006 2.209800000000005
-0.02453451598774234 -0.006574003745604028 2.286000000000006
-0.02453451598774234 -0.006574003745604006 2.362200000000005
-0.02453451598774234 -0.006574003745604017 2.438400000000006
-0.02453451598774234 -0.006574003745604006 2.514600000000006
-0.02453451598774234 -0.006574003745604028 2.590800000000005
-0.02453451598774234 -0.006574003745604017 2.667000000000005
-0.02453451598774234 -0.006574003745603995 2.743200000000005
-0.02453451598774234 -0.006574003745604006 2.819400000000006
-0.02453451598774234 -0.006574003745604006 2.895600000000005
-0.02453451598774234 -0.006574003745604006 2.971800000000005
-0.02453451598774234 -0.006574003745604006 3.048000000000006
-0.02453451598774233 -0.006574003745604038 3.124200000000006
-0.02453451598774234 -0.006574003745603995 3.200400000000005
-0.02453451598774234 -0.006574003745604028 3.276600000000005
-0.02453451598774233 -0.006574003745604038 3.352800000000005
-0.02453451598774234 -0.006574003745603995 3.429000000000004
-0.02453451598774234 -0.006574003745604028 3.505200000000004
-0.02453451598774234 -0.006574003745604028 3.581400000000004
-0.02453451598774234 -0.006574003745603995 3.657600000000004
-0.02453451598774234 -0.006574003745604006 3.733800000000004
-0.02453451598774234 -0.006574003745604006 3.810000000000004
-0.02453451598774234 -0.006574003745604017 3.886200000000003
-0.02453451598774234 -0.006574003745604028 3.962400000000001
-0.02453451598774234 -0.006574003745604017 4.038600000000002
-0.02453451598774234 -0.006574003745604017 4.114800000000002
-0.02453451598774234 -0.006574003745604006 4.191000000000003
-0.02453451598774234 -0.006574003745604017 4.267200000000004
-0.02453451598774234 -0.006574003745604006 4.343400000000003
-0.02453451598774234 -0.006574003745604006 4.419600000000003
-0.02453451598774234 -0.006574003745604006 4.495800000000004
-0.02453451598774234 -0.006574003745603995 4.572000000000004
-0.02453451598774233 -0.006574003745604038 4.648200000000003
-0.02453451598774234 -0.006574003745604006 4.724400000000005
-0.02453451598774234 -0.006574003745604017 4.800600000000003
-0.02453451598774234 -0.006574003745604017 4.876800000000005
-0.02453451598774234 -0.006574003745604006 4.953000000000001
-0.02453451598774234 -0.006574003745604006 5.029200000000002
-0.02453451598774234 -0.006574003745604006 5.105400000000001
-0.02453451598774234 -0.006574003745604006 5.181600000000001
-0.02453451598774234 -0.006574003745604017 5.257800000000001
-0.02453451598774234 -0.006574003745604006 5.334000000000001
-0.02453451598774234 -0.006574003745604006 5.410200000000001
-0.02453451598774234 -0.006574003745604017 5.486400000000001
-0.02453451598774234 -0.006574003745604006 5.562600000000002
-0.02453451598774234 -0.006574003745604017 5.638800000000002
-0.02453451598774234 -0.006574003745604017 5.715
-0.02453451598774234 -0.006574003745604006 5.7912
-0.02453451598774234 -0.006574003745604017 5.8674
-0.02453451598774234 -0.006574003745604006 5.9436
-0.02453451598774234 -0.006574003745604017 6.0198
-0.02199704525612473 -0.01270000000000001 0.07619999999999985
-0.02199704525612473 -0.01270000000000001 0.1524000000000002
-0.02199704525612473 -0.01270000000000001 0.2285999999999997
-0.02199704525612475 -0.01269999999999998 0.3048
-0.02199704525612473 -0.01270000000000001 0.3810000000000008
-0.02199704525612475 -0.01269999999999999 0.4572000000000011
-0.02199704525612474 -0.0127 0.5334000000000013
-0.02199704525612475 -0.01269999999999999 0.6096000000000011
-0.02199704525612475 -0.01269999999999999 0.6858000000000014
-0.02199704525612475 -0.01269999999999998 0.7620000000000023
-0.02199704525612473 -0.01270000000000001 0.8382000000000025
-0.02199704525612475 -0.01269999999999999 0.9144000000000031
-0.02199704525612475 -0.01269999999999999 0.9906000000000028
-0.02199704525612475 -0.01269999999999998 1.066800000000004
-0.02199704525612474 -0.0127 1.143000000000004
-0.02199704525612476 -0.01269999999999996 1.219200000000005
-0.02199704525612475 -0.01269999999999998 1.295400000000004
-0.02199704525612473 -0.01270000000000001 1.371600000000004
-0.02199704525612473 -0.01270000000000001 1.447800000000005
-0.02199704525612474 -0.0127 1.524000000000005
-0.02199704525612475 -0.01269999999999999 1.600200000000006
-0.02199704525612473 -0.01270000000000002 1.676400000000005
-0.02199704525612473 -0.01270000000000001 1.752600000000006
-0.02199704525612475 -0.01269999999999999 1.828800000000006
-0.02199704525612473 -0.01270000000000001 1.905000000000005
-0.02199704525612475 -0.01269999999999999 1.981200000000006
-0.02199704525612475 -0.01269999999999999 2.057400000000005
-0.02199704525612474 -0.0127 2.133600000000007
-0.02199704525612475 -0.01269999999999999 2.209800000000006
-0.02199704525612475 -0.01269999999999999 2.286000000000005
-0.02199704525612475 -0.01269999999999999 2.362200000000007
-0.02199704525612475 -0.01269999999999998 2.438400000000006
-0.02199704525612474 -0.0127 2.514600000000006
-0.02199704525612473 -0.01270000000000001 2.590800000000006
-0.02199704525612473 -0.01270000000000001 2.667000000000006
-0.02199704525612474 -0.0127 2.743200000000007
-0.02199704525612474 -0.0127 2.819400000000006
-0.02199704525612473 -0.01270000000000001 2.895600000000006
-0.02199704525612474 -0.0127 2.971800000000006
-0.02199704525612474 -0.0127 3.048000000000006
-0.02199704525612474 -0.0127 3.124200000000005
-0.02199704525612473 -0.01270000000000001 3.200400000000006
-0.02199704525612473 -0.01270000000000001 3.276600000000006
-0.02199704525612473 -0.01270000000000001 3.352800000000005
-0.02199704525612473 -0.01270000000000001 3.429000000000004
-0.02199704525612475 -0.01269999999999999 3.505200000000005
-0.02199704525612473 -0.01270000000000001 3.581400000000005
-0.02199704525612474 -0.0127 3.657600000000004
-0.02199704525612475 -0.01269999999999999 3.733800000000004
-0.02199704525612473 -0.01270000000000001 3.810000000000004
-0.02199704525612474 -0.0127 3.886200000000003
-0.02199704525612473 -0.01270000000000002 3.962400000000004
-0.02199704525612474 -0.0127 4.038600000000002
-0.02199704525612474 -0.0127 4.114800000000002
-0.02199704525612474 -0.0127 4.191000000000003
-0.02199704525612474 -0.0127 4.267200000000004
-0.02199704525612474 -0.0127 4.343400000000003
-0.02199704525612474 -0.0127 4.419600000000004
-0.02199704525612474 -0.0127 4.495800000000004
-0.02199704525612473 -0.01270000000000001 4.572000000000004
-0.02199704525612473 -0.01270000000000001 4.648200000000005
-0.02199704525612473 -0.01270000000000001 4.724400000000004
-0.02199704525612473 -0.01270000000000001 4.800600000000002
-0.02199704525612473 -0.01270000000000001 4.876800000000005
-0.02199704525612473 -0.01270000000000001 4.953000000000001
-0.02199704525612473 -0.01270000000000001 5.029200000000001
-0.02199704525612473 -0.01270000000000001 5.105400000000001
-0.02199704525612473 -0.01270000000000002 5.181600000000002
-0.02199704525612473 -0.01270000000000001 5.2578
-0.02199704525612474 -0.0127 5.334000000000001
-0.02199704525612473 -0.01270000000000002 5.410200000000001
-0.02199704525612473 -0.01270000000000001 5.486400000000003
-0.02199704525612473 -0.01270000000000001 5.562600000000002
-0.02199704525612473 -0.01270000000000001 5.6388
-0.02199704525612473 -0.01270000000000001 5.714999999999999
-0.02199704525612474 -0.0127 5.7912
-0.02199704525612473 -0.01270000000000001 5.8674
-0.02199704525612473 -0.01270000000000002 5.9436
-0.02199704525612473 -0.01270000000000002 6.0198
-0.01796051224213832 -0.01796051224213829 0.07619999999999992
-0.01796051224213833 -0.01796051224213828 0.1524000000000002
-0.01796051224213832 -0.01796051224213829 0.2285999999999996
-0.01796051224213832 -0.01796051224213829 0.3047999999999999
-0.0179605122421383 -0.01796051224213831 0.3810000000000008
-0.01796051224213832 -0.01796051224213829 0.4572000000000008
-0.01796051224213833 -0.01796051224213828 0.5334000000000013
-0.01796051224213833 -0.01796051224213828 0.6096000000000011
-0.01796051224213831 -0.0179605122421383 0.6858000000000009
-0.01796051224213832 -0.0179605122421383 0.762000000000002
-0.01796051224213833 -0.01796051224213828 0.8382000000000024
-0.01796051224213833 -0.01796051224213828 0.9144000000000028
-0.01796051224213831 -0.0179605122421383 0.9906000000000024
-0.0179605122421383 -0.01796051224213831 1.066800000000003
-0.01796051224213831 -0.0179605122421383 1.143000000000003
-0.01796051224213833 -0.01796051224213828 1.219200000000004
-0.01796051224213832 -0.0179605122421383 1.295400000000004
-0.01796051224213833 -0.01796051224213828 1.371600000000004
-0.01796051224213832 -0.0179605122421383 1.447800000000005
-0.01796051224213832 -0.01796051224213829 1.524000000000005
-0.01796051224213832 -0.01796051224213829 1.600200000000005
-0.01796051224213835 -0.01796051224213826 1.676400000000005
-0.01796051224213832 -0.0179605122421383 1.752600000000005
-0.01796051224213832 -0.0179605122421383 1.828800000000006
-0.01796051224213832 -0.01796051224213829 1.905000000000005
-0.01796051224213831 -0.0179605122421383 1.981200000000005
-0.01796051224213832 -0.01796051224213829 2.057400000000005
-0.0179605122421383 -0.01796051224213831 2.133600000000007
-0.01796051224213831 -0.0179605122421383 2.209800000000005
-0.01796051224213832 -0.0179605122421383 2.286000000000005
-0.01796051224213833 -0.01796051224213828 2.362200000000007
-0.01796051224213832 -0.01796051224213829 2.438400000000007
-0.01796051224213833 -0.01796051224213828 2.514600000000006
-0.01796051224213834 -0.01796051224213827 2.590800000000006
-0.01796051224213834 -0.01796051224213827 2.667000000000006
-0.01796051224213832 -0.01796051224213829 2.743200000000006
-0.01796051224213832 -0.0179605122421383 2.819400000000007
-0.01796051224213832 -0.0179605122421383 2.895600000000007
-0.01796051224213832 -0.0179605122421383 2.971800000000007
-0.01796051224213832 -0.0179605122421383 3.048000000000007
-0.01796051224213832 -0.0179605122421383 3.124200000000007
-0.01796051224213833 -0.01796051224213828 3.200400000000007
-0.01796051224213832 -0.0179605122421383 3.276600000000006
-0.01796051224213832 -0.01796051224213829 3.352800000000005
-0.01796051224213832 -0.01796051224213829 3.429000000000006
-0.01796051224213832 -0.0179605122421383 3.505200000000006
-0.01796051224213832 -0.0179605122421383 3.581400000000006
-0.01796051224213832 -0.01796051224213829 3.657600000000005
-0.0179605122421383 -0.01796051224213831 3.733800000000006
-0.01796051224213832 -0.0179605122421383 3.810000000000004
-0.0179605122421383 -0.01796051224213831 3.886200000000004
-0.01796051224213831 -0.0179605122421383 3.962400000000003
-0.01796051224213832 -0.01796051224213829 4.038600000000002
-0.01796051224213834 -0.01796051224213827 4.114800000000003
-0.01796051224213832 -0.01796051224213829 4.191000000000003
-0.01796051224213832 -0.0179605122421383 4.267200000000004
-0.01796051224213831 -0.0179605122421383 4.343400000000003
-0.01796051224213831 -0.0179605122421383 4.419600000000004
-0.01796051224213831 -0.0179605122421383 4.495800000000004
-0.01796051224213832 -0.0179605122421383 4.572000000000004
-0.01796051224213831 -0.0179605122421383 4.648200000000005
-0.01796051224213831 -0.0179605122421383 4.724400000000005
-0.0179605122421383 -0.01796051224213831 4.800600000000003
-0.01796051224213831 -0.0179605122421383 4.876800000000005
-0.0179605122421383 -0.01796051224213831 4.953000000000001
-0.0179605122421383 -0.01796051224213831 5.029200000000002
-0.01796051224213831 -0.0179605122421383 5.105400000000003
-0.01796051224213833 -0.01796051224213828 5.181600000000002
-0.01796051224213833 -0.01796051224213828 5.257800000000001
-0.01796051224213834 -0.01796051224213827 5.334000000000001
-0.01796051224213832 -0.01796051224213829 5.410200000000001
-0.01796051224213832 -0.01796051224213829 5.486400000000002
-0.01796051224213832 -0.0179605122421383 5.562600000000002
-0.01796051224213832 -0.01796051224213829 5.638800000000002
-0.01796051224213833 -0.01796051224213828 5.715
-0.01796051224213834 -0.01796051224213827 5.791199999999999
-0.01796051224213832 -0.0179605122421383 5.867399999999999
-0.01796051224213831 -0.0179605122421383 5.9436
-0.01796051224213832 -0.01796051224213829 6.019799999999999
-0.01269999999999995 -0.02199704525612477 0.07619999999999996
-0.01269999999999995 -0.02199704525612477 0.1524000000000001
-0.01269999999999999 -0.02199704525612475 0.2285999999999996
-0.01269999999999999 -0.02199704525612475 0.3047999999999998
-0.01270000000000001 -0.02199704525612473 0.3810000000000005
-0.01270000000000001 -0.02199704525612473 0.4572000000000007
-0.01269999999999999 -0.02199704525612475 0.5334000000000011
-0.01269999999999999 -0.02199704525612475 0.6096000000000006
-0.01269999999999999 -0.02199704525612475 0.685800000000001
-0.01270000000000001 -0.02199704525612473 0.7620000000000019
-0.01269999999999999 -0.02199704525612475 0.8382000000000022
-0.01269999999999999 -0.02199704525612475 0.9144000000000023
-0.01269999999999999 -0.02199704525612475 0.9906000000000023
-0.01270000000000001 -0.02199704525612473 1.066800000000003
-0.01269999999999999 -0.02199704525612475 1.143000000000003
-0.01269999999999999 -0.02199704525612475 1.219200000000004
-0.01269999999999999 -0.02199704525612475 1.295400000000004
-0.01270000000000001 -0.02199704525612473 1.371600000000004
-0.01269999999999999 -0.02199704525612475 1.447800000000004
-0.01269999999999999 -0.02199704525612475 1.524000000000004
-0.01269999999999999 -0.02199704525612475 1.600200000000005
-0.01269999999999999 -0.02199704525612475 1.676400000000005
-0.01269999999999999 -0.02199704525612475 1.752600000000005
-0.01270000000000003 -0.02199704525612472 1.828800000000005
-0.01270000000000001 -0.02199704525612473 1.905000000000005
-0.01270000000000001 -0.02199704525612473 1.981200000000005
-0.01269999999999999 -0.02199704525612475 2.057400000000006
-0.01270000000000001 -0.02199704525612473 2.133600000000007
-0.01270000000000001 -0.02199704525612473 2.209800000000006
-0.01270000000000001 -0.02199704525612473 2.286000000000005
-0.01269999999999999 -0.02199704525612475 2.362200000000007
-0.01270000000000001 -0.02199704525612473 2.438400000000007
-0.01270000000000001 -0.02199704525612473 2.514600000000006
-0.01270000000000001 -0.02199704525612473 2.590800000000006
-0.01270000000000001 -0.02199704525612473 2.667000000000006
-0.01270000000000001 -0.02199704525612473 2.743200000000007
-0.01269999999999999 -0.02199704525612475 2.819400000000008
-0.01270000000000001 -0.02199704525612473 2.895600000000007
-0.01269999999999999 -0.02199704525612475 2.971800000000007
-0.01270000000000001 -0.02199704525612473 3.048000000000008
-0.01270000000000001 -0.02199704525612473 3.124200000000008
-0.01269999999999999 -0.02199704525612475 3.200400000000007
-0.01270000000000001 -0.02199704525612473 3.276600000000006
-0.01270000000000001 -0.02199704525612473 3.352800000000006
-0.01270000000000001 -0.02199704525612473 3.429000000000006
-0.01269999999999999 -0.02199704525612475 3.505200000000006
-0.01269999999999999 -0.02199704525612475 3.581400000000007
-0.01270000000000001 -0.02199704525612473 3.657600000000006
-0.01270000000000001 -0.02199704525612473 3.733800000000006
-0.01270000000000001 -0.02199704525612473 3.810000000000005
-0.01270000000000001 -0.02199704525612473 3.886200000000005
-0.01270000000000001 -0.02199704525612473 3.962400000000003
-0.01270000000000001 -0.02199704525612473 4.038600000000002
-0.01269999999999999 -0.02199704525612475 4.114800000000003
-0.01270000000000001 -0.02199704525612473 4.191000000000003
-0.01270000000000001 -0.02199704525612473 4.267200000000003
-0.01270000000000001 -0.02199704525612473 4.343400000000003
-0.01270000000000001 -0.02199704525612473 4.419600000000004
-0.01270000000000001 -0.02199704525612473 4.495800000000004
-0.01269999999999999 -0.02199704525612475 4.572000000000005
-0.01269999999999999 -0.02199704525612475 4.648200000000005
-0.01270000000000001 -0.02199704525612473 4.724400000000005
-0.01269999999999999 -0.02199704525612475 4.800600000000003
-0.01270000000000001 -0.02199704525612473 4.876800000000004
-0.01270000000000001 -0.02199704525612473 4.953000000000002
-0.01270000000000001 -0.02199704525612473 5.029200000000002
-0.01270000000000001 -0.02199704525612473 5.105400000000003
-0.01270000000000001 -0.02199704525612473 5.181600000000002
-0.01270000000000001 -0.02199704525612473 5.2578
-0.01270000000000001 -0.02199704525612473 5.334000000000001
-0.01269999999999999 -0.02199704525612475 5.410200000000001
-0.01270000000000001 -0.02199704525612473 5.486400000000003
-0.01270000000000001 -0.02199704525612473 5.562600000000001
-0.01270000000000001 -0.02199704525612473 5.6388
-0.01270000000000001 -0.02199704525612473 5.715
-0.01270000000000001 -0.02199704525612473 5.7912
-0.01270000000000001 -0.02199704525612473 5.8674
-0.01270000000000001 -0.02199704525612473 5.9436
-0.01270000000000001 -0.02199704525612473 6.0198
-0.00657400374560409 -0.02453451598774232 0.0762
-0.006574003745604024 -0.02453451598774234 0.1524000000000001
-0.00657400374560398 -0.02453451598774235 0.2285999999999996
-0.00657400374560409 -0.02453451598774232 0.3047999999999996
-0.006574003745604067 -0.02453451598774232 0.3810000000000006
-0.006574003745604024 -0.02453451598774234 0.4572000000000007
-0.006574003745604024 -0.02453451598774234 0.5334000000000009
-0.006574003745604047 -0.02453451598774233 0.6096000000000006
-0.006574003745604047 -0.02453451598774233 0.6858000000000004
-0.006574003745604047 -0.02453451598774233 0.7620000000000015
-0.006574003745604002 -0.02453451598774234 0.8382000000000016
-0.006574003745604024 -0.02453451598774234 0.9144000000000024
-0.006574003745604047 -0.02453451598774233 0.9906000000000017
-0.006574003745604047 -0.02453451598774233 1.066800000000003
-0.006574003745604047 -0.02453451598774233 1.143000000000003
-0.006574003745604047 -0.02453451598774233 1.219200000000003
-0.006574003745604047 -0.02453451598774233 1.295400000000004
-0.006574003745604047 -0.02453451598774233 1.371600000000003
-0.006574003745604024 -0.02453451598774234 1.447800000000004
-0.006574003745604047 -0.02453451598774233 1.524000000000005
-0.006574003745604047 -0.02453451598774233 1.600200000000005
-0.006574003745604047 -0.02453451598774233 1.676400000000005
-0.006574003745604047 -0.02453451598774233 1.752600000000005
-0.006574003745604047 -0.02453451598774233 1.828800000000004
-0.006574003745604047 -0.02453451598774233 1.905000000000004
-0.006574003745604047 -0.02453451598774233 1.981200000000006
-0.006574003745604024 -0.02453451598774234 2.057400000000005
-0.006574003745604024 -0.02453451598774234 2.133600000000006
-0.006574003745604067 -0.02453451598774232 2.209800000000005
-0.006574003745604047 -0.02453451598774233 2.286000000000005
-0.006574003745604024 -0.02453451598774234 2.362200000000006
-0.006574003745604047 -0.02453451598774233 2.438400000000008
-0.006574003745604047 -0.02453451598774233 2.514600000000007
-0.006574003745604047 -0.02453451598774233 2.590800000000006
-0.006574003745604047 -0.02453451598774233 2.667000000000007
-0.006574003745604047 -0.02453451598774233 2.743200000000008
-0.006574003745604047 -0.02453451598774233 2.819400000000007
-0.006574003745604024 -0.02453451598774234 2.895600000000007
-0.006574003745604047 -0.02453451598774233 2.971800000000008
-0.006574003745604024 -0.02453451598774234 3.048000000000008
-0.006574003745604047 -0.02453451598774233 3.124200000000008
-0.006574003745604047 -0.02453451598774233 3.200400000000009
-0.006574003745604024 -0.02453451598774234 3.276600000000008
-0.006574003745604047 -0.02453451598774233 3.352800000000006
-0.006574003745604047 -0.02453451598774233 3.429000000000008
-0.006574003745604024 -0.02453451598774234 3.505200000000007
-0.006574003745604047 -0.02453451598774233 3.581400000000007
-0.006574003745604047 -0.02453451598774233 3.657600000000006
-0.006574003745604047 -0.02453451598774233 3.733800000000006
-0.006574003745604024 -0.02453451598774234 3.810000000000005
-0.006574003745604047 -0.02453451598774233 3.886200000000005
-0.006574003745604047 -0.02453451598774233 3.962400000000004
-0.006574003745604047 -0.02453451598774233 4.038600000000002
-0.006574003745604024 -0.02453451598774234 4.114800000000003
-0.006574003745604047 -0.02453451598774233 4.191000000000003
-0.006574003745604047 -0.02453451598774233 4.267200000000004
-0.006574003745604047 -0.02453451598774233 4.343400000000003
-0.006574003745604047 -0.02453451598774233 4.419600000000004
-0.006574003745604047 -0.02453451598774233 4.495800000000003
-0.006574003745604047 -0.02453451598774233 4.572000000000005
-0.006574003745604067 -0.02453451598774232 4.648200000000004
-0.006574003745604047 -0.02453451598774233 4.724400000000004
-0.006574003745604024 -0.02453451598774234 4.800600000000005
-0.006574003745604047 -0.02453451598774233 4.876800000000004
-0.006574003745604024 -0.02453451598774234 4.953000000000001
-0.006574003745604047 -0.02453451598774233 5.029200000000002
-0.006574003745604024 -0.02453451598774234 5.105400000000003
-0.006574003745604047 -0.02453451598774233 5.181600000000001
-0.006574003745604024 -0.02453451598774234 5.257800000000001
-0.006574003745604024 -0.02453451598774234 5.334000000000001
-0.006574003745604047 -0.02453451598774233 5.410200000000002
-0.006574003745604047 -0.02453451598774233 5.486400000000003
-0.006574003745604047 -0.02453451598774233 5.562600000000002
-0.006574003745604024 -0.02453451598774234 5.638800000000002
-0.006574003745604047 -0.02453451598774233 5.715
-0.006574003745604047 -0.02453451598774233 5.7912
-0.006574003745604024 -0.02453451598774234 5.867399999999999
-0.006574003745604024 -0.02453451598774234 5.943600000000001
-0.006574003745604047 -0.02453451598774233 6.019799999999999
2 13 0 5
1193
1194
1195
1196
1197
-0.01059734910838493 -0.01561668037472029 6.096
-0.0149498825148274 -0.006724689137036747 6.096
-0.01569110654910022 0.005802731072583178 6.096
-0.008820937089473759 0.0159491340930981 6.096
-0.02036390801338018 -0.001362996215208749 6.096
3 1 0 0
3 2 0 0
$EndNodes
$Elements
55 1817 1 1817
0 1 15 1
1 1 
0 2 15 1
2 2 
0 3 15 1
3 3 
0 4 15 1
4 4 
0 5 15 1
5 5 
0 6 15 1
6 6 
0 7 15 1
7 7 
0 8 15 1
8 8 
0 9 15 1
9 9 
0 10 15 1
10 10 
0 11 15 1
11 11 
0 12 15 1
12 12 
0 13 15 1
13 13 
0 14 15 1
14 14 
0 15 15 1
15 15 
0 16 15 1
16 16 
1 1 1 2
17 1 17 
18 17 2 
1 2 1 2
19 3 18 
20 18 2 
1 3 1 2
21 4 19 
22 19 3 
1 4 1 1
23 1 4 
1 5 1 2
24 5 20 
25 20 1 
1 6 1 1
26 5 6 
1 7 1 2
27 6 21 
28 21 7 
1 8 1 2
29 7 22 
30 22 8 
1 9 1 1
31 8 2 
1 10 1 2
32 9 23 
33 23 3 
1 11 1 2
34 9 24 
35 24 5 
1 12 1 80
36 10 25 
37 25 26 
38 26 27 
39 27 28 
40 28 29 
41 29 30 
42 30 31 
43 31 32 
44 32 33 
45 33 34 
46 34 35 
47 35 36 
48 36 37 
49 37 38 
50 38 39 
51 39 40 
52 40 41 
53 41 42 
54 42 43 
55 43 44 
56 44 45 
57 45 46 
58 46 47 
59 47 48 
60 48 49 
61 49 50 
62 50 51 
63 51 52 
64 52 53 
65 53 54 
66 54 55 
67 55 56 
68 56 57 
69 57 58 
70 58 59 
71 59 60 
72 60 61 
73 61 62 
74 62 63 
75 63 64 
76 64 65 
77 65 66 
78 66 67 
79 67 68 
80 68 69 
81 69 70 
82 70 71 
83 71 72 
84 72 73 
85 73 74 
86 74 75 
87 75 76 
88 76 77 
89 77 78 
90 78 79 
91 79 80 
92 80 81 
93 81 82 
94 82 83 
95 83 84 
96 84 85 
97 85 86 
98 86 87 
99 87 88 
100 88 89 
101 89 90 
102 90 91 
103 91 92 
104 92 93 
105 93 94 
106 94 95 
107 95 96 
108 96 97 
109 97 98 
110 98 99 
111 99 100 
112 100 101 
113 101 102 
114 102 103 
115 103 6 
1 13 1 2
116 10 104 
117 104 11 
1 14 1 80
118 11 105 
119 105 106 
120 106 107 
121 107 108 
122 108 109 
123 109 110 
124 110 111 
125 111 112 
126 112 113 
127 113 114 
128 114 115 
129 115 116 
130 116 117 
131 117 118 
132 118 119 
133 119 120 
134 120 121 
135 121 122 
136 122 123 
137 123 124 
138 124 125 
139 125 126 
140 126 127 
141 127 128 
142 128 129 
143 129 130 
144 130 131 
145 131 132 
146 132 133 
147 133 134 
148 134 135 
149 135 136 
150 136 137 
151 137 138 
152 138 139 
153 139 140 
154 140 141 
155 141 142 
156 142 143 
157 143 144 
158 144 145 
159 145 146 
160 146 147 
161 147 148 
162 148 149 
163 149 150 
164 150 151 
165 151 152 
166 152 153 
167 153 154 
168 154 155 
169 155 156 
170 156 157 
171 157 158 
172 158 159 
173 159 160 
174 160 161 
175 161 162 
176 162 163 
177 163 164 
178 164 165 
179 165 166 
180 166 167 
181 167 168 
182 168 169 
183 169 170 
184 170 171 
185 171 172 
186 172 173 
187 173 174 
188 174 175 
189 175 176 
190 176 177 
191 177 178 
192 178 179 
193 179 180 
194 180 181 
195 181 182 
196 182 183 
197 183 8 
1 15 1 2
198 9 184 
199 184 4 
1 16 1 10
200 7 185 
201 185 186 
202 186 187 
203 187 188 
204 188 189 
205 189 190 
206 190 191 
207 191 192 
208 192 193 
209 193 12 
1 17 1 2
210 10 194 
211 194 12 
1 18 1 2
212 12 195 
213 195 11 
1 19 1 3
214 2 196 
215 196 197 
216 197 5 
1 20 1 3
217 3 198 
218 198 199 
219 199 9 
1 21 1 12
220 8 200 
221 200 201 
222 201 202 
223 202 203 
224 203 204 
225 204 205 
226 205 206 
227 206 207 
228 207 208 
229 208 209 
230 209 210 
231 210 6 
1 22 1 12
232 11 211 
233 211 212 
234 212 213 
235 213 214 
236 214 215 
237 215 216 
238 216 217 
239 217 218 
240 218 219 
241 219 220 
242 220 221 
243 221 10 
1 23 1 2
244 13 222 
245 222 14 
1 24 1 10
246 15 223 
247 223 224 
248 224 225 
249 225 226 
250 226 227 
251 227 228 
252 228 229 
253 229 230 
254 230 231 
255 231 13 
1 25 1 10
256 14 232 
257 232 233 
258 233 234 
259 234 235 
260 235 236 
261 236 237 
262 237 238 
263 238 239 
264 239 240 
265 240 16 
1 26 1 2
266 16 241 
267 241 15 
2 1 2 5
268 19 18 17 
269 4 19 1 
270 1 19 17 
271 17 18 2 
272 19 3 18 
2 2 2 14
273 2 242 17 
274 20 243 5 
275 242 244 243 
276 17 242 1 
277 1 243 20 
278 242 243 1 
279 8 242 2 
280 5 243 6 
281 6 243 21 
282 21 244 7 
283 7 244 22 
284 22 242 8 
285 243 244 21 
286 22 244 242 
2 3 2 326
287 6 103 183 
288 105 25 248 
289 183 103 246 
290 25 105 247 
291 182 102 260 
292 33 113 256 
293 37 117 264 
294 99 179 255 
295 136 56 308 
296 61 141 320 
297 145 65 316 
298 110 30 252 
299 138 58 313 
300 139 59 318 
301 143 63 323 
302 91 171 285 
303 140 60 319 
304 141 61 322 
305 144 64 321 
306 146 66 314 
307 148 68 312 
308 165 85 269 
309 94 174 266 
310 132 52 304 
311 137 57 315 
312 108 28 245 
313 147 67 317 
314 149 69 309 
315 81 161 289 
316 95 175 271 
317 119 39 282 
318 42 122 292 
319 46 126 294 
320 126 46 301 
321 129 49 302 
322 131 51 297 
323 167 87 299 
324 133 53 305 
325 89 169 288 
326 116 36 272 
327 124 44 306 
328 130 50 283 
329 134 54 310 
330 135 55 307 
331 150 70 303 
332 83 163 286 
333 79 159 280 
334 40 120 296 
335 161 81 298 
336 159 79 274 
337 90 170 270 
338 178 98 261 
339 71 151 275 
340 151 71 284 
341 107 27 249 
342 109 29 250 
343 111 31 263 
344 47 127 311 
345 153 73 278 
346 82 162 295 
347 85 165 276 
348 168 88 287 
349 177 97 268 
350 112 32 253 
351 154 74 257 
352 76 156 259 
353 158 78 265 
354 93 173 267 
355 173 93 277 
356 88 168 279 
357 98 178 262 
358 181 101 254 
359 75 155 258 
360 31 111 253 
361 113 33 281 
362 115 35 273 
363 36 116 290 
364 117 37 290 
365 41 121 291 
366 44 124 293 
367 156 76 258 
368 174 94 267 
369 100 180 254 
370 169 89 279 
371 87 167 287 
372 155 75 251 
373 179 99 262 
374 74 154 251 
375 157 77 259 
376 30 110 263 
377 34 114 273 
378 39 119 300 
379 120 40 300 
380 122 42 291 
381 125 45 293 
382 171 91 270 
383 92 172 277 
384 166 86 276 
385 96 176 268 
386 27 107 245 
387 35 115 272 
388 121 41 296 
389 73 153 257 
390 77 157 265 
391 97 177 261 
392 152 72 275 
393 72 152 278 
394 78 158 274 
395 163 83 295 
396 26 106 249 
397 32 112 281 
398 49 129 283 
399 160 80 280 
400 123 43 292 
401 50 130 297 
402 43 123 306 
403 127 47 294 
404 54 134 307 
405 69 149 303 
406 70 150 284 
407 80 160 298 
408 164 84 286 
409 170 90 288 
410 162 82 289 
411 175 95 266 
412 52 132 305 
413 28 108 250 
414 114 34 256 
415 118 38 264 
416 38 118 282 
417 45 125 301 
418 51 131 304 
419 67 147 312 
420 68 148 309 
421 176 96 271 
422 48 128 302 
423 128 48 311 
424 84 164 269 
425 57 137 313 
426 65 145 314 
427 53 133 310 
428 86 166 299 
429 56 136 315 
430 60 140 322 
431 180 100 255 
432 58 138 318 
433 59 139 319 
434 172 92 285 
435 55 135 308 
436 142 62 320 
437 63 143 321 
438 66 146 317 
439 64 144 316 
440 29 109 252 
441 62 142 323 
442 101 181 260 
443 106 26 247 
444 102 182 246 
445 8 6 183 
446 8 23 6 
447 8 3 23 
448 6 23 9 
449 25 10 248 
450 26 25 247 
451 27 26 249 
452 28 27 245 
453 29 28 250 
454 30 29 252 
455 31 30 263 
456 32 31 253 
457 33 32 281 
458 34 33 256 
459 35 34 273 
460 36 35 272 
461 37 36 290 
462 38 37 264 
463 39 38 282 
464 40 39 300 
465 41 40 296 
466 42 41 291 
467 43 42 292 
468 44 43 306 
469 45 44 293 
470 46 45 301 
471 47 46 294 
472 48 47 311 
473 49 48 302 
474 50 49 283 
475 51 50 297 
476 52 51 304 
477 53 52 305 
478 54 53 310 
479 55 54 307 
480 56 55 308 
481 57 56 315 
482 58 57 313 
483 59 58 318 
484 60 59 319 
485 61 60 322 
486 62 61 320 
487 63 62 323 
488 64 63 321 
489 65 64 316 
490 66 65 314 
491 67 66 317 
492 68 67 312 
493 69 68 309 
494 70 69 303 
495 71 70 284 
496 72 71 275 
497 73 72 278 
498 74 73 257 
499 75 74 251 
500 76 75 258 
501 77 76 259 
502 78 77 265 
503 79 78 274 
504 80 79 280 
505 81 80 298 
506 82 81 289 
507 83 82 295 
508 84 83 286 
509 85 84 269 
510 86 85 276 
511 87 86 299 
512 88 87 287 
513 89 88 279 
514 90 89 288 
515 91 90 270 
516 92 91 285 
517 93 92 277 
518 94 93 267 
519 95 94 266 
520 96 95 271 
521 97 96 268 
522 98 97 261 
523 99 98 262 
524 100 99 255 
525 101 100 254 
526 102 101 260 
527 103 102 246 
528 105 106 247 
529 106 107 249 
530 107 108 245 
531 108 109 250 
532 109 110 252 
533 110 111 263 
534 111 112 253 
535 112 113 281 
536 113 114 256 
537 114 115 273 
538 115 116 272 
539 116 117 290 
540 117 118 264 
541 118 119 282 
542 119 120 300 
543 120 121 296 
544 121 122 291 
545 122 123 292 
546 123 124 306 
547 124 125 293 
548 125 126 301 
549 126 127 294 
550 127 128 311 
551 128 129 302 
552 129 130 283 
553 130 131 297 
554 131 132 304 
555 132 133 305 
556 133 134 310 
557 134 135 307 
558 135 136 308 
559 136 137 315 
560 137 138 313 
561 138 139 318 
562 139 140 319 
563 140 141 322 
564 141 142 320 
565 142 143 323 
566 143 144 321 
567 144 145 316 
568 145 146 314 
569 146 147 317 
570 147 148 312 
571 148 149 309 
572 149 150 303 
573 150 151 284 
574 151 152 275 
575 152 153 278 
576 153 154 257 
577 154 155 251 
578 155 156 258 
579 156 157 259 
580 157 158 265 
581 158 159 274 
582 159 160 280 
583 160 161 298 
584 161 162 289 
585 162 163 295 
586 163 164 286 
587 164 165 269 
588 165 166 276 
589 166 167 299 
590 167 168 287 
591 168 169 279 
592 169 170 288 
593 170 171 270 
594 171 172 285 
595 172 173 277 
596 173 174 267 
597 174 175 266 
598 175 176 271 
599 176 177 268 
600 177 178 261 
601 178 179 262 
602 179 180 255 
603 180 181 254 
604 181 182 260 
605 182 183 246 
606 18 8 2 
607 8 18 3 
608 24 5 6 
609 24 6 9 
610 10 104 248 
611 104 11 248 
612 11 105 248 
2 4 2 4
613 23 19 4 
614 23 184 9 
615 184 23 4 
616 19 23 3 
2 5 2 5
617 24 184 20 
618 184 4 1 
619 184 1 20 
620 5 24 20 
621 24 9 184 
2 6 2 92
622 60 61 189 
623 69 188 68 
624 52 53 190 
625 44 45 191 
626 76 77 187 
627 36 37 192 
628 84 85 186 
629 92 186 91 
630 92 93 185 
631 100 185 99 
632 27 28 12 
633 29 193 28 
634 101 7 100 
635 36 193 35 
636 83 84 187 
637 52 191 51 
638 76 188 75 
639 44 192 43 
640 59 60 190 
641 67 68 189 
642 92 185 186 
643 52 190 191 
644 7 185 100 
645 36 192 193 
646 60 189 190 
647 44 191 192 
648 68 188 189 
649 76 187 188 
650 193 12 28 
651 84 186 187 
652 62 189 61 
653 70 188 69 
654 54 190 53 
655 45 46 191 
656 78 187 77 
657 37 38 192 
658 193 29 30 
659 86 186 85 
660 99 185 98 
661 94 185 93 
662 91 186 90 
663 26 27 12 
664 102 7 101 
665 35 193 34 
666 82 83 187 
667 51 191 50 
668 74 75 188 
669 42 43 192 
670 67 189 66 
671 59 190 58 
672 62 63 189 
673 70 71 188 
674 54 55 190 
675 47 191 46 
676 78 79 187 
677 39 192 38 
678 30 31 193 
679 87 186 86 
680 98 185 97 
681 25 26 12 
682 103 7 102 
683 89 90 186 
684 95 185 94 
685 33 34 193 
686 82 187 81 
687 49 50 191 
688 42 192 41 
689 73 74 188 
690 58 190 57 
691 65 66 189 
692 25 12 194 
693 103 21 7 
694 63 64 189 
695 55 56 190 
696 71 72 188 
697 47 48 191 
698 80 187 79 
699 40 192 39 
700 87 88 186 
701 31 32 193 
702 97 185 96 
703 89 186 88 
704 96 185 95 
705 32 33 193 
706 80 81 187 
707 49 191 48 
708 40 41 192 
709 73 188 72 
710 56 57 190 
711 65 189 64 
712 6 21 103 
713 10 25 194 
2 7 2 92
714 187 157 156 
715 186 165 164 
716 185 173 172 
717 190 140 139 
718 193 116 115 
719 188 149 148 
720 192 124 123 
721 191 132 131 
722 192 117 116 
723 107 12 108 
724 109 108 193 
725 180 7 181 
726 189 148 147 
727 191 125 124 
728 185 180 179 
729 190 133 132 
730 189 141 140 
731 186 172 171 
732 188 156 155 
733 187 164 163 
734 192 116 193 
735 186 185 172 
736 188 148 189 
737 185 7 180 
738 108 12 193 
739 190 132 191 
740 188 187 156 
741 192 191 124 
742 190 189 140 
743 186 164 187 
744 187 158 157 
745 186 166 165 
746 185 174 173 
747 188 150 149 
748 190 139 138 
749 191 131 130 
750 192 123 122 
751 189 147 146 
752 181 7 182 
753 106 12 107 
754 193 115 114 
755 110 109 193 
756 192 118 117 
757 190 134 133 
758 191 126 125 
759 185 179 178 
760 189 142 141 
761 186 171 170 
762 188 155 154 
763 187 163 162 
764 187 159 158 
765 186 167 166 
766 188 151 150 
767 185 175 174 
768 191 130 129 
769 190 138 137 
770 189 146 145 
771 105 12 106 
772 114 113 193 
773 192 122 121 
774 111 110 193 
775 182 7 183 
776 190 135 134 
777 192 119 118 
778 191 127 126 
779 177 185 178 
780 189 143 142 
781 188 154 153 
782 186 170 169 
783 187 162 161 
784 105 195 12 
785 7 22 183 
786 187 160 159 
787 186 168 167 
788 188 152 151 
789 175 185 176 
790 111 193 112 
791 112 193 113 
792 191 129 128 
793 190 137 136 
794 189 145 144 
795 192 121 120 
796 190 136 135 
797 189 144 143 
798 191 128 127 
799 192 120 119 
800 176 185 177 
801 188 153 152 
802 186 169 168 
803 187 161 160 
804 22 8 183 
805 195 105 11 
2 8 2 4
806 104 10 194 
807 194 12 104 
808 104 12 195 
809 195 11 104 
2 9 2 8
810 18 198 196 
811 197 199 24 
812 198 199 197 
813 198 197 196 
814 2 18 196 
815 3 198 18 
816 197 24 5 
817 199 9 24 
2 10 2 15
818 8 2 200 
819 201 2 196 
820 200 2 201 
821 5 6 210 
822 5 209 197 
823 210 209 5 
824 197 205 196 
825 196 202 201 
826 203 202 196 
827 196 204 203 
828 196 205 204 
829 197 206 205 
830 207 206 197 
831 197 208 207 
832 197 209 208 
2 11 2 3
833 23 199 198 
834 199 23 9 
835 23 198 3 
2 12 3 960
836 8 200 324 183 
837 183 324 325 182 
838 182 325 326 181 
839 181 326 327 180 
840 180 327 328 179 
841 179 328 329 178 
842 178 329 330 177 
843 177 330 331 176 
844 176 331 332 175 
845 175 332 333 174 
846 174 333 334 173 
847 173 334 335 172 
848 172 335 336 171 
849 171 336 337 170 
850 170 337 338 169 
851 169 338 339 168 
852 168 339 340 167 
853 167 340 341 166 
854 166 341 342 165 
855 165 342 343 164 
856 164 343 344 163 
857 163 344 345 162 
858 162 345 346 161 
859 161 346 347 160 
860 160 347 348 159 
861 159 348 349 158 
862 158 349 350 157 
863 157 350 351 156 
864 156 351 352 155 
865 155 352 353 154 
866 154 353 354 153 
867 153 354 355 152 
868 152 355 356 151 
869 151 356 357 150 
870 150 357 358 149 
871 149 358 359 148 
872 148 359 360 147 
873 147 360 361 146 
874 146 361 362 145 
875 145 362 363 144 
876 144 363 364 143 
877 143 364 365 142 
878 142 365 366 141 
879 141 366 367 140 
880 140 367 368 139 
881 139 368 369 138 
882 138 369 370 137 
883 137 370 371 136 
884 136 371 372 135 
885 135 372 373 134 
886 134 373 374 133 
887 133 374 375 132 
888 132 375 376 131 
889 131 376 377 130 
890 130 377 378 129 
891 129 378 379 128 
892 128 379 380 127 
893 127 380 381 126 
894 126 381 382 125 
895 125 382 383 124 
896 124 383 384 123 
897 123 384 385 122 
898 122 385 386 121 
899 121 386 387 120 
900 120 387 388 119 
901 119 388 389 118 
902 118 389 390 117 
903 117 390 391 116 
904 116 391 392 115 
905 115 392 393 114 
906 114 393 394 113 
907 113 394 395 112 
908 112 395 396 111 
909 111 396 397 110 
910 110 397 398 109 
911 109 398 399 108 
912 108 399 400 107 
913 107 400 401 106 
914 106 401 402 105 
915 105 402 211 11 
916 200 201 403 324 
917 324 403 404 325 
918 325 404 405 326 
919 326 405 406 327 
920 327 406 407 328 
921 328 407 408 329 
922 329 408 409 330 
923 330 409 410 331 
924 331 410 411 332 
925 332 411 412 333 
926 333 412 413 334 
927 334 413 414 335 
928 335 414 415 336 
929 336 415 416 337 
930 337 416 417 338 
931 338 417 418 339 
932 339 418 419 340 
933 340 419 420 341 
934 341 420 421 342 
935 342 421 422 343 
936 343 422 423 344 
937 344 423 424 345 
938 345 424 425 346 
939 346 425 426 347 
940 347 426 427 348 
941 348 427 428 349 
942 349 428 429 350 
943 350 429 430 351 
944 351 430 431 352 
945 352 431 432 353 
946 353 432 433 354 
947 354 433 434 355 
948 355 434 435 356 
949 356 435 436 357 
950 357 436 437 358 
951 358 437 438 359 
952 359 438 439 360 
953 360 439 440 361 
954 361 440 441 362 
955 362 441 442 363 
956 363 442 443 364 
957 364 443 444 365 
958 365 444 445 366 
959 366 445 446 367 
960 367 446 447 368 
961 368 447 448 369 
962 369 448 449 370 
963 370 449 450 371 
964 371 450 451 372 
965 372 451 452 373 
966 373 452 453 374 
967 374 453 454 375 
968 375 454 455 376 
969 376 455 456 377 
970 377 456 457 378 
971 378 457 458 379 
972 379 458 459 380 
973 380 459 460 381 
974 381 460 461 382 
975 382 461 462 383 
976 383 462 463 384 
977 384 463 464 385 
978 385 464 465 386 
979 386 465 466 387 
980 387 466 467 388 
981 388 467 468 389 
982 389 468 469 390 
983 390 469 470 391 
984 391 470 471 392 
985 392 471 472 393 
986 393 472 473 394 
987 394 473 474 395 
988 395 474 475 396 
989 396 475 476 397 
990 397 476 477 398 
991 398 477 478 399 
992 399 478 479 400 
993 400 479 480 401 
994 401 480 481 402 
995 402 481 212 211 
996 201 202 482 403 
997 403 482 483 404 
998 404 483 484 405 
999 405 484 485 406 
1000 406 485 486 407 
1001 407 486 487 408 
1002 408 487 488 409 
1003 409 488 489 410 
1004 410 489 490 411 
1005 411 490 491 412 
1006 412 491 492 413 
1007 413 492 493 414 
1008 414 493 494 415 
1009 415 494 495 416 
1010 416 495 496 417 
1011 417 496 497 418 
1012 418 497 498 419 
1013 419 498 499 420 
1014 420 499 500 421 
1015 421 500 501 422 
1016 422 501 502 423 
1017 423 502 503 424 
1018 424 503 504 425 
1019 425 504 505 426 
1020 426 505 506 427 
1021 427 506 507 428 
1022 428 507 508 429 
1023 429 508 509 430 
1024 430 509 510 431 
1025 431 510 511 432 
1026 432 511 512 433 
1027 433 512 513 434 
1028 434 513 514 435 
1029 435 514 515 436 
1030 436 515 516 437 
1031 437 516 517 438 
1032 438 517 518 439 
1033 439 518 519 440 
1034 440 519 520 441 
1035 441 520 521 442 
1036 442 521 522 443 
1037 443 522 523 444 
1038 444 523 524 445 
1039 445 524 525 446 
1040 446 525 526 447 
1041 447 526 527 448 
1042 448 527 528 449 
1043 449 528 529 450 
1044 450 529 530 451 
1045 451 530 531 452 
1046 452 531 532 453 
1047 453 532 533 454 
1048 454 533 534 455 
1049 455 534 535 456 
1050 456 535 536 457 
1051 457 536 537 458 
1052 458 537 538 459 
1053 459 538 539 460 
1054 460 539 540 461 
1055 461 540 541 462 
1056 462 541 542 463 
1057 463 542 543 464 
1058 464 543 544 465 
1059 465 544 545 466 
1060 466 545 546 467 
1061 467 546 547 468 
1062 468 547 548 469 
1063 469 548 549 470 
1064 470 549 550 471 
1065 471 550 551 472 
1066 472 551 552 473 
1067 473 552 553 474 
1068 474 553 554 475 
1069 475 554 555 476 
1070 476 555 556 477 
1071 477 556 557 478 
1072 478 557 558 479 
1073 479 558 559 480 
1074 480 559 560 481 
1075 481 560 213 212 
1076 202 203 561 482 
1077 482 561 562 483 
1078 483 562 563 484 
1079 484 563 564 485 
1080 485 564 565 486 
1081 486 565 566 487 
1082 487 566 567 488 
1083 488 567 568 489 
1084 489 568 569 490 
1085 490 569 570 491 
1086 491 570 571 492 
1087 492 571 572 493 
1088 493 572 573 494 
1089 494 573 574 495 
1090 495 574 575 496 
1091 496 575 576 497 
1092 497 576 577 498 
1093 498 577 578 499 
1094 499 578 579 500 
1095 500 579 580 501 
1096 501 580 581 502 
1097 502 581 582 503 
1098 503 582 583 504 
1099 504 583 584 505 
1100 505 584 585 506 
1101 506 585 586 507 
1102 507 586 587 508 
1103 508 587 588 509 
1104 509 588 589 510 
1105 510 589 590 511 
1106 511 590 591 512 
1107 512 591 592 513 
1108 513 592 593 514 
1109 514 593 594 515 
1110 515 594 595 516 
1111 516 595 596 517 
1112 517 596 597 518 
1113 518 597 598 519 
1114 519 598 599 520 
1115 520 599 600 521 
1116 521 600 601 522 
1117 522 601 602 523 
1118 523 602 603 524 
1119 524 603 604 525 
1120 525 604 605 526 
1121 526 605 606 527 
1122 527 606 607 528 
1123 528 607 608 529 
1124 529 608 609 530 
1125 530 609 610 531 
1126 531 610 611 532 
1127 532 611 612 533 
1128 533 612 613 534 
1129 534 613 614 535 
1130 535 614 615 536 
1131 536 615 616 537 
1132 537 616 617 538 
1133 538 617 618 539 
1134 539 618 619 540 
1135 540 619 620 541 
1136 541 620 621 542 
1137 542 621 622 543 
1138 543 622 623 544 
1139 544 623 624 545 
1140 545 624 625 546 
1141 546 625 626 547 
1142 547 626 627 548 
1143 548 627 628 549 
1144 549 628 629 550 
1145 550 629 630 551 
1146 551 630 631 552 
1147 552 631 632 553 
1148 553 632 633 554 
1149 554 633 634 555 
1150 555 634 635 556 
1151 556 635 636 557 
1152 557 636 637 558 
1153 558 637 638 559 
1154 559 638 639 560 
1155 560 639 214 213 
1156 203 204 640 561 
1157 561 640 641 562 
1158 562 641 642 563 
1159 563 642 643 564 
1160 564 643 644 565 
1161 565 644 645 566 
1162 566 645 646 567 
1163 567 646 647 568 
1164 568 647 648 569 
1165 569 648 649 570 
1166 570 649 650 571 
1167 571 650 651 572 
1168 572 651 652 573 
1169 573 652 653 574 
1170 574 653 654 575 
1171 575 654 655 576 
1172 576 655 656 577 
1173 577 656 657 578 
1174 578 657 658 579 
1175 579 658 659 580 
1176 580 659 660 581 
1177 581 660 661 582 
1178 582 661 662 583 
1179 583 662 663 584 
1180 584 663 664 585 
1181 585 664 665 586 
1182 586 665 666 587 
1183 587 666 667 588 
1184 588 667 668 589 
1185 589 668 669 590 
1186 590 669 670 591 
1187 591 670 671 592 
1188 592 671 672 593 
1189 593 672 673 594 
1190 594 673 674 595 
1191 595 674 675 596 
1192 596 675 676 597 
1193 597 676 677 598 
1194 598 677 678 599 
1195 599 678 679 600 
1196 600 679 680 601 
1197 601 680 681 602 
1198 602 681 682 603 
1199 603 682 683 604 
1200 604 683 684 605 
1201 605 684 685 606 
1202 606 685 686 607 
1203 607 686 687 608 
1204 608 687 688 609 
1205 609 688 689 610 
1206 610 689 690 611 
1207 611 690 691 612 
1208 612 691 692 613 
1209 613 692 693 614 
1210 614 693 694 615 
1211 615 694 695 616 
1212 616 695 696 617 
1213 617 696 697 618 
1214 618 697 698 619 
1215 619 698 699 620 
1216 620 699 700 621 
1217 621 700 701 622 
1218 622 701 702 623 
1219 623 702 703 624 
1220 624 703 704 625 
1221 625 704 705 626 
1222 626 705 706 627 
1223 627 706 707 628 
1224 628 707 708 629 
1225 629 708 709 630 
1226 630 709 710 631 
1227 631 710 711 632 
1228 632 711 712 633 
1229 633 712 713 634 
1230 634 713 714 635 
1231 635 714 715 636 
1232 636 715 716 637 
1233 637 716 717 638 
1234 638 717 718 639 
1235 639 718 215 214 
1236 204 205 719 640 
1237 640 719 720 641 
1238 641 720 721 642 
1239 642 721 722 643 
1240 643 722 723 644 
1241 644 723 724 645 
1242 645 724 725 646 
1243 646 725 726 647 
1244 647 726 727 648 
1245 648 727 728 649 
1246 649 728 729 650 
1247 650 729 730 651 
1248 651 730 731 652 
1249 652 731 732 653 
1250 653 732 733 654 
1251 654 733 734 655 
1252 655 734 735 656 
1253 656 735 736 657 
1254 657 736 737 658 
1255 658 737 738 659 
1256 659 738 739 660 
1257 660 739 740 661 
1258 661 740 741 662 
1259 662 741 742 663 
1260 663 742 743 664 
1261 664 743 744 665 
1262 665 744 745 666 
1263 666 745 746 667 
1264 667 746 747 668 
1265 668 747 748 669 
1266 669 748 749 670 
1267 670 749 750 671 
1268 671 750 751 672 
1269 672 751 752 673 
1270 673 752 753 674 
1271 674 753 754 675 
1272 675 754 755 676 
1273 676 755 756 677 
1274 677 756 757 678 
1275 678 757 758 679 
1276 679 758 759 680 
1277 680 759 760 681 
1278 681 760 761 682 
1279 682 761 762 683 
1280 683 762 763 684 
1281 684 763 764 685 
1282 685 764 765 686 
1283 686 765 766 687 
1284 687 766 767 688 
1285 688 767 768 689 
1286 689 768 769 690 
1287 690 769 770 691 
1288 691 770 771 692 
1289 692 771 772 693 
1290 693 772 773 694 
1291 694 773 774 695 
1292 695 774 775 696 
1293 696 775 776 697 
1294 697 776 777 698 
1295 698 777 778 699 
1296 699 778 779 700 
1297 700 779 780 701 
1298 701 780 781 702 
1299 702 781 782 703 
1300 703 782 783 704 
1301 704 783 784 705 
1302 705 784 785 706 
1303 706 785 786 707 
1304 707 786 787 708 
1305 708 787 788 709 
1306 709 788 789 710 
1307 710 789 790 711 
1308 711 790 791 712 
1309 712 791 792 713 
1310 713 792 793 714 
1311 714 793 794 715 
1312 715 794 795 716 
1313 716 795 796 717 
1314 717 796 797 718 
1315 718 797 216 215 
1316 205 206 798 719 
1317 719 798 799 720 
1318 720 799 800 721 
1319 721 800 801 722 
1320 722 801 802 723 
1321 723 802 803 724 
1322 724 803 804 725 
1323 725 804 805 726 
1324 726 805 806 727 
1325 727 806 807 728 
1326 728 807 808 729 
1327 729 808 809 730 
1328 730 809 810 731 
1329 731 810 811 732 
1330 732 811 812 733 
1331 733 812 813 734 
1332 734 813 814 735 
1333 735 814 815 736 
1334 736 815 816 737 
1335 737 816 817 738 
1336 738 817 818 739 
1337 739 818 819 740 
1338 740 819 820 741 
1339 741 820 821 742 
1340 742 821 822 743 
1341 743 822 823 744 
1342 744 823 824 745 
1343 745 824 825 746 
1344 746 825 826 747 
1345 747 826 827 748 
1346 748 827 828 749 
1347 749 828 829 750 
1348 750 829 830 751 
1349 751 830 831 752 
1350 752 831 832 753 
1351 753 832 833 754 
1352 754 833 834 755 
1353 755 834 835 756 
1354 756 835 836 757 
1355 757 836 837 758 
1356 758 837 838 759 
1357 759 838 839 760 
1358 760 839 840 761 
1359 761 840 841 762 
1360 762 841 842 763 
1361 763 842 843 764 
1362 764 843 844 765 
1363 765 844 845 766 
1364 766 845 846 767 
1365 767 846 847 768 
1366 768 847 848 769 
1367 769 848 849 770 
1368 770 849 850 771 
1369 771 850 851 772 
1370 772 851 852 773 
1371 773 852 853 774 
1372 774 853 854 775 
1373 775 854 855 776 
1374 776 855 856 777 
1375 777 856 857 778 
1376 778 857 858 779 
1377 779 858 859 780 
1378 780 859 860 781 
1379 781 860 861 782 
1380 782 861 862 783 
1381 783 862 863 784 
1382 784 863 864 785 
1383 785 864 865 786 
1384 786 865 866 787 
1385 787 866 867 788 
1386 788 867 868 789 
1387 789 868 869 790 
1388 790 869 870 791 
1389 791 870 871 792 
1390 792 871 872 793 
1391 793 872 873 794 
1392 794 873 874 795 
1393 795 874 875 796 
1394 796 875 876 797 
1395 797 876 217 216 
1396 206 207 877 798 
1397 798 877 878 799 
1398 799 878 879 800 
1399 800 879 880 801 
1400 801 880 881 802 
1401 802 881 882 803 
1402 803 882 883 804 
1403 804 883 884 805 
1404 805 884 885 806 
1405 806 885 886 807 
1406 807 886 887 808 
1407 808 887 888 809 
1408 809 888 889 810 
1409 810 889 890 811 
1410 811 890 891 812 
1411 812 891 892 813 
1412 813 892 893 814 
1413 814 893 894 815 
1414 815 894 895 816 
1415 816 895 896 817 
1416 817 896 897 818 
1417 818 897 898 819 
1418 819 898 899 820 
1419 820 899 900 821 
1420 821 900 901 822 
1421 822 901 902 823 
1422 823 902 903 824 
1423 824 903 904 825 
1424 825 904 905 826 
1425 826 905 906 827 
1426 827 906 907 828 
1427 828 907 908 829 
1428 829 908 909 830 
1429 830 909 910 831 
1430 831 910 911 832 
1431 832 911 912 833 
1432 833 912 913 834 
1433 834 913 914 835 
1434 835 914 915 836 
1435 836 915 916 837 
1436 837 916 917 838 
1437 838 917 918 839 
1438 839 918 919 840 
1439 840 919 920 841 
1440 841 920 921 842 
1441 842 921 922 843 
1442 843 922 923 844 
1443 844 923 924 845 
1444 845 924 925 846 
1445 846 925 926 847 
1446 847 926 927 848 
1447 848 927 928 849 
1448 849 928 929 850 
1449 850 929 930 851 
1450 851 930 931 852 
1451 852 931 932 853 
1452 853 932 933 854 
1453 854 933 934 855 
1454 855 934 935 856 
1455 856 935 936 857 
1456 857 936 937 858 
1457 858 937 938 859 
1458 859 938 939 860 
1459 860 939 940 861 
1460 861 940 941 862 
1461 862 941 942 863 
1462 863 942 943 864 
1463 864 943 944 865 
1464 865 944 945 866 
1465 866 945 946 867 
1466 867 946 947 868 
1467 868 947 948 869 
1468 869 948 949 870 
1469 870 949 950 871 
1470 871 950 951 872 
1471 872 951 952 873 
1472 873 952 953 874 
1473 874 953 954 875 
1474 875 954 955 876 
1475 876 955 218 217 
1476 207 208 956 877 
1477 877 956 957 878 
1478 878 957 958 879 
1479 879 958 959 880 
1480 880 959 960 881 
1481 881 960 961 882 
1482 882 961 962 883 
1483 883 962 963 884 
1484 884 963 964 885 
1485 885 964 965 886 
1486 886 965 966 887 
1487 887 966 967 888 
1488 888 967 968 889 
1489 889 968 969 890 
1490 890 969 970 891 
1491 891 970 971 892 
1492 892 971 972 893 
1493 893 972 973 894 
1494 894 973 974 895 
1495 895 974 975 896 
1496 896 975 976 897 
1497 897 976 977 898 
1498 898 977 978 899 
1499 899 978 979 900 
1500 900 979 980 901 
1501 901 980 981 902 
1502 902 981 982 903 
1503 903 982 983 904 
1504 904 983 984 905 
1505 905 984 985 906 
1506 906 985 986 907 
1507 907 986 987 908 
1508 908 987 988 909 
1509 909 988 989 910 
1510 910 989 990 911 
1511 911 990 991 912 
1512 912 991 992 913 
1513 913 992 993 914 
1514 914 993 994 915 
1515 915 994 995 916 
1516 916 995 996 917 
1517 917 996 997 918 
1518 918 997 998 919 
1519 919 998 999 920 
1520 920 999 1000 921 
1521 921 1000 1001 922 
1522 922 1001 1002 923 
1523 923 1002 1003 924 
1524 924 1003 1004 925 
1525 925 1004 1005 926 
1526 926 1005 1006 927 
1527 927 1006 1007 928 
1528 928 1007 1008 929 
1529 929 1008 1009 930 
1530 930 1009 1010 931 
1531 931 1010 1011 932 
1532 932 1011 1012 933 
1533 933 1012 1013 934 
1534 934 1013 1014 935 
1535 935 1014 1015 936 
1536 936 1015 1016 937 
1537 937 1016 1017 938 
1538 938 1017 1018 939 
1539 939 1018 1019 940 
1540 940 1019 1020 941 
1541 941 1020 1021 942 
1542 942 1021 1022 943 
1543 943 1022 1023 944 
1544 944 1023 1024 945 
1545 945 1024 1025 946 
1546 946 1025 1026 947 
1547 947 1026 1027 948 
1548 948 1027 1028 949 
1549 949 1028 1029 950 
1550 950 1029 1030 951 
1551 951 1030 1031 952 
1552 952 1031 1032 953 
1553 953 1032 1033 954 
1554 954 1033 1034 955 
1555 955 1034 219 218 
1556 208 209 1035 956 
1557 956 1035 1036 957 
1558 957 1036 1037 958 
1559 958 1037 1038 959 
1560 959 1038 1039 960 
1561 960 1039 1040 961 
1562 961 1040 1041 962 
1563 962 1041 1042 963 
1564 963 1042 1043 964 
1565 964 1043 1044 965 
1566 965 1044 1045 966 
1567 966 1045 1046 967 
1568 967 1046 1047 968 
1569 968 1047 1048 969 
1570 969 1048 1049 970 
1571 970 1049 1050 971 
1572 971 1050 1051 972 
1573 972 1051 1052 973 
1574 973 1052 1053 974 
1575 974 1053 1054 975 
1576 975 1054 1055 976 
1577 976 1055 1056 977 
1578 977 1056 1057 978 
1579 978 1057 1058 979 
1580 979 1058 1059 980 
1581 980 1059 1060 981 
1582 981 1060 1061 982 
1583 982 1061 1062 983 
1584 983 1062 1063 984 
1585 984 1063 1064 985 
1586 985 1064 1065 986 
1587 986 1065 1066 987 
1588 987 1066 1067 988 
1589 988 1067 1068 989 
1590 989 1068 1069 990 
1591 990 1069 1070 991 
1592 991 1070 1071 992 
1593 992 1071 1072 993 
1594 993 1072 1073 994 
1595 994 1073 1074 995 
1596 995 1074 1075 996 
1597 996 1075 1076 997 
1598 997 1076 1077 998 
1599 998 1077 1078 999 
1600 999 1078 1079 1000 
1601 1000 1079 1080 1001 
1602 1001 1080 1081 1002 
1603 1002 1081 1082 1003 
1604 1003 1082 1083 1004 
1605 1004 1083 1084 1005 
1606 1005 1084 1085 1006 
1607 1006 1085 1086 1007 
1608 1007 1086 1087 1008 
1609 1008 1087 1088 1009 
1610 1009 1088 1089 1010 
1611 1010 1089 1090 1011 
1612 1011 1090 1091 1012 
1613 1012 1091 1092 1013 
1614 1013 1092 1093 1014 
1615 1014 1093 1094 1015 
1616 1015 1094 1095 1016 
1617 1016 1095 1096 1017 
1618 1017 1096 1097 1018 
1619 1018 1097 1098 1019 
1620 1019 1098 1099 1020 
1621 1020 1099 1100 1021 
1622 1021 1100 1101 1022 
1623 1022 1101 1102 1023 
1624 1023 1102 1103 1024 
1625 1024 1103 1104 1025 
1626 1025 1104 1105 1026 
1627 1026 1105 1106 1027 
1628 1027 1106 1107 1028 
1629 1028 1107 1108 1029 
1630 1029 1108 1109 1030 
1631 1030 1109 1110 1031 
1632 1031 1110 1111 1032 
1633 1032 1111 1112 1033 
1634 1033 1112 1113 1034 
1635 1034 1113 220 219 
1636 209 210 1114 1035 
1637 1035 1114 1115 1036 
1638 1036 1115 1116 1037 
1639 1037 1116 1117 1038 
1640 1038 1117 1118 1039 
1641 1039 1118 1119 1040 
1642 1040 1119 1120 1041 
1643 1041 1120 1121 1042 
1644 1042 1121 1122 1043 
1645 1043 1122 1123 1044 
1646 1044 1123 1124 1045 
1647 1045 1124 1125 1046 
1648 1046 1125 1126 1047 
1649 1047 1126 1127 1048 
1650 1048 1127 1128 1049 
1651 1049 1128 1129 1050 
1652 1050 1129 1130 1051 
1653 1051 1130 1131 1052 
1654 1052 1131 1132 1053 
1655 1053 1132 1133 1054 
1656 1054 1133 1134 1055 
1657 1055 1134 1135 1056 
1658 1056 1135 1136 1057 
1659 1057 1136 1137 1058 
1660 1058 1137 1138 1059 
1661 1059 1138 1139 1060 
1662 1060 1139 1140 1061 
1663 1061 1140 1141 1062 
1664 1062 1141 1142 1063 
1665 1063 1142 1143 1064 
1666 1064 1143 1144 1065 
1667 1065 1144 1145 1066 
1668 1066 1145 1146 1067 
1669 1067 1146 1147 1068 
1670 1068 1147 1148 1069 
1671 1069 1148 1149 1070 
1672 1070 1149 1150 1071 
1673 1071 1150 1151 1072 
1674 1072 1151 1152 1073 
1675 1073 1152 1153 1074 
1676 1074 1153 1154 1075 
1677 1075 1154 1155 1076 
1678 1076 1155 1156 1077 
1679 1077 1156 1157 1078 
1680 1078 1157 1158 1079 
1681 1079 1158 1159 1080 
1682 1080 1159 1160 1081 
1683 1081 1160 1161 1082 
1684 1082 1161 1162 1083 
1685 1083 1162 1163 1084 
1686 1084 1163 1164 1085 
1687 1085 1164 1165 1086 
1688 1086 1165 1166 1087 
1689 1087 1166 1167 1088 
1690 1088 1167 1168 1089 
1691 1089 1168 1169 1090 
1692 1090 1169 1170 1091 
1693 1091 1170 1171 1092 
1694 1092 1171 1172 1093 
1695 1093 1172 1173 1094 
1696 1094 1173 1174 1095 
1697 1095 1174 1175 1096 
1698 1096 1175 1176 1097 
1699 1097 1176 1177 1098 
1700 1098 1177 1178 1099 
1701 1099 1178 1179 1100 
1702 1100 1179 1180 1101 
1703 1101 1180 1181 1102 
1704 1102 1181 1182 1103 
1705 1103 1182 1183 1104 
1706 1104 1183 1184 1105 
1707 1105 1184 1185 1106 
1708 1106 1185 1186 1107 
1709 1107 1186 1187 1108 
1710 1108 1187 1188 1109 
1711 1109 1188 1189 1110 
1712 1110 1189 1190 1111 
1713 1111 1190 1191 1112 
1714 1112 1191 1192 1113 
1715 1113 1192 221 220 
1716 210 6 103 1114 
1717 1114 103 102 1115 
1718 1115 102 101 1116 
1719 1116 101 100 1117 
1720 1117 100 99 1118 
1721 1118 99 98 1119 
1722 1119 98 97 1120 
1723 1120 97 96 1121 
1724 1121 96 95 1122 
1725 1122 95 94 1123 
1726 1123 94 93 1124 
1727 1124 93 92 1125 
1728 1125 92 91 1126 
1729 1126 91 90 1127 
1730 1127 90 89 1128 
1731 1128 89 88 1129 
1732 1129 88 87 1130 
1733 1130 87 86 1131 
1734 1131 86 85 1132 
1735 1132 85 84 1133 
1736 1133 84 83 1134 
1737 1134 83 82 1135 
1738 1135 82 81 1136 
1739 1136 81 80 1137 
1740 1137 80 79 1138 
1741 1138 79 78 1139 
1742 1139 78 77 1140 
1743 1140 77 76 1141 
1744 1141 76 75 1142 
1745 1142 75 74 1143 
1746 1143 74 73 1144 
1747 1144 73 72 1145 
1748 1145 72 71 1146 
1749 1146 71 70 1147 
1750 1147 70 69 1148 
1751 1148 69 68 1149 
1752 1149 68 67 1150 
1753 1150 67 66 1151 
1754 1151 66 65 1152 
1755 1152 65 64 1153 
1756 1153 64 63 1154 
1757 1154 63 62 1155 
1758 1155 62 61 1156 
1759 1156 61 60 1157 
1760 1157 60 59 1158 
1761 1158 59 58 1159 
1762 1159 58 57 1160 
1763 1160 57 56 1161 
1764 1161 56 55 1162 
1765 1162 55 54 1163 
1766 1163 54 53 1164 
1767 1164 53 52 1165 
1768 1165 52 51 1166 
1769 1166 51 50 1167 
1770 1167 50 49 1168 
1771 1168 49 48 1169 
1772 1169 48 47 1170 
1773 1170 47 46 1171 
1774 1171 46 45 1172 
1775 1172 45 44 1173 
1776 1173 44 43 1174 
1777 1174 43 42 1175 
1778 1175 42 41 1176 
1779 1176 41 40 1177 
1780 1177 40 39 1178 
1781 1178 39 38 1179 
1782 1179 38 37 1180 
1783 1180 37 36 1181 
1784 1181 36 35 1182 
1785 1182 35 34 1183 
1786 1183 34 33 1184 
1787 1184 33 32 1185 
1788 1185 32 31 1186 
1789 1186 31 30 1187 
1790 1187 30 29 1188 
1791 1188 29 28 1189 
1792 1189 28 27 1190 
1793 1190 27 26 1191 
1794 1191 26 25 1192 
1795 1192 25 10 221 
2 13 2 22
1796 216 1197 215 
1797 214 1195 213 
1798 221 1193 220 
1799 219 1193 218 
1800 104 1195 1194 
1801 215 1197 1195 
1802 104 1196 1195 
1803 104 1194 1193 
1804 213 1196 212 
1805 218 1194 217 
1806 1195 1196 213 
1807 1193 1194 218 
1808 1194 1197 217 
1809 215 1195 214 
1810 217 1197 216 
1811 220 1193 219 
1812 104 1193 10 
1813 10 1193 221 
1814 11 1196 104 
1815 211 1196 11 
1816 212 1196 211 
1817 1195 1197 1194 
$EndElements
