$MeshFormat
4.1 0 8
$EndMeshFormat
$Entities
8 9 3 0
1 0.0254 0 0 0 
2 0.0254 0 6.096 0 
3 -0.01269999999999999 0.02199704525612474 0 0 
4 -0.01269999999999999 0.02199704525612474 6.096 0 
8 0 0 0 0 
10 0 0 6.096 0 
11 -0.01270000000000001 -0.02199704525612473 0 0 
12 -0.01270000000000001 -0.02199704525612473 6.096 0 
1 0.0254 0 0 0.0254 0 6.096 0 2 1 -2 
2 -0.01269999999999999 0.02199704525612474 0 -0.01269999999999999 0.02199704525612474 6.096 0 2 3 -4 
3 -0.0127 0 0 0.0254 0.02535702722009021 0 0 2 1 -3 
4 -0.0127 0 6.096 0.0254 0.02535702722009021 6.096 0 2 2 -4 
6 -0.01270000000000001 -0.02199704525612473 0 -0.01270000000000001 -0.02199704525612473 6.096 0 2 11 -12 
7 -0.02522825428664535 -0.02199704525612473 0 -0.01269999999999999 0.02199704525612474 0 0 2 3 -11 
8 -0.02522825428664535 -0.02199704525612473 6.096 -0.01269999999999999 0.02199704525612474 6.096 0 2 4 -12 
11 -0.01270000000000001 -0.02535702722009021 0 0.0254 -3.122502256758253e-17 0 0 2 11 -1 
12 -0.01270000000000001 -0.02535702722009021 6.096 0.0254 1.214306433183765e-17 6.096 0 2 12 -2 
5 -0.0127 0 0 0.0254 0.02535702722009021 6.096 0 4 1 4 -2 -3 
9 -0.02522825428664535 -0.02199704525612473 0 -0.01269999999999999 0.02199704525612475 6.096 0 4 2 8 -6 -7 
13 -0.01270000000000001 -0.02535702722009021 0 0.0254 1.214306433183765e-17 6.096 0 4 6 12 -1 -11 
$EndEntities
$Nodes
20 1946 1 1946
0 1 0 1
1
0.0254 0 0
0 2 0 1
2
0.0254 0 6.096
0 3 0 1
3
-0.01269999999999999 0.02199704525612474 0
0 4 0 1
4
-0.01269999999999999 0.02199704525612474 6.096
0 8 0 1
5
0 0 0
0 10 0 1
6
0 0 6.096
0 11 0 1
7
-0.01270000000000001 -0.02199704525612473 0
0 12 0 1
8
-0.01270000000000001 -0.02199704525612473 6.096
1 1 0 79
9
10
11
12
13
14
15
16
17
18
19
20
21
22
23
24
25
26
27
28
29
30
31
32
33
34
35
36
37
38
39
40
41
42
43
44
45
46
47
48
49
50
51
52
53
54
55
56
57
58
59
60
61
62
63
64
65
66
67
68
69
70
71
72
73
74
75
76
77
78
79
80
81
82
83
84
85
86
87
0.0254 0 0.07619999999988074
0.0254 0 0.1523999999997609
0.0254 0 0.2285999999996247
0.0254 0 0.3047999999994875
0.0254 0 0.3809999999993514
0.0254 0 0.45719999999925
0.0254 0 0.5333999999991356
0.0254 0 0.6095999999990169
0.0254 0 0.6857999999989285
0.0254 0 0.7619999999988011
0.0254 0 0.8381999999986126
0.0254 0 0.9143999999984201
0.0254 0 0.9905999999982145
0.0254 0 1.066799999998009
0.0254 0 1.142999999997751
0.0254 0 1.219199999997494
0.0254 0 1.295399999997297
0.0254 0 1.371599999997178
0.0254 0 1.447799999996981
0.0254 0 1.523999999996724
0.0254 0 1.600199999996466
0.0254 0 1.676399999996269
0.0254 0 1.75259999999615
0.0254 0 1.828799999995953
0.0254 0 1.904999999995696
0.0254 0 1.981199999995438
0.0254 0 2.05739999999518
0.0254 0 2.133599999994923
0.0254 0 2.2097999999947
0.0254 0 2.285999999994668
0.0254 0 2.362199999994636
0.0254 0 2.438399999994413
0.0254 0 2.514599999994155
0.0254 0 2.590799999993898
0.0254 0 2.66699999999364
0.0254 0 2.743199999993382
0.0254 0 2.819399999993125
0.0254 0 2.895599999992867
0.0254 0 2.971799999992644
0.0254 0 3.047999999992612
0.0254 0 3.124199999992632
0.0254 0 3.200399999992773
0.0254 0 3.276599999993071
0.0254 0 3.352799999993369
0.0254 0 3.428999999993667
0.0254 0 3.505199999993966
0.0254 0 3.581399999994263
0.0254 0 3.657599999994561
0.0254 0 3.733799999994702
0.0254 0 3.809999999994722
0.0254 0 3.886199999994742
0.0254 0 3.962399999994901
0.0254 0 4.038599999995407
0.0254 0 4.11479999999567
0.0254 0 4.19099999999569
0.0254 0 4.267199999995709
0.0254 0 4.343399999995729
0.0254 0 4.419599999995748
0.0254 0 4.495799999995768
0.0254 0 4.571999999995787
0.0254 0 4.648199999995807
0.0254 0 4.724399999995827
0.0254 0 4.800599999995846
0.0254 0 4.876799999995866
0.0254 0 4.952999999995886
0.0254 0 5.029199999995905
0.0254 0 5.105399999996168
0.0254 0 5.181599999996743
0.0254 0 5.257799999997318
0.0254 0 5.333999999997893
0.0254 0 5.410199999998469
0.0254 0 5.486399999999044
0.0254 0 5.562599999999619
0.0254 0 5.638799999999882
0.0254 0 5.714999999999901
0.0254 0 5.791199999999922
0.0254 0 5.867399999999941
0.0254 0 5.94359999999996
0.0254 0 6.01979999999998
1 2 0 79
88
89
90
91
92
93
94
95
96
97
98
99
100
101
102
103
104
105
106
107
108
109
110
111
112
113
114
115
116
117
118
119
120
121
122
123
124
125
126
127
128
129
130
131
132
133
134
135
136
137
138
139
140
141
142
143
144
145
146
147
148
149
150
151
152
153
154
155
156
157
158
159
160
161
162
163
164
165
166
-0.01269999999999999 0.02199704525612474 0.07619999999988074
-0.01269999999999999 0.02199704525612474 0.1523999999997609
-0.01269999999999999 0.02199704525612474 0.2285999999996247
-0.01269999999999999 0.02199704525612474 0.3047999999994875
-0.01269999999999999 0.02199704525612474 0.3809999999993514
-0.01269999999999999 0.02199704525612474 0.45719999999925
-0.01269999999999999 0.02199704525612474 0.5333999999991356
-0.01269999999999999 0.02199704525612474 0.6095999999990169
-0.01269999999999999 0.02199704525612474 0.6857999999989285
-0.01269999999999999 0.02199704525612474 0.7619999999988011
-0.01269999999999999 0.02199704525612474 0.8381999999986126
-0.01269999999999999 0.02199704525612474 0.9143999999984201
-0.01269999999999999 0.02199704525612474 0.9905999999982145
-0.01269999999999999 0.02199704525612474 1.066799999998009
-0.01269999999999999 0.02199704525612474 1.142999999997751
-0.01269999999999999 0.02199704525612474 1.219199999997494
-0.01269999999999999 0.02199704525612474 1.295399999997297
-0.01269999999999999 0.02199704525612474 1.371599999997178
-0.01269999999999999 0.02199704525612474 1.447799999996981
-0.01269999999999999 0.02199704525612474 1.523999999996724
-0.01269999999999999 0.02199704525612474 1.600199999996466
-0.01269999999999999 0.02199704525612474 1.676399999996269
-0.01269999999999999 0.02199704525612474 1.75259999999615
-0.01269999999999999 0.02199704525612474 1.828799999995953
-0.01269999999999999 0.02199704525612474 1.904999999995696
-0.01269999999999999 0.02199704525612474 1.981199999995438
-0.01269999999999999 0.02199704525612474 2.05739999999518
-0.01269999999999999 0.02199704525612474 2.133599999994923
-0.01269999999999999 0.02199704525612474 2.2097999999947
-0.01269999999999999 0.02199704525612474 2.285999999994668
-0.01269999999999999 0.02199704525612474 2.362199999994636
-0.01269999999999999 0.02199704525612474 2.438399999994413
-0.01269999999999999 0.02199704525612474 2.514599999994155
-0.01269999999999999 0.02199704525612474 2.590799999993898
-0.01269999999999999 0.02199704525612474 2.66699999999364
-0.01269999999999999 0.02199704525612474 2.743199999993382
-0.01269999999999999 0.02199704525612474 2.819399999993125
-0.01269999999999999 0.02199704525612474 2.895599999992867
-0.01269999999999999 0.02199704525612474 2.971799999992644
-0.01269999999999999 0.02199704525612474 3.047999999992612
-0.01269999999999999 0.02199704525612474 3.124199999992632
-0.01269999999999999 0.02199704525612474 3.200399999992773
-0.01269999999999999 0.02199704525612474 3.276599999993071
-0.01269999999999999 0.02199704525612474 3.352799999993369
-0.01269999999999999 0.02199704525612474 3.428999999993667
-0.01269999999999999 0.02199704525612474 3.505199999993966
-0.01269999999999999 0.02199704525612474 3.581399999994263
-0.01269999999999999 0.02199704525612474 3.657599999994561
-0.01269999999999999 0.02199704525612474 3.733799999994702
-0.01269999999999999 0.02199704525612474 3.809999999994722
-0.01269999999999999 0.02199704525612474 3.886199999994742
-0.01269999999999999 0.02199704525612474 3.962399999994901
-0.01269999999999999 0.02199704525612474 4.038599999995407
-0.01269999999999999 0.02199704525612474 4.11479999999567
-0.01269999999999999 0.02199704525612474 4.19099999999569
-0.01269999999999999 0.02199704525612474 4.267199999995709
-0.01269999999999999 0.02199704525612474 4.343399999995729
-0.01269999999999999 0.02199704525612474 4.419599999995748
-0.01269999999999999 0.02199704525612474 4.495799999995768
-0.01269999999999999 0.02199704525612474 4.571999999995787
-0.01269999999999999 0.02199704525612474 4.648199999995807
-0.01269999999999999 0.02199704525612474 4.724399999995827
-0.01269999999999999 0.02199704525612474 4.800599999995846
-0.01269999999999999 0.02199704525612474 4.876799999995866
-0.01269999999999999 0.02199704525612474 4.952999999995886
-0.01269999999999999 0.02199704525612474 5.029199999995905
-0.01269999999999999 0.02199704525612474 5.105399999996168
-0.01269999999999999 0.02199704525612474 5.181599999996743
-0.01269999999999999 0.02199704525612474 5.257799999997318
-0.01269999999999999 0.02199704525612474 5.333999999997893
-0.01269999999999999 0.02199704525612474 5.410199999998469
-0.01269999999999999 0.02199704525612474 5.486399999999044
-0.01269999999999999 0.02199704525612474 5.562599999999619
-0.01269999999999999 0.02199704525612474 5.638799999999882
-0.01269999999999999 0.02199704525612474 5.714999999999901
-0.01269999999999999 0.02199704525612474 5.791199999999922
-0.01269999999999999 0.02199704525612474 5.867399999999941
-0.01269999999999999 0.02199704525612474 5.94359999999996
-0.01269999999999999 0.02199704525612474 6.01979999999998
1 3 0 7
167
168
169
170
171
172
173
0.02453451598774234 0.006574003745604027 0
0.02199704525612474 0.0127 0
0.01796051224213831 0.0179605122421383 0
0.0127 0.02199704525612474 0
0.006574003745604032 0.02453451598774233 0
1.555301434917139e-18 0.0254 0
-0.006574003745604024 0.02453451598774234 0
1 4 0 7
174
175
176
177
178
179
180
0.02453451598774234 0.006574003745604027 6.096
0.02199704525612474 0.0127 6.096
0.01796051224213831 0.0179605122421383 6.096
0.0127 0.02199704525612474 6.096
0.006574003745604032 0.02453451598774233 6.096
1.555301434917139e-18 0.0254 6.096
-0.006574003745604024 0.02453451598774234 6.096
1 6 0 79
181
182
183
184
185
186
187
188
189
190
191
192
193
194
195
196
197
198
199
200
201
202
203
204
205
206
207
208
209
210
211
212
213
214
215
216
217
218
219
220
221
222
223
224
225
226
227
228
229
230
231
232
233
234
235
236
237
238
239
240
241
242
243
244
245
246
247
248
249
250
251
252
253
254
255
256
257
258
259
-0.01270000000000001 -0.02199704525612473 0.07619999999988074
-0.01270000000000001 -0.02199704525612473 0.1523999999997609
-0.01270000000000001 -0.02199704525612473 0.2285999999996247
-0.01270000000000001 -0.02199704525612473 0.3047999999994875
-0.01270000000000001 -0.02199704525612473 0.3809999999993514
-0.01270000000000001 -0.02199704525612473 0.45719999999925
-0.01270000000000001 -0.02199704525612473 0.5333999999991356
-0.01270000000000001 -0.02199704525612473 0.6095999999990169
-0.01270000000000001 -0.02199704525612473 0.6857999999989285
-0.01270000000000001 -0.02199704525612473 0.7619999999988011
-0.01270000000000001 -0.02199704525612473 0.8381999999986126
-0.01270000000000001 -0.02199704525612473 0.9143999999984201
-0.01270000000000001 -0.02199704525612473 0.9905999999982145
-0.01270000000000001 -0.02199704525612473 1.066799999998009
-0.01270000000000001 -0.02199704525612473 1.142999999997751
-0.01270000000000001 -0.02199704525612473 1.219199999997494
-0.01270000000000001 -0.02199704525612473 1.295399999997297
-0.01270000000000001 -0.02199704525612473 1.371599999997178
-0.01270000000000001 -0.02199704525612473 1.447799999996981
-0.01270000000000001 -0.02199704525612473 1.523999999996724
-0.01270000000000001 -0.02199704525612473 1.600199999996466
-0.01270000000000001 -0.02199704525612473 1.676399999996269
-0.01270000000000001 -0.02199704525612473 1.75259999999615
-0.01270000000000001 -0.02199704525612473 1.828799999995953
-0.01270000000000001 -0.02199704525612473 1.904999999995696
-0.01270000000000001 -0.02199704525612473 1.981199999995438
-0.01270000000000001 -0.02199704525612473 2.05739999999518
-0.01270000000000001 -0.02199704525612473 2.133599999994923
-0.01270000000000001 -0.02199704525612473 2.2097999999947
-0.01270000000000001 -0.02199704525612473 2.285999999994668
-0.01270000000000001 -0.02199704525612473 2.362199999994636
-0.01270000000000001 -0.02199704525612473 2.438399999994413
-0.01270000000000001 -0.02199704525612473 2.514599999994155
-0.01270000000000001 -0.02199704525612473 2.590799999993898
-0.01270000000000001 -0.02199704525612473 2.66699999999364
-0.01270000000000001 -0.02199704525612473 2.743199999993382
-0.01270000000000001 -0.02199704525612473 2.819399999993125
-0.01270000000000001 -0.02199704525612473 2.895599999992867
-0.01270000000000001 -0.02199704525612473 2.971799999992644
-0.01270000000000001 -0.02199704525612473 3.047999999992612
-0.01270000000000001 -0.02199704525612473 3.124199999992632
-0.01270000000000001 -0.02199704525612473 3.200399999992773
-0.01270000000000001 -0.02199704525612473 3.276599999993071
-0.01270000000000001 -0.02199704525612473 3.352799999993369
-0.01270000000000001 -0.02199704525612473 3.428999999993667
-0.01270000000000001 -0.02199704525612473 3.505199999993966
-0.01270000000000001 -0.02199704525612473 3.581399999994263
-0.01270000000000001 -0.02199704525612473 3.657599999994561
-0.01270000000000001 -0.02199704525612473 3.733799999994702
-0.01270000000000001 -0.02199704525612473 3.809999999994722
-0.01270000000000001 -0.02199704525612473 3.886199999994742
-0.01270000000000001 -0.02199704525612473 3.962399999994901
-0.01270000000000001 -0.02199704525612473 4.038599999995407
-0.01270000000000001 -0.02199704525612473 4.11479999999567
-0.01270000000000001 -0.02199704525612473 4.19099999999569
-0.01270000000000001 -0.02199704525612473 4.267199999995709
-0.01270000000000001 -0.02199704525612473 4.343399999995729
-0.01270000000000001 -0.02199704525612473 4.419599999995748
-0.01270000000000001 -0.02199704525612473 4.495799999995768
-0.01270000000000001 -0.02199704525612473 4.571999999995787
-0.01270000000000001 -0.02199704525612473 4.648199999995807
-0.01270000000000001 -0.02199704525612473 4.724399999995827
-0.01270000000000001 -0.02199704525612473 4.800599999995846
-0.01270000000000001 -0.02199704525612473 4.876799999995866
-0.01270000000000001 -0.02199704525612473 4.952999999995886
-0.01270000000000001 -0.02199704525612473 5.029199999995905
-0.01270000000000001 -0.02199704525612473 5.105399999996168
-0.01270000000000001 -0.02199704525612473 5.181599999996743
-0.01270000000000001 -0.02199704525612473 5.257799999997318
-0.01270000000000001 -0.02199704525612473 5.333999999997893
-0.01270000000000001 -0.02199704525612473 5.410199999998469
-0.01270000000000001 -0.02199704525612473 5.486399999999044
-0.01270000000000001 -0.02199704525612473 5.562599999999619
-0.01270000000000001 -0.02199704525612473 5.638799999999882
-0.01270000000000001 -0.02199704525612473 5.714999999999901
-0.01270000000000001 -0.02199704525612473 5.791199999999922
-0.01270000000000001 -0.02199704525612473 5.867399999999941
-0.01270000000000001 -0.02199704525612473 5.94359999999996
-0.01270000000000001 -0.02199704525612473 6.01979999999998
1 7 0 7
260
261
262
263
264
265
266
-0.0179605122421383 0.01796051224213831 0
-0.02199704525612474 0.0127 0
-0.02453451598774233 0.006574003745604034 0
-0.0254 8.673617379884035e-18 0
-0.02453451598774234 -0.006574003745604016 0
-0.02199704525612474 -0.01269999999999999 0
-0.01796051224213831 -0.0179605122421383 0
1 8 0 7
267
268
269
270
271
272
273
-0.0179605122421383 0.01796051224213831 6.096
-0.02199704525612474 0.0127 6.096
-0.02453451598774233 0.006574003745604034 6.096
-0.0254 8.673617379884035e-18 6.096
-0.02453451598774234 -0.006574003745604016 6.096
-0.02199704525612474 -0.01269999999999999 6.096
-0.01796051224213831 -0.0179605122421383 6.096
1 11 0 7
274
275
276
277
278
279
280
-0.006574003745604036 -0.02453451598774233 0
-1.214306433183765e-17 -0.0254 0
0.006574003745604014 -0.02453451598774233 0
0.01269999999999999 -0.02199704525612475 0
0.01796051224213829 -0.01796051224213831 0
0.02199704525612473 -0.01270000000000001 0
0.02453451598774233 -0.006574003745604039 0
1 12 0 7
281
282
283
284
285
286
287
-0.006574003745604036 -0.02453451598774233 6.096
-1.214306433183765e-17 -0.0254 6.096
0.006574003745604014 -0.02453451598774233 6.096
0.01269999999999999 -0.02199704525612475 6.096
0.01796051224213829 -0.01796051224213831 6.096
0.02199704525612473 -0.01270000000000001 6.096
0.02453451598774233 -0.006574003745604039 6.096
2 5 0 553
288
289
290
291
292
293
294
295
296
297
298
299
300
301
302
303
304
305
306
307
308
309
310
311
312
313
314
315
316
317
318
319
320
321
322
323
324
325
326
327
328
329
330
331
332
333
334
335
336
337
338
339
340
341
342
343
344
345
346
347
348
349
350
351
352
353
354
355
356
357
358
359
360
361
362
363
364
365
366
367
368
369
370
371
372
373
374
375
376
377
378
379
380
381
382
383
384
385
386
387
388
389
390
391
392
393
394
395
396
397
398
399
400
401
402
403
404
405
406
407
408
409
410
411
412
413
414
415
416
417
418
419
420
421
422
423
424
425
426
427
428
429
430
431
432
433
434
435
436
437
438
439
440
441
442
443
444
445
446
447
448
449
450
451
452
453
454
455
456
457
458
459
460
461
462
463
464
465
466
467
468
469
470
471
472
473
474
475
476
477
478
479
480
481
482
483
484
485
486
487
488
489
490
491
492
493
494
495
496
497
498
499
500
501
502
503
504
505
506
507
508
509
510
511
512
513
514
515
516
517
518
519
520
521
522
523
524
525
526
527
528
529
530
531
532
533
534
535
536
537
538
539
540
541
542
543
544
545
546
547
548
549
550
551
552
553
554
555
556
557
558
559
560
561
562
563
564
565
566
567
568
569
570
571
572
573
574
575
576
577
578
579
580
581
582
583
584
585
586
587
588
589
590
591
592
593
594
595
596
597
598
599
600
601
602
603
604
605
606
607
608
609
610
611
612
613
614
615
616
617
618
619
620
621
622
623
624
625
626
627
628
629
630
631
632
633
634
635
636
637
638
639
640
641
642
643
644
645
646
647
648
649
650
651
652
653
654
655
656
657
658
659
660
661
662
663
664
665
666
667
668
669
670
671
672
673
674
675
676
677
678
679
680
681
682
683
684
685
686
687
688
689
690
691
692
693
694
695
696
697
698
699
700
701
702
703
704
705
706
707
708
709
710
711
712
713
714
715
716
717
718
719
720
721
722
723
724
725
726
727
728
729
730
731
732
733
734
735
736
737
738
739
740
741
742
743
744
745
746
747
748
749
750
751
752
753
754
755
756
757
758
759
760
761
762
763
764
765
766
767
768
769
770
771
772
773
774
775
776
777
778
779
780
781
782
783
784
785
786
787
788
789
790
791
792
793
794
795
796
797
798
799
800
801
802
803
804
805
806
807
808
809
810
811
812
813
814
815
816
817
818
819
820
821
822
823
824
825
826
827
828
829
830
831
832
833
834
835
836
837
838
839
840
0.02453451598774234 0.006574003745604027 0.07619999999988074
0.02199704525612474 0.0127 0.07619999999988074
0.01796051224213831 0.0179605122421383 0.07619999999988074
0.0127 0.02199704525612474 0.07619999999988074
0.006574003745604032 0.02453451598774233 0.07619999999988074
1.555301434917139e-18 0.0254 0.07619999999988074
-0.006574003745604024 0.02453451598774234 0.07619999999988074
0.02453451598774234 0.006574003745604027 0.1523999999997609
0.02199704525612474 0.0127 0.1523999999997609
0.01796051224213831 0.0179605122421383 0.1523999999997609
0.0127 0.02199704525612474 0.1523999999997609
0.006574003745604032 0.02453451598774233 0.1523999999997609
1.555301434917139e-18 0.0254 0.1523999999997609
-0.006574003745604024 0.02453451598774234 0.1523999999997609
0.02453451598774234 0.006574003745604027 0.2285999999996247
0.02199704525612474 0.0127 0.2285999999996247
0.01796051224213831 0.0179605122421383 0.2285999999996247
0.0127 0.02199704525612474 0.2285999999996247
0.006574003745604032 0.02453451598774233 0.2285999999996247
1.555301434917139e-18 0.0254 0.2285999999996247
-0.006574003745604024 0.02453451598774234 0.2285999999996247
0.02453451598774234 0.006574003745604027 0.3047999999994875
0.02199704525612474 0.0127 0.3047999999994875
0.01796051224213831 0.0179605122421383 0.3047999999994875
0.0127 0.02199704525612474 0.3047999999994875
0.006574003745604032 0.02453451598774233 0.3047999999994875
1.555301434917139e-18 0.0254 0.3047999999994875
-0.006574003745604024 0.02453451598774234 0.3047999999994875
0.02453451598774234 0.006574003745604027 0.3809999999993514
0.02199704525612474 0.0127 0.3809999999993514
0.01796051224213831 0.0179605122421383 0.3809999999993514
0.0127 0.02199704525612474 0.3809999999993514
0.006574003745604032 0.02453451598774233 0.3809999999993514
1.555301434917139e-18 0.0254 0.3809999999993514
-0.006574003745604024 0.02453451598774234 0.3809999999993514
0.02453451598774234 0.006574003745604027 0.45719999999925
0.02199704525612474 0.0127 0.45719999999925
0.01796051224213831 0.0179605122421383 0.45719999999925
0.0127 0.02199704525612474 0.45719999999925
0.006574003745604032 0.02453451598774233 0.45719999999925
1.555301434917139e-18 0.0254 0.45719999999925
-0.006574003745604024 0.02453451598774234 0.45719999999925
0.02453451598774234 0.006574003745604027 0.5333999999991356
0.02199704525612474 0.0127 0.5333999999991356
0.01796051224213831 0.0179605122421383 0.5333999999991356
0.0127 0.02199704525612474 0.5333999999991356
0.006574003745604032 0.02453451598774233 0.5333999999991356
1.555301434917139e-18 0.0254 0.5333999999991356
-0.006574003745604024 0.02453451598774234 0.5333999999991356
0.02453451598774234 0.006574003745604027 0.6095999999990169
0.02199704525612474 0.0127 0.6095999999990169
0.01796051224213831 0.0179605122421383 0.6095999999990169
0.0127 0.02199704525612474 0.6095999999990169
0.006574003745604032 0.02453451598774233 0.6095999999990169
1.555301434917139e-18 0.0254 0.6095999999990169
-0.006574003745604024 0.02453451598774234 0.6095999999990169
0.02453451598774234 0.006574003745604027 0.6857999999989285
0.02199704525612474 0.0127 0.6857999999989285
0.01796051224213831 0.0179605122421383 0.6857999999989285
0.0127 0.02199704525612474 0.6857999999989285
0.006574003745604032 0.02453451598774233 0.6857999999989285
1.555301434917139e-18 0.0254 0.6857999999989285
-0.006574003745604024 0.02453451598774234 0.6857999999989285
0.02453451598774234 0.006574003745604027 0.7619999999988011
0.02199704525612474 0.0127 0.7619999999988011
0.01796051224213831 0.0179605122421383 0.7619999999988011
0.0127 0.02199704525612474 0.7619999999988011
0.006574003745604032 0.02453451598774233 0.7619999999988011
1.555301434917139e-18 0.0254 0.7619999999988011
-0.006574003745604024 0.02453451598774234 0.7619999999988011
0.02453451598774234 0.006574003745604027 0.8381999999986126
0.02199704525612474 0.0127 0.8381999999986126
0.01796051224213831 0.0179605122421383 0.8381999999986126
0.0127 0.02199704525612474 0.8381999999986126
0.006574003745604032 0.02453451598774233 0.8381999999986126
1.555301434917139e-18 0.0254 0.8381999999986126
-0.006574003745604024 0.02453451598774234 0.8381999999986126
0.02453451598774234 0.006574003745604027 0.9143999999984201
0.02199704525612474 0.0127 0.9143999999984201
0.01796051224213831 0.0179605122421383 0.9143999999984201
0.0127 0.02199704525612474 0.9143999999984201
0.006574003745604032 0.02453451598774233 0.9143999999984201
1.555301434917139e-18 0.0254 0.9143999999984201
-0.006574003745604024 0.02453451598774234 0.9143999999984201
0.02453451598774234 0.006574003745604027 0.9905999999982145
0.02199704525612474 0.0127 0.9905999999982145
0.01796051224213831 0.0179605122421383 0.9905999999982145
0.0127 0.02199704525612474 0.9905999999982145
0.006574003745604032 0.02453451598774233 0.9905999999982145
1.555301434917139e-18 0.0254 0.9905999999982145
-0.006574003745604024 0.02453451598774234 0.9905999999982145
0.02453451598774234 0.006574003745604027 1.066799999998009
0.02199704525612474 0.0127 1.066799999998009
0.01796051224213831 0.0179605122421383 1.066799999998009
0.0127 0.02199704525612474 1.066799999998009
0.006574003745604032 0.02453451598774233 1.066799999998009
1.555301434917139e-18 0.0254 1.066799999998009
-0.006574003745604024 0.02453451598774234 1.066799999998009
0.02453451598774234 0.006574003745604027 1.142999999997751
0.02199704525612474 0.0127 1.142999999997751
0.01796051224213831 0.0179605122421383 1.142999999997751
0.0127 0.02199704525612474 1.142999999997751
0.006574003745604032 0.02453451598774233 1.142999999997751
1.555301434917139e-18 0.0254 1.142999999997751
-0.006574003745604024 0.02453451598774234 1.142999999997751
0.02453451598774234 0.006574003745604027 1.219199999997494
0.02199704525612474 0.0127 1.219199999997494
0.01796051224213831 0.0179605122421383 1.219199999997494
0.0127 0.02199704525612474 1.219199999997494
0.006574003745604032 0.02453451598774233 1.219199999997494
1.555301434917139e-18 0.0254 1.219199999997494
-0.006574003745604024 0.02453451598774234 1.219199999997494
0.02453451598774234 0.006574003745604027 1.295399999997297
0.02199704525612474 0.0127 1.295399999997297
0.01796051224213831 0.0179605122421383 1.295399999997297
0.0127 0.02199704525612474 1.295399999997297
0.006574003745604032 0.02453451598774233 1.295399999997297
1.555301434917139e-18 0.0254 1.295399999997297
-0.006574003745604024 0.02453451598774234 1.295399999997297
0.02453451598774234 0.006574003745604027 1.371599999997178
0.02199704525612474 0.0127 1.371599999997178
0.01796051224213831 0.0179605122421383 1.371599999997178
0.0127 0.02199704525612474 1.371599999997178
0.006574003745604032 0.02453451598774233 1.371599999997178
1.555301434917139e-18 0.0254 1.371599999997178
-0.006574003745604024 0.02453451598774234 1.371599999997178
0.02453451598774234 0.006574003745604027 1.447799999996981
0.02199704525612474 0.0127 1.447799999996981
0.01796051224213831 0.0179605122421383 1.447799999996981
0.0127 0.02199704525612474 1.447799999996981
0.006574003745604032 0.02453451598774233 1.447799999996981
1.555301434917139e-18 0.0254 1.447799999996981
-0.006574003745604024 0.02453451598774234 1.447799999996981
0.02453451598774234 0.006574003745604027 1.523999999996724
0.02199704525612474 0.0127 1.523999999996724
0.01796051224213831 0.0179605122421383 1.523999999996724
0.0127 0.02199704525612474 1.523999999996724
0.006574003745604032 0.02453451598774233 1.523999999996724
1.555301434917139e-18 0.0254 1.523999999996724
-0.006574003745604024 0.02453451598774234 1.523999999996724
0.02453451598774234 0.006574003745604027 1.600199999996466
0.02199704525612474 0.0127 1.600199999996466
0.01796051224213831 0.0179605122421383 1.600199999996466
0.0127 0.02199704525612474 1.600199999996466
0.006574003745604032 0.02453451598774233 1.600199999996466
1.555301434917139e-18 0.0254 1.600199999996466
-0.006574003745604024 0.02453451598774234 1.600199999996466
0.02453451598774234 0.006574003745604027 1.676399999996269
0.02199704525612474 0.0127 1.676399999996269
0.01796051224213831 0.0179605122421383 1.676399999996269
0.0127 0.02199704525612474 1.676399999996269
0.006574003745604032 0.02453451598774233 1.676399999996269
1.555301434917139e-18 0.0254 1.676399999996269
-0.006574003745604024 0.02453451598774234 1.676399999996269
0.02453451598774234 0.006574003745604027 1.75259999999615
0.02199704525612474 0.0127 1.75259999999615
0.01796051224213831 0.0179605122421383 1.75259999999615
0.0127 0.02199704525612474 1.75259999999615
0.006574003745604032 0.02453451598774233 1.75259999999615
1.555301434917139e-18 0.0254 1.75259999999615
-0.006574003745604024 0.02453451598774234 1.75259999999615
0.02453451598774234 0.006574003745604027 1.828799999995953
0.02199704525612474 0.0127 1.828799999995953
0.01796051224213831 0.0179605122421383 1.828799999995953
0.0127 0.02199704525612474 1.828799999995953
0.006574003745604032 0.02453451598774233 1.828799999995953
1.555301434917139e-18 0.0254 1.828799999995953
-0.006574003745604024 0.02453451598774234 1.828799999995953
0.02453451598774234 0.006574003745604027 1.904999999995696
0.02199704525612474 0.0127 1.904999999995696
0.01796051224213831 0.0179605122421383 1.904999999995696
0.0127 0.02199704525612474 1.904999999995696
0.006574003745604032 0.02453451598774233 1.904999999995696
1.555301434917139e-18 0.0254 1.904999999995696
-0.006574003745604024 0.02453451598774234 1.904999999995696
0.02453451598774234 0.006574003745604027 1.981199999995438
0.02199704525612474 0.0127 1.981199999995438
0.01796051224213831 0.0179605122421383 1.981199999995438
0.0127 0.02199704525612474 1.981199999995438
0.006574003745604032 0.02453451598774233 1.981199999995438
1.555301434917139e-18 0.0254 1.981199999995438
-0.006574003745604024 0.02453451598774234 1.981199999995438
0.02453451598774234 0.006574003745604027 2.05739999999518
0.02199704525612474 0.0127 2.05739999999518
0.01796051224213831 0.0179605122421383 2.05739999999518
0.0127 0.02199704525612474 2.05739999999518
0.006574003745604032 0.02453451598774233 2.05739999999518
1.555301434917139e-18 0.0254 2.05739999999518
-0.006574003745604024 0.02453451598774234 2.05739999999518
0.02453451598774234 0.006574003745604027 2.133599999994923
0.02199704525612474 0.0127 2.133599999994923
0.01796051224213831 0.0179605122421383 2.133599999994923
0.0127 0.02199704525612474 2.133599999994923
0.006574003745604032 0.02453451598774233 2.133599999994923
1.555301434917139e-18 0.0254 2.133599999994923
-0.006574003745604024 0.02453451598774234 2.133599999994923
0.02453451598774234 0.006574003745604027 2.2097999999947
0.02199704525612474 0.0127 2.2097999999947
0.01796051224213831 0.0179605122421383 2.2097999999947
0.0127 0.02199704525612474 2.2097999999947
0.006574003745604032 0.02453451598774233 2.2097999999947
1.555301434917139e-18 0.0254 2.2097999999947
-0.006574003745604024 0.02453451598774234 2.2097999999947
0.02453451598774234 0.006574003745604027 2.285999999994668
0.02199704525612474 0.0127 2.285999999994668
0.01796051224213831 0.0179605122421383 2.285999999994668
0.0127 0.02199704525612474 2.285999999994668
0.006574003745604032 0.02453451598774233 2.285999999994668
1.555301434917139e-18 0.0254 2.285999999994668
-0.006574003745604024 0.02453451598774234 2.285999999994668
0.02453451598774234 0.006574003745604027 2.362199999994636
0.02199704525612474 0.0127 2.362199999994636
0.01796051224213831 0.0179605122421383 2.362199999994636
0.0127 0.02199704525612474 2.362199999994636
0.006574003745604032 0.02453451598774233 2.362199999994636
1.555301434917139e-18 0.0254 2.362199999994636
-0.006574003745604024 0.02453451598774234 2.362199999994636
0.02453451598774234 0.006574003745604027 2.438399999994413
0.02199704525612474 0.0127 2.438399999994413
0.01796051224213831 0.0179605122421383 2.438399999994413
0.0127 0.02199704525612474 2.438399999994413
0.006574003745604032 0.02453451598774233 2.438399999994413
1.555301434917139e-18 0.0254 2.438399999994413
-0.006574003745604024 0.02453451598774234 2.438399999994413
0.02453451598774234 0.006574003745604027 2.514599999994155
0.02199704525612474 0.0127 2.514599999994155
0.01796051224213831 0.0179605122421383 2.514599999994155
0.0127 0.02199704525612474 2.514599999994155
0.006574003745604032 0.02453451598774233 2.514599999994155
1.555301434917139e-18 0.0254 2.514599999994155
-0.006574003745604024 0.02453451598774234 2.514599999994155
0.02453451598774234 0.006574003745604027 2.590799999993898
0.02199704525612474 0.0127 2.590799999993898
0.01796051224213831 0.0179605122421383 2.590799999993898
0.0127 0.02199704525612474 2.590799999993898
0.006574003745604032 0.02453451598774233 2.590799999993898
1.555301434917139e-18 0.0254 2.590799999993898
-0.006574003745604024 0.02453451598774234 2.590799999993898
0.02453451598774234 0.006574003745604027 2.66699999999364
0.02199704525612474 0.0127 2.66699999999364
0.01796051224213831 0.0179605122421383 2.66699999999364
0.0127 0.02199704525612474 2.66699999999364
0.006574003745604032 0.02453451598774233 2.66699999999364
1.555301434917139e-18 0.0254 2.66699999999364
-0.006574003745604024 0.02453451598774234 2.66699999999364
0.02453451598774234 0.006574003745604027 2.743199999993382
0.02199704525612474 0.0127 2.743199999993382
0.01796051224213831 0.0179605122421383 2.743199999993382
0.0127 0.02199704525612474 2.743199999993382
0.006574003745604032 0.02453451598774233 2.743199999993382
1.555301434917139e-18 0.0254 2.743199999993382
-0.006574003745604024 0.02453451598774234 2.743199999993382
0.02453451598774234 0.006574003745604027 2.819399999993125
0.02199704525612474 0.0127 2.819399999993125
0.01796051224213831 0.0179605122421383 2.819399999993125
0.0127 0.02199704525612474 2.819399999993125
0.006574003745604032 0.02453451598774233 2.819399999993125
1.555301434917139e-18 0.0254 2.819399999993125
-0.006574003745604024 0.02453451598774234 2.819399999993125
0.02453451598774234 0.006574003745604027 2.895599999992867
0.02199704525612474 0.0127 2.895599999992867
0.01796051224213831 0.0179605122421383 2.895599999992867
0.0127 0.02199704525612474 2.895599999992867
0.006574003745604032 0.02453451598774233 2.895599999992867
1.555301434917139e-18 0.0254 2.895599999992867
-0.006574003745604024 0.02453451598774234 2.895599999992867
0.02453451598774234 0.006574003745604027 2.971799999992644
0.02199704525612474 0.0127 2.971799999992644
0.01796051224213831 0.0179605122421383 2.971799999992644
0.0127 0.02199704525612474 2.971799999992644
0.006574003745604032 0.02453451598774233 2.971799999992644
1.555301434917139e-18 0.0254 2.971799999992644
-0.006574003745604024 0.02453451598774234 2.971799999992644
0.02453451598774234 0.006574003745604027 3.047999999992612
0.02199704525612474 0.0127 3.047999999992612
0.01796051224213831 0.0179605122421383 3.047999999992612
0.0127 0.02199704525612474 3.047999999992612
0.006574003745604032 0.02453451598774233 3.047999999992612
1.555301434917139e-18 0.0254 3.047999999992612
-0.006574003745604024 0.02453451598774234 3.047999999992612
0.02453451598774234 0.006574003745604027 3.124199999992632
0.02199704525612474 0.0127 3.124199999992632
0.01796051224213831 0.0179605122421383 3.124199999992632
0.0127 0.02199704525612474 3.124199999992632
0.006574003745604032 0.02453451598774233 3.124199999992632
1.555301434917139e-18 0.0254 3.124199999992632
-0.006574003745604024 0.02453451598774234 3.124199999992632
0.02453451598774234 0.006574003745604027 3.200399999992773
0.02199704525612474 0.0127 3.200399999992773
0.01796051224213831 0.0179605122421383 3.200399999992773
0.0127 0.02199704525612474 3.200399999992773
0.006574003745604032 0.02453451598774233 3.200399999992773
1.555301434917139e-18 0.0254 3.200399999992773
-0.006574003745604024 0.02453451598774234 3.200399999992773
0.02453451598774234 0.006574003745604027 3.276599999993071
0.02199704525612474 0.0127 3.276599999993071
0.01796051224213831 0.0179605122421383 3.276599999993071
0.0127 0.02199704525612474 3.276599999993071
0.006574003745604032 0.02453451598774233 3.276599999993071
1.555301434917139e-18 0.0254 3.276599999993071
-0.006574003745604024 0.02453451598774234 3.276599999993071
0.02453451598774234 0.006574003745604027 3.352799999993369
0.02199704525612474 0.0127 3.352799999993369
0.01796051224213831 0.0179605122421383 3.352799999993369
0.0127 0.02199704525612474 3.352799999993369
0.006574003745604032 0.02453451598774233 3.352799999993369
1.555301434917139e-18 0.0254 3.352799999993369
-0.006574003745604024 0.02453451598774234 3.352799999993369
0.02453451598774234 0.006574003745604027 3.428999999993667
0.02199704525612474 0.0127 3.428999999993667
0.01796051224213831 0.0179605122421383 3.428999999993667
0.0127 0.02199704525612474 3.428999999993667
0.006574003745604032 0.02453451598774233 3.428999999993667
1.555301434917139e-18 0.0254 3.428999999993667
-0.006574003745604024 0.02453451598774234 3.428999999993667
0.02453451598774234 0.006574003745604027 3.505199999993966
0.02199704525612474 0.0127 3.505199999993966
0.01796051224213831 0.0179605122421383 3.505199999993966
0.0127 0.02199704525612474 3.505199999993966
0.006574003745604032 0.02453451598774233 3.505199999993966
1.555301434917139e-18 0.0254 3.505199999993966
-0.006574003745604024 0.02453451598774234 3.505199999993966
0.02453451598774234 0.006574003745604027 3.581399999994263
0.02199704525612474 0.0127 3.581399999994263
0.01796051224213831 0.0179605122421383 3.581399999994263
0.0127 0.02199704525612474 3.581399999994263
0.006574003745604032 0.02453451598774233 3.581399999994263
1.555301434917139e-18 0.0254 3.581399999994263
-0.006574003745604024 0.02453451598774234 3.581399999994263
0.02453451598774234 0.006574003745604027 3.657599999994561
0.02199704525612474 0.0127 3.657599999994561
0.01796051224213831 0.0179605122421383 3.657599999994561
0.0127 0.02199704525612474 3.657599999994561
0.006574003745604032 0.02453451598774233 3.657599999994561
1.555301434917139e-18 0.0254 3.657599999994561
-0.006574003745604024 0.02453451598774234 3.657599999994561
0.02453451598774234 0.006574003745604027 3.733799999994702
0.02199704525612474 0.0127 3.733799999994702
0.01796051224213831 0.0179605122421383 3.733799999994702
0.0127 0.02199704525612474 3.733799999994702
0.006574003745604032 0.02453451598774233 3.733799999994702
1.555301434917139e-18 0.0254 3.733799999994702
-0.006574003745604024 0.02453451598774234 3.733799999994702
0.02453451598774234 0.006574003745604027 3.809999999994722
0.02199704525612474 0.0127 3.809999999994722
0.01796051224213831 0.0179605122421383 3.809999999994722
0.0127 0.02199704525612474 3.809999999994722
0.006574003745604032 0.02453451598774233 3.809999999994722
1.555301434917139e-18 0.0254 3.809999999994722
-0.006574003745604024 0.02453451598774234 3.809999999994722
0.02453451598774234 0.006574003745604027 3.886199999994742
0.02199704525612474 0.0127 3.886199999994742
0.01796051224213831 0.0179605122421383 3.886199999994742
0.0127 0.02199704525612474 3.886199999994742
0.006574003745604032 0.02453451598774233 3.886199999994742
1.555301434917139e-18 0.0254 3.886199999994742
-0.006574003745604024 0.02453451598774234 3.886199999994742
0.02453451598774234 0.006574003745604027 3.962399999994901
0.02199704525612474 0.0127 3.962399999994901
0.01796051224213831 0.0179605122421383 3.962399999994901
0.0127 0.02199704525612474 3.962399999994901
0.006574003745604032 0.02453451598774233 3.962399999994901
1.555301434917139e-18 0.0254 3.962399999994901
-0.006574003745604024 0.02453451598774234 3.962399999994901
0.02453451598774234 0.006574003745604027 4.038599999995407
0.02199704525612474 0.0127 4.038599999995407
0.01796051224213831 0.0179605122421383 4.038599999995407
0.0127 0.02199704525612474 4.038599999995407
0.006574003745604032 0.02453451598774233 4.038599999995407
1.555301434917139e-18 0.0254 4.038599999995407
-0.006574003745604024 0.02453451598774234 4.038599999995407
0.02453451598774234 0.006574003745604027 4.11479999999567
0.02199704525612474 0.0127 4.11479999999567
0.01796051224213831 0.0179605122421383 4.11479999999567
0.0127 0.02199704525612474 4.11479999999567
0.006574003745604032 0.02453451598774233 4.11479999999567
1.555301434917139e-18 0.0254 4.11479999999567
-0.006574003745604024 0.02453451598774234 4.11479999999567
0.02453451598774234 0.006574003745604027 4.19099999999569
0.02199704525612474 0.0127 4.19099999999569
0.01796051224213831 0.0179605122421383 4.19099999999569
0.0127 0.02199704525612474 4.19099999999569
0.006574003745604032 0.02453451598774233 4.19099999999569
1.555301434917139e-18 0.0254 4.19099999999569
-0.006574003745604024 0.02453451598774234 4.19099999999569
0.02453451598774234 0.006574003745604027 4.267199999995709
0.02199704525612474 0.0127 4.267199999995709
0.01796051224213831 0.0179605122421383 4.267199999995709
0.0127 0.02199704525612474 4.267199999995709
0.006574003745604032 0.02453451598774233 4.267199999995709
1.555301434917139e-18 0.0254 4.267199999995709
-0.006574003745604024 0.02453451598774234 4.267199999995709
0.02453451598774234 0.006574003745604027 4.343399999995729
0.02199704525612474 0.0127 4.343399999995729
0.01796051224213831 0.0179605122421383 4.343399999995729
0.0127 0.02199704525612474 4.343399999995729
0.006574003745604032 0.02453451598774233 4.343399999995729
1.555301434917139e-18 0.0254 4.343399999995729
-0.006574003745604024 0.02453451598774234 4.343399999995729
0.02453451598774234 0.006574003745604027 4.419599999995748
0.02199704525612474 0.0127 4.419599999995748
0.01796051224213831 0.0179605122421383 4.419599999995748
0.0127 0.02199704525612474 4.419599999995748
0.006574003745604032 0.02453451598774233 4.419599999995748
1.555301434917139e-18 0.0254 4.419599999995748
-0.006574003745604024 0.02453451598774234 4.419599999995748
0.02453451598774234 0.006574003745604027 4.495799999995768
0.02199704525612474 0.0127 4.495799999995768
0.01796051224213831 0.0179605122421383 4.495799999995768
0.0127 0.02199704525612474 4.495799999995768
0.006574003745604032 0.02453451598774233 4.495799999995768
1.555301434917139e-18 0.0254 4.495799999995768
-0.006574003745604024 0.02453451598774234 4.495799999995768
0.02453451598774234 0.006574003745604027 4.571999999995787
0.02199704525612474 0.0127 4.571999999995787
0.01796051224213831 0.0179605122421383 4.571999999995787
0.0127 0.02199704525612474 4.571999999995787
0.006574003745604032 0.02453451598774233 4.571999999995787
1.555301434917139e-18 0.0254 4.571999999995787
-0.006574003745604024 0.02453451598774234 4.571999999995787
0.02453451598774234 0.006574003745604027 4.648199999995807
0.02199704525612474 0.0127 4.648199999995807
0.01796051224213831 0.0179605122421383 4.648199999995807
0.0127 0.02199704525612474 4.648199999995807
0.006574003745604032 0.02453451598774233 4.648199999995807
1.555301434917139e-18 0.0254 4.648199999995807
-0.006574003745604024 0.02453451598774234 4.648199999995807
0.02453451598774234 0.006574003745604027 4.724399999995827
0.02199704525612474 0.0127 4.724399999995827
0.01796051224213831 0.0179605122421383 4.724399999995827
0.0127 0.02199704525612474 4.724399999995827
0.006574003745604032 0.02453451598774233 4.724399999995827
1.555301434917139e-18 0.0254 4.724399999995827
-0.006574003745604024 0.02453451598774234 4.724399999995827
0.02453451598774234 0.006574003745604027 4.800599999995846
0.02199704525612474 0.0127 4.800599999995846
0.01796051224213831 0.0179605122421383 4.800599999995846
0.0127 0.02199704525612474 4.800599999995846
0.006574003745604032 0.02453451598774233 4.800599999995846
1.555301434917139e-18 0.0254 4.800599999995846
-0.006574003745604024 0.02453451598774234 4.800599999995846
0.02453451598774234 0.006574003745604027 4.876799999995866
0.02199704525612474 0.0127 4.876799999995866
0.01796051224213831 0.0179605122421383 4.876799999995866
0.0127 0.02199704525612474 4.876799999995866
0.006574003745604032 0.02453451598774233 4.876799999995866
1.555301434917139e-18 0.0254 4.876799999995866
-0.006574003745604024 0.02453451598774234 4.876799999995866
0.02453451598774234 0.006574003745604027 4.952999999995886
0.02199704525612474 0.0127 4.952999999995886
0.01796051224213831 0.0179605122421383 4.952999999995886
0.0127 0.02199704525612474 4.952999999995886
0.006574003745604032 0.02453451598774233 4.952999999995886
1.555301434917139e-18 0.0254 4.952999999995886
-0.006574003745604024 0.02453451598774234 4.952999999995886
0.02453451598774234 0.006574003745604027 5.029199999995905
0.02199704525612474 0.0127 5.029199999995905
0.01796051224213831 0.0179605122421383 5.029199999995905
0.0127 0.02199704525612474 5.029199999995905
0.006574003745604032 0.02453451598774233 5.029199999995905
1.555301434917139e-18 0.0254 5.029199999995905
-0.006574003745604024 0.02453451598774234 5.029199999995905
0.02453451598774234 0.006574003745604027 5.105399999996168
0.02199704525612474 0.0127 5.105399999996168
0.01796051224213831 0.0179605122421383 5.105399999996168
0.0127 0.02199704525612474 5.105399999996168
0.006574003745604032 0.02453451598774233 5.105399999996168
1.555301434917139e-18 0.0254 5.105399999996168
-0.006574003745604024 0.02453451598774234 5.105399999996168
0.02453451598774234 0.006574003745604027 5.181599999996743
0.02199704525612474 0.0127 5.181599999996743
0.01796051224213831 0.0179605122421383 5.181599999996743
0.0127 0.02199704525612474 5.181599999996743
0.006574003745604032 0.02453451598774233 5.181599999996743
1.555301434917139e-18 0.0254 5.181599999996743
-0.006574003745604024 0.02453451598774234 5.181599999996743
0.02453451598774234 0.006574003745604027 5.257799999997318
0.02199704525612474 0.0127 5.257799999997318
0.01796051224213831 0.0179605122421383 5.257799999997318
0.0127 0.02199704525612474 5.257799999997318
0.006574003745604032 0.02453451598774233 5.257799999997318
1.555301434917139e-18 0.0254 5.257799999997318
-0.006574003745604024 0.02453451598774234 5.257799999997318
0.02453451598774234 0.006574003745604027 5.333999999997893
0.02199704525612474 0.0127 5.333999999997893
0.01796051224213831 0.0179605122421383 5.333999999997893
0.0127 0.02199704525612474 5.333999999997893
0.006574003745604032 0.02453451598774233 5.333999999997893
1.555301434917139e-18 0.0254 5.333999999997893
-0.006574003745604024 0.02453451598774234 5.333999999997893
0.02453451598774234 0.006574003745604027 5.410199999998469
0.02199704525612474 0.0127 5.410199999998469
0.01796051224213831 0.0179605122421383 5.410199999998469
0.0127 0.02199704525612474 5.410199999998469
0.006574003745604032 0.02453451598774233 5.410199999998469
1.555301434917139e-18 0.0254 5.410199999998469
-0.006574003745604024 0.02453451598774234 5.410199999998469
0.02453451598774234 0.006574003745604027 5.486399999999044
0.02199704525612474 0.0127 5.486399999999044
0.01796051224213831 0.0179605122421383 5.486399999999044
0.0127 0.02199704525612474 5.486399999999044
0.006574003745604032 0.02453451598774233 5.486399999999044
1.555301434917139e-18 0.0254 5.486399999999044
-0.006574003745604024 0.02453451598774234 5.486399999999044
0.02453451598774234 0.006574003745604027 5.562599999999619
0.02199704525612474 0.0127 5.562599999999619
0.01796051224213831 0.0179605122421383 5.562599999999619
0.0127 0.02199704525612474 5.562599999999619
0.006574003745604032 0.02453451598774233 5.562599999999619
1.555301434917139e-18 0.0254 5.562599999999619
-0.006574003745604024 0.02453451598774234 5.562599999999619
0.02453451598774234 0.006574003745604027 5.638799999999882
0.02199704525612474 0.0127 5.638799999999882
0.01796051224213831 0.0179605122421383 5.638799999999882
0.0127 0.02199704525612474 5.638799999999882
0.006574003745604032 0.02453451598774233 5.638799999999882
1.555301434917139e-18 0.0254 5.638799999999882
-0.006574003745604024 0.02453451598774234 5.638799999999882
0.02453451598774234 0.006574003745604027 5.714999999999901
0.02199704525612474 0.0127 5.714999999999901
0.01796051224213831 0.0179605122421383 5.714999999999901
0.0127 0.02199704525612474 5.714999999999901
0.006574003745604032 0.02453451598774233 5.714999999999901
1.555301434917139e-18 0.0254 5.714999999999901
-0.006574003745604024 0.02453451598774234 5.714999999999901
0.02453451598774234 0.006574003745604027 5.791199999999922
0.02199704525612474 0.0127 5.791199999999922
0.01796051224213831 0.0179605122421383 5.791199999999922
0.0127 0.02199704525612474 5.791199999999922
0.006574003745604032 0.02453451598774233 5.791199999999922
1.555301434917139e-18 0.0254 5.791199999999922
-0.006574003745604024 0.02453451598774234 5.791199999999922
0.02453451598774234 0.006574003745604027 5.867399999999941
0.02199704525612474 0.0127 5.867399999999941
0.01796051224213831 0.0179605122421383 5.867399999999941
0.0127 0.02199704525612474 5.867399999999941
0.006574003745604032 0.02453451598774233 5.867399999999941
1.555301434917139e-18 0.0254 5.867399999999941
-0.006574003745604024 0.02453451598774234 5.867399999999941
0.02453451598774234 0.006574003745604027 5.94359999999996
0.02199704525612474 0.0127 5.94359999999996
0.01796051224213831 0.0179605122421383 5.94359999999996
0.0127 0.02199704525612474 5.94359999999996
0.006574003745604032 0.02453451598774233 5.94359999999996
1.555301434917139e-18 0.0254 5.94359999999996
-0.006574003745604024 0.02453451598774234 5.94359999999996
0.02453451598774234 0.006574003745604027 6.01979999999998
0.02199704525612474 0.0127 6.01979999999998
0.01796051224213831 0.0179605122421383 6.01979999999998
0.0127 0.02199704525612474 6.01979999999998
0.006574003745604032 0.02453451598774233 6.01979999999998
1.555301434917139e-18 0.0254 6.01979999999998
-0.006574003745604024 0.02453451598774234 6.01979999999998
2 9 0 553
841
842
843
844
845
846
847
848
849
850
851
852
853
854
855
856
857
858
859
860
861
862
863
864
865
866
867
868
869
870
871
872
873
874
875
876
877
878
879
880
881
882
883
884
885
886
887
888
889
890
891
892
893
894
895
896
897
898
899
900
901
902
903
904
905
906
907
908
909
910
911
912
913
914
915
916
917
918
919
920
921
922
923
924
925
926
927
928
929
930
931
932
933
934
935
936
937
938
939
940
941
942
943
944
945
946
947
948
949
950
951
952
953
954
955
956
957
958
959
960
961
962
963
964
965
966
967
968
969
970
971
972
973
974
975
976
977
978
979
980
981
982
983
984
985
986
987
988
989
990
991
992
993
994
995
996
997
998
999
1000
1001
1002
1003
1004
1005
1006
1007
1008
1009
1010
1011
1012
1013
1014
1015
1016
1017
1018
1019
1020
1021
1022
1023
1024
1025
1026
1027
1028
1029
1030
1031
1032
1033
1034
1035
1036
1037
1038
1039
1040
1041
1042
1043
1044
1045
1046
1047
1048
1049
1050
1051
1052
1053
1054
1055
1056
1057
1058
1059
1060
1061
1062
1063
1064
1065
1066
1067
1068
1069
1070
1071
1072
1073
1074
1075
1076
1077
1078
1079
1080
1081
1082
1083
1084
1085
1086
1087
1088
1089
1090
1091
1092
1093
1094
1095
1096
1097
1098
1099
1100
1101
1102
1103
1104
1105
1106
1107
1108
1109
1110
1111
1112
1113
1114
1115
1116
1117
1118
1119
1120
1121
1122
1123
1124
1125
1126
1127
1128
1129
1130
1131
1132
1133
1134
1135
1136
1137
1138
1139
1140
1141
1142
1143
1144
1145
1146
1147
1148
1149
1150
1151
1152
1153
1154
1155
1156
1157
1158
1159
1160
1161
1162
1163
1164
1165
1166
1167
1168
1169
1170
1171
1172
1173
1174
1175
1176
1177
1178
1179
1180
1181
1182
1183
1184
1185
1186
1187
1188
1189
1190
1191
1192
1193
1194
1195
1196
1197
1198
1199
1200
1201
1202
1203
1204
1205
1206
1207
1208
1209
1210
1211
1212
1213
1214
1215
1216
1217
1218
1219
1220
1221
1222
1223
1224
1225
1226
1227
1228
1229
1230
1231
1232
1233
1234
1235
1236
1237
1238
1239
1240
1241
1242
1243
1244
1245
1246
1247
1248
1249
1250
1251
1252
1253
1254
1255
1256
1257
1258
1259
1260
1261
1262
1263
1264
1265
1266
1267
1268
1269
1270
1271
1272
1273
1274
1275
1276
1277
1278
1279
1280
1281
1282
1283
1284
1285
1286
1287
1288
1289
1290
1291
1292
1293
1294
1295
1296
1297
1298
1299
1300
1301
1302
1303
1304
1305
1306
1307
1308
1309
1310
1311
1312
1313
1314
1315
1316
1317
1318
1319
1320
1321
1322
1323
1324
1325
1326
1327
1328
1329
1330
1331
1332
1333
1334
1335
1336
1337
1338
1339
1340
1341
1342
1343
1344
1345
1346
1347
1348
1349
1350
1351
1352
1353
1354
1355
1356
1357
1358
1359
1360
1361
1362
1363
1364
1365
1366
1367
1368
1369
1370
1371
1372
1373
1374
1375
1376
1377
1378
1379
1380
1381
1382
1383
1384
1385
1386
1387
1388
1389
1390
1391
1392
1393
-0.0179605122421383 0.01796051224213831 0.07619999999988074
-0.02199704525612474 0.0127 0.07619999999988074
-0.02453451598774233 0.006574003745604034 0.07619999999988074
-0.0254 8.673617379884035e-18 0.07619999999988074
-0.02453451598774234 -0.006574003745604016 0.07619999999988074
-0.02199704525612474 -0.01269999999999999 0.07619999999988074
-0.01796051224213831 -0.0179605122421383 0.07619999999988074
-0.0179605122421383 0.01796051224213831 0.1523999999997609
-0.02199704525612474 0.0127 0.1523999999997609
-0.02453451598774233 0.006574003745604034 0.1523999999997609
-0.0254 8.673617379884035e-18 0.1523999999997609
-0.02453451598774234 -0.006574003745604016 0.1523999999997609
-0.02199704525612474 -0.01269999999999999 0.1523999999997609
-0.01796051224213831 -0.0179605122421383 0.1523999999997609
-0.0179605122421383 0.01796051224213831 0.2285999999996247
-0.02199704525612474 0.0127 0.2285999999996247
-0.02453451598774233 0.006574003745604034 0.2285999999996247
-0.0254 8.673617379884035e-18 0.2285999999996247
-0.02453451598774234 -0.006574003745604016 0.2285999999996247
-0.02199704525612474 -0.01269999999999999 0.2285999999996247
-0.01796051224213831 -0.0179605122421383 0.2285999999996247
-0.0179605122421383 0.01796051224213831 0.3047999999994875
-0.02199704525612474 0.0127 0.3047999999994875
-0.02453451598774233 0.006574003745604034 0.3047999999994875
-0.0254 8.673617379884035e-18 0.3047999999994875
-0.02453451598774234 -0.006574003745604016 0.3047999999994875
-0.02199704525612474 -0.01269999999999999 0.3047999999994875
-0.01796051224213831 -0.0179605122421383 0.3047999999994875
-0.0179605122421383 0.01796051224213831 0.3809999999993514
-0.02199704525612474 0.0127 0.3809999999993514
-0.02453451598774233 0.006574003745604034 0.3809999999993514
-0.0254 8.673617379884035e-18 0.3809999999993514
-0.02453451598774234 -0.006574003745604016 0.3809999999993514
-0.02199704525612474 -0.01269999999999999 0.3809999999993514
-0.01796051224213831 -0.0179605122421383 0.3809999999993514
-0.0179605122421383 0.01796051224213831 0.45719999999925
-0.02199704525612474 0.0127 0.45719999999925
-0.02453451598774233 0.006574003745604034 0.45719999999925
-0.0254 8.673617379884035e-18 0.45719999999925
-0.02453451598774234 -0.006574003745604016 0.45719999999925
-0.02199704525612474 -0.01269999999999999 0.45719999999925
-0.01796051224213831 -0.0179605122421383 0.45719999999925
-0.0179605122421383 0.01796051224213831 0.5333999999991356
-0.02199704525612474 0.0127 0.5333999999991356
-0.02453451598774233 0.006574003745604034 0.5333999999991356
-0.0254 8.673617379884035e-18 0.5333999999991356
-0.02453451598774234 -0.006574003745604016 0.5333999999991356
-0.02199704525612474 -0.01269999999999999 0.5333999999991356
-0.01796051224213831 -0.0179605122421383 0.5333999999991356
-0.0179605122421383 0.01796051224213831 0.6095999999990169
-0.02199704525612474 0.0127 0.6095999999990169
-0.02453451598774233 0.006574003745604034 0.6095999999990169
-0.0254 8.673617379884035e-18 0.6095999999990169
-0.02453451598774234 -0.006574003745604016 0.6095999999990169
-0.02199704525612474 -0.01269999999999999 0.6095999999990169
-0.01796051224213831 -0.0179605122421383 0.6095999999990169
-0.0179605122421383 0.01796051224213831 0.6857999999989285
-0.02199704525612474 0.0127 0.6857999999989285
-0.02453451598774233 0.006574003745604034 0.6857999999989285
-0.0254 8.673617379884035e-18 0.6857999999989285
-0.02453451598774234 -0.006574003745604016 0.6857999999989285
-0.02199704525612474 -0.01269999999999999 0.6857999999989285
-0.01796051224213831 -0.0179605122421383 0.6857999999989285
-0.0179605122421383 0.01796051224213831 0.7619999999988011
-0.02199704525612474 0.0127 0.7619999999988011
-0.02453451598774233 0.006574003745604034 0.7619999999988011
-0.0254 8.673617379884035e-18 0.7619999999988011
-0.02453451598774234 -0.006574003745604016 0.7619999999988011
-0.02199704525612474 -0.01269999999999999 0.7619999999988011
-0.01796051224213831 -0.0179605122421383 0.7619999999988011
-0.0179605122421383 0.01796051224213831 0.8381999999986126
-0.02199704525612474 0.0127 0.8381999999986126
-0.02453451598774233 0.006574003745604034 0.8381999999986126
-0.0254 8.673617379884035e-18 0.8381999999986126
-0.02453451598774234 -0.006574003745604016 0.8381999999986126
-0.02199704525612474 -0.01269999999999999 0.8381999999986126
-0.01796051224213831 -0.0179605122421383 0.8381999999986126
-0.0179605122421383 0.01796051224213831 0.9143999999984201
-0.02199704525612474 0.0127 0.9143999999984201
-0.02453451598774233 0.006574003745604034 0.9143999999984201
-0.0254 8.673617379884035e-18 0.9143999999984201
-0.02453451598774234 -0.006574003745604016 0.9143999999984201
-0.02199704525612474 -0.01269999999999999 0.9143999999984201
-0.01796051224213831 -0.0179605122421383 0.9143999999984201
-0.0179605122421383 0.01796051224213831 0.9905999999982145
-0.02199704525612474 0.0127 0.9905999999982145
-0.02453451598774233 0.006574003745604034 0.9905999999982145
-0.0254 8.673617379884035e-18 0.9905999999982145
-0.02453451598774234 -0.006574003745604016 0.9905999999982145
-0.02199704525612474 -0.01269999999999999 0.9905999999982145
-0.01796051224213831 -0.0179605122421383 0.9905999999982145
-0.0179605122421383 0.01796051224213831 1.066799999998009
-0.02199704525612474 0.0127 1.066799999998009
-0.02453451598774233 0.006574003745604034 1.066799999998009
-0.0254 8.673617379884035e-18 1.066799999998009
-0.02453451598774234 -0.006574003745604016 1.066799999998009
-0.02199704525612474 -0.01269999999999999 1.066799999998009
-0.01796051224213831 -0.0179605122421383 1.066799999998009
-0.0179605122421383 0.01796051224213831 1.142999999997751
-0.02199704525612474 0.0127 1.142999999997751
-0.02453451598774233 0.006574003745604034 1.142999999997751
-0.0254 8.673617379884035e-18 1.142999999997751
-0.02453451598774234 -0.006574003745604016 1.142999999997751
-0.02199704525612474 -0.01269999999999999 1.142999999997751
-0.01796051224213831 -0.0179605122421383 1.142999999997751
-0.0179605122421383 0.01796051224213831 1.219199999997494
-0.02199704525612474 0.0127 1.219199999997494
-0.02453451598774233 0.006574003745604034 1.219199999997494
-0.0254 8.673617379884035e-18 1.219199999997494
-0.02453451598774234 -0.006574003745604016 1.219199999997494
-0.02199704525612474 -0.01269999999999999 1.219199999997494
-0.01796051224213831 -0.0179605122421383 1.219199999997494
-0.0179605122421383 0.01796051224213831 1.295399999997297
-0.02199704525612474 0.0127 1.295399999997297
-0.02453451598774233 0.006574003745604034 1.295399999997297
-0.0254 8.673617379884035e-18 1.295399999997297
-0.02453451598774234 -0.006574003745604016 1.295399999997297
-0.02199704525612474 -0.01269999999999999 1.295399999997297
-0.01796051224213831 -0.0179605122421383 1.295399999997297
-0.0179605122421383 0.01796051224213831 1.371599999997178
-0.02199704525612474 0.0127 1.371599999997178
-0.02453451598774233 0.006574003745604034 1.371599999997178
-0.0254 8.673617379884035e-18 1.371599999997178
-0.02453451598774234 -0.006574003745604016 1.371599999997178
-0.02199704525612474 -0.01269999999999999 1.371599999997178
-0.01796051224213831 -0.0179605122421383 1.371599999997178
-0.0179605122421383 0.01796051224213831 1.447799999996981
-0.02199704525612474 0.0127 1.447799999996981
-0.02453451598774233 0.006574003745604034 1.447799999996981
-0.0254 8.673617379884035e-18 1.447799999996981
-0.02453451598774234 -0.006574003745604016 1.447799999996981
-0.02199704525612474 -0.01269999999999999 1.447799999996981
-0.01796051224213831 -0.0179605122421383 1.447799999996981
-0.0179605122421383 0.01796051224213831 1.523999999996724
-0.02199704525612474 0.0127 1.523999999996724
-0.02453451598774233 0.006574003745604034 1.523999999996724
-0.0254 8.673617379884035e-18 1.523999999996724
-0.02453451598774234 -0.006574003745604016 1.523999999996724
-0.02199704525612474 -0.01269999999999999 1.523999999996724
-0.01796051224213831 -0.0179605122421383 1.523999999996724
-0.0179605122421383 0.01796051224213831 1.600199999996466
-0.02199704525612474 0.0127 1.600199999996466
-0.02453451598774233 0.006574003745604034 1.600199999996466
-0.0254 8.673617379884035e-18 1.600199999996466
-0.02453451598774234 -0.006574003745604016 1.600199999996466
-0.02199704525612474 -0.01269999999999999 1.600199999996466
-0.01796051224213831 -0.0179605122421383 1.600199999996466
-0.0179605122421383 0.01796051224213831 1.676399999996269
-0.02199704525612474 0.0127 1.676399999996269
-0.02453451598774233 0.006574003745604034 1.676399999996269
-0.0254 8.673617379884035e-18 1.676399999996269
-0.02453451598774234 -0.006574003745604016 1.676399999996269
-0.02199704525612474 -0.01269999999999999 1.676399999996269
-0.01796051224213831 -0.0179605122421383 1.676399999996269
-0.0179605122421383 0.01796051224213831 1.75259999999615
-0.02199704525612474 0.0127 1.75259999999615
-0.02453451598774233 0.006574003745604034 1.75259999999615
-0.0254 8.673617379884035e-18 1.75259999999615
-0.02453451598774234 -0.006574003745604016 1.75259999999615
-0.02199704525612474 -0.01269999999999999 1.75259999999615
-0.01796051224213831 -0.0179605122421383 1.75259999999615
-0.0179605122421383 0.01796051224213831 1.828799999995953
-0.02199704525612474 0.0127 1.828799999995953
-0.02453451598774233 0.006574003745604034 1.828799999995953
-0.0254 8.673617379884035e-18 1.828799999995953
-0.02453451598774234 -0.006574003745604016 1.828799999995953
-0.02199704525612474 -0.01269999999999999 1.828799999995953
-0.01796051224213831 -0.0179605122421383 1.828799999995953
-0.0179605122421383 0.01796051224213831 1.904999999995696
-0.02199704525612474 0.0127 1.904999999995696
-0.02453451598774233 0.006574003745604034 1.904999999995696
-0.0254 8.673617379884035e-18 1.904999999995696
-0.02453451598774234 -0.006574003745604016 1.904999999995696
-0.02199704525612474 -0.01269999999999999 1.904999999995696
-0.01796051224213831 -0.0179605122421383 1.904999999995696
-0.0179605122421383 0.01796051224213831 1.981199999995438
-0.02199704525612474 0.0127 1.981199999995438
-0.02453451598774233 0.006574003745604034 1.981199999995438
-0.0254 8.673617379884035e-18 1.981199999995438
-0.02453451598774234 -0.006574003745604016 1.981199999995438
-0.02199704525612474 -0.01269999999999999 1.981199999995438
-0.01796051224213831 -0.0179605122421383 1.981199999995438
-0.0179605122421383 0.01796051224213831 2.05739999999518
-0.02199704525612474 0.0127 2.05739999999518
-0.02453451598774233 0.006574003745604034 2.05739999999518
-0.0254 8.673617379884035e-18 2.05739999999518
-0.02453451598774234 -0.006574003745604016 2.05739999999518
-0.02199704525612474 -0.01269999999999999 2.05739999999518
-0.01796051224213831 -0.0179605122421383 2.05739999999518
-0.0179605122421383 0.01796051224213831 2.133599999994923
-0.02199704525612474 0.0127 2.133599999994923
-0.02453451598774233 0.006574003745604034 2.133599999994923
-0.0254 8.673617379884035e-18 2.133599999994923
-0.02453451598774234 -0.006574003745604016 2.133599999994923
-0.02199704525612474 -0.01269999999999999 2.133599999994923
-0.01796051224213831 -0.0179605122421383 2.133599999994923
-0.0179605122421383 0.01796051224213831 2.2097999999947
-0.02199704525612474 0.0127 2.2097999999947
-0.02453451598774233 0.006574003745604034 2.2097999999947
-0.0254 8.673617379884035e-18 2.2097999999947
-0.02453451598774234 -0.006574003745604016 2.2097999999947
-0.02199704525612474 -0.01269999999999999 2.2097999999947
-0.01796051224213831 -0.0179605122421383 2.2097999999947
-0.0179605122421383 0.01796051224213831 2.285999999994668
-0.02199704525612474 0.0127 2.285999999994668
-0.02453451598774233 0.006574003745604034 2.285999999994668
-0.0254 8.673617379884035e-18 2.285999999994668
-0.02453451598774234 -0.006574003745604016 2.285999999994668
-0.02199704525612474 -0.01269999999999999 2.285999999994668
-0.01796051224213831 -0.0179605122421383 2.285999999994668
-0.0179605122421383 0.01796051224213831 2.362199999994636
-0.02199704525612474 0.0127 2.362199999994636
-0.02453451598774233 0.006574003745604034 2.362199999994636
-0.0254 8.673617379884035e-18 2.362199999994636
-0.02453451598774234 -0.006574003745604016 2.362199999994636
-0.02199704525612474 -0.01269999999999999 2.362199999994636
-0.01796051224213831 -0.0179605122421383 2.362199999994636
-0.0179605122421383 0.01796051224213831 2.438399999994413
-0.02199704525612474 0.0127 2.438399999994413
-0.02453451598774233 0.006574003745604034 2.438399999994413
-0.0254 8.673617379884035e-18 2.438399999994413
-0.02453451598774234 -0.006574003745604016 2.438399999994413
-0.02199704525612474 -0.01269999999999999 2.438399999994413
-0.01796051224213831 -0.0179605122421383 2.438399999994413
-0.0179605122421383 0.01796051224213831 2.514599999994155
-0.02199704525612474 0.0127 2.514599999994155
-0.02453451598774233 0.006574003745604034 2.514599999994155
-0.0254 8.673617379884035e-18 2.514599999994155
-0.02453451598774234 -0.006574003745604016 2.514599999994155
-0.02199704525612474 -0.01269999999999999 2.514599999994155
-0.01796051224213831 -0.0179605122421383 2.514599999994155
-0.0179605122421383 0.01796051224213831 2.590799999993898
-0.02199704525612474 0.0127 2.590799999993898
-0.02453451598774233 0.006574003745604034 2.590799999993898
-0.0254 8.673617379884035e-18 2.590799999993898
-0.02453451598774234 -0.006574003745604016 2.590799999993898
-0.02199704525612474 -0.01269999999999999 2.590799999993898
-0.01796051224213831 -0.0179605122421383 2.590799999993898
-0.0179605122421383 0.01796051224213831 2.66699999999364
-0.02199704525612474 0.0127 2.66699999999364
-0.02453451598774233 0.006574003745604034 2.66699999999364
-0.0254 8.673617379884035e-18 2.66699999999364
-0.02453451598774234 -0.006574003745604016 2.66699999999364
-0.02199704525612474 -0.01269999999999999 2.66699999999364
-0.01796051224213831 -0.0179605122421383 2.66699999999364
-0.0179605122421383 0.01796051224213831 2.743199999993382
-0.02199704525612474 0.0127 2.743199999993382
-0.02453451598774233 0.006574003745604034 2.743199999993382
-0.0254 8.673617379884035e-18 2.743199999993382
-0.02453451598774234 -0.006574003745604016 2.743199999993382
-0.02199704525612474 -0.01269999999999999 2.743199999993382
-0.01796051224213831 -0.0179605122421383 2.743199999993382
-0.0179605122421383 0.01796051224213831 2.819399999993125
-0.02199704525612474 0.0127 2.819399999993125
-0.02453451598774233 0.006574003745604034 2.819399999993125
-0.0254 8.673617379884035e-18 2.819399999993125
-0.02453451598774234 -0.006574003745604016 2.819399999993125
-0.02199704525612474 -0.01269999999999999 2.819399999993125
-0.01796051224213831 -0.0179605122421383 2.819399999993125
-0.0179605122421383 0.01796051224213831 2.895599999992867
-0.02199704525612474 0.0127 2.895599999992867
-0.02453451598774233 0.006574003745604034 2.895599999992867
-0.0254 8.673617379884035e-18 2.895599999992867
-0.02453451598774234 -0.006574003745604016 2.895599999992867
-0.02199704525612474 -0.01269999999999999 2.895599999992867
-0.01796051224213831 -0.0179605122421383 2.895599999992867
-0.0179605122421383 0.01796051224213831 2.971799999992644
-0.02199704525612474 0.0127 2.971799999992644
-0.02453451598774233 0.006574003745604034 2.971799999992644
-0.0254 8.673617379884035e-18 2.971799999992644
-0.02453451598774234 -0.006574003745604016 2.971799999992644
-0.02199704525612474 -0.01269999999999999 2.971799999992644
-0.01796051224213831 -0.0179605122421383 2.971799999992644
-0.0179605122421383 0.01796051224213831 3.047999999992612
-0.02199704525612474 0.0127 3.047999999992612
-0.02453451598774233 0.006574003745604034 3.047999999992612
-0.0254 8.673617379884035e-18 3.047999999992612
-0.02453451598774234 -0.006574003745604016 3.047999999992612
-0.02199704525612474 -0.01269999999999999 3.047999999992612
-0.01796051224213831 -0.0179605122421383 3.047999999992612
-0.0179605122421383 0.01796051224213831 3.124199999992632
-0.02199704525612474 0.0127 3.124199999992632
-0.02453451598774233 0.006574003745604034 3.124199999992632
-0.0254 8.673617379884035e-18 3.124199999992632
-0.02453451598774234 -0.006574003745604016 3.124199999992632
-0.02199704525612474 -0.01269999999999999 3.124199999992632
-0.01796051224213831 -0.0179605122421383 3.124199999992632
-0.0179605122421383 0.01796051224213831 3.200399999992773
-0.02199704525612474 0.0127 3.200399999992773
-0.02453451598774233 0.006574003745604034 3.200399999992773
-0.0254 8.673617379884035e-18 3.200399999992773
-0.02453451598774234 -0.006574003745604016 3.200399999992773
-0.02199704525612474 -0.01269999999999999 3.200399999992773
-0.01796051224213831 -0.0179605122421383 3.200399999992773
-0.0179605122421383 0.01796051224213831 3.276599999993071
-0.02199704525612474 0.0127 3.276599999993071
-0.02453451598774233 0.006574003745604034 3.276599999993071
-0.0254 8.673617379884035e-18 3.276599999993071
-0.02453451598774234 -0.006574003745604016 3.276599999993071
-0.02199704525612474 -0.01269999999999999 3.276599999993071
-0.01796051224213831 -0.0179605122421383 3.276599999993071
-0.0179605122421383 0.01796051224213831 3.352799999993369
-0.02199704525612474 0.0127 3.352799999993369
-0.02453451598774233 0.006574003745604034 3.352799999993369
-0.0254 8.673617379884035e-18 3.352799999993369
-0.02453451598774234 -0.006574003745604016 3.352799999993369
-0.02199704525612474 -0.01269999999999999 3.352799999993369
-0.01796051224213831 -0.0179605122421383 3.352799999993369
-0.0179605122421383 0.01796051224213831 3.428999999993667
-0.02199704525612474 0.0127 3.428999999993667
-0.02453451598774233 0.006574003745604034 3.428999999993667
-0.0254 8.673617379884035e-18 3.428999999993667
-0.02453451598774234 -0.006574003745604016 3.428999999993667
-0.02199704525612474 -0.01269999999999999 3.428999999993667
-0.01796051224213831 -0.0179605122421383 3.428999999993667
-0.0179605122421383 0.01796051224213831 3.505199999993966
-0.02199704525612474 0.0127 3.505199999993966
-0.02453451598774233 0.006574003745604034 3.505199999993966
-0.0254 8.673617379884035e-18 3.505199999993966
-0.02453451598774234 -0.006574003745604016 3.505199999993966
-0.02199704525612474 -0.01269999999999999 3.505199999993966
-0.01796051224213831 -0.0179605122421383 3.505199999993966
-0.0179605122421383 0.01796051224213831 3.581399999994263
-0.02199704525612474 0.0127 3.581399999994263
-0.02453451598774233 0.006574003745604034 3.581399999994263
-0.0254 8.673617379884035e-18 3.581399999994263
-0.02453451598774234 -0.006574003745604016 3.581399999994263
-0.02199704525612474 -0.01269999999999999 3.581399999994263
-0.01796051224213831 -0.0179605122421383 3.581399999994263
-0.0179605122421383 0.01796051224213831 3.657599999994561
-0.02199704525612474 0.0127 3.657599999994561
-0.02453451598774233 0.006574003745604034 3.657599999994561
-0.0254 8.673617379884035e-18 3.657599999994561
-0.02453451598774234 -0.006574003745604016 3.657599999994561
-0.02199704525612474 -0.01269999999999999 3.657599999994561
-0.01796051224213831 -0.0179605122421383 3.657599999994561
-0.0179605122421383 0.01796051224213831 3.733799999994702
-0.02199704525612474 0.0127 3.733799999994702
-0.02453451598774233 0.006574003745604034 3.733799999994702
-0.0254 8.673617379884035e-18 3.733799999994702
-0.02453451598774234 -0.006574003745604016 3.733799999994702
-0.02199704525612474 -0.01269999999999999 3.733799999994702
-0.01796051224213831 -0.0179605122421383 3.733799999994702
-0.0179605122421383 0.01796051224213831 3.809999999994722
-0.02199704525612474 0.0127 3.809999999994722
-0.02453451598774233 0.006574003745604034 3.809999999994722
-0.0254 8.673617379884035e-18 3.809999999994722
-0.02453451598774234 -0.006574003745604016 3.809999999994722
-0.02199704525612474 -0.01269999999999999 3.809999999994722
-0.01796051224213831 -0.0179605122421383 3.809999999994722
-0.0179605122421383 0.01796051224213831 3.886199999994742
-0.02199704525612474 0.0127 3.886199999994742
-0.02453451598774233 0.006574003745604034 3.886199999994742
-0.0254 8.673617379884035e-18 3.886199999994742
-0.02453451598774234 -0.006574003745604016 3.886199999994742
-0.02199704525612474 -0.01269999999999999 3.886199999994742
-0.01796051224213831 -0.0179605122421383 3.886199999994742
-0.0179605122421383 0.01796051224213831 3.962399999994901
-0.02199704525612474 0.0127 3.962399999994901
-0.02453451598774233 0.006574003745604034 3.962399999994901
-0.0254 8.673617379884035e-18 3.962399999994901
-0.02453451598774234 -0.006574003745604016 3.962399999994901
-0.02199704525612474 -0.01269999999999999 3.962399999994901
-0.01796051224213831 -0.0179605122421383 3.962399999994901
-0.0179605122421383 0.01796051224213831 4.038599999995407
-0.02199704525612474 0.0127 4.038599999995407
-0.02453451598774233 0.006574003745604034 4.038599999995407
-0.0254 8.673617379884035e-18 4.038599999995407
-0.02453451598774234 -0.006574003745604016 4.038599999995407
-0.02199704525612474 -0.01269999999999999 4.038599999995407
-0.01796051224213831 -0.0179605122421383 4.038599999995407
-0.0179605122421383 0.01796051224213831 4.11479999999567
-0.02199704525612474 0.0127 4.11479999999567
-0.02453451598774233 0.006574003745604034 4.11479999999567
-0.0254 8.673617379884035e-18 4.11479999999567
-0.02453451598774234 -0.006574003745604016 4.11479999999567
-0.02199704525612474 -0.01269999999999999 4.11479999999567
-0.01796051224213831 -0.0179605122421383 4.11479999999567
-0.0179605122421383 0.01796051224213831 4.19099999999569
-0.02199704525612474 0.0127 4.19099999999569
-0.02453451598774233 0.006574003745604034 4.19099999999569
-0.0254 8.673617379884035e-18 4.19099999999569
-0.02453451598774234 -0.006574003745604016 4.19099999999569
-0.02199704525612474 -0.01269999999999999 4.19099999999569
-0.01796051224213831 -0.0179605122421383 4.19099999999569
-0.0179605122421383 0.01796051224213831 4.267199999995709
-0.02199704525612474 0.0127 4.267199999995709
-0.02453451598774233 0.006574003745604034 4.267199999995709
-0.0254 8.673617379884035e-18 4.267199999995709
-0.02453451598774234 -0.006574003745604016 4.267199999995709
-0.02199704525612474 -0.01269999999999999 4.267199999995709
-0.01796051224213831 -0.0179605122421383 4.267199999995709
-0.0179605122421383 0.01796051224213831 4.343399999995729
-0.02199704525612474 0.0127 4.343399999995729
-0.02453451598774233 0.006574003745604034 4.343399999995729
-0.0254 8.673617379884035e-18 4.343399999995729
-0.02453451598774234 -0.006574003745604016 4.343399999995729
-0.02199704525612474 -0.01269999999999999 4.343399999995729
-0.01796051224213831 -0.0179605122421383 4.343399999995729
-0.0179605122421383 0.01796051224213831 4.419599999995748
-0.02199704525612474 0.0127 4.419599999995748
-0.02453451598774233 0.006574003745604034 4.419599999995748
-0.0254 8.673617379884035e-18 4.419599999995748
-0.02453451598774234 -0.006574003745604016 4.419599999995748
-0.02199704525612474 -0.01269999999999999 4.419599999995748
-0.01796051224213831 -0.0179605122421383 4.419599999995748
-0.0179605122421383 0.01796051224213831 4.495799999995768
-0.02199704525612474 0.0127 4.495799999995768
-0.02453451598774233 0.006574003745604034 4.495799999995768
-0.0254 8.673617379884035e-18 4.495799999995768
-0.02453451598774234 -0.006574003745604016 4.495799999995768
-0.02199704525612474 -0.01269999999999999 4.495799999995768
-0.01796051224213831 -0.0179605122421383 4.495799999995768
-0.0179605122421383 0.01796051224213831 4.571999999995787
-0.02199704525612474 0.0127 4.571999999995787
-0.02453451598774233 0.006574003745604034 4.571999999995787
-0.0254 8.673617379884035e-18 4.571999999995787
-0.02453451598774234 -0.006574003745604016 4.571999999995787
-0.02199704525612474 -0.01269999999999999 4.571999999995787
-0.01796051224213831 -0.0179605122421383 4.571999999995787
-0.0179605122421383 0.01796051224213831 4.648199999995807
-0.02199704525612474 0.0127 4.648199999995807
-0.02453451598774233 0.006574003745604034 4.648199999995807
-0.0254 8.673617379884035e-18 4.648199999995807
-0.02453451598774234 -0.006574003745604016 4.648199999995807
-0.02199704525612474 -0.01269999999999999 4.648199999995807
-0.01796051224213831 -0.0179605122421383 4.648199999995807
-0.0179605122421383 0.01796051224213831 4.724399999995827
-0.02199704525612474 0.0127 4.724399999995827
-0.02453451598774233 0.006574003745604034 4.724399999995827
-0.0254 8.673617379884035e-18 4.724399999995827
-0.02453451598774234 -0.006574003745604016 4.724399999995827
-0.02199704525612474 -0.01269999999999999 4.724399999995827
-0.01796051224213831 -0.0179605122421383 4.724399999995827
-0.0179605122421383 0.01796051224213831 4.800599999995846
-0.02199704525612474 0.0127 4.800599999995846
-0.02453451598774233 0.006574003745604034 4.800599999995846
-0.0254 8.673617379884035e-18 4.800599999995846
-0.02453451598774234 -0.006574003745604016 4.800599999995846
-0.02199704525612474 -0.01269999999999999 4.800599999995846
-0.01796051224213831 -0.0179605122421383 4.800599999995846
-0.0179605122421383 0.01796051224213831 4.876799999995866
-0.02199704525612474 0.0127 4.876799999995866
-0.02453451598774233 0.006574003745604034 4.876799999995866
-0.0254 8.673617379884035e-18 4.876799999995866
-0.02453451598774234 -0.006574003745604016 4.876799999995866
-0.02199704525612474 -0.01269999999999999 4.876799999995866
-0.01796051224213831 -0.0179605122421383 4.876799999995866
-0.0179605122421383 0.01796051224213831 4.952999999995886
-0.02199704525612474 0.0127 4.952999999995886
-0.02453451598774233 0.006574003745604034 4.952999999995886
-0.0254 8.673617379884035e-18 4.952999999995886
-0.02453451598774234 -0.006574003745604016 4.952999999995886
-0.02199704525612474 -0.01269999999999999 4.952999999995886
-0.01796051224213831 -0.0179605122421383 4.952999999995886
-0.0179605122421383 0.01796051224213831 5.029199999995905
-0.02199704525612474 0.0127 5.029199999995905
-0.02453451598774233 0.006574003745604034 5.029199999995905
-0.0254 8.673617379884035e-18 5.029199999995905
-0.02453451598774234 -0.006574003745604016 5.029199999995905
-0.02199704525612474 -0.01269999999999999 5.029199999995905
-0.01796051224213831 -0.0179605122421383 5.029199999995905
-0.0179605122421383 0.01796051224213831 5.105399999996168
-0.02199704525612474 0.0127 5.105399999996168
-0.02453451598774233 0.006574003745604034 5.105399999996168
-0.0254 8.673617379884035e-18 5.105399999996168
-0.02453451598774234 -0.006574003745604016 5.105399999996168
-0.02199704525612474 -0.01269999999999999 5.105399999996168
-0.01796051224213831 -0.0179605122421383 5.105399999996168
-0.0179605122421383 0.01796051224213831 5.181599999996743
-0.02199704525612474 0.0127 5.181599999996743
-0.02453451598774233 0.006574003745604034 5.181599999996743
-0.0254 8.673617379884035e-18 5.181599999996743
-0.02453451598774234 -0.006574003745604016 5.181599999996743
-0.02199704525612474 -0.01269999999999999 5.181599999996743
-0.01796051224213831 -0.0179605122421383 5.181599999996743
-0.0179605122421383 0.01796051224213831 5.257799999997318
-0.02199704525612474 0.0127 5.257799999997318
-0.02453451598774233 0.006574003745604034 5.257799999997318
-0.0254 8.673617379884035e-18 5.257799999997318
-0.02453451598774234 -0.006574003745604016 5.257799999997318
-0.02199704525612474 -0.01269999999999999 5.257799999997318
-0.01796051224213831 -0.0179605122421383 5.257799999997318
-0.0179605122421383 0.01796051224213831 5.333999999997893
-0.02199704525612474 0.0127 5.333999999997893
-0.02453451598774233 0.006574003745604034 5.333999999997893
-0.0254 8.673617379884035e-18 5.333999999997893
-0.02453451598774234 -0.006574003745604016 5.333999999997893
-0.02199704525612474 -0.01269999999999999 5.333999999997893
-0.01796051224213831 -0.0179605122421383 5.333999999997893
-0.0179605122421383 0.01796051224213831 5.410199999998469
-0.02199704525612474 0.0127 5.410199999998469
-0.02453451598774233 0.006574003745604034 5.410199999998469
-0.0254 8.673617379884035e-18 5.410199999998469
-0.02453451598774234 -0.006574003745604016 5.410199999998469
-0.02199704525612474 -0.01269999999999999 5.410199999998469
-0.01796051224213831 -0.0179605122421383 5.410199999998469
-0.0179605122421383 0.01796051224213831 5.486399999999044
-0.02199704525612474 0.0127 5.486399999999044
-0.02453451598774233 0.006574003745604034 5.486399999999044
-0.0254 8.673617379884035e-18 5.486399999999044
-0.02453451598774234 -0.006574003745604016 5.486399999999044
-0.02199704525612474 -0.01269999999999999 5.486399999999044
-0.01796051224213831 -0.0179605122421383 5.486399999999044
-0.0179605122421383 0.01796051224213831 5.562599999999619
-0.02199704525612474 0.0127 5.562599999999619
-0.02453451598774233 0.006574003745604034 5.562599999999619
-0.0254 8.673617379884035e-18 5.562599999999619
-0.02453451598774234 -0.006574003745604016 5.562599999999619
-0.02199704525612474 -0.01269999999999999 5.562599999999619
-0.01796051224213831 -0.0179605122421383 5.562599999999619
-0.0179605122421383 0.01796051224213831 5.638799999999882
-0.02199704525612474 0.0127 5.638799999999882
-0.02453451598774233 0.006574003745604034 5.638799999999882
-0.0254 8.673617379884035e-18 5.638799999999882
-0.02453451598774234 -0.006574003745604016 5.638799999999882
-0.02199704525612474 -0.01269999999999999 5.638799999999882
-0.01796051224213831 -0.0179605122421383 5.638799999999882
-0.0179605122421383 0.01796051224213831 5.714999999999901
-0.02199704525612474 0.0127 5.714999999999901
-0.02453451598774233 0.006574003745604034 5.714999999999901
-0.0254 8.673617379884035e-18 5.714999999999901
-0.02453451598774234 -0.006574003745604016 5.714999999999901
-0.02199704525612474 -0.01269999999999999 5.714999999999901
-0.01796051224213831 -0.0179605122421383 5.714999999999901
-0.0179605122421383 0.01796051224213831 5.791199999999922
-0.02199704525612474 0.0127 5.791199999999922
-0.02453451598774233 0.006574003745604034 5.791199999999922
-0.0254 8.673617379884035e-18 5.791199999999922
-0.02453451598774234 -0.006574003745604016 5.791199999999922
-0.02199704525612474 -0.01269999999999999 5.791199999999922
-0.01796051224213831 -0.0179605122421383 5.791199999999922
-0.0179605122421383 0.01796051224213831 5.867399999999941
-0.02199704525612474 0.0127 5.867399999999941
-0.02453451598774233 0.006574003745604034 5.867399999999941
-0.0254 8.673617379884035e-18 5.867399999999941
-0.02453451598774234 -0.006574003745604016 5.867399999999941
-0.02199704525612474 -0.01269999999999999 5.867399999999941
-0.01796051224213831 -0.0179605122421383 5.867399999999941
-0.0179605122421383 0.01796051224213831 5.94359999999996
-0.02199704525612474 0.0127 5.94359999999996
-0.02453451598774233 0.006574003745604034 5.94359999999996
-0.0254 8.673617379884035e-18 5.94359999999996
-0.02453451598774234 -0.006574003745604016 5.94359999999996
-0.02199704525612474 -0.01269999999999999 5.94359999999996
-0.01796051224213831 -0.0179605122421383 5.94359999999996
-0.0179605122421383 0.01796051224213831 6.01979999999998
-0.02199704525612474 0.0127 6.01979999999998
-0.02453451598774233 0.006574003745604034 6.01979999999998
-0.0254 8.673617379884035e-18 6.01979999999998
-0.02453451598774234 -0.006574003745604016 6.01979999999998
-0.02199704525612474 -0.01269999999999999 6.01979999999998
-0.01796051224213831 -0.0179605122421383 6.01979999999998
2 13 0 553
1394
1395
1396
1397
1398
1399
1400
1401
1402
1403
1404
1405
1406
1407
1408
1409
1410
1411
1412
1413
1414
1415
1416
1417
1418
1419
1420
1421
1422
1423
1424
1425
1426
1427
1428
1429
1430
1431
1432
1433
1434
1435
1436
1437
1438
1439
1440
1441
1442
1443
1444
1445
1446
1447
1448
1449
1450
1451
1452
1453
1454
1455
1456
1457
1458
1459
1460
1461
1462
1463
1464
1465
1466
1467
1468
1469
1470
1471
1472
1473
1474
1475
1476
1477
1478
1479
1480
1481
1482
1483
1484
1485
1486
1487
1488
1489
1490
1491
1492
1493
1494
1495
1496
1497
1498
1499
1500
1501
1502
1503
1504
1505
1506
1507
1508
1509
1510
1511
1512
1513
1514
1515
1516
1517
1518
1519
1520
1521
1522
1523
1524
1525
1526
1527
1528
1529
1530
1531
1532
1533
1534
1535
1536
1537
1538
1539
1540
1541
1542
1543
1544
1545
1546
1547
1548
1549
1550
1551
1552
1553
1554
1555
1556
1557
1558
1559
1560
1561
1562
1563
1564
1565
1566
1567
1568
1569
1570
1571
1572
1573
1574
1575
1576
1577
1578
1579
1580
1581
1582
1583
1584
1585
1586
1587
1588
1589
1590
1591
1592
1593
1594
1595
1596
1597
1598
1599
1600
1601
1602
1603
1604
1605
1606
1607
1608
1609
1610
1611
1612
1613
1614
1615
1616
1617
1618
1619
1620
1621
1622
1623
1624
1625
1626
1627
1628
1629
1630
1631
1632
1633
1634
1635
1636
1637
1638
1639
1640
1641
1642
1643
1644
1645
1646
1647
1648
1649
1650
1651
1652
1653
1654
1655
1656
1657
1658
1659
1660
1661
1662
1663
1664
1665
1666
1667
1668
1669
1670
1671
1672
1673
1674
1675
1676
1677
1678
1679
1680
1681
1682
1683
1684
1685
1686
1687
1688
1689
1690
1691
1692
1693
1694
1695
1696
1697
1698
1699
1700
1701
1702
1703
1704
1705
1706
1707
1708
1709
1710
1711
1712
1713
1714
1715
1716
1717
1718
1719
1720
1721
1722
1723
1724
1725
1726
1727
1728
1729
1730
1731
1732
1733
1734
1735
1736
1737
1738
1739
1740
1741
1742
1743
1744
1745
1746
1747
1748
1749
1750
1751
1752
1753
1754
1755
1756
1757
1758
1759
1760
1761
1762
1763
1764
1765
1766
1767
1768
1769
1770
1771
1772
1773
1774
1775
1776
1777
1778
1779
1780
1781
1782
1783
1784
1785
1786
1787
1788
1789
1790
1791
1792
1793
1794
1795
1796
1797
1798
1799
1800
1801
1802
1803
1804
1805
1806
1807
1808
1809
1810
1811
1812
1813
1814
1815
1816
1817
1818
1819
1820
1821
1822
1823
1824
1825
1826
1827
1828
1829
1830
1831
1832
1833
1834
1835
1836
1837
1838
1839
1840
1841
1842
1843
1844
1845
1846
1847
1848
1849
1850
1851
1852
1853
1854
1855
1856
1857
1858
1859
1860
1861
1862
1863
1864
1865
1866
1867
1868
1869
1870
1871
1872
1873
1874
1875
1876
1877
1878
1879
1880
1881
1882
1883
1884
1885
1886
1887
1888
1889
1890
1891
1892
1893
1894
1895
1896
1897
1898
1899
1900
1901
1902
1903
1904
1905
1906
1907
1908
1909
1910
1911
1912
1913
1914
1915
1916
1917
1918
1919
1920
1921
1922
1923
1924
1925
1926
1927
1928
1929
1930
1931
1932
1933
1934
1935
1936
1937
1938
1939
1940
1941
1942
1943
1944
1945
1946
-0.006574003745604036 -0.02453451598774233 0.07619999999988074
-1.214306433183765e-17 -0.0254 0.07619999999988074
0.006574003745604014 -0.02453451598774233 0.07619999999988074
0.01269999999999999 -0.02199704525612475 0.07619999999988074
0.01796051224213829 -0.01796051224213831 0.07619999999988074
0.02199704525612473 -0.01270000000000001 0.07619999999988074
0.02453451598774233 -0.006574003745604039 0.07619999999988074
-0.006574003745604036 -0.02453451598774233 0.1523999999997609
-1.214306433183765e-17 -0.0254 0.1523999999997609
0.006574003745604014 -0.02453451598774233 0.1523999999997609
0.01269999999999999 -0.02199704525612475 0.1523999999997609
0.01796051224213829 -0.01796051224213831 0.1523999999997609
0.02199704525612473 -0.01270000000000001 0.1523999999997609
0.02453451598774233 -0.006574003745604039 0.1523999999997609
-0.006574003745604036 -0.02453451598774233 0.2285999999996247
-1.214306433183765e-17 -0.0254 0.2285999999996247
0.006574003745604014 -0.02453451598774233 0.2285999999996247
0.01269999999999999 -0.02199704525612475 0.2285999999996247
0.01796051224213829 -0.01796051224213831 0.2285999999996247
0.02199704525612473 -0.01270000000000001 0.2285999999996247
0.02453451598774233 -0.006574003745604039 0.2285999999996247
-0.006574003745604036 -0.02453451598774233 0.3047999999994875
-1.214306433183765e-17 -0.0254 0.3047999999994875
0.006574003745604014 -0.02453451598774233 0.3047999999994875
0.01269999999999999 -0.02199704525612475 0.3047999999994875
0.01796051224213829 -0.01796051224213831 0.3047999999994875
0.02199704525612473 -0.01270000000000001 0.3047999999994875
0.02453451598774233 -0.006574003745604039 0.3047999999994875
-0.006574003745604036 -0.02453451598774233 0.3809999999993514
-1.214306433183765e-17 -0.0254 0.3809999999993514
0.006574003745604014 -0.02453451598774233 0.3809999999993514
0.01269999999999999 -0.02199704525612475 0.3809999999993514
0.01796051224213829 -0.01796051224213831 0.3809999999993514
0.02199704525612473 -0.01270000000000001 0.3809999999993514
0.02453451598774233 -0.006574003745604039 0.3809999999993514
-0.006574003745604036 -0.02453451598774233 0.45719999999925
-1.214306433183765e-17 -0.0254 0.45719999999925
0.006574003745604014 -0.02453451598774233 0.45719999999925
0.01269999999999999 -0.02199704525612475 0.45719999999925
0.01796051224213829 -0.01796051224213831 0.45719999999925
0.02199704525612473 -0.01270000000000001 0.45719999999925
0.02453451598774233 -0.006574003745604039 0.45719999999925
-0.006574003745604036 -0.02453451598774233 0.5333999999991356
-1.214306433183765e-17 -0.0254 0.5333999999991356
0.006574003745604014 -0.02453451598774233 0.5333999999991356
0.01269999999999999 -0.02199704525612475 0.5333999999991356
0.01796051224213829 -0.01796051224213831 0.5333999999991356
0.02199704525612473 -0.01270000000000001 0.5333999999991356
0.02453451598774233 -0.006574003745604039 0.5333999999991356
-0.006574003745604036 -0.02453451598774233 0.6095999999990169
-1.214306433183765e-17 -0.0254 0.6095999999990169
0.006574003745604014 -0.02453451598774233 0.6095999999990169
0.01269999999999999 -0.02199704525612475 0.6095999999990169
0.01796051224213829 -0.01796051224213831 0.6095999999990169
0.02199704525612473 -0.01270000000000001 0.6095999999990169
0.02453451598774233 -0.006574003745604039 0.6095999999990169
-0.006574003745604036 -0.02453451598774233 0.6857999999989285
-1.214306433183765e-17 -0.0254 0.6857999999989285
0.006574003745604014 -0.02453451598774233 0.6857999999989285
0.01269999999999999 -0.02199704525612475 0.6857999999989285
0.01796051224213829 -0.01796051224213831 0.6857999999989285
0.02199704525612473 -0.01270000000000001 0.6857999999989285
0.02453451598774233 -0.006574003745604039 0.6857999999989285
-0.006574003745604036 -0.02453451598774233 0.7619999999988011
-1.214306433183765e-17 -0.0254 0.7619999999988011
0.006574003745604014 -0.02453451598774233 0.7619999999988011
0.01269999999999999 -0.02199704525612475 0.7619999999988011
0.01796051224213829 -0.01796051224213831 0.7619999999988011
0.02199704525612473 -0.01270000000000001 0.7619999999988011
0.02453451598774233 -0.006574003745604039 0.7619999999988011
-0.006574003745604036 -0.02453451598774233 0.8381999999986126
-1.214306433183765e-17 -0.0254 0.8381999999986126
0.006574003745604014 -0.02453451598774233 0.8381999999986126
0.01269999999999999 -0.02199704525612475 0.8381999999986126
0.01796051224213829 -0.01796051224213831 0.8381999999986126
0.02199704525612473 -0.01270000000000001 0.8381999999986126
0.02453451598774233 -0.006574003745604039 0.8381999999986126
-0.006574003745604036 -0.02453451598774233 0.9143999999984201
-1.214306433183765e-17 -0.0254 0.9143999999984201
0.006574003745604014 -0.02453451598774233 0.9143999999984201
0.01269999999999999 -0.02199704525612475 0.9143999999984201
0.01796051224213829 -0.01796051224213831 0.9143999999984201
0.02199704525612473 -0.01270000000000001 0.9143999999984201
0.02453451598774233 -0.006574003745604039 0.9143999999984201
-0.006574003745604036 -0.02453451598774233 0.9905999999982145
-1.214306433183765e-17 -0.0254 0.9905999999982145
0.006574003745604014 -0.02453451598774233 0.9905999999982145
0.01269999999999999 -0.02199704525612475 0.9905999999982145
0.01796051224213829 -0.01796051224213831 0.9905999999982145
0.02199704525612473 -0.01270000000000001 0.9905999999982145
0.02453451598774233 -0.006574003745604039 0.9905999999982145
-0.006574003745604036 -0.02453451598774233 1.066799999998009
-1.214306433183765e-17 -0.0254 1.066799999998009
0.006574003745604014 -0.02453451598774233 1.066799999998009
0.01269999999999999 -0.02199704525612475 1.066799999998009
0.01796051224213829 -0.01796051224213831 1.066799999998009
0.02199704525612473 -0.01270000000000001 1.066799999998009
0.02453451598774233 -0.006574003745604039 1.066799999998009
-0.006574003745604036 -0.02453451598774233 1.142999999997751
-1.214306433183765e-17 -0.0254 1.142999999997751
0.006574003745604014 -0.02453451598774233 1.142999999997751
0.01269999999999999 -0.02199704525612475 1.142999999997751
0.01796051224213829 -0.01796051224213831 1.142999999997751
0.02199704525612473 -0.01270000000000001 1.142999999997751
0.02453451598774233 -0.006574003745604039 1.142999999997751
-0.006574003745604036 -0.02453451598774233 1.219199999997494
-1.214306433183765e-17 -0.0254 1.219199999997494
0.006574003745604014 -0.02453451598774233 1.219199999997494
0.01269999999999999 -0.02199704525612475 1.219199999997494
0.01796051224213829 -0.01796051224213831 1.219199999997494
0.02199704525612473 -0.01270000000000001 1.219199999997494
0.02453451598774233 -0.006574003745604039 1.219199999997494
-0.006574003745604036 -0.02453451598774233 1.295399999997297
-1.214306433183765e-17 -0.0254 1.295399999997297
0.006574003745604014 -0.02453451598774233 1.295399999997297
0.01269999999999999 -0.02199704525612475 1.295399999997297
0.01796051224213829 -0.01796051224213831 1.295399999997297
0.02199704525612473 -0.01270000000000001 1.295399999997297
0.02453451598774233 -0.006574003745604039 1.295399999997297
-0.006574003745604036 -0.02453451598774233 1.371599999997178
-1.214306433183765e-17 -0.0254 1.371599999997178
0.006574003745604014 -0.02453451598774233 1.371599999997178
0.01269999999999999 -0.02199704525612475 1.371599999997178
0.01796051224213829 -0.01796051224213831 1.371599999997178
0.02199704525612473 -0.01270000000000001 1.371599999997178
0.02453451598774233 -0.006574003745604039 1.371599999997178
-0.006574003745604036 -0.02453451598774233 1.447799999996981
-1.214306433183765e-17 -0.0254 1.447799999996981
0.006574003745604014 -0.02453451598774233 1.447799999996981
0.01269999999999999 -0.02199704525612475 1.447799999996981
0.01796051224213829 -0.01796051224213831 1.447799999996981
0.02199704525612473 -0.01270000000000001 1.447799999996981
0.02453451598774233 -0.006574003745604039 1.447799999996981
-0.006574003745604036 -0.02453451598774233 1.523999999996724
-1.214306433183765e-17 -0.0254 1.523999999996724
0.006574003745604014 -0.02453451598774233 1.523999999996724
0.01269999999999999 -0.02199704525612475 1.523999999996724
0.01796051224213829 -0.01796051224213831 1.523999999996724
0.02199704525612473 -0.01270000000000001 1.523999999996724
0.02453451598774233 -0.006574003745604039 1.523999999996724
-0.006574003745604036 -0.02453451598774233 1.600199999996466
-1.214306433183765e-17 -0.0254 1.600199999996466
0.006574003745604014 -0.02453451598774233 1.600199999996466
0.01269999999999999 -0.02199704525612475 1.600199999996466
0.01796051224213829 -0.01796051224213831 1.600199999996466
0.02199704525612473 -0.01270000000000001 1.600199999996466
0.02453451598774233 -0.006574003745604039 1.600199999996466
-0.006574003745604036 -0.02453451598774233 1.676399999996269
-1.214306433183765e-17 -0.0254 1.676399999996269
0.006574003745604014 -0.02453451598774233 1.676399999996269
0.01269999999999999 -0.02199704525612475 1.676399999996269
0.01796051224213829 -0.01796051224213831 1.676399999996269
0.02199704525612473 -0.01270000000000001 1.676399999996269
0.02453451598774233 -0.006574003745604039 1.676399999996269
-0.006574003745604036 -0.02453451598774233 1.75259999999615
-1.214306433183765e-17 -0.0254 1.75259999999615
0.006574003745604014 -0.02453451598774233 1.75259999999615
0.01269999999999999 -0.02199704525612475 1.75259999999615
0.01796051224213829 -0.01796051224213831 1.75259999999615
0.02199704525612473 -0.01270000000000001 1.75259999999615
0.02453451598774233 -0.006574003745604039 1.75259999999615
-0.006574003745604036 -0.02453451598774233 1.828799999995953
-1.214306433183765e-17 -0.0254 1.828799999995953
0.006574003745604014 -0.02453451598774233 1.828799999995953
0.01269999999999999 -0.02199704525612475 1.828799999995953
0.01796051224213829 -0.01796051224213831 1.828799999995953
0.02199704525612473 -0.01270000000000001 1.828799999995953
0.02453451598774233 -0.006574003745604039 1.828799999995953
-0.006574003745604036 -0.02453451598774233 1.904999999995696
-1.214306433183765e-17 -0.0254 1.904999999995696
0.006574003745604014 -0.02453451598774233 1.904999999995696
0.01269999999999999 -0.02199704525612475 1.904999999995696
0.01796051224213829 -0.01796051224213831 1.904999999995696
0.02199704525612473 -0.01270000000000001 1.904999999995696
0.02453451598774233 -0.006574003745604039 1.904999999995696
-0.006574003745604036 -0.02453451598774233 1.981199999995438
-1.214306433183765e-17 -0.0254 1.981199999995438
0.006574003745604014 -0.02453451598774233 1.981199999995438
0.01269999999999999 -0.02199704525612475 1.981199999995438
0.01796051224213829 -0.01796051224213831 1.981199999995438
0.02199704525612473 -0.01270000000000001 1.981199999995438
0.02453451598774233 -0.006574003745604039 1.981199999995438
-0.006574003745604036 -0.02453451598774233 2.05739999999518
-1.214306433183765e-17 -0.0254 2.05739999999518
0.006574003745604014 -0.02453451598774233 2.05739999999518
0.01269999999999999 -0.02199704525612475 2.05739999999518
0.01796051224213829 -0.01796051224213831 2.05739999999518
0.02199704525612473 -0.01270000000000001 2.05739999999518
0.02453451598774233 -0.006574003745604039 2.05739999999518
-0.006574003745604036 -0.02453451598774233 2.133599999994923
-1.214306433183765e-17 -0.0254 2.133599999994923
0.006574003745604014 -0.02453451598774233 2.133599999994923
0.01269999999999999 -0.02199704525612475 2.133599999994923
0.01796051224213829 -0.01796051224213831 2.133599999994923
0.02199704525612473 -0.01270000000000001 2.133599999994923
0.02453451598774233 -0.006574003745604039 2.133599999994923
-0.006574003745604036 -0.02453451598774233 2.2097999999947
-1.214306433183765e-17 -0.0254 2.2097999999947
0.006574003745604014 -0.02453451598774233 2.2097999999947
0.01269999999999999 -0.02199704525612475 2.2097999999947
0.01796051224213829 -0.01796051224213831 2.2097999999947
0.02199704525612473 -0.01270000000000001 2.2097999999947
0.02453451598774233 -0.006574003745604039 2.2097999999947
-0.006574003745604036 -0.02453451598774233 2.285999999994668
-1.214306433183765e-17 -0.0254 2.285999999994668
0.006574003745604014 -0.02453451598774233 2.285999999994668
0.01269999999999999 -0.02199704525612475 2.285999999994668
0.01796051224213829 -0.01796051224213831 2.285999999994668
0.02199704525612473 -0.01270000000000001 2.285999999994668
0.02453451598774233 -0.006574003745604039 2.285999999994668
-0.006574003745604036 -0.02453451598774233 2.362199999994636
-1.214306433183765e-17 -0.0254 2.362199999994636
0.006574003745604014 -0.02453451598774233 2.362199999994636
0.01269999999999999 -0.02199704525612475 2.362199999994636
0.01796051224213829 -0.01796051224213831 2.362199999994636
0.02199704525612473 -0.01270000000000001 2.362199999994636
0.02453451598774233 -0.006574003745604039 2.362199999994636
-0.006574003745604036 -0.02453451598774233 2.438399999994413
-1.214306433183765e-17 -0.0254 2.438399999994413
0.006574003745604014 -0.02453451598774233 2.438399999994413
0.01269999999999999 -0.02199704525612475 2.438399999994413
0.01796051224213829 -0.01796051224213831 2.438399999994413
0.02199704525612473 -0.01270000000000001 2.438399999994413
0.02453451598774233 -0.006574003745604039 2.438399999994413
-0.006574003745604036 -0.02453451598774233 2.514599999994155
-1.214306433183765e-17 -0.0254 2.514599999994155
0.006574003745604014 -0.02453451598774233 2.514599999994155
0.01269999999999999 -0.02199704525612475 2.514599999994155
0.01796051224213829 -0.01796051224213831 2.514599999994155
0.02199704525612473 -0.01270000000000001 2.514599999994155
0.02453451598774233 -0.006574003745604039 2.514599999994155
-0.006574003745604036 -0.02453451598774233 2.590799999993898
-1.214306433183765e-17 -0.0254 2.590799999993898
0.006574003745604014 -0.02453451598774233 2.590799999993898
0.01269999999999999 -0.02199704525612475 2.590799999993898
0.01796051224213829 -0.01796051224213831 2.590799999993898
0.02199704525612473 -0.01270000000000001 2.590799999993898
0.02453451598774233 -0.006574003745604039 2.590799999993898
-0.006574003745604036 -0.02453451598774233 2.66699999999364
-1.214306433183765e-17 -0.0254 2.66699999999364
0.006574003745604014 -0.02453451598774233 2.66699999999364
0.01269999999999999 -0.02199704525612475 2.66699999999364
0.01796051224213829 -0.01796051224213831 2.66699999999364
0.02199704525612473 -0.01270000000000001 2.66699999999364
0.02453451598774233 -0.006574003745604039 2.66699999999364
-0.006574003745604036 -0.02453451598774233 2.743199999993382
-1.214306433183765e-17 -0.0254 2.743199999993382
0.006574003745604014 -0.02453451598774233 2.743199999993382
0.01269999999999999 -0.02199704525612475 2.743199999993382
0.01796051224213829 -0.01796051224213831 2.743199999993382
0.02199704525612473 -0.01270000000000001 2.743199999993382
0.02453451598774233 -0.006574003745604039 2.743199999993382
-0.006574003745604036 -0.02453451598774233 2.819399999993125
-1.214306433183765e-17 -0.0254 2.819399999993125
0.006574003745604014 -0.02453451598774233 2.819399999993125
0.01269999999999999 -0.02199704525612475 2.819399999993125
0.01796051224213829 -0.01796051224213831 2.819399999993125
0.02199704525612473 -0.01270000000000001 2.819399999993125
0.02453451598774233 -0.006574003745604039 2.819399999993125
-0.006574003745604036 -0.02453451598774233 2.895599999992867
-1.214306433183765e-17 -0.0254 2.895599999992867
0.006574003745604014 -0.02453451598774233 2.895599999992867
0.01269999999999999 -0.02199704525612475 2.895599999992867
0.01796051224213829 -0.01796051224213831 2.895599999992867
0.02199704525612473 -0.01270000000000001 2.895599999992867
0.02453451598774233 -0.006574003745604039 2.895599999992867
-0.006574003745604036 -0.02453451598774233 2.971799999992644
-1.214306433183765e-17 -0.0254 2.971799999992644
0.006574003745604014 -0.02453451598774233 2.971799999992644
0.01269999999999999 -0.02199704525612475 2.971799999992644
0.01796051224213829 -0.01796051224213831 2.971799999992644
0.02199704525612473 -0.01270000000000001 2.971799999992644
0.02453451598774233 -0.006574003745604039 2.971799999992644
-0.006574003745604036 -0.02453451598774233 3.047999999992612
-1.214306433183765e-17 -0.0254 3.047999999992612
0.006574003745604014 -0.02453451598774233 3.047999999992612
0.01269999999999999 -0.02199704525612475 3.047999999992612
0.01796051224213829 -0.01796051224213831 3.047999999992612
0.02199704525612473 -0.01270000000000001 3.047999999992612
0.02453451598774233 -0.006574003745604039 3.047999999992612
-0.006574003745604036 -0.02453451598774233 3.124199999992632
-1.214306433183765e-17 -0.0254 3.124199999992632
0.006574003745604014 -0.02453451598774233 3.124199999992632
0.01269999999999999 -0.02199704525612475 3.124199999992632
0.01796051224213829 -0.01796051224213831 3.124199999992632
0.02199704525612473 -0.01270000000000001 3.124199999992632
0.02453451598774233 -0.006574003745604039 3.124199999992632
-0.006574003745604036 -0.02453451598774233 3.200399999992773
-1.214306433183765e-17 -0.0254 3.200399999992773
0.006574003745604014 -0.02453451598774233 3.200399999992773
0.01269999999999999 -0.02199704525612475 3.200399999992773
0.01796051224213829 -0.01796051224213831 3.200399999992773
0.02199704525612473 -0.01270000000000001 3.200399999992773
0.02453451598774233 -0.006574003745604039 3.200399999992773
-0.006574003745604036 -0.02453451598774233 3.276599999993071
-1.214306433183765e-17 -0.0254 3.276599999993071
0.006574003745604014 -0.02453451598774233 3.276599999993071
0.01269999999999999 -0.02199704525612475 3.276599999993071
0.01796051224213829 -0.01796051224213831 3.276599999993071
0.02199704525612473 -0.01270000000000001 3.276599999993071
0.02453451598774233 -0.006574003745604039 3.276599999993071
-0.006574003745604036 -0.02453451598774233 3.352799999993369
-1.214306433183765e-17 -0.0254 3.352799999993369
0.006574003745604014 -0.02453451598774233 3.352799999993369
0.01269999999999999 -0.02199704525612475 3.352799999993369
0.01796051224213829 -0.01796051224213831 3.352799999993369
0.02199704525612473 -0.01270000000000001 3.352799999993369
0.02453451598774233 -0.006574003745604039 3.352799999993369
-0.006574003745604036 -0.02453451598774233 3.428999999993667
-1.214306433183765e-17 -0.0254 3.428999999993667
0.006574003745604014 -0.02453451598774233 3.428999999993667
0.01269999999999999 -0.02199704525612475 3.428999999993667
0.01796051224213829 -0.01796051224213831 3.428999999993667
0.02199704525612473 -0.01270000000000001 3.428999999993667
0.02453451598774233 -0.006574003745604039 3.428999999993667
-0.006574003745604036 -0.02453451598774233 3.505199999993966
-1.214306433183765e-17 -0.0254 3.505199999993966
0.006574003745604014 -0.02453451598774233 3.505199999993966
0.01269999999999999 -0.02199704525612475 3.505199999993966
0.01796051224213829 -0.01796051224213831 3.505199999993966
0.02199704525612473 -0.01270000000000001 3.505199999993966
0.02453451598774233 -0.006574003745604039 3.505199999993966
-0.006574003745604036 -0.02453451598774233 3.581399999994263
-1.214306433183765e-17 -0.0254 3.581399999994263
0.006574003745604014 -0.02453451598774233 3.581399999994263
0.01269999999999999 -0.02199704525612475 3.581399999994263
0.01796051224213829 -0.01796051224213831 3.581399999994263
0.02199704525612473 -0.01270000000000001 3.581399999994263
0.02453451598774233 -0.006574003745604039 3.581399999994263
-0.006574003745604036 -0.02453451598774233 3.657599999994561
-1.214306433183765e-17 -0.0254 3.657599999994561
0.006574003745604014 -0.02453451598774233 3.657599999994561
0.01269999999999999 -0.02199704525612475 3.657599999994561
0.01796051224213829 -0.01796051224213831 3.657599999994561
0.02199704525612473 -0.01270000000000001 3.657599999994561
0.02453451598774233 -0.006574003745604039 3.657599999994561
-0.006574003745604036 -0.02453451598774233 3.733799999994702
-1.214306433183765e-17 -0.0254 3.733799999994702
0.006574003745604014 -0.02453451598774233 3.733799999994702
0.01269999999999999 -0.02199704525612475 3.733799999994702
0.01796051224213829 -0.01796051224213831 3.733799999994702
0.02199704525612473 -0.01270000000000001 3.733799999994702
0.02453451598774233 -0.006574003745604039 3.733799999994702
-0.006574003745604036 -0.02453451598774233 3.809999999994722
-1.214306433183765e-17 -0.0254 3.809999999994722
0.006574003745604014 -0.02453451598774233 3.809999999994722
0.01269999999999999 -0.02199704525612475 3.809999999994722
0.01796051224213829 -0.01796051224213831 3.809999999994722
0.02199704525612473 -0.01270000000000001 3.809999999994722
0.02453451598774233 -0.006574003745604039 3.809999999994722
-0.006574003745604036 -0.02453451598774233 3.886199999994742
-1.214306433183765e-17 -0.0254 3.886199999994742
0.006574003745604014 -0.02453451598774233 3.886199999994742
0.01269999999999999 -0.02199704525612475 3.886199999994742
0.01796051224213829 -0.01796051224213831 3.886199999994742
0.02199704525612473 -0.01270000000000001 3.886199999994742
0.02453451598774233 -0.006574003745604039 3.886199999994742
-0.006574003745604036 -0.02453451598774233 3.962399999994901
-1.214306433183765e-17 -0.0254 3.962399999994901
0.006574003745604014 -0.02453451598774233 3.962399999994901
0.01269999999999999 -0.02199704525612475 3.962399999994901
0.01796051224213829 -0.01796051224213831 3.962399999994901
0.02199704525612473 -0.01270000000000001 3.962399999994901
0.02453451598774233 -0.006574003745604039 3.962399999994901
-0.006574003745604036 -0.02453451598774233 4.038599999995407
-1.214306433183765e-17 -0.0254 4.038599999995407
0.006574003745604014 -0.02453451598774233 4.038599999995407
0.01269999999999999 -0.02199704525612475 4.038599999995407
0.01796051224213829 -0.01796051224213831 4.038599999995407
0.02199704525612473 -0.01270000000000001 4.038599999995407
0.02453451598774233 -0.006574003745604039 4.038599999995407
-0.006574003745604036 -0.02453451598774233 4.11479999999567
-1.214306433183765e-17 -0.0254 4.11479999999567
0.006574003745604014 -0.02453451598774233 4.11479999999567
0.01269999999999999 -0.02199704525612475 4.11479999999567
0.01796051224213829 -0.01796051224213831 4.11479999999567
0.02199704525612473 -0.01270000000000001 4.11479999999567
0.02453451598774233 -0.006574003745604039 4.11479999999567
-0.006574003745604036 -0.02453451598774233 4.19099999999569
-1.214306433183765e-17 -0.0254 4.19099999999569
0.006574003745604014 -0.02453451598774233 4.19099999999569
0.01269999999999999 -0.02199704525612475 4.19099999999569
0.01796051224213829 -0.01796051224213831 4.19099999999569
0.02199704525612473 -0.01270000000000001 4.19099999999569
0.02453451598774233 -0.006574003745604039 4.19099999999569
-0.006574003745604036 -0.02453451598774233 4.267199999995709
-1.214306433183765e-17 -0.0254 4.267199999995709
0.006574003745604014 -0.02453451598774233 4.267199999995709
0.01269999999999999 -0.02199704525612475 4.267199999995709
0.01796051224213829 -0.01796051224213831 4.267199999995709
0.02199704525612473 -0.01270000000000001 4.267199999995709
0.02453451598774233 -0.006574003745604039 4.267199999995709
-0.006574003745604036 -0.02453451598774233 4.343399999995729
-1.214306433183765e-17 -0.0254 4.343399999995729
0.006574003745604014 -0.02453451598774233 4.343399999995729
0.01269999999999999 -0.02199704525612475 4.343399999995729
0.01796051224213829 -0.01796051224213831 4.343399999995729
0.02199704525612473 -0.01270000000000001 4.343399999995729
0.02453451598774233 -0.006574003745604039 4.343399999995729
-0.006574003745604036 -0.02453451598774233 4.419599999995748
-1.214306433183765e-17 -0.0254 4.419599999995748
0.006574003745604014 -0.02453451598774233 4.419599999995748
0.01269999999999999 -0.02199704525612475 4.419599999995748
0.01796051224213829 -0.01796051224213831 4.419599999995748
0.02199704525612473 -0.01270000000000001 4.419599999995748
0.02453451598774233 -0.006574003745604039 4.419599999995748
-0.006574003745604036 -0.02453451598774233 4.495799999995768
-1.214306433183765e-17 -0.0254 4.495799999995768
0.006574003745604014 -0.02453451598774233 4.495799999995768
0.01269999999999999 -0.02199704525612475 4.495799999995768
0.01796051224213829 -0.01796051224213831 4.495799999995768
0.02199704525612473 -0.01270000000000001 4.495799999995768
0.02453451598774233 -0.006574003745604039 4.495799999995768
-0.006574003745604036 -0.02453451598774233 4.571999999995787
-1.214306433183765e-17 -0.0254 4.571999999995787
0.006574003745604014 -0.02453451598774233 4.571999999995787
0.01269999999999999 -0.02199704525612475 4.571999999995787
0.01796051224213829 -0.01796051224213831 4.571999999995787
0.02199704525612473 -0.01270000000000001 4.571999999995787
0.02453451598774233 -0.006574003745604039 4.571999999995787
-0.006574003745604036 -0.02453451598774233 4.648199999995807
-1.214306433183765e-17 -0.0254 4.648199999995807
0.006574003745604014 -0.02453451598774233 4.648199999995807
0.01269999999999999 -0.02199704525612475 4.648199999995807
0.01796051224213829 -0.01796051224213831 4.648199999995807
0.02199704525612473 -0.01270000000000001 4.648199999995807
0.02453451598774233 -0.006574003745604039 4.648199999995807
-0.006574003745604036 -0.02453451598774233 4.724399999995827
-1.214306433183765e-17 -0.0254 4.724399999995827
0.006574003745604014 -0.02453451598774233 4.724399999995827
0.01269999999999999 -0.02199704525612475 4.724399999995827
0.01796051224213829 -0.01796051224213831 4.724399999995827
0.02199704525612473 -0.01270000000000001 4.724399999995827
0.02453451598774233 -0.006574003745604039 4.724399999995827
-0.006574003745604036 -0.02453451598774233 4.800599999995846
-1.214306433183765e-17 -0.0254 4.800599999995846
0.006574003745604014 -0.02453451598774233 4.800599999995846
0.01269999999999999 -0.02199704525612475 4.800599999995846
0.01796051224213829 -0.01796051224213831 4.800599999995846
0.02199704525612473 -0.01270000000000001 4.800599999995846
0.02453451598774233 -0.006574003745604039 4.800599999995846
-0.006574003745604036 -0.02453451598774233 4.876799999995866
-1.214306433183765e-17 -0.0254 4.876799999995866
0.006574003745604014 -0.02453451598774233 4.876799999995866
0.01269999999999999 -0.02199704525612475 4.876799999995866
0.01796051224213829 -0.01796051224213831 4.876799999995866
0.02199704525612473 -0.01270000000000001 4.876799999995866
0.02453451598774233 -0.006574003745604039 4.876799999995866
-0.006574003745604036 -0.02453451598774233 4.952999999995886
-1.214306433183765e-17 -0.0254 4.952999999995886
0.006574003745604014 -0.02453451598774233 4.952999999995886
0.01269999999999999 -0.02199704525612475 4.952999999995886
0.01796051224213829 -0.01796051224213831 4.952999999995886
0.02199704525612473 -0.01270000000000001 4.952999999995886
0.02453451598774233 -0.006574003745604039 4.952999999995886
-0.006574003745604036 -0.02453451598774233 5.029199999995905
-1.214306433183765e-17 -0.0254 5.029199999995905
0.006574003745604014 -0.02453451598774233 5.029199999995905
0.01269999999999999 -0.02199704525612475 5.029199999995905
0.01796051224213829 -0.01796051224213831 5.029199999995905
0.02199704525612473 -0.01270000000000001 5.029199999995905
0.02453451598774233 -0.006574003745604039 5.029199999995905
-0.006574003745604036 -0.02453451598774233 5.105399999996168
-1.214306433183765e-17 -0.0254 5.105399999996168
0.006574003745604014 -0.02453451598774233 5.105399999996168
0.01269999999999999 -0.02199704525612475 5.105399999996168
0.01796051224213829 -0.01796051224213831 5.105399999996168
0.02199704525612473 -0.01270000000000001 5.105399999996168
0.02453451598774233 -0.006574003745604039 5.105399999996168
-0.006574003745604036 -0.02453451598774233 5.181599999996743
-1.214306433183765e-17 -0.0254 5.181599999996743
0.006574003745604014 -0.02453451598774233 5.181599999996743
0.01269999999999999 -0.02199704525612475 5.181599999996743
0.01796051224213829 -0.01796051224213831 5.181599999996743
0.02199704525612473 -0.01270000000000001 5.181599999996743
0.02453451598774233 -0.006574003745604039 5.181599999996743
-0.006574003745604036 -0.02453451598774233 5.257799999997318
-1.214306433183765e-17 -0.0254 5.257799999997318
0.006574003745604014 -0.02453451598774233 5.257799999997318
0.01269999999999999 -0.02199704525612475 5.257799999997318
0.01796051224213829 -0.01796051224213831 5.257799999997318
0.02199704525612473 -0.01270000000000001 5.257799999997318
0.02453451598774233 -0.006574003745604039 5.257799999997318
-0.006574003745604036 -0.02453451598774233 5.333999999997893
-1.214306433183765e-17 -0.0254 5.333999999997893
0.006574003745604014 -0.02453451598774233 5.333999999997893
0.01269999999999999 -0.02199704525612475 5.333999999997893
0.01796051224213829 -0.01796051224213831 5.333999999997893
0.02199704525612473 -0.01270000000000001 5.333999999997893
0.02453451598774233 -0.006574003745604039 5.333999999997893
-0.006574003745604036 -0.02453451598774233 5.410199999998469
-1.214306433183765e-17 -0.0254 5.410199999998469
0.006574003745604014 -0.02453451598774233 5.410199999998469
0.01269999999999999 -0.02199704525612475 5.410199999998469
0.01796051224213829 -0.01796051224213831 5.410199999998469
0.02199704525612473 -0.01270000000000001 5.410199999998469
0.02453451598774233 -0.006574003745604039 5.410199999998469
-0.006574003745604036 -0.02453451598774233 5.486399999999044
-1.214306433183765e-17 -0.0254 5.486399999999044
0.006574003745604014 -0.02453451598774233 5.486399999999044
0.01269999999999999 -0.02199704525612475 5.486399999999044
0.01796051224213829 -0.01796051224213831 5.486399999999044
0.02199704525612473 -0.01270000000000001 5.486399999999044
0.02453451598774233 -0.006574003745604039 5.486399999999044
-0.006574003745604036 -0.02453451598774233 5.562599999999619
-1.214306433183765e-17 -0.0254 5.562599999999619
0.006574003745604014 -0.02453451598774233 5.562599999999619
0.01269999999999999 -0.02199704525612475 5.562599999999619
0.01796051224213829 -0.01796051224213831 5.562599999999619
0.02199704525612473 -0.01270000000000001 5.562599999999619
0.02453451598774233 -0.006574003745604039 5.562599999999619
-0.006574003745604036 -0.02453451598774233 5.638799999999882
-1.214306433183765e-17 -0.0254 5.638799999999882
0.006574003745604014 -0.02453451598774233 5.638799999999882
0.01269999999999999 -0.02199704525612475 5.638799999999882
0.01796051224213829 -0.01796051224213831 5.638799999999882
0.02199704525612473 -0.01270000000000001 5.638799999999882
0.02453451598774233 -0.006574003745604039 5.638799999999882
-0.006574003745604036 -0.02453451598774233 5.714999999999901
-1.214306433183765e-17 -0.0254 5.714999999999901
0.006574003745604014 -0.02453451598774233 5.714999999999901
0.01269999999999999 -0.02199704525612475 5.714999999999901
0.01796051224213829 -0.01796051224213831 5.714999999999901
0.02199704525612473 -0.01270000000000001 5.714999999999901
0.02453451598774233 -0.006574003745604039 5.714999999999901
-0.006574003745604036 -0.02453451598774233 5.791199999999922
-1.214306433183765e-17 -0.0254 5.791199999999922
0.006574003745604014 -0.02453451598774233 5.791199999999922
0.01269999999999999 -0.02199704525612475 5.791199999999922
0.01796051224213829 -0.01796051224213831 5.791199999999922
0.02199704525612473 -0.01270000000000001 5.791199999999922
0.02453451598774233 -0.006574003745604039 5.791199999999922
-0.006574003745604036 -0.02453451598774233 5.867399999999941
-1.214306433183765e-17 -0.0254 5.867399999999941
0.006574003745604014 -0.02453451598774233 5.867399999999941
0.01269999999999999 -0.02199704525612475 5.867399999999941
0.01796051224213829 -0.01796051224213831 5.867399999999941
0.02199704525612473 -0.01270000000000001 5.867399999999941
0.02453451598774233 -0.006574003745604039 5.867399999999941
-0.006574003745604036 -0.02453451598774233 5.94359999999996
-1.214306433183765e-17 -0.0254 5.94359999999996
0.006574003745604014 -0.02453451598774233 5.94359999999996
0.01269999999999999 -0.02199704525612475 5.94359999999996
0.01796051224213829 -0.01796051224213831 5.94359999999996
0.02199704525612473 -0.01270000000000001 5.94359999999996
0.02453451598774233 -0.006574003745604039 5.94359999999996
-0.006574003745604036 -0.02453451598774233 6.01979999999998
-1.214306433183765e-17 -0.0254 6.01979999999998
0.006574003745604014 -0.02453451598774233 6.01979999999998
0.01269999999999999 -0.02199704525612475 6.01979999999998
0.01796051224213829 -0.01796051224213831 6.01979999999998
0.02199704525612473 -0.01270000000000001 6.01979999999998
0.02453451598774233 -0.006574003745604039 6.01979999999998
$EndNodes
$Elements
20 2216 1 2216
0 1 15 1
1 1 
0 2 15 1
2 2 
0 3 15 1
3 3 
0 4 15 1
4 4 
0 8 15 1
5 5 
0 10 15 1
6 6 
0 11 15 1
7 7 
0 12 15 1
8 8 
1 1 1 80
9 1 9 
10 9 10 
11 10 11 
12 11 12 
13 12 13 
14 13 14 
15 14 15 
16 15 16 
17 16 17 
18 17 18 
19 18 19 
20 19 20 
21 20 21 
22 21 22 
23 22 23 
24 23 24 
25 24 25 
26 25 26 
27 26 27 
28 27 28 
29 28 29 
30 29 30 
31 30 31 
32 31 32 
33 32 33 
34 33 34 
35 34 35 
36 35 36 
37 36 37 
38 37 38 
39 38 39 
40 39 40 
41 40 41 
42 41 42 
43 42 43 
44 43 44 
45 44 45 
46 45 46 
47 46 47 
48 47 48 
49 48 49 
50 49 50 
51 50 51 
52 51 52 
53 52 53 
54 53 54 
55 54 55 
56 55 56 
57 56 57 
58 57 58 
59 58 59 
60 59 60 
61 60 61 
62 61 62 
63 62 63 
64 63 64 
65 64 65 
66 65 66 
67 66 67 
68 67 68 
69 68 69 
70 69 70 
71 70 71 
72 71 72 
73 72 73 
74 73 74 
75 74 75 
76 75 76 
77 76 77 
78 77 78 
79 78 79 
80 79 80 
81 80 81 
82 81 82 
83 82 83 
84 83 84 
85 84 85 
86 85 86 
87 86 87 
88 87 2 
1 2 1 80
89 3 88 
90 88 89 
91 89 90 
92 90 91 
93 91 92 
94 92 93 
95 93 94 
96 94 95 
97 95 96 
98 96 97 
99 97 98 
100 98 99 
101 99 100 
102 100 101 
103 101 102 
104 102 103 
105 103 104 
106 104 105 
107 105 106 
108 106 107 
109 107 108 
110 108 109 
111 109 110 
112 110 111 
113 111 112 
114 112 113 
115 113 114 
116 114 115 
117 115 116 
118 116 117 
119 117 118 
120 118 119 
121 119 120 
122 120 121 
123 121 122 
124 122 123 
125 123 124 
126 124 125 
127 125 126 
128 126 127 
129 127 128 
130 128 129 
131 129 130 
132 130 131 
133 131 132 
134 132 133 
135 133 134 
136 134 135 
137 135 136 
138 136 137 
139 137 138 
140 138 139 
141 139 140 
142 140 141 
143 141 142 
144 142 143 
145 143 144 
146 144 145 
147 145 146 
148 146 147 
149 147 148 
150 148 149 
151 149 150 
152 150 151 
153 151 152 
154 152 153 
155 153 154 
156 154 155 
157 155 156 
158 156 157 
159 157 158 
160 158 159 
161 159 160 
162 160 161 
163 161 162 
164 162 163 
165 163 164 
166 164 165 
167 165 166 
168 166 4 
1 3 1 8
169 1 167 
170 167 168 
171 168 169 
172 169 170 
173 170 171 
174 171 172 
175 172 173 
176 173 3 
1 4 1 8
177 2 174 
178 174 175 
179 175 176 
180 176 177 
181 177 178 
182 178 179 
183 179 180 
184 180 4 
1 6 1 80
185 7 181 
186 181 182 
187 182 183 
188 183 184 
189 184 185 
190 185 186 
191 186 187 
192 187 188 
193 188 189 
194 189 190 
195 190 191 
196 191 192 
197 192 193 
198 193 194 
199 194 195 
200 195 196 
201 196 197 
202 197 198 
203 198 199 
204 199 200 
205 200 201 
206 201 202 
207 202 203 
208 203 204 
209 204 205 
210 205 206 
211 206 207 
212 207 208 
213 208 209 
214 209 210 
215 210 211 
216 211 212 
217 212 213 
218 213 214 
219 214 215 
220 215 216 
221 216 217 
222 217 218 
223 218 219 
224 219 220 
225 220 221 
226 221 222 
227 222 223 
228 223 224 
229 224 225 
230 225 226 
231 226 227 
232 227 228 
233 228 229 
234 229 230 
235 230 231 
236 231 232 
237 232 233 
238 233 234 
239 234 235 
240 235 236 
241 236 237 
242 237 238 
243 238 239 
244 239 240 
245 240 241 
246 241 242 
247 242 243 
248 243 244 
249 244 245 
250 245 246 
251 246 247 
252 247 248 
253 248 249 
254 249 250 
255 250 251 
256 251 252 
257 252 253 
258 253 254 
259 254 255 
260 255 256 
261 256 257 
262 257 258 
263 258 259 
264 259 8 
1 7 1 8
265 3 260 
266 260 261 
267 261 262 
268 262 263 
269 263 264 
270 264 265 
271 265 266 
272 266 7 
1 8 1 8
273 4 267 
274 267 268 
275 268 269 
276 269 270 
277 270 271 
278 271 272 
279 272 273 
280 273 8 
1 11 1 8
281 7 274 
282 274 275 
283 275 276 
284 276 277 
285 277 278 
286 278 279 
287 279 280 
288 280 1 
1 12 1 8
289 8 281 
290 281 282 
291 282 283 
292 283 284 
293 284 285 
294 285 286 
295 286 287 
296 287 2 
2 5 3 640
297 1 9 288 167 
298 167 288 289 168 
299 168 289 290 169 
300 169 290 291 170 
301 170 291 292 171 
302 171 292 293 172 
303 172 293 294 173 
304 173 294 88 3 
305 9 10 295 288 
306 288 295 296 289 
307 289 296 297 290 
308 290 297 298 291 
309 291 298 299 292 
310 292 299 300 293 
311 293 300 301 294 
312 294 301 89 88 
313 10 11 302 295 
314 295 302 303 296 
315 296 303 304 297 
316 297 304 305 298 
317 298 305 306 299 
318 299 306 307 300 
319 300 307 308 301 
320 301 308 90 89 
321 11 12 309 302 
322 302 309 310 303 
323 303 310 311 304 
324 304 311 312 305 
325 305 312 313 306 
326 306 313 314 307 
327 307 314 315 308 
328 308 315 91 90 
329 12 13 316 309 
330 309 316 317 310 
331 310 317 318 311 
332 311 318 319 312 
333 312 319 320 313 
334 313 320 321 314 
335 314 321 322 315 
336 315 322 92 91 
337 13 14 323 316 
338 316 323 324 317 
339 317 324 325 318 
340 318 325 326 319 
341 319 326 327 320 
342 320 327 328 321 
343 321 328 329 322 
344 322 329 93 92 
345 14 15 330 323 
346 323 330 331 324 
347 324 331 332 325 
348 325 332 333 326 
349 326 333 334 327 
350 327 334 335 328 
351 328 335 336 329 
352 329 336 94 93 
353 15 16 337 330 
354 330 337 338 331 
355 331 338 339 332 
356 332 339 340 333 
357 333 340 341 334 
358 334 341 342 335 
359 335 342 343 336 
360 336 343 95 94 
361 16 17 344 337 
362 337 344 345 338 
363 338 345 346 339 
364 339 346 347 340 
365 340 347 348 341 
366 341 348 349 342 
367 342 349 350 343 
368 343 350 96 95 
369 17 18 351 344 
370 344 351 352 345 
371 345 352 353 346 
372 346 353 354 347 
373 347 354 355 348 
374 348 355 356 349 
375 349 356 357 350 
376 350 357 97 96 
377 18 19 358 351 
378 351 358 359 352 
379 352 359 360 353 
380 353 360 361 354 
381 354 361 362 355 
382 355 362 363 356 
383 356 363 364 357 
384 357 364 98 97 
385 19 20 365 358 
386 358 365 366 359 
387 359 366 367 360 
388 360 367 368 361 
389 361 368 369 362 
390 362 369 370 363 
391 363 370 371 364 
392 364 371 99 98 
393 20 21 372 365 
394 365 372 373 366 
395 366 373 374 367 
396 367 374 375 368 
397 368 375 376 369 
398 369 376 377 370 
399 370 377 378 371 
400 371 378 100 99 
401 21 22 379 372 
402 372 379 380 373 
403 373 380 381 374 
404 374 381 382 375 
405 375 382 383 376 
406 376 383 384 377 
407 377 384 385 378 
408 378 385 101 100 
409 22 23 386 379 
410 379 386 387 380 
411 380 387 388 381 
412 381 388 389 382 
413 382 389 390 383 
414 383 390 391 384 
415 384 391 392 385 
416 385 392 102 101 
417 23 24 393 386 
418 386 393 394 387 
419 387 394 395 388 
420 388 395 396 389 
421 389 396 397 390 
422 390 397 398 391 
423 391 398 399 392 
424 392 399 103 102 
425 24 25 400 393 
426 393 400 401 394 
427 394 401 402 395 
428 395 402 403 396 
429 396 403 404 397 
430 397 404 405 398 
431 398 405 406 399 
432 399 406 104 103 
433 25 26 407 400 
434 400 407 408 401 
435 401 408 409 402 
436 402 409 410 403 
437 403 410 411 404 
438 404 411 412 405 
439 405 412 413 406 
440 406 413 105 104 
441 26 27 414 407 
442 407 414 415 408 
443 408 415 416 409 
444 409 416 417 410 
445 410 417 418 411 
446 411 418 419 412 
447 412 419 420 413 
448 413 420 106 105 
449 27 28 421 414 
450 414 421 422 415 
451 415 422 423 416 
452 416 423 424 417 
453 417 424 425 418 
454 418 425 426 419 
455 419 426 427 420 
456 420 427 107 106 
457 28 29 428 421 
458 421 428 429 422 
459 422 429 430 423 
460 423 430 431 424 
461 424 431 432 425 
462 425 432 433 426 
463 426 433 434 427 
464 427 434 108 107 
465 29 30 435 428 
466 428 435 436 429 
467 429 436 437 430 
468 430 437 438 431 
469 431 438 439 432 
470 432 439 440 433 
471 433 440 441 434 
472 434 441 109 108 
473 30 31 442 435 
474 435 442 443 436 
475 436 443 444 437 
476 437 444 445 438 
477 438 445 446 439 
478 439 446 447 440 
479 440 447 448 441 
480 441 448 110 109 
481 31 32 449 442 
482 442 449 450 443 
483 443 450 451 444 
484 444 451 452 445 
485 445 452 453 446 
486 446 453 454 447 
487 447 454 455 448 
488 448 455 111 110 
489 32 33 456 449 
490 449 456 457 450 
491 450 457 458 451 
492 451 458 459 452 
493 452 459 460 453 
494 453 460 461 454 
495 454 461 462 455 
496 455 462 112 111 
497 33 34 463 456 
498 456 463 464 457 
499 457 464 465 458 
500 458 465 466 459 
501 459 466 467 460 
502 460 467 468 461 
503 461 468 469 462 
504 462 469 113 112 
505 34 35 470 463 
506 463 470 471 464 
507 464 471 472 465 
508 465 472 473 466 
509 466 473 474 467 
510 467 474 475 468 
511 468 475 476 469 
512 469 476 114 113 
513 35 36 477 470 
514 470 477 478 471 
515 471 478 479 472 
516 472 479 480 473 
517 473 480 481 474 
518 474 481 482 475 
519 475 482 483 476 
520 476 483 115 114 
521 36 37 484 477 
522 477 484 485 478 
523 478 485 486 479 
524 479 486 487 480 
525 480 487 488 481 
526 481 488 489 482 
527 482 489 490 483 
528 483 490 116 115 
529 37 38 491 484 
530 484 491 492 485 
531 485 492 493 486 
532 486 493 494 487 
533 487 494 495 488 
534 488 495 496 489 
535 489 496 497 490 
536 490 497 117 116 
537 38 39 498 491 
538 491 498 499 492 
539 492 499 500 493 
540 493 500 501 494 
541 494 501 502 495 
542 495 502 503 496 
543 496 503 504 497 
544 497 504 118 117 
545 39 40 505 498 
546 498 505 506 499 
547 499 506 507 500 
548 500 507 508 501 
549 501 508 509 502 
550 502 509 510 503 
551 503 510 511 504 
552 504 511 119 118 
553 40 41 512 505 
554 505 512 513 506 
555 506 513 514 507 
556 507 514 515 508 
557 508 515 516 509 
558 509 516 517 510 
559 510 517 518 511 
560 511 518 120 119 
561 41 42 519 512 
562 512 519 520 513 
563 513 520 521 514 
564 514 521 522 515 
565 515 522 523 516 
566 516 523 524 517 
567 517 524 525 518 
568 518 525 121 120 
569 42 43 526 519 
570 519 526 527 520 
571 520 527 528 521 
572 521 528 529 522 
573 522 529 530 523 
574 523 530 531 524 
575 524 531 532 525 
576 525 532 122 121 
577 43 44 533 526 
578 526 533 534 527 
579 527 534 535 528 
580 528 535 536 529 
581 529 536 537 530 
582 530 537 538 531 
583 531 538 539 532 
584 532 539 123 122 
585 44 45 540 533 
586 533 540 541 534 
587 534 541 542 535 
588 535 542 543 536 
589 536 543 544 537 
590 537 544 545 538 
591 538 545 546 539 
592 539 546 124 123 
593 45 46 547 540 
594 540 547 548 541 
595 541 548 549 542 
596 542 549 550 543 
597 543 550 551 544 
598 544 551 552 545 
599 545 552 553 546 
600 546 553 125 124 
601 46 47 554 547 
602 547 554 555 548 
603 548 555 556 549 
604 549 556 557 550 
605 550 557 558 551 
606 551 558 559 552 
607 552 559 560 553 
608 553 560 126 125 
609 47 48 561 554 
610 554 561 562 555 
611 555 562 563 556 
612 556 563 564 557 
613 557 564 565 558 
614 558 565 566 559 
615 559 566 567 560 
616 560 567 127 126 
617 48 49 568 561 
618 561 568 569 562 
619 562 569 570 563 
620 563 570 571 564 
621 564 571 572 565 
622 565 572 573 566 
623 566 573 574 567 
624 567 574 128 127 
625 49 50 575 568 
626 568 575 576 569 
627 569 576 577 570 
628 570 577 578 571 
629 571 578 579 572 
630 572 579 580 573 
631 573 580 581 574 
632 574 581 129 128 
633 50 51 582 575 
634 575 582 583 576 
635 576 583 584 577 
636 577 584 585 578 
637 578 585 586 579 
638 579 586 587 580 
639 580 587 588 581 
640 581 588 130 129 
641 51 52 589 582 
642 582 589 590 583 
643 583 590 591 584 
644 584 591 592 585 
645 585 592 593 586 
646 586 593 594 587 
647 587 594 595 588 
648 588 595 131 130 
649 52 53 596 589 
650 589 596 597 590 
651 590 597 598 591 
652 591 598 599 592 
653 592 599 600 593 
654 593 600 601 594 
655 594 601 602 595 
656 595 602 132 131 
657 53 54 603 596 
658 596 603 604 597 
659 597 604 605 598 
660 598 605 606 599 
661 599 606 607 600 
662 600 607 608 601 
663 601 608 609 602 
664 602 609 133 132 
665 54 55 610 603 
666 603 610 611 604 
667 604 611 612 605 
668 605 612 613 606 
669 606 613 614 607 
670 607 614 615 608 
671 608 615 616 609 
672 609 616 134 133 
673 55 56 617 610 
674 610 617 618 611 
675 611 618 619 612 
676 612 619 620 613 
677 613 620 621 614 
678 614 621 622 615 
679 615 622 623 616 
680 616 623 135 134 
681 56 57 624 617 
682 617 624 625 618 
683 618 625 626 619 
684 619 626 627 620 
685 620 627 628 621 
686 621 628 629 622 
687 622 629 630 623 
688 623 630 136 135 
689 57 58 631 624 
690 624 631 632 625 
691 625 632 633 626 
692 626 633 634 627 
693 627 634 635 628 
694 628 635 636 629 
695 629 636 637 630 
696 630 637 137 136 
697 58 59 638 631 
698 631 638 639 632 
699 632 639 640 633 
700 633 640 641 634 
701 634 641 642 635 
702 635 642 643 636 
703 636 643 644 637 
704 637 644 138 137 
705 59 60 645 638 
706 638 645 646 639 
707 639 646 647 640 
708 640 647 648 641 
709 641 648 649 642 
710 642 649 650 643 
711 643 650 651 644 
712 644 651 139 138 
713 60 61 652 645 
714 645 652 653 646 
715 646 653 654 647 
716 647 654 655 648 
717 648 655 656 649 
718 649 656 657 650 
719 650 657 658 651 
720 651 658 140 139 
721 61 62 659 652 
722 652 659 660 653 
723 653 660 661 654 
724 654 661 662 655 
725 655 662 663 656 
726 656 663 664 657 
727 657 664 665 658 
728 658 665 141 140 
729 62 63 666 659 
730 659 666 667 660 
731 660 667 668 661 
732 661 668 669 662 
733 662 669 670 663 
734 663 670 671 664 
735 664 671 672 665 
736 665 672 142 141 
737 63 64 673 666 
738 666 673 674 667 
739 667 674 675 668 
740 668 675 676 669 
741 669 676 677 670 
742 670 677 678 671 
743 671 678 679 672 
744 672 679 143 142 
745 64 65 680 673 
746 673 680 681 674 
747 674 681 682 675 
748 675 682 683 676 
749 676 683 684 677 
750 677 684 685 678 
751 678 685 686 679 
752 679 686 144 143 
753 65 66 687 680 
754 680 687 688 681 
755 681 688 689 682 
756 682 689 690 683 
757 683 690 691 684 
758 684 691 692 685 
759 685 692 693 686 
760 686 693 145 144 
761 66 67 694 687 
762 687 694 695 688 
763 688 695 696 689 
764 689 696 697 690 
765 690 697 698 691 
766 691 698 699 692 
767 692 699 700 693 
768 693 700 146 145 
769 67 68 701 694 
770 694 701 702 695 
771 695 702 703 696 
772 696 703 704 697 
773 697 704 705 698 
774 698 705 706 699 
775 699 706 707 700 
776 700 707 147 146 
777 68 69 708 701 
778 701 708 709 702 
779 702 709 710 703 
780 703 710 711 704 
781 704 711 712 705 
782 705 712 713 706 
783 706 713 714 707 
784 707 714 148 147 
785 69 70 715 708 
786 708 715 716 709 
787 709 716 717 710 
788 710 717 718 711 
789 711 718 719 712 
790 712 719 720 713 
791 713 720 721 714 
792 714 721 149 148 
793 70 71 722 715 
794 715 722 723 716 
795 716 723 724 717 
796 717 724 725 718 
797 718 725 726 719 
798 719 726 727 720 
799 720 727 728 721 
800 721 728 150 149 
801 71 72 729 722 
802 722 729 730 723 
803 723 730 731 724 
804 724 731 732 725 
805 725 732 733 726 
806 726 733 734 727 
807 727 734 735 728 
808 728 735 151 150 
809 72 73 736 729 
810 729 736 737 730 
811 730 737 738 731 
812 731 738 739 732 
813 732 739 740 733 
814 733 740 741 734 
815 734 741 742 735 
816 735 742 152 151 
817 73 74 743 736 
818 736 743 744 737 
819 737 744 745 738 
820 738 745 746 739 
821 739 746 747 740 
822 740 747 748 741 
823 741 748 749 742 
824 742 749 153 152 
825 74 75 750 743 
826 743 750 751 744 
827 744 751 752 745 
828 745 752 753 746 
829 746 753 754 747 
830 747 754 755 748 
831 748 755 756 749 
832 749 756 154 153 
833 75 76 757 750 
834 750 757 758 751 
835 751 758 759 752 
836 752 759 760 753 
837 753 760 761 754 
838 754 761 762 755 
839 755 762 763 756 
840 756 763 155 154 
841 76 77 764 757 
842 757 764 765 758 
843 758 765 766 759 
844 759 766 767 760 
845 760 767 768 761 
846 761 768 769 762 
847 762 769 770 763 
848 763 770 156 155 
849 77 78 771 764 
850 764 771 772 765 
851 765 772 773 766 
852 766 773 774 767 
853 767 774 775 768 
854 768 775 776 769 
855 769 776 777 770 
856 770 777 157 156 
857 78 79 778 771 
858 771 778 779 772 
859 772 779 780 773 
860 773 780 781 774 
861 774 781 782 775 
862 775 782 783 776 
863 776 783 784 777 
864 777 784 158 157 
865 79 80 785 778 
866 778 785 786 779 
867 779 786 787 780 
868 780 787 788 781 
869 781 788 789 782 
870 782 789 790 783 
871 783 790 791 784 
872 784 791 159 158 
873 80 81 792 785 
874 785 792 793 786 
875 786 793 794 787 
876 787 794 795 788 
877 788 795 796 789 
878 789 796 797 790 
879 790 797 798 791 
880 791 798 160 159 
881 81 82 799 792 
882 792 799 800 793 
883 793 800 801 794 
884 794 801 802 795 
885 795 802 803 796 
886 796 803 804 797 
887 797 804 805 798 
888 798 805 161 160 
889 82 83 806 799 
890 799 806 807 800 
891 800 807 808 801 
892 801 808 809 802 
893 802 809 810 803 
894 803 810 811 804 
895 804 811 812 805 
896 805 812 162 161 
897 83 84 813 806 
898 806 813 814 807 
899 807 814 815 808 
900 808 815 816 809 
901 809 816 817 810 
902 810 817 818 811 
903 811 818 819 812 
904 812 819 163 162 
905 84 85 820 813 
906 813 820 821 814 
907 814 821 822 815 
908 815 822 823 816 
909 816 823 824 817 
910 817 824 825 818 
911 818 825 826 819 
912 819 826 164 163 
913 85 86 827 820 
914 820 827 828 821 
915 821 828 829 822 
916 822 829 830 823 
917 823 830 831 824 
918 824 831 832 825 
919 825 832 833 826 
920 826 833 165 164 
921 86 87 834 827 
922 827 834 835 828 
923 828 835 836 829 
924 829 836 837 830 
925 830 837 838 831 
926 831 838 839 832 
927 832 839 840 833 
928 833 840 166 165 
929 87 2 174 834 
930 834 174 175 835 
931 835 175 176 836 
932 836 176 177 837 
933 837 177 178 838 
934 838 178 179 839 
935 839 179 180 840 
936 840 180 4 166 
2 9 3 640
937 3 88 841 260 
938 260 841 842 261 
939 261 842 843 262 
940 262 843 844 263 
941 263 844 845 264 
942 264 845 846 265 
943 265 846 847 266 
944 266 847 181 7 
945 88 89 848 841 
946 841 848 849 842 
947 842 849 850 843 
948 843 850 851 844 
949 844 851 852 845 
950 845 852 853 846 
951 846 853 854 847 
952 847 854 182 181 
953 89 90 855 848 
954 848 855 856 849 
955 849 856 857 850 
956 850 857 858 851 
957 851 858 859 852 
958 852 859 860 853 
959 853 860 861 854 
960 854 861 183 182 
961 90 91 862 855 
962 855 862 863 856 
963 856 863 864 857 
964 857 864 865 858 
965 858 865 866 859 
966 859 866 867 860 
967 860 867 868 861 
968 861 868 184 183 
969 91 92 869 862 
970 862 869 870 863 
971 863 870 871 864 
972 864 871 872 865 
973 865 872 873 866 
974 866 873 874 867 
975 867 874 875 868 
976 868 875 185 184 
977 92 93 876 869 
978 869 876 877 870 
979 870 877 878 871 
980 871 878 879 872 
981 872 879 880 873 
982 873 880 881 874 
983 874 881 882 875 
984 875 882 186 185 
985 93 94 883 876 
986 876 883 884 877 
987 877 884 885 878 
988 878 885 886 879 
989 879 886 887 880 
990 880 887 888 881 
991 881 888 889 882 
992 882 889 187 186 
993 94 95 890 883 
994 883 890 891 884 
995 884 891 892 885 
996 885 892 893 886 
997 886 893 894 887 
998 887 894 895 888 
999 888 895 896 889 
1000 889 896 188 187 
1001 95 96 897 890 
1002 890 897 898 891 
1003 891 898 899 892 
1004 892 899 900 893 
1005 893 900 901 894 
1006 894 901 902 895 
1007 895 902 903 896 
1008 896 903 189 188 
1009 96 97 904 897 
1010 897 904 905 898 
1011 898 905 906 899 
1012 899 906 907 900 
1013 900 907 908 901 
1014 901 908 909 902 
1015 902 909 910 903 
1016 903 910 190 189 
1017 97 98 911 904 
1018 904 911 912 905 
1019 905 912 913 906 
1020 906 913 914 907 
1021 907 914 915 908 
1022 908 915 916 909 
1023 909 916 917 910 
1024 910 917 191 190 
1025 98 99 918 911 
1026 911 918 919 912 
1027 912 919 920 913 
1028 913 920 921 914 
1029 914 921 922 915 
1030 915 922 923 916 
1031 916 923 924 917 
1032 917 924 192 191 
1033 99 100 925 918 
1034 918 925 926 919 
1035 919 926 927 920 
1036 920 927 928 921 
1037 921 928 929 922 
1038 922 929 930 923 
1039 923 930 931 924 
1040 924 931 193 192 
1041 100 101 932 925 
1042 925 932 933 926 
1043 926 933 934 927 
1044 927 934 935 928 
1045 928 935 936 929 
1046 929 936 937 930 
1047 930 937 938 931 
1048 931 938 194 193 
1049 101 102 939 932 
1050 932 939 940 933 
1051 933 940 941 934 
1052 934 941 942 935 
1053 935 942 943 936 
1054 936 943 944 937 
1055 937 944 945 938 
1056 938 945 195 194 
1057 102 103 946 939 
1058 939 946 947 940 
1059 940 947 948 941 
1060 941 948 949 942 
1061 942 949 950 943 
1062 943 950 951 944 
1063 944 951 952 945 
1064 945 952 196 195 
1065 103 104 953 946 
1066 946 953 954 947 
1067 947 954 955 948 
1068 948 955 956 949 
1069 949 956 957 950 
1070 950 957 958 951 
1071 951 958 959 952 
1072 952 959 197 196 
1073 104 105 960 953 
1074 953 960 961 954 
1075 954 961 962 955 
1076 955 962 963 956 
1077 956 963 964 957 
1078 957 964 965 958 
1079 958 965 966 959 
1080 959 966 198 197 
1081 105 106 967 960 
1082 960 967 968 961 
1083 961 968 969 962 
1084 962 969 970 963 
1085 963 970 971 964 
1086 964 971 972 965 
1087 965 972 973 966 
1088 966 973 199 198 
1089 106 107 974 967 
1090 967 974 975 968 
1091 968 975 976 969 
1092 969 976 977 970 
1093 970 977 978 971 
1094 971 978 979 972 
1095 972 979 980 973 
1096 973 980 200 199 
1097 107 108 981 974 
1098 974 981 982 975 
1099 975 982 983 976 
1100 976 983 984 977 
1101 977 984 985 978 
1102 978 985 986 979 
1103 979 986 987 980 
1104 980 987 201 200 
1105 108 109 988 981 
1106 981 988 989 982 
1107 982 989 990 983 
1108 983 990 991 984 
1109 984 991 992 985 
1110 985 992 993 986 
1111 986 993 994 987 
1112 987 994 202 201 
1113 109 110 995 988 
1114 988 995 996 989 
1115 989 996 997 990 
1116 990 997 998 991 
1117 991 998 999 992 
1118 992 999 1000 993 
1119 993 1000 1001 994 
1120 994 1001 203 202 
1121 110 111 1002 995 
1122 995 1002 1003 996 
1123 996 1003 1004 997 
1124 997 1004 1005 998 
1125 998 1005 1006 999 
1126 999 1006 1007 1000 
1127 1000 1007 1008 1001 
1128 1001 1008 204 203 
1129 111 112 1009 1002 
1130 1002 1009 1010 1003 
1131 1003 1010 1011 1004 
1132 1004 1011 1012 1005 
1133 1005 1012 1013 1006 
1134 1006 1013 1014 1007 
1135 1007 1014 1015 1008 
1136 1008 1015 205 204 
1137 112 113 1016 1009 
1138 1009 1016 1017 1010 
1139 1010 1017 1018 1011 
1140 1011 1018 1019 1012 
1141 1012 1019 1020 1013 
1142 1013 1020 1021 1014 
1143 1014 1021 1022 1015 
1144 1015 1022 206 205 
1145 113 114 1023 1016 
1146 1016 1023 1024 1017 
1147 1017 1024 1025 1018 
1148 1018 1025 1026 1019 
1149 1019 1026 1027 1020 
1150 1020 1027 1028 1021 
1151 1021 1028 1029 1022 
1152 1022 1029 207 206 
1153 114 115 1030 1023 
1154 1023 1030 1031 1024 
1155 1024 1031 1032 1025 
1156 1025 1032 1033 1026 
1157 1026 1033 1034 1027 
1158 1027 1034 1035 1028 
1159 1028 1035 1036 1029 
1160 1029 1036 208 207 
1161 115 116 1037 1030 
1162 1030 1037 1038 1031 
1163 1031 1038 1039 1032 
1164 1032 1039 1040 1033 
1165 1033 1040 1041 1034 
1166 1034 1041 1042 1035 
1167 1035 1042 1043 1036 
1168 1036 1043 209 208 
1169 116 117 1044 1037 
1170 1037 1044 1045 1038 
1171 1038 1045 1046 1039 
1172 1039 1046 1047 1040 
1173 1040 1047 1048 1041 
1174 1041 1048 1049 1042 
1175 1042 1049 1050 1043 
1176 1043 1050 210 209 
1177 117 118 1051 1044 
1178 1044 1051 1052 1045 
1179 1045 1052 1053 1046 
1180 1046 1053 1054 1047 
1181 1047 1054 1055 1048 
1182 1048 1055 1056 1049 
1183 1049 1056 1057 1050 
1184 1050 1057 211 210 
1185 118 119 1058 1051 
1186 1051 1058 1059 1052 
1187 1052 1059 1060 1053 
1188 1053 1060 1061 1054 
1189 1054 1061 1062 1055 
1190 1055 1062 1063 1056 
1191 1056 1063 1064 1057 
1192 1057 1064 212 211 
1193 119 120 1065 1058 
1194 1058 1065 1066 1059 
1195 1059 1066 1067 1060 
1196 1060 1067 1068 1061 
1197 1061 1068 1069 1062 
1198 1062 1069 1070 1063 
1199 1063 1070 1071 1064 
1200 1064 1071 213 212 
1201 120 121 1072 1065 
1202 1065 1072 1073 1066 
1203 1066 1073 1074 1067 
1204 1067 1074 1075 1068 
1205 1068 1075 1076 1069 
1206 1069 1076 1077 1070 
1207 1070 1077 1078 1071 
1208 1071 1078 214 213 
1209 121 122 1079 1072 
1210 1072 1079 1080 1073 
1211 1073 1080 1081 1074 
1212 1074 1081 1082 1075 
1213 1075 1082 1083 1076 
1214 1076 1083 1084 1077 
1215 1077 1084 1085 1078 
1216 1078 1085 215 214 
1217 122 123 1086 1079 
1218 1079 1086 1087 1080 
1219 1080 1087 1088 1081 
1220 1081 1088 1089 1082 
1221 1082 1089 1090 1083 
1222 1083 1090 1091 1084 
1223 1084 1091 1092 1085 
1224 1085 1092 216 215 
1225 123 124 1093 1086 
1226 1086 1093 1094 1087 
1227 1087 1094 1095 1088 
1228 1088 1095 1096 1089 
1229 1089 1096 1097 1090 
1230 1090 1097 1098 1091 
1231 1091 1098 1099 1092 
1232 1092 1099 217 216 
1233 124 125 1100 1093 
1234 1093 1100 1101 1094 
1235 1094 1101 1102 1095 
1236 1095 1102 1103 1096 
1237 1096 1103 1104 1097 
1238 1097 1104 1105 1098 
1239 1098 1105 1106 1099 
1240 1099 1106 218 217 
1241 125 126 1107 1100 
1242 1100 1107 1108 1101 
1243 1101 1108 1109 1102 
1244 1102 1109 1110 1103 
1245 1103 1110 1111 1104 
1246 1104 1111 1112 1105 
1247 1105 1112 1113 1106 
1248 1106 1113 219 218 
1249 126 127 1114 1107 
1250 1107 1114 1115 1108 
1251 1108 1115 1116 1109 
1252 1109 1116 1117 1110 
1253 1110 1117 1118 1111 
1254 1111 1118 1119 1112 
1255 1112 1119 1120 1113 
1256 1113 1120 220 219 
1257 127 128 1121 1114 
1258 1114 1121 1122 1115 
1259 1115 1122 1123 1116 
1260 1116 1123 1124 1117 
1261 1117 1124 1125 1118 
1262 1118 1125 1126 1119 
1263 1119 1126 1127 1120 
1264 1120 1127 221 220 
1265 128 129 1128 1121 
1266 1121 1128 1129 1122 
1267 1122 1129 1130 1123 
1268 1123 1130 1131 1124 
1269 1124 1131 1132 1125 
1270 1125 1132 1133 1126 
1271 1126 1133 1134 1127 
1272 1127 1134 222 221 
1273 129 130 1135 1128 
1274 1128 1135 1136 1129 
1275 1129 1136 1137 1130 
1276 1130 1137 1138 1131 
1277 1131 1138 1139 1132 
1278 1132 1139 1140 1133 
1279 1133 1140 1141 1134 
1280 1134 1141 223 222 
1281 130 131 1142 1135 
1282 1135 1142 1143 1136 
1283 1136 1143 1144 1137 
1284 1137 1144 1145 1138 
1285 1138 1145 1146 1139 
1286 1139 1146 1147 1140 
1287 1140 1147 1148 1141 
1288 1141 1148 224 223 
1289 131 132 1149 1142 
1290 1142 1149 1150 1143 
1291 1143 1150 1151 1144 
1292 1144 1151 1152 1145 
1293 1145 1152 1153 1146 
1294 1146 1153 1154 1147 
1295 1147 1154 1155 1148 
1296 1148 1155 225 224 
1297 132 133 1156 1149 
1298 1149 1156 1157 1150 
1299 1150 1157 1158 1151 
1300 1151 1158 1159 1152 
1301 1152 1159 1160 1153 
1302 1153 1160 1161 1154 
1303 1154 1161 1162 1155 
1304 1155 1162 226 225 
1305 133 134 1163 1156 
1306 1156 1163 1164 1157 
1307 1157 1164 1165 1158 
1308 1158 1165 1166 1159 
1309 1159 1166 1167 1160 
1310 1160 1167 1168 1161 
1311 1161 1168 1169 1162 
1312 1162 1169 227 226 
1313 134 135 1170 1163 
1314 1163 1170 1171 1164 
1315 1164 1171 1172 1165 
1316 1165 1172 1173 1166 
1317 1166 1173 1174 1167 
1318 1167 1174 1175 1168 
1319 1168 1175 1176 1169 
1320 1169 1176 228 227 
1321 135 136 1177 1170 
1322 1170 1177 1178 1171 
1323 1171 1178 1179 1172 
1324 1172 1179 1180 1173 
1325 1173 1180 1181 1174 
1326 1174 1181 1182 1175 
1327 1175 1182 1183 1176 
1328 1176 1183 229 228 
1329 136 137 1184 1177 
1330 1177 1184 1185 1178 
1331 1178 1185 1186 1179 
1332 1179 1186 1187 1180 
1333 1180 1187 1188 1181 
1334 1181 1188 1189 1182 
1335 1182 1189 1190 1183 
1336 1183 1190 230 229 
1337 137 138 1191 1184 
1338 1184 1191 1192 1185 
1339 1185 1192 1193 1186 
1340 1186 1193 1194 1187 
1341 1187 1194 1195 1188 
1342 1188 1195 1196 1189 
1343 1189 1196 1197 1190 
1344 1190 1197 231 230 
1345 138 139 1198 1191 
1346 1191 1198 1199 1192 
1347 1192 1199 1200 1193 
1348 1193 1200 1201 1194 
1349 1194 1201 1202 1195 
1350 1195 1202 1203 1196 
1351 1196 1203 1204 1197 
1352 1197 1204 232 231 
1353 139 140 1205 1198 
1354 1198 1205 1206 1199 
1355 1199 1206 1207 1200 
1356 1200 1207 1208 1201 
1357 1201 1208 1209 1202 
1358 1202 1209 1210 1203 
1359 1203 1210 1211 1204 
1360 1204 1211 233 232 
1361 140 141 1212 1205 
1362 1205 1212 1213 1206 
1363 1206 1213 1214 1207 
1364 1207 1214 1215 1208 
1365 1208 1215 1216 1209 
1366 1209 1216 1217 1210 
1367 1210 1217 1218 1211 
1368 1211 1218 234 233 
1369 141 142 1219 1212 
1370 1212 1219 1220 1213 
1371 1213 1220 1221 1214 
1372 1214 1221 1222 1215 
1373 1215 1222 1223 1216 
1374 1216 1223 1224 1217 
1375 1217 1224 1225 1218 
1376 1218 1225 235 234 
1377 142 143 1226 1219 
1378 1219 1226 1227 1220 
1379 1220 1227 1228 1221 
1380 1221 1228 1229 1222 
1381 1222 1229 1230 1223 
1382 1223 1230 1231 1224 
1383 1224 1231 1232 1225 
1384 1225 1232 236 235 
1385 143 144 1233 1226 
1386 1226 1233 1234 1227 
1387 1227 1234 1235 1228 
1388 1228 1235 1236 1229 
1389 1229 1236 1237 1230 
1390 1230 1237 1238 1231 
1391 1231 1238 1239 1232 
1392 1232 1239 237 236 
1393 144 145 1240 1233 
1394 1233 1240 1241 1234 
1395 1234 1241 1242 1235 
1396 1235 1242 1243 1236 
1397 1236 1243 1244 1237 
1398 1237 1244 1245 1238 
1399 1238 1245 1246 1239 
1400 1239 1246 238 237 
1401 145 146 1247 1240 
1402 1240 1247 1248 1241 
1403 1241 1248 1249 1242 
1404 1242 1249 1250 1243 
1405 1243 1250 1251 1244 
1406 1244 1251 1252 1245 
1407 1245 1252 1253 1246 
1408 1246 1253 239 238 
1409 146 147 1254 1247 
1410 1247 1254 1255 1248 
1411 1248 1255 1256 1249 
1412 1249 1256 1257 1250 
1413 1250 1257 1258 1251 
1414 1251 1258 1259 1252 
1415 1252 1259 1260 1253 
1416 1253 1260 240 239 
1417 147 148 1261 1254 
1418 1254 1261 1262 1255 
1419 1255 1262 1263 1256 
1420 1256 1263 1264 1257 
1421 1257 1264 1265 1258 
1422 1258 1265 1266 1259 
1423 1259 1266 1267 1260 
1424 1260 1267 241 240 
1425 148 149 1268 1261 
1426 1261 1268 1269 1262 
1427 1262 1269 1270 1263 
1428 1263 1270 1271 1264 
1429 1264 1271 1272 1265 
1430 1265 1272 1273 1266 
1431 1266 1273 1274 1267 
1432 1267 1274 242 241 
1433 149 150 1275 1268 
1434 1268 1275 1276 1269 
1435 1269 1276 1277 1270 
1436 1270 1277 1278 1271 
1437 1271 1278 1279 1272 
1438 1272 1279 1280 1273 
1439 1273 1280 1281 1274 
1440 1274 1281 243 242 
1441 150 151 1282 1275 
1442 1275 1282 1283 1276 
1443 1276 1283 1284 1277 
1444 1277 1284 1285 1278 
1445 1278 1285 1286 1279 
1446 1279 1286 1287 1280 
1447 1280 1287 1288 1281 
1448 1281 1288 244 243 
1449 151 152 1289 1282 
1450 1282 1289 1290 1283 
1451 1283 1290 1291 1284 
1452 1284 1291 1292 1285 
1453 1285 1292 1293 1286 
1454 1286 1293 1294 1287 
1455 1287 1294 1295 1288 
1456 1288 1295 245 244 
1457 152 153 1296 1289 
1458 1289 1296 1297 1290 
1459 1290 1297 1298 1291 
1460 1291 1298 1299 1292 
1461 1292 1299 1300 1293 
1462 1293 1300 1301 1294 
1463 1294 1301 1302 1295 
1464 1295 1302 246 245 
1465 153 154 1303 1296 
1466 1296 1303 1304 1297 
1467 1297 1304 1305 1298 
1468 1298 1305 1306 1299 
1469 1299 1306 1307 1300 
1470 1300 1307 1308 1301 
1471 1301 1308 1309 1302 
1472 1302 1309 247 246 
1473 154 155 1310 1303 
1474 1303 1310 1311 1304 
1475 1304 1311 1312 1305 
1476 1305 1312 1313 1306 
1477 1306 1313 1314 1307 
1478 1307 1314 1315 1308 
1479 1308 1315 1316 1309 
1480 1309 1316 248 247 
1481 155 156 1317 1310 
1482 1310 1317 1318 1311 
1483 1311 1318 1319 1312 
1484 1312 1319 1320 1313 
1485 1313 1320 1321 1314 
1486 1314 1321 1322 1315 
1487 1315 1322 1323 1316 
1488 1316 1323 249 248 
1489 156 157 1324 1317 
1490 1317 1324 1325 1318 
1491 1318 1325 1326 1319 
1492 1319 1326 1327 1320 
1493 1320 1327 1328 1321 
1494 1321 1328 1329 1322 
1495 1322 1329 1330 1323 
1496 1323 1330 250 249 
1497 157 158 1331 1324 
1498 1324 1331 1332 1325 
1499 1325 1332 1333 1326 
1500 1326 1333 1334 1327 
1501 1327 1334 1335 1328 
1502 1328 1335 1336 1329 
1503 1329 1336 1337 1330 
1504 1330 1337 251 250 
1505 158 159 1338 1331 
1506 1331 1338 1339 1332 
1507 1332 1339 1340 1333 
1508 1333 1340 1341 1334 
1509 1334 1341 1342 1335 
1510 1335 1342 1343 1336 
1511 1336 1343 1344 1337 
1512 1337 1344 252 251 
1513 159 160 1345 1338 
1514 1338 1345 1346 1339 
1515 1339 1346 1347 1340 
1516 1340 1347 1348 1341 
1517 1341 1348 1349 1342 
1518 1342 1349 1350 1343 
1519 1343 1350 1351 1344 
1520 1344 1351 253 252 
1521 160 161 1352 1345 
1522 1345 1352 1353 1346 
1523 1346 1353 1354 1347 
1524 1347 1354 1355 1348 
1525 1348 1355 1356 1349 
1526 1349 1356 1357 1350 
1527 1350 1357 1358 1351 
1528 1351 1358 254 253 
1529 161 162 1359 1352 
1530 1352 1359 1360 1353 
1531 1353 1360 1361 1354 
1532 1354 1361 1362 1355 
1533 1355 1362 1363 1356 
1534 1356 1363 1364 1357 
1535 1357 1364 1365 1358 
1536 1358 1365 255 254 
1537 162 163 1366 1359 
1538 1359 1366 1367 1360 
1539 1360 1367 1368 1361 
1540 1361 1368 1369 1362 
1541 1362 1369 1370 1363 
1542 1363 1370 1371 1364 
1543 1364 1371 1372 1365 
1544 1365 1372 256 255 
1545 163 164 1373 1366 
1546 1366 1373 1374 1367 
1547 1367 1374 1375 1368 
1548 1368 1375 1376 1369 
1549 1369 1376 1377 1370 
1550 1370 1377 1378 1371 
1551 1371 1378 1379 1372 
1552 1372 1379 257 256 
1553 164 165 1380 1373 
1554 1373 1380 1381 1374 
1555 1374 1381 1382 1375 
1556 1375 1382 1383 1376 
1557 1376 1383 1384 1377 
1558 1377 1384 1385 1378 
1559 1378 1385 1386 1379 
1560 1379 1386 258 257 
1561 165 166 1387 1380 
1562 1380 1387 1388 1381 
1563 1381 1388 1389 1382 
1564 1382 1389 1390 1383 
1565 1383 1390 1391 1384 
1566 1384 1391 1392 1385 
1567 1385 1392 1393 1386 
1568 1386 1393 259 258 
1569 166 4 267 1387 
1570 1387 267 268 1388 
1571 1388 268 269 1389 
1572 1389 269 270 1390 
1573 1390 270 271 1391 
1574 1391 271 272 1392 
1575 1392 272 273 1393 
1576 1393 273 8 259 
2 13 3 640
1577 7 181 1394 274 
1578 274 1394 1395 275 
1579 275 1395 1396 276 
1580 276 1396 1397 277 
1581 277 1397 1398 278 
1582 278 1398 1399 279 
1583 279 1399 1400 280 
1584 280 1400 9 1 
1585 181 182 1401 1394 
1586 1394 1401 1402 1395 
1587 1395 1402 1403 1396 
1588 1396 1403 1404 1397 
1589 1397 1404 1405 1398 
1590 1398 1405 1406 1399 
1591 1399 1406 1407 1400 
1592 1400 1407 10 9 
1593 182 183 1408 1401 
1594 1401 1408 1409 1402 
1595 1402 1409 1410 1403 
1596 1403 1410 1411 1404 
1597 1404 1411 1412 1405 
1598 1405 1412 1413 1406 
1599 1406 1413 1414 1407 
1600 1407 1414 11 10 
1601 183 184 1415 1408 
1602 1408 1415 1416 1409 
1603 1409 1416 1417 1410 
1604 1410 1417 1418 1411 
1605 1411 1418 1419 1412 
1606 1412 1419 1420 1413 
1607 1413 1420 1421 1414 
1608 1414 1421 12 11 
1609 184 185 1422 1415 
1610 1415 1422 1423 1416 
1611 1416 1423 1424 1417 
1612 1417 1424 1425 1418 
1613 1418 1425 1426 1419 
1614 1419 1426 1427 1420 
1615 1420 1427 1428 1421 
1616 1421 1428 13 12 
1617 185 186 1429 1422 
1618 1422 1429 1430 1423 
1619 1423 1430 1431 1424 
1620 1424 1431 1432 1425 
1621 1425 1432 1433 1426 
1622 1426 1433 1434 1427 
1623 1427 1434 1435 1428 
1624 1428 1435 14 13 
1625 186 187 1436 1429 
1626 1429 1436 1437 1430 
1627 1430 1437 1438 1431 
1628 1431 1438 1439 1432 
1629 1432 1439 1440 1433 
1630 1433 1440 1441 1434 
1631 1434 1441 1442 1435 
1632 1435 1442 15 14 
1633 187 188 1443 1436 
1634 1436 1443 1444 1437 
1635 1437 1444 1445 1438 
1636 1438 1445 1446 1439 
1637 1439 1446 1447 1440 
1638 1440 1447 1448 1441 
1639 1441 1448 1449 1442 
1640 1442 1449 16 15 
1641 188 189 1450 1443 
1642 1443 1450 1451 1444 
1643 1444 1451 1452 1445 
1644 1445 1452 1453 1446 
1645 1446 1453 1454 1447 
1646 1447 1454 1455 1448 
1647 1448 1455 1456 1449 
1648 1449 1456 17 16 
1649 189 190 1457 1450 
1650 1450 1457 1458 1451 
1651 1451 1458 1459 1452 
1652 1452 1459 1460 1453 
1653 1453 1460 1461 1454 
1654 1454 1461 1462 1455 
1655 1455 1462 1463 1456 
1656 1456 1463 18 17 
1657 190 191 1464 1457 
1658 1457 1464 1465 1458 
1659 1458 1465 1466 1459 
1660 1459 1466 1467 1460 
1661 1460 1467 1468 1461 
1662 1461 1468 1469 1462 
1663 1462 1469 1470 1463 
1664 1463 1470 19 18 
1665 191 192 1471 1464 
1666 1464 1471 1472 1465 
1667 1465 1472 1473 1466 
1668 1466 1473 1474 1467 
1669 1467 1474 1475 1468 
1670 1468 1475 1476 1469 
1671 1469 1476 1477 1470 
1672 1470 1477 20 19 
1673 192 193 1478 1471 
1674 1471 1478 1479 1472 
1675 1472 1479 1480 1473 
1676 1473 1480 1481 1474 
1677 1474 1481 1482 1475 
1678 1475 1482 1483 1476 
1679 1476 1483 1484 1477 
1680 1477 1484 21 20 
1681 193 194 1485 1478 
1682 1478 1485 1486 1479 
1683 1479 1486 1487 1480 
1684 1480 1487 1488 1481 
1685 1481 1488 1489 1482 
1686 1482 1489 1490 1483 
1687 1483 1490 1491 1484 
1688 1484 1491 22 21 
1689 194 195 1492 1485 
1690 1485 1492 1493 1486 
1691 1486 1493 1494 1487 
1692 1487 1494 1495 1488 
1693 1488 1495 1496 1489 
1694 1489 1496 1497 1490 
1695 1490 1497 1498 1491 
1696 1491 1498 23 22 
1697 195 196 1499 1492 
1698 1492 1499 1500 1493 
1699 1493 1500 1501 1494 
1700 1494 1501 1502 1495 
1701 1495 1502 1503 1496 
1702 1496 1503 1504 1497 
1703 1497 1504 1505 1498 
1704 1498 1505 24 23 
1705 196 197 1506 1499 
1706 1499 1506 1507 1500 
1707 1500 1507 1508 1501 
1708 1501 1508 1509 1502 
1709 1502 1509 1510 1503 
1710 1503 1510 1511 1504 
1711 1504 1511 1512 1505 
1712 1505 1512 25 24 
1713 197 198 1513 1506 
1714 1506 1513 1514 1507 
1715 1507 1514 1515 1508 
1716 1508 1515 1516 1509 
1717 1509 1516 1517 1510 
1718 1510 1517 1518 1511 
1719 1511 1518 1519 1512 
1720 1512 1519 26 25 
1721 198 199 1520 1513 
1722 1513 1520 1521 1514 
1723 1514 1521 1522 1515 
1724 1515 1522 1523 1516 
1725 1516 1523 1524 1517 
1726 1517 1524 1525 1518 
1727 1518 1525 1526 1519 
1728 1519 1526 27 26 
1729 199 200 1527 1520 
1730 1520 1527 1528 1521 
1731 1521 1528 1529 1522 
1732 1522 1529 1530 1523 
1733 1523 1530 1531 1524 
1734 1524 1531 1532 1525 
1735 1525 1532 1533 1526 
1736 1526 1533 28 27 
1737 200 201 1534 1527 
1738 1527 1534 1535 1528 
1739 1528 1535 1536 1529 
1740 1529 1536 1537 1530 
1741 1530 1537 1538 1531 
1742 1531 1538 1539 1532 
1743 1532 1539 1540 1533 
1744 1533 1540 29 28 
1745 201 202 1541 1534 
1746 1534 1541 1542 1535 
1747 1535 1542 1543 1536 
1748 1536 1543 1544 1537 
1749 1537 1544 1545 1538 
1750 1538 1545 1546 1539 
1751 1539 1546 1547 1540 
1752 1540 1547 30 29 
1753 202 203 1548 1541 
1754 1541 1548 1549 1542 
1755 1542 1549 1550 1543 
1756 1543 1550 1551 1544 
1757 1544 1551 1552 1545 
1758 1545 1552 1553 1546 
1759 1546 1553 1554 1547 
1760 1547 1554 31 30 
1761 203 204 1555 1548 
1762 1548 1555 1556 1549 
1763 1549 1556 1557 1550 
1764 1550 1557 1558 1551 
1765 1551 1558 1559 1552 
1766 1552 1559 1560 1553 
1767 1553 1560 1561 1554 
1768 1554 1561 32 31 
1769 204 205 1562 1555 
1770 1555 1562 1563 1556 
1771 1556 1563 1564 1557 
1772 1557 1564 1565 1558 
1773 1558 1565 1566 1559 
1774 1559 1566 1567 1560 
1775 1560 1567 1568 1561 
1776 1561 1568 33 32 
1777 205 206 1569 1562 
1778 1562 1569 1570 1563 
1779 1563 1570 1571 1564 
1780 1564 1571 1572 1565 
1781 1565 1572 1573 1566 
1782 1566 1573 1574 1567 
1783 1567 1574 1575 1568 
1784 1568 1575 34 33 
1785 206 207 1576 1569 
1786 1569 1576 1577 1570 
1787 1570 1577 1578 1571 
1788 1571 1578 1579 1572 
1789 1572 1579 1580 1573 
1790 1573 1580 1581 1574 
1791 1574 1581 1582 1575 
1792 1575 1582 35 34 
1793 207 208 1583 1576 
1794 1576 1583 1584 1577 
1795 1577 1584 1585 1578 
1796 1578 1585 1586 1579 
1797 1579 1586 1587 1580 
1798 1580 1587 1588 1581 
1799 1581 1588 1589 1582 
1800 1582 1589 36 35 
1801 208 209 1590 1583 
1802 1583 1590 1591 1584 
1803 1584 1591 1592 1585 
1804 1585 1592 1593 1586 
1805 1586 1593 1594 1587 
1806 1587 1594 1595 1588 
1807 1588 1595 1596 1589 
1808 1589 1596 37 36 
1809 209 210 1597 1590 
1810 1590 1597 1598 1591 
1811 1591 1598 1599 1592 
1812 1592 1599 1600 1593 
1813 1593 1600 1601 1594 
1814 1594 1601 1602 1595 
1815 1595 1602 1603 1596 
1816 1596 1603 38 37 
1817 210 211 1604 1597 
1818 1597 1604 1605 1598 
1819 1598 1605 1606 1599 
1820 1599 1606 1607 1600 
1821 1600 1607 1608 1601 
1822 1601 1608 1609 1602 
1823 1602 1609 1610 1603 
1824 1603 1610 39 38 
1825 211 212 1611 1604 
1826 1604 1611 1612 1605 
1827 1605 1612 1613 1606 
1828 1606 1613 1614 1607 
1829 1607 1614 1615 1608 
1830 1608 1615 1616 1609 
1831 1609 1616 1617 1610 
1832 1610 1617 40 39 
1833 212 213 1618 1611 
1834 1611 1618 1619 1612 
1835 1612 1619 1620 1613 
1836 1613 1620 1621 1614 
1837 1614 1621 1622 1615 
1838 1615 1622 1623 1616 
1839 1616 1623 1624 1617 
1840 1617 1624 41 40 
1841 213 214 1625 1618 
1842 1618 1625 1626 1619 
1843 1619 1626 1627 1620 
1844 1620 1627 1628 1621 
1845 1621 1628 1629 1622 
1846 1622 1629 1630 1623 
1847 1623 1630 1631 1624 
1848 1624 1631 42 41 
1849 214 215 1632 1625 
1850 1625 1632 1633 1626 
1851 1626 1633 1634 1627 
1852 1627 1634 1635 1628 
1853 1628 1635 1636 1629 
1854 1629 1636 1637 1630 
1855 1630 1637 1638 1631 
1856 1631 1638 43 42 
1857 215 216 1639 1632 
1858 1632 1639 1640 1633 
1859 1633 1640 1641 1634 
1860 1634 1641 1642 1635 
1861 1635 1642 1643 1636 
1862 1636 1643 1644 1637 
1863 1637 1644 1645 1638 
1864 1638 1645 44 43 
1865 216 217 1646 1639 
1866 1639 1646 1647 1640 
1867 1640 1647 1648 1641 
1868 1641 1648 1649 1642 
1869 1642 1649 1650 1643 
1870 1643 1650 1651 1644 
1871 1644 1651 1652 1645 
1872 1645 1652 45 44 
1873 217 218 1653 1646 
1874 1646 1653 1654 1647 
1875 1647 1654 1655 1648 
1876 1648 1655 1656 1649 
1877 1649 1656 1657 1650 
1878 1650 1657 1658 1651 
1879 1651 1658 1659 1652 
1880 1652 1659 46 45 
1881 218 219 1660 1653 
1882 1653 1660 1661 1654 
1883 1654 1661 1662 1655 
1884 1655 1662 1663 1656 
1885 1656 1663 1664 1657 
1886 1657 1664 1665 1658 
1887 1658 1665 1666 1659 
1888 1659 1666 47 46 
1889 219 220 1667 1660 
1890 1660 1667 1668 1661 
1891 1661 1668 1669 1662 
1892 1662 1669 1670 1663 
1893 1663 1670 1671 1664 
1894 1664 1671 1672 1665 
1895 1665 1672 1673 1666 
1896 1666 1673 48 47 
1897 220 221 1674 1667 
1898 1667 1674 1675 1668 
1899 1668 1675 1676 1669 
1900 1669 1676 1677 1670 
1901 1670 1677 1678 1671 
1902 1671 1678 1679 1672 
1903 1672 1679 1680 1673 
1904 1673 1680 49 48 
1905 221 222 1681 1674 
1906 1674 1681 1682 1675 
1907 1675 1682 1683 1676 
1908 1676 1683 1684 1677 
1909 1677 1684 1685 1678 
1910 1678 1685 1686 1679 
1911 1679 1686 1687 1680 
1912 1680 1687 50 49 
1913 222 223 1688 1681 
1914 1681 1688 1689 1682 
1915 1682 1689 1690 1683 
1916 1683 1690 1691 1684 
1917 1684 1691 1692 1685 
1918 1685 1692 1693 1686 
1919 1686 1693 1694 1687 
1920 1687 1694 51 50 
1921 223 224 1695 1688 
1922 1688 1695 1696 1689 
1923 1689 1696 1697 1690 
1924 1690 1697 1698 1691 
1925 1691 1698 1699 1692 
1926 1692 1699 1700 1693 
1927 1693 1700 1701 1694 
1928 1694 1701 52 51 
1929 224 225 1702 1695 
1930 1695 1702 1703 1696 
1931 1696 1703 1704 1697 
1932 1697 1704 1705 1698 
1933 1698 1705 1706 1699 
1934 1699 1706 1707 1700 
1935 1700 1707 1708 1701 
1936 1701 1708 53 52 
1937 225 226 1709 1702 
1938 1702 1709 1710 1703 
1939 1703 1710 1711 1704 
1940 1704 1711 1712 1705 
1941 1705 1712 1713 1706 
1942 1706 1713 1714 1707 
1943 1707 1714 1715 1708 
1944 1708 1715 54 53 
1945 226 227 1716 1709 
1946 1709 1716 1717 1710 
1947 1710 1717 1718 1711 
1948 1711 1718 1719 1712 
1949 1712 1719 1720 1713 
1950 1713 1720 1721 1714 
1951 1714 1721 1722 1715 
1952 1715 1722 55 54 
1953 227 228 1723 1716 
1954 1716 1723 1724 1717 
1955 1717 1724 1725 1718 
1956 1718 1725 1726 1719 
1957 1719 1726 1727 1720 
1958 1720 1727 1728 1721 
1959 1721 1728 1729 1722 
1960 1722 1729 56 55 
1961 228 229 1730 1723 
1962 1723 1730 1731 1724 
1963 1724 1731 1732 1725 
1964 1725 1732 1733 1726 
1965 1726 1733 1734 1727 
1966 1727 1734 1735 1728 
1967 1728 1735 1736 1729 
1968 1729 1736 57 56 
1969 229 230 1737 1730 
1970 1730 1737 1738 1731 
1971 1731 1738 1739 1732 
1972 1732 1739 1740 1733 
1973 1733 1740 1741 1734 
1974 1734 1741 1742 1735 
1975 1735 1742 1743 1736 
1976 1736 1743 58 57 
1977 230 231 1744 1737 
1978 1737 1744 1745 1738 
1979 1738 1745 1746 1739 
1980 1739 1746 1747 1740 
1981 1740 1747 1748 1741 
1982 1741 1748 1749 1742 
1983 1742 1749 1750 1743 
1984 1743 1750 59 58 
1985 231 232 1751 1744 
1986 1744 1751 1752 1745 
1987 1745 1752 1753 1746 
1988 1746 1753 1754 1747 
1989 1747 1754 1755 1748 
1990 1748 1755 1756 1749 
1991 1749 1756 1757 1750 
1992 1750 1757 60 59 
1993 232 233 1758 1751 
1994 1751 1758 1759 1752 
1995 1752 1759 1760 1753 
1996 1753 1760 1761 1754 
1997 1754 1761 1762 1755 
1998 1755 1762 1763 1756 
1999 1756 1763 1764 1757 
2000 1757 1764 61 60 
2001 233 234 1765 1758 
2002 1758 1765 1766 1759 
2003 1759 1766 1767 1760 
2004 1760 1767 1768 1761 
2005 1761 1768 1769 1762 
2006 1762 1769 1770 1763 
2007 1763 1770 1771 1764 
2008 1764 1771 62 61 
2009 234 235 1772 1765 
2010 1765 1772 1773 1766 
2011 1766 1773 1774 1767 
2012 1767 1774 1775 1768 
2013 1768 1775 1776 1769 
2014 1769 1776 1777 1770 
2015 1770 1777 1778 1771 
2016 1771 1778 63 62 
2017 235 236 1779 1772 
2018 1772 1779 1780 1773 
2019 1773 1780 1781 1774 
2020 1774 1781 1782 1775 
2021 1775 1782 1783 1776 
2022 1776 1783 1784 1777 
2023 1777 1784 1785 1778 
2024 1778 1785 64 63 
2025 236 237 1786 1779 
2026 1779 1786 1787 1780 
2027 1780 1787 1788 1781 
2028 1781 1788 1789 1782 
2029 1782 1789 1790 1783 
2030 1783 1790 1791 1784 
2031 1784 1791 1792 1785 
2032 1785 1792 65 64 
2033 237 238 1793 1786 
2034 1786 1793 1794 1787 
2035 1787 1794 1795 1788 
2036 1788 1795 1796 1789 
2037 1789 1796 1797 1790 
2038 1790 1797 1798 1791 
2039 1791 1798 1799 1792 
2040 1792 1799 66 65 
2041 238 239 1800 1793 
2042 1793 1800 1801 1794 
2043 1794 1801 1802 1795 
2044 1795 1802 1803 1796 
2045 1796 1803 1804 1797 
2046 1797 1804 1805 1798 
2047 1798 1805 1806 1799 
2048 1799 1806 67 66 
2049 239 240 1807 1800 
2050 1800 1807 1808 1801 
2051 1801 1808 1809 1802 
2052 1802 1809 1810 1803 
2053 1803 1810 1811 1804 
2054 1804 1811 1812 1805 
2055 1805 1812 1813 1806 
2056 1806 1813 68 67 
2057 240 241 1814 1807 
2058 1807 1814 1815 1808 
2059 1808 1815 1816 1809 
2060 1809 1816 1817 1810 
2061 1810 1817 1818 1811 
2062 1811 1818 1819 1812 
2063 1812 1819 1820 1813 
2064 1813 1820 69 68 
2065 241 242 1821 1814 
2066 1814 1821 1822 1815 
2067 1815 1822 1823 1816 
2068 1816 1823 1824 1817 
2069 1817 1824 1825 1818 
2070 1818 1825 1826 1819 
2071 1819 1826 1827 1820 
2072 1820 1827 70 69 
2073 242 243 1828 1821 
2074 1821 1828 1829 1822 
2075 1822 1829 1830 1823 
2076 1823 1830 1831 1824 
2077 1824 1831 1832 1825 
2078 1825 1832 1833 1826 
2079 1826 1833 1834 1827 
2080 1827 1834 71 70 
2081 243 244 1835 1828 
2082 1828 1835 1836 1829 
2083 1829 1836 1837 1830 
2084 1830 1837 1838 1831 
2085 1831 1838 1839 1832 
2086 1832 1839 1840 1833 
2087 1833 1840 1841 1834 
2088 1834 1841 72 71 
2089 244 245 1842 1835 
2090 1835 1842 1843 1836 
2091 1836 1843 1844 1837 
2092 1837 1844 1845 1838 
2093 1838 1845 1846 1839 
2094 1839 1846 1847 1840 
2095 1840 1847 1848 1841 
2096 1841 1848 73 72 
2097 245 246 1849 1842 
2098 1842 1849 1850 1843 
2099 1843 1850 1851 1844 
2100 1844 1851 1852 1845 
2101 1845 1852 1853 1846 
2102 1846 1853 1854 1847 
2103 1847 1854 1855 1848 
2104 1848 1855 74 73 
2105 246 247 1856 1849 
2106 1849 1856 1857 1850 
2107 1850 1857 1858 1851 
2108 1851 1858 1859 1852 
2109 1852 1859 1860 1853 
2110 1853 1860 1861 1854 
2111 1854 1861 1862 1855 
2112 1855 1862 75 74 
2113 247 248 1863 1856 
2114 1856 1863 1864 1857 
2115 1857 1864 1865 1858 
2116 1858 1865 1866 1859 
2117 1859 1866 1867 1860 
2118 1860 1867 1868 1861 
2119 1861 1868 1869 1862 
2120 1862 1869 76 75 
2121 248 249 1870 1863 
2122 1863 1870 1871 1864 
2123 1864 1871 1872 1865 
2124 1865 1872 1873 1866 
2125 1866 1873 1874 1867 
2126 1867 1874 1875 1868 
2127 1868 1875 1876 1869 
2128 1869 1876 77 76 
2129 249 250 1877 1870 
2130 1870 1877 1878 1871 
2131 1871 1878 1879 1872 
2132 1872 1879 1880 1873 
2133 1873 1880 1881 1874 
2134 1874 1881 1882 1875 
2135 1875 1882 1883 1876 
2136 1876 1883 78 77 
2137 250 251 1884 1877 
2138 1877 1884 1885 1878 
2139 1878 1885 1886 1879 
2140 1879 1886 1887 1880 
2141 1880 1887 1888 1881 
2142 1881 1888 1889 1882 
2143 1882 1889 1890 1883 
2144 1883 1890 79 78 
2145 251 252 1891 1884 
2146 1884 1891 1892 1885 
2147 1885 1892 1893 1886 
2148 1886 1893 1894 1887 
2149 1887 1894 1895 1888 
2150 1888 1895 1896 1889 
2151 1889 1896 1897 1890 
2152 1890 1897 80 79 
2153 252 253 1898 1891 
2154 1891 1898 1899 1892 
2155 1892 1899 1900 1893 
2156 1893 1900 1901 1894 
2157 1894 1901 1902 1895 
2158 1895 1902 1903 1896 
2159 1896 1903 1904 1897 
2160 1897 1904 81 80 
2161 253 254 1905 1898 
2162 1898 1905 1906 1899 
2163 1899 1906 1907 1900 
2164 1900 1907 1908 1901 
2165 1901 1908 1909 1902 
2166 1902 1909 1910 1903 
2167 1903 1910 1911 1904 
2168 1904 1911 82 81 
2169 254 255 1912 1905 
2170 1905 1912 1913 1906 
2171 1906 1913 1914 1907 
2172 1907 1914 1915 1908 
2173 1908 1915 1916 1909 
2174 1909 1916 1917 1910 
2175 1910 1917 1918 1911 
2176 1911 1918 83 82 
2177 255 256 1919 1912 
2178 1912 1919 1920 1913 
2179 1913 1920 1921 1914 
2180 1914 1921 1922 1915 
2181 1915 1922 1923 1916 
2182 1916 1923 1924 1917 
2183 1917 1924 1925 1918 
2184 1918 1925 84 83 
2185 256 257 1926 1919 
2186 1919 1926 1927 1920 
2187 1920 1927 1928 1921 
2188 1921 1928 1929 1922 
2189 1922 1929 1930 1923 
2190 1923 1930 1931 1924 
2191 1924 1931 1932 1925 
2192 1925 1932 85 84 
2193 257 258 1933 1926 
2194 1926 1933 1934 1927 
2195 1927 1934 1935 1928 
2196 1928 1935 1936 1929 
2197 1929 1936 1937 1930 
2198 1930 1937 1938 1931 
2199 1931 1938 1939 1932 
2200 1932 1939 86 85 
2201 258 259 1940 1933 
2202 1933 1940 1941 1934 
2203 1934 1941 1942 1935 
2204 1935 1942 1943 1936 
2205 1936 1943 1944 1937 
2206 1937 1944 1945 1938 
2207 1938 1945 1946 1939 
2208 1939 1946 87 86 
2209 259 8 281 1940 
2210 1940 281 282 1941 
2211 1941 282 283 1942 
2212 1942 283 284 1943 
2213 1943 284 285 1944 
2214 1944 285 286 1945 
2215 1945 286 287 1946 
2216 1946 287 2 87 
$EndElements
