$MeshFormat
4.1 0 8
$EndMeshFormat
$PhysicalNames
1
2 1 "Wetted surface"
$EndPhysicalNames
$Entities
5 8 8 3
1 0.3048 0 -0.009525 0 
2 0.0301625 0 -0.009525 0 
3 0.0301625 0 0 0 
4 0.3048 0 0 0 
5 0.0301625 0 6.096 0 
1 -0.3048001 -0.3048001 -0.0095251 0.3048001 0.3048001 -0.009524900000000001 0 2 1 -1 
2 -0.0301626 -0.0301626 -0.0095251 0.0301626 0.0301626 -0.009524900000000001 0 2 2 -2 
3 0.0301624 -1e-07 -0.0095251 0.0301626 1e-07 1.000000000002735e-07 0 2 2 -3 
4 -0.0301626 -0.0301626 -1e-07 0.0301626 0.0301626 1e-07 0 2 3 -3 
5 0.3047999 -1e-07 -0.0095251 0.3048001 1e-07 1.000000000002735e-07 0 2 1 -4 
6 -0.3048001 -0.3048001 -1e-07 0.3048001 0.3048001 1e-07 0 2 4 -4 
7 0.0301624 -1e-07 -9.999999983634211e-08 0.0301626 1e-07 6.0960001 0 2 3 -5 
8 -0.0301626 -0.0301626 6.0959999 0.0301626 0.0301626 6.0960001 0 2 5 -5 
2 -0.0301626 -0.0301626 -0.0095251 0.0301626 0.0301626 -0.009524900000000001 1 1 1 2 
3 -0.3048001 -0.3048001 -0.0095251 0.3048001 0.3048001 -0.009524900000000001 1 1 2 1 -2 
4 -0.0301626 -0.0301626 -0.0095251 0.0301626 0.0301626 1.000000000002735e-07 0 4 3 4 -3 -2 
5 -0.0301626 -0.0301626 -1e-07 0.0301626 0.0301626 1e-07 0 1 4 
6 -0.3048001 -0.3048001 -0.0095251 0.3048001 0.3048001 1.000000000002735e-07 1 1 4 5 6 -5 -1 
7 -0.3048001 -0.3048001 -1e-07 0.3048001 0.3048001 1e-07 1 1 2 6 -4 
8 -0.0301626 -0.0301626 -9.999999983634211e-08 0.0301626 0.0301626 6.0960001 1 1 4 7 8 -7 -4 
9 -0.0301626 -0.0301626 6.0959999 0.0301626 0.0301626 6.0960001 1 1 1 8 
1 -0.0301626 -0.0301626 -0.0095251 0.0301626 0.0301626 1.000000000002735e-07 0 3 -4 -2 5 
2 -0.3048001 -0.3048001 -0.0095251 0.3048001 0.3048001 1.000000000002735e-07 0 4 -6 4 -3 7 
3 -0.0301626 -0.0301626 -9.999999983634211e-08 0.0301626 0.0301626 6.0960001 0 3 -8 -5 9 
$EndEntities
$Nodes
18 2939 1 2939
0 1 0 1
1
0.3048 0 -0.009525
0 2 0 1
2
0.0301625 0 -0.009525
0 3 0 1
3
0.0301625 0 0
0 4 0 1
4
0.3048 0 0
0 5 0 1
5
0.0301625 0 6.096
1 1 0 38
6
7
8
9
10
11
12
13
14
15
16
17
18
19
20
21
22
23
24
25
26
27
28
29
30
31
32
33
34
35
36
37
38
39
40
41
42
43
0.3008529200520359 0.04889335840544526 -0.009525
0.28911390750549 0.09652040451068868 -0.009525
0.2698869966190985 0.1416476228389405 -0.009525
0.2436701542853874 0.1831062421397357 -0.009525
0.2111423829497262 0.2198225059503944 -0.009525
0.1731461348036567 0.2508454823243862 -0.009525
0.1306654927156515 0.2753716924692443 -0.009525
0.08480068300173545 0.2927659204252421 -0.009525
0.03673958014182319 0.3025776648250868 -0.009525
-0.01227305854534899 0.3045528066426945 -0.009525
-0.06096783146293759 0.2986401907424834 -0.009525
-0.1080835695705642 0.2849929507705147 -0.009525
-0.1523999999999993 0.2639645430734973 -0.009525
-0.1927693504814702 0.2360995923650697 -0.009525
-0.2281460760425509 0.2021197862317952 -0.009525
-0.257613938073748 0.1629051838037547 -0.009525
-0.2804097344272091 0.119471422685352 -0.009525
-0.2959430659514604 0.07294341447484877 -0.009525
-0.3038116275193071 0.02452621014485919 -0.009525
-0.3038116275193073 -0.02452621014485696 -0.009525
-0.2959430659514609 -0.07294341447484659 -0.009525
-0.28040973442721 -0.11947142268535 -0.009525
-0.2576139380737491 -0.1629051838037531 -0.009525
-0.2281460760425521 -0.2021197862317938 -0.009525
-0.1927693504814715 -0.2360995923650687 -0.009525
-0.1524000000000006 -0.2639645430734965 -0.009525
-0.1080835695705655 -0.2849929507705142 -0.009525
-0.06096783146293892 -0.2986401907424831 -0.009525
-0.01227305854535028 -0.3045528066426944 -0.009525
0.03673958014182225 -0.3025776648250869 -0.009525
0.08480068300173435 -0.2927659204252424 -0.009525
0.1306654927156506 -0.2753716924692447 -0.009525
0.173146134803656 -0.2508454823243867 -0.009525
0.2111423829497257 -0.2198225059503949 -0.009525
0.243670154285387 -0.1831062421397362 -0.009525
0.2698869966190983 -0.1416476228389409 -0.009525
0.2891139075054899 -0.09652040451068898 -0.009525
0.3008529200520358 -0.04889335840544544 -0.009525
1 2 0 23
44
45
46
47
48
49
50
51
52
53
54
55
56
57
58
59
60
61
62
63
64
65
66
0.02913473773544402 0.007806629447904791 -0.009525
0.02612149124164812 0.01508125000000001 -0.009525
0.02132810828753922 0.02132810828753926 -0.009525
0.01508124999999997 0.02612149124164815 -0.009525
0.00780662944790473 0.02913473773544404 -0.009525
-7.182470390259972e-17 0.0301625 -0.009525
-0.007806629447904855 0.029134737735444 -0.009525
-0.01508125000000006 0.02612149124164809 -0.009525
-0.02132810828753928 0.02132810828753919 -0.009525
-0.02612149124164816 0.01508124999999995 -0.009525
-0.02913473773544403 0.007806629447904737 -0.009525
-0.0301625 -3.649068146837933e-17 -0.009525
-0.02913473773544401 -0.007806629447904835 -0.009525
-0.02612149124164811 -0.01508125000000004 -0.009525
-0.02132810828753919 -0.02132810828753928 -0.009525
-0.01508124999999994 -0.02612149124164816 -0.009525
-0.007806629447904726 -0.02913473773544404 -0.009525
4.803860180651775e-17 -0.0301625 -0.009525
0.00780662944790482 -0.02913473773544401 -0.009525
0.01508125000000003 -0.02612149124164811 -0.009525
0.02132810828753925 -0.02132810828753922 -0.009525
0.02612149124164814 -0.01508124999999999 -0.009525
0.02913473773544402 -0.00780662944790478 -0.009525
1 4 0 23
67
68
69
70
71
72
73
74
75
76
77
78
79
80
81
82
83
84
85
86
87
88
89
0.02913473773544402 0.007806629447904791 0
0.02612149124164812 0.01508125000000001 0
0.02132810828753922 0.02132810828753926 0
0.01508124999999997 0.02612149124164815 0
0.00780662944790473 0.02913473773544404 0
-7.182470390259972e-17 0.0301625 0
-0.007806629447904855 0.029134737735444 0
-0.01508125000000006 0.02612149124164809 0
-0.02132810828753928 0.02132810828753919 0
-0.02612149124164816 0.01508124999999995 0
-0.02913473773544403 0.007806629447904737 0
-0.0301625 -3.649068146837933e-17 0
-0.02913473773544401 -0.007806629447904835 0
-0.02612149124164811 -0.01508125000000004 0
-0.02132810828753919 -0.02132810828753928 0
-0.01508124999999994 -0.02612149124164816 0
-0.007806629447904726 -0.02913473773544404 0
4.803860180651775e-17 -0.0301625 0
0.00780662944790482 -0.02913473773544401 0
0.01508125000000003 -0.02612149124164811 0
0.02132810828753925 -0.02132810828753922 0
0.02612149124164814 -0.01508124999999999 0
0.02913473773544402 -0.00780662944790478 0
1 5 0 1
90
0.3048 0 -0.0047625
1 6 0 38
91
92
93
94
95
96
97
98
99
100
101
102
103
104
105
106
107
108
109
110
111
112
113
114
115
116
117
118
119
120
121
122
123
124
125
126
127
128
0.3008529200520359 0.04889335840544526 0
0.28911390750549 0.09652040451068868 0
0.2698869966190985 0.1416476228389405 0
0.2436701542853874 0.1831062421397357 0
0.2111423829497262 0.2198225059503944 0
0.1731461348036567 0.2508454823243862 0
0.1306654927156515 0.2753716924692443 0
0.08480068300173545 0.2927659204252421 0
0.03673958014182319 0.3025776648250868 0
-0.01227305854534899 0.3045528066426945 0
-0.06096783146293759 0.2986401907424834 0
-0.1080835695705642 0.2849929507705147 0
-0.1523999999999993 0.2639645430734973 0
-0.1927693504814702 0.2360995923650697 0
-0.2281460760425509 0.2021197862317952 0
-0.257613938073748 0.1629051838037547 0
-0.2804097344272091 0.119471422685352 0
-0.2959430659514604 0.07294341447484877 0
-0.3038116275193071 0.02452621014485919 0
-0.3038116275193073 -0.02452621014485696 0
-0.2959430659514609 -0.07294341447484659 0
-0.28040973442721 -0.11947142268535 0
-0.2576139380737491 -0.1629051838037531 0
-0.2281460760425521 -0.2021197862317938 0
-0.1927693504814715 -0.2360995923650687 0
-0.1524000000000006 -0.2639645430734965 0
-0.1080835695705655 -0.2849929507705142 0
-0.06096783146293892 -0.2986401907424831 0
-0.01227305854535028 -0.3045528066426944 0
0.03673958014182225 -0.3025776648250869 0
0.08480068300173435 -0.2927659204252424 0
0.1306654927156506 -0.2753716924692447 0
0.173146134803656 -0.2508454823243867 0
0.2111423829497257 -0.2198225059503949 0
0.243670154285387 -0.1831062421397362 0
0.2698869966190983 -0.1416476228389409 0
0.2891139075054899 -0.09652040451068898 0
0.3008529200520358 -0.04889335840544544 0
1 7 0 79
129
130
131
132
133
134
135
136
137
138
139
140
141
142
143
144
145
146
147
148
149
150
151
152
153
154
155
156
157
158
159
160
161
162
163
164
165
166
167
168
169
170
171
172
173
174
175
176
177
178
179
180
181
182
183
184
185
186
187
188
189
190
191
192
193
194
195
196
197
198
199
200
201
202
203
204
205
206
207
0.0301625 0 0.0762
0.0301625 0 0.1524
0.0301625 0 0.2286
0.0301625 0 0.3048
0.0301625 0 0.381
0.0301625 0 0.4572
0.0301625 0 0.5334
0.0301625 0 0.6096
0.0301625 0 0.6858000000000001
0.0301625 0 0.762
0.0301625 0 0.8382000000000001
0.0301625 0 0.9144
0.0301625 0 0.9906
0.0301625 0 1.0668
0.0301625 0 1.143
0.0301625 0 1.2192
0.0301625 0 1.2954
0.0301625 0 1.3716
0.0301625 0 1.4478
0.0301625 0 1.524
0.0301625 0 1.6002
0.0301625 0 1.6764
0.0301625 0 1.7526
0.0301625 0 1.8288
0.0301625 0 1.905
0.0301625 0 1.9812
0.0301625 0 2.0574
0.0301625 0 2.1336
0.0301625 0 2.2098
0.0301625 0 2.286
0.0301625 0 2.3622
0.0301625 0 2.4384
0.0301625 0 2.5146
0.0301625 0 2.5908
0.0301625 0 2.667
0.0301625 0 2.7432
0.0301625 0 2.8194
0.0301625 0 2.8956
0.0301625 0 2.9718
0.0301625 0 3.048
0.0301625 0 3.1242
0.0301625 0 3.2004
0.0301625 0 3.2766
0.0301625 0 3.3528
0.0301625 0 3.429
0.0301625 0 3.5052
0.0301625 0 3.5814
0.0301625 0 3.6576
0.0301625 0 3.7338
0.0301625 0 3.81
0.0301625 0 3.8862
0.0301625 0 3.9624
0.0301625 0 4.0386
0.0301625 0 4.114800000000001
0.0301625 0 4.191
0.0301625 0 4.2672
0.0301625 0 4.3434
0.0301625 0 4.4196
0.0301625 0 4.4958
0.0301625 0 4.572
0.0301625 0 4.6482
0.0301625 0 4.7244
0.0301625 0 4.8006
0.0301625 0 4.8768
0.0301625 0 4.953
0.0301625 0 5.029199999999999
0.0301625 0 5.1054
0.0301625 0 5.1816
0.0301625 0 5.2578
0.0301625 0 5.334
0.0301625 0 5.4102
0.0301625 0 5.486400000000001
0.0301625 0 5.5626
0.0301625 0 5.638800000000001
0.0301625 0 5.715
0.0301625 0 5.7912
0.0301625 0 5.8674
0.0301625 0 5.9436
0.0301625 0 6.0198
1 8 0 23
208
209
210
211
212
213
214
215
216
217
218
219
220
221
222
223
224
225
226
227
228
229
230
0.02913473773544402 0.007806629447904791 6.096
0.02612149124164812 0.01508125000000001 6.096
0.02132810828753922 0.02132810828753926 6.096
0.01508124999999997 0.02612149124164815 6.096
0.00780662944790473 0.02913473773544404 6.096
-7.182470390259972e-17 0.0301625 6.096
-0.007806629447904855 0.029134737735444 6.096
-0.01508125000000006 0.02612149124164809 6.096
-0.02132810828753928 0.02132810828753919 6.096
-0.02612149124164816 0.01508124999999995 6.096
-0.02913473773544403 0.007806629447904737 6.096
-0.0301625 -3.649068146837933e-17 6.096
-0.02913473773544401 -0.007806629447904835 6.096
-0.02612149124164811 -0.01508125000000004 6.096
-0.02132810828753919 -0.02132810828753928 6.096
-0.01508124999999994 -0.02612149124164816 6.096
-0.007806629447904726 -0.02913473773544404 6.096
4.803860180651775e-17 -0.0301625 6.096
0.00780662944790482 -0.02913473773544401 6.096
0.01508125000000003 -0.02612149124164811 6.096
0.02132810828753925 -0.02132810828753922 6.096
0.02612149124164814 -0.01508124999999999 6.096
0.02913473773544402 -0.00780662944790478 6.096
2 2 0 50
231
232
233
234
235
236
237
238
239
240
241
242
243
244
245
246
247
248
249
250
251
252
253
254
255
256
257
258
259
260
261
262
263
264
265
266
267
268
269
270
271
272
273
274
275
276
277
278
279
280
-0.0228878794479048 0.003013246493795861 -0.009524999999999999
0.02288787944790479 -0.003013246493795893 -0.009524999999999999
-0.003202798528618491 -0.02247957395750216 -0.009524999999999999
0.003013246493795844 0.02288787944790478 -0.009524999999999999
-0.01874191354091847 -0.01469102848733548 -0.009524999999999999
-0.01405348773544407 0.01831486179374333 -0.009524999999999999
0.01403231758306291 -0.01855768046372842 -0.009524999999999999
0.01839689958546452 0.01431465237463069 -0.009524999999999999
-0.02456172008128258 -0.003233611793743386 -0.009524999999999999
-0.01731537077447068 -0.001454625449120618 -0.009524999999999999
-0.0155144858889242 0.005486125107517972 -0.009524999999999999
-0.009706261757009825 0.0006275927643157557 -0.009524999999999999
-0.008045607175525252 0.007991053294091882 -0.009524999999999999
-0.002214835990320858 0.00307900741740819 -0.009524999999999999
-0.003771710065557918 -0.004595201026141429 -0.009524999999999999
0.003693776278797169 -0.002070065612934331 -0.009524999999999999
0.005229172899961066 0.005651754880967034 -0.009524999999999999
0.00220492126591041 -0.009591872314839859 -0.009524999999999999
0.009116253369107125 -0.007017629163535499 -0.009524999999999999
-0.005363174767233969 -0.01299248332024776 -0.009524999999999999
-0.0113892047435019 -0.006550215584571375 -0.009524999999999999
-0.000855600649604929 0.01056459968817182 -0.009524999999999999
0.006067388643024495 0.01423381868634604 -0.009524999999999999
0.01287549481265521 0.008333410200257879 -0.009524999999999999
0.0108790657152616 0.0005741330159680959 -0.009524999999999999
-0.007418193249731159 0.01594302452481553 -0.009524999999999999
0.01829402499120989 0.002133371977228459 -0.009524999999999999
0.007833034681733702 -0.01431443945836679 -0.009524999999999999
0.001437439463821266 -0.01732253420499105 -0.009524999999999999
-0.01013475153684205 -0.02007507154915324 -0.009524999999999999
0.008066555567361343 -0.02173952519941453 -0.009524999999999999
-0.02110394796885105 0.009813873302779262 -0.009524999999999999
0.01595772104275204 -0.004896130597713631 -0.009524999999999999
0.02119983518237078 -0.009762313063111264 -0.009524999999999999
0.02158932739322277 0.008422823481317052 -0.009524999999999999
-0.0199170082837664 -0.00831335768614385 -0.009524999999999999
-0.0007838715480639037 0.01728213174665303 -0.009524999999999999
0.01009528933599092 0.02085226100360925 -0.009524999999999999
-0.003907441446417258 0.0230284361779077 -0.009524999999999999
-0.01390418893251663 0.0120405715060124 -0.009524999999999999
0.01433859467095297 -0.01180502027169457 -0.009524999999999999
0.02449930022194445 0.00301211888405934 -0.009524999999999999
-0.0126272676607554 -0.01326441380520913 -0.009524999999999999
-0.0193663209767109 0.01546244778893346 -0.009524999999999999
0.01939641742907452 -0.01543346435483277 -0.009524999999999999
0.01252463209497548 0.01496561945253545 -0.009524999999999999
0.0156019018251537 0.0194922447481321 -0.009524999999999999
-0.01004318023746679 0.02263185722593645 -0.009524999999999999
0.002521367820731292 -0.02456866917759531 -0.009524999999999999
-0.01585128543454769 -0.01915645399228595 -0.009524999999999999
2 3 0 377
281
282
283
284
285
286
287
288
289
290
291
292
293
294
295
296
297
298
299
300
301
302
303
304
305
306
307
308
309
310
311
312
313
314
315
316
317
318
319
320
321
322
323
324
325
326
327
328
329
330
331
332
333
334
335
336
337
338
339
340
341
342
343
344
345
346
347
348
349
350
351
352
353
354
355
356
357
358
359
360
361
362
363
364
365
366
367
368
369
370
371
372
373
374
375
376
377
378
379
380
381
382
383
384
385
386
387
388
389
390
391
392
393
394
395
396
397
398
399
400
401
402
403
404
405
406
407
408
409
410
411
412
413
414
415
416
417
418
419
420
421
422
423
424
425
426
427
428
429
430
431
432
433
434
435
436
437
438
439
440
441
442
443
444
445
446
447
448
449
450
451
452
453
454
455
456
457
458
459
460
461
462
463
464
465
466
467
468
469
470
471
472
473
474
475
476
477
478
479
480
481
482
483
484
485
486
487
488
489
490
491
492
493
494
495
496
497
498
499
500
501
502
503
504
505
506
507
508
509
510
511
512
513
514
515
516
517
518
519
520
521
522
523
524
525
526
527
528
529
530
531
532
533
534
535
536
537
538
539
540
541
542
543
544
545
546
547
548
549
550
551
552
553
554
555
556
557
558
559
560
561
562
563
564
565
566
567
568
569
570
571
572
573
574
575
576
577
578
579
580
581
582
583
584
585
586
587
588
589
590
591
592
593
594
595
596
597
598
599
600
601
602
603
604
605
606
607
608
609
610
611
612
613
614
615
616
617
618
619
620
621
622
623
624
625
626
627
628
629
630
631
632
633
634
635
636
637
638
639
640
641
642
643
644
645
646
647
648
649
650
651
652
653
654
655
656
657
-0.208236441755036 0.1548942251896455 -0.009525
0.2369653445181381 0.1067793672987082 -0.009525
-0.03331209963688114 0.2564414786245637 -0.009525
0.2469776902188275 -0.1032850949999586 -0.009525
-0.03294466047004678 -0.2587194715278759 -0.009525
-0.2139315643635097 -0.1577149923726142 -0.009525
0.134442262409926 0.2270844739851292 -0.009525
0.1329888034976456 -0.2269134656118054 -0.009525
-0.2661229115886662 -0.0009033760993495249 -0.009525
0.2004079109060131 -0.1743574825529408 -0.009525
-0.2496783845843301 0.0832030869499288 -0.009525
0.05144176984056026 -0.2555570789537019 -0.009525
-0.1414308614996506 0.2155995713686788 -0.009525
-0.2527601177770666 -0.0868731948064816 -0.009525
0.2621375549013187 -0.01669398807705378 -0.009525
-0.1525909682044494 -0.216292247944023 -0.009525
0.05248900732533862 0.2580464411992532 -0.009525
0.1969607816606633 0.1762252177242679 -0.009525
0.1692930877295591 -0.2022602193006976 -0.009525
0.1334251655898477 -0.1831221888777771 -0.009525
0.09735317531873577 -0.2019573496922996 -0.009525
0.09984930488058823 -0.1644053503403461 -0.009525
0.06766792320046192 -0.1782013847655878 -0.009525
0.07176678753363398 -0.1455081836910662 -0.009525
0.09942418071353813 -0.1319582872721372 -0.009525
0.07141536459172512 -0.1144206642187314 -0.009525
0.09745256626847829 -0.102550875060617 -0.009525
0.04940243868048177 -0.1306210358465075 -0.009525
0.01368385288391081 -0.03444986429335224 -0.009525
0.07593789403624443 -0.08749803975979305 -0.009525
0.09743673748635805 -0.07626305734360105 -0.009525
0.02901143605085885 -0.02293373646647148 -0.009525
0.07624523041415915 -0.06585134894677976 -0.009525
0.09359872529050572 -0.05138487769522395 -0.009525
0.1185107657574446 -0.06429480440138534 -0.009525
0.1176282891519558 -0.03911509767768492 -0.009525
0.09608530788501127 -0.02695086245966019 -0.009525
0.1163619853625212 -0.01465458231998576 -0.009525
0.03663365077203368 -0.005451452677878336 -0.009525
0.09354614346521953 -0.003451879832238883 -0.009525
0.1147647976779081 0.008708024803583415 -0.009525
0.09432200333106777 0.01962215279824265 -0.009525
0.1137761594261004 0.03184340625048377 -0.009525
0.09403094092878996 0.04114772455984685 -0.009525
0.02909395586042065 0.02232439491495146 -0.009525
0.1125794464179468 0.05509695309882044 -0.009525
0.088345339397139 0.06371848016150472 -0.009525
0.1354811036838417 0.02139786425431241 -0.009525
0.05806552236349935 -0.07412833655418087 -0.009525
0.112052247352528 0.08024452211684818 -0.009525
0.08829306809570796 0.09149308810699555 -0.009525
0.06673426011632003 0.07776500543868506 -0.009525
0.06497220303684843 0.101840010417196 -0.009525
0.0460272618871309 0.08840628665331948 -0.009525
0.04293993700243055 0.1118810125233797 -0.009525
0.02329381992454957 0.09564489553840716 -0.009525
0.02110888173120864 0.1221723344932349 -0.009525
0.002654605299048136 0.1082577215367259 -0.009525
-0.004793560818177395 0.03814662615570944 -0.009525
0.01398843585024762 0.03397516781458041 -0.009525
-0.001212487247284892 0.132918815708966 -0.009525
-0.02118465106774679 0.1140205525147577 -0.009525
-0.02493812331409097 0.1443597687341949 -0.009525
-0.04666765011278476 0.1277899019767471 -0.009525
-0.04501939245610626 0.1004271503311223 -0.009525
-0.02242964018554385 0.02910525667135226 -0.009525
-0.06807932071517506 0.1117946510206445 -0.009525
-0.06547516643631557 0.08611546518803233 -0.009525
-0.08828176415724608 0.09601003349521245 -0.009525
-0.0842833948836951 0.07263925688175404 -0.009525
-0.1078170735926323 0.08042402832390307 -0.009525
-0.1007713339024379 0.05445444921960477 -0.009525
-0.03390864740053101 0.01459236816414896 -0.009525
0.04450328310960373 0.1349373707930845 -0.009525
-0.1285619238255847 0.06479773149278172 -0.009525
-0.1242997176638796 0.0385032744235052 -0.009525
-0.100691115694562 0.02828450002998005 -0.009525
-0.1201547534757157 0.01332604101207376 -0.009525
-0.09437480773911928 0.004713934739514812 -0.009525
-0.1154822473245757 -0.01028857202963761 -0.009525
-0.02295923114184427 -0.0290954939068488 -0.009525
-0.09385032879740526 -0.01859782469460883 -0.009525
-0.112143656023074 -0.03349977969300232 -0.009525
-0.09077107814907137 -0.04117287554162322 -0.009525
-0.1083867432603374 -0.05703257615920001 -0.009525
-0.0839130624226561 -0.06497788019050757 -0.009525
-0.03433228686883595 -0.01358941744901866 -0.009525
-0.1048318856801182 -0.08309179585419749 -0.009525
-0.07953799913281147 -0.09209756726802514 -0.009525
-0.005631369866275798 -0.0367900518933243 -0.009525
-0.1318375967191985 -0.02486196135652181 -0.009525
0.1423263697394358 -0.05106050353909417 -0.009525
-0.1457396806099744 0.02114372612354282 -0.009525
0.1434940119321273 -0.07818434583739627 -0.009525
0.08391979486406942 0.1184277545460135 -0.009525
-0.002107634824732368 0.1611560948664835 -0.009525
-0.1307007617203852 -0.07338833635512972 -0.009525
-0.1132634831766451 0.1064582182918662 -0.009525
-0.07150417221302513 0.1403606307595945 -0.009525
0.1362593733350353 0.06836663038313665 -0.009525
-0.05937490621326252 -0.07390146748136724 -0.009525
-0.05433058647489314 -0.09960346880660545 -0.009525
-0.0733999181773466 -0.1192640623877124 -0.009525
-0.04611234801584305 -0.1271172060093802 -0.009525
-0.0367677264696583 -0.0819571914984996 -0.009525
-0.06712550261885095 -0.1491544294447237 -0.009525
-0.03711369115557957 -0.1575331707507727 -0.009525
-0.1270212045057611 -0.1025420483379395 -0.009525
-0.06310998416270941 0.06563900988556381 -0.009525
0.003658978062183708 0.08673489809126089 -0.009525
0.05806360683325297 -0.05614211698654021 -0.009525
0.04050388666354652 -0.06207157028841708 -0.009525
-0.07952522300838184 0.02100407597512439 -0.009525
0.07535743488376492 0.02938210071890123 -0.009525
0.04971567480535056 0.0670428844104107 -0.009525
0.03982090059637847 -0.08088734080274952 -0.009525
0.02611472062024451 -0.07167787727895958 -0.009525
0.02322382522020269 -0.08858000127035641 -0.009525
0.1359083784174091 0.09723807567459947 -0.009525
0.0797738829272861 -0.01699171671088753 -0.009525
-0.02891101288309941 0.1746218111316047 -0.009525
-0.07421182741226404 -0.02624090728749845 -0.009525
-0.1586165885831871 -0.09246744450423962 -0.009525
-0.06016747561671537 -0.1818653555871427 -0.009525
0.169114627887831 -0.06467991439868938 -0.009525
0.1678478754595999 -0.03376457615231819 -0.009525
-0.03978499405428874 -0.06121289191610906 -0.009525
-0.02207566418823333 -0.0674483839144998 -0.009525
-0.002900683545365352 0.1939629282600762 -0.009525
0.162696192159845 0.08290662020198949 -0.009525
-0.01492747047557087 -0.1341577491572959 -0.009525
-0.005979503920771184 -0.1634887836964145 -0.009525
0.04356424471408941 -0.0461714203497454 -0.009525
-0.01224915746547735 -0.08637363075909199 -0.009525
0.1704264742490642 -0.09805629227931936 -0.009525
-0.1542439326232521 -0.1251844067810035 -0.009525
0.1969335695978489 -0.04779621951866866 -0.009525
0.1948920268245302 -0.01106052998224897 -0.009525
-0.092899514812958 -0.1712498486516111 -0.009525
-0.08652487134487691 -0.2061143739274937 -0.009525
0.0575932761708227 -0.03830173479225278 -0.009525
0.1625765458244332 0.115631316940139 -0.009525
0.1318382280835581 0.130209228309218 -0.009525
-0.02481006950728349 -0.05148651396095941 -0.009525
-0.04101509181815136 -0.04313823081208871 -0.009525
-0.007541183954940285 -0.05702584747130813 -0.009525
-0.1592168113583663 -0.05901349759468118 -0.009525
-0.1905696873537501 -0.0791038957884871 -0.009525
-0.1914928828533261 -0.04574785693197456 -0.009525
0.02641745734848752 0.1769659777386482 -0.009525
0.1624479787344831 0.05348155040169152 -0.009525
0.1912994937449507 0.06697295815638345 -0.009525
0.1240075829271868 -0.1165914077263263 -0.009525
-0.08207046995367048 0.0400510084238158 -0.009525
-0.06468442996073571 0.03068760827624072 -0.009525
-0.06407577867015224 0.01567878129468955 -0.009525
-0.04960345471398235 0.02376083224082947 -0.009525
-0.05021629666280782 0.03881775789585262 -0.009525
0.03374780599142944 -0.01456013618017918 -0.009525
0.04309890555178994 -0.01294299411365684 -0.009525
0.04610541295770273 -0.001893275822231581 -0.009525
0.03818841078079292 -0.02340581369122283 -0.009525
0.03142449079778492 -0.03176627733464512 -0.009525
0.05458079284546909 -0.01057973757774406 -0.009525
0.05864871938646274 0.002455649654479618 -0.009525
0.04638134950172519 0.01125695238979309 -0.009525
-0.07660491360179456 -0.007701150534459764 -0.009525
-0.05953111851192676 -0.01437525414288506 -0.009525
-0.0290558557542806 0.02233576562385678 -0.009525
-0.03191461495310302 0.03125862710076165 -0.009525
-0.0243242029165269 0.03869579379982339 -0.009525
-0.03707332980409225 0.006226218269192936 -0.009525
-0.03905363902325684 -0.003625567851210662 -0.009525
-0.04492003472834383 0.004408264877047497 -0.009525
0.004793382954108813 0.03640935828753926 -0.009525
0.01147502605784135 0.04355707232179702 -0.009525
0.0235471997659142 0.03985957513399337 -0.009525
0.01905124783889996 0.05176905640894668 -0.009525
0.006241946215493045 0.0537609179158909 -0.009525
0.0151476534598112 0.06393607212773508 -0.009525
0.02883694150684423 0.05004065962773656 -0.009525
0.03429346570915237 0.01392663671797334 -0.009525
0.0395485317293745 0.02266251346139821 -0.009525
0.05179142228218117 0.02365176223580374 -0.009525
0.04461939119292806 0.03356782406114498 -0.009525
-0.02913473773544397 -0.02235587055209527 -0.009525
-0.03863062228630618 -0.02226591946670842 -0.009525
-0.01465368853132018 -0.03387002482310243 -0.009525
0.06511412351734852 0.05605593111872905 -0.009525
0.004261084199710017 -0.03662245196560365 -0.009525
0.01077672395773652 -0.04398961233930682 -0.009525
-0.04453179761220021 -0.01200410150199991 -0.009525
0.02342137058695786 -0.03990550112167626 -0.009525
-0.05520575686905534 -0.05180388032871226 -0.009525
-0.03282380131009192 0.2111882899117784 -0.009525
-0.05776467705663205 0.1882690789098759 -0.009525
-0.06514147328489736 0.2260736612796254 -0.009525
0.1883999256024684 0.02820035985123737 -0.009525
0.2223316118794085 0.04776730795378901 -0.009525
0.01957611728669162 -0.05150273478833237 -0.009525
0.007109957801275822 -0.0545176999984081 -0.009525
0.008594976595882488 -0.07719124493623965 -0.009525
0.04980524143936882 -0.02298136825323549 -0.009525
-0.09583832257802946 0.1954309570166831 -0.009525
-0.04461541686930713 0.07664480596515744 -0.009525
-0.02649343148184798 0.08809697157146734 -0.009525
-0.02669524560459634 0.06678634224376157 -0.009525
0.02729852068778343 0.2109405008672715 -0.009525
0.05709353059077063 0.1949394001854717 -0.009525
-0.0563272674267748 -0.03348405319386496 -0.009525
0.07559454245263852 0.009398396460196192 -0.009525
0.03762765564914614 -0.09988693769436026 -0.009525
0.01822393296958542 -0.1068844904600514 -0.009525
0.03711851944600966 0.004274248342593551 -0.009525
-0.1220910326663957 -0.1332722047436414 -0.009525
-0.1420283971853442 -0.1565343853296076 -0.009525
-0.04322609291277342 0.05609107823861276 -0.009525
0.0443948462654053 -0.1578927795440655 -0.009525
0.03647623324975069 -0.1883536272219078 -0.009525
0.01919863557813442 -0.1419711350766089 -0.009525
0.02235587055209519 0.02913473773544405 -0.009525
0.07724912920131009 -0.03474922006856299 -0.009525
-0.01497991687550136 0.03434992540314929 -0.009525
-0.01447192004241258 0.0443565116879717 -0.009525
0.1626860340595872 0.0005298153490467206 -0.009525
0.001665147869210187 0.06714483208753494 -0.009525
-0.0041159225323141 0.04917579669403511 -0.009525
-0.03313757400708553 -0.0313257778955477 -0.009525
-0.04879857954614873 -0.2175737307828419 -0.009525
-0.0120354838947647 0.05883370968493288 -0.009525
-0.07524646214206125 -0.2498993474580463 -0.009525
-0.01202474898599507 -0.2236354804088052 -0.009525
0.06024169955213556 0.03660243096618029 -0.009525
0.03151492810715312 0.03151492810715318 -0.009525
0.03083740960925917 0.07432887627745913 -0.009525
-0.03627486270698878 0.04130303055866636 -0.009525
-0.02617130134634378 0.05101107770229477 -0.009525
0.2252594601287955 0.008213729616620072 -0.009525
0.06193884900865683 -0.2143985169218384 -0.009525
-0.02854350103882807 -0.1063510492310296 -0.009525
-0.004825931963018558 -0.1089447419585359 -0.009525
0.02232508476784196 -0.02941749645755541 -0.009525
0.2617388936164521 0.02606233479421398 -0.009525
-0.04279574989872444 0.01372838006518569 -0.009525
0.1621987235523031 0.1519596017267644 -0.009525
0.1276110152170138 0.1655434406809996 -0.009525
0.09319812889716388 -0.2444940040123554 -0.009525
0.009617989890477194 -0.261379967949133 -0.009525
-0.1033939676903334 0.2403767337646137 -0.009525
-0.1321577088080715 0.172501839405269 -0.009525
-0.1771229883639433 0.1872353555058481 -0.009525
-0.1614657624207012 0.1408032075332798 -0.009525
-0.1944824679374175 0.1164496734078596 -0.009525
-0.1604669484160068 0.1024682040750763 -0.009525
-0.1871434617851822 0.07929248960720695 -0.009525
-0.2345443922078294 0.1216088243919573 -0.009525
0.1946684393274895 0.1332346914957974 -0.009525
-0.1246456037086906 0.1377630154968563 -0.009525
-0.09955236638319739 0.1611993987647481 -0.009525
0.04936167428977427 0.0483566117166967 -0.009525
0.1291995149120501 -0.1467883088099412 -0.009525
-0.03825111080252459 0.02300628368172814 -0.009525
0.1533808304123434 0.1892125489046678 -0.009525
0.1402061818689543 -0.0252795236283998 -0.009525
-0.005322369837095808 0.2325835633789695 -0.009525
-0.1506695899585435 0.04837841543910169 -0.009525
-0.1741469877543168 0.02921531990842443 -0.009525
-0.1681456476271077 0.0009051477941999147 -0.009525
-0.1995918974684815 0.008309867493345256 -0.009525
-0.2029827883223003 0.04833628253023278 -0.009525
-0.2648051316185779 0.04303502258043296 -0.009525
-0.2618638710709925 -0.04498907217653748 -0.009525
-0.2227073825028788 -0.0209000377024457 -0.009525
0.09401788608484882 0.2491073617144317 -0.009525
0.09296856516644847 0.2118594112527124 -0.009525
0.2262027104354659 -0.1409345050877961 -0.009525
0.1874541255170845 -0.134660551098836 -0.009525
-0.2369488471925899 -0.1234907223161909 -0.009525
-0.1942397172352423 -0.1172775192480287 -0.009525
0.2600095798744166 -0.06308074362692681 -0.009525
-0.1865869929586608 -0.1906159834283092 -0.009525
-0.0004497889834513376 -0.04539579910263754 -0.009525
-0.02470826684064985 -0.03872419539107021 -0.009525
0.154351609967557 -0.1258812169702783 -0.009525
0.03092138611731551 -0.04816414684759808 -0.009525
0.04265985640080603 -0.03380768928232774 -0.009525
0.06437307227025524 -0.02263760964082642 -0.009525
-0.02827066799313086 -0.1889770079302996 -0.009525
0.1021766961419297 0.1415008583451975 -0.009525
-0.01160190099770313 0.07713924164513371 -0.009525
-0.01296572794732016 -0.043882072107067 -0.009525
0.1209058020504716 -0.09023427451529478 -0.009525
0.01344179278856769 0.2689428224351257 -0.009525
0.1623552357703519 -0.1611783279350785 -0.009525
-0.005562817450947726 -0.07025570247505941 -0.009525
0.1944218707188398 -0.07689708588372574 -0.009525
0.1945353008530283 0.09764490225155394 -0.009525
0.05406515268432219 0.164943223823373 -0.009525
0.08658224655269725 0.1761080736304271 -0.009525
0.07123329345348248 0.1425882187692203 -0.009525
-0.09992768776648123 -0.1115229763049135 -0.009525
-0.1154574546245926 -0.234095787615694 -0.009525
-0.06347423464411246 0.0478786709366766 -0.009525
-0.09422111839232987 0.125597657971487 -0.009525
-0.0495970685073116 0.1559757044424648 -0.009525
-0.07226615752542982 -0.04523231788485135 -0.009525
0.1099294781311644 0.1082987615491472 -0.009525
0.2267569747193112 -0.03059522263483549 -0.009525
-0.07284391381944709 0.261066798783417 -0.009525
0.05627277171986801 -0.09356686073421011 -0.009525
0.01888798806788814 0.1466508441707192 -0.009525
0.1339000205305625 -0.001859680308288603 -0.009525
-0.2319234611819935 0.02197001550423638 -0.009525
-0.1253764548863806 -0.1875760852838688 -0.009525
0.2264378797086307 -0.06399059519205184 -0.009525
-0.1409156986500524 -0.004965109261153199 -0.009525
-0.1587219549579669 -0.02839832091639426 -0.009525
-0.2231818198912751 -0.0622920639516826 -0.009525
-0.1335012540065547 -0.04603241201248821 -0.009525
0.2550518147371543 0.06819360086648332 -0.009525
0.02499179010055184 -0.223032068057082 -0.009525
-0.06351631296228671 0.0007498889572261928 -0.009525
0.05938770878759476 0.01403567640507745 -0.009525
0.06840954766645653 -0.006893940623635327 -0.009525
-0.1331600346159913 0.09045907195651072 -0.009525
-0.1559415535039552 0.07354636843087092 -0.009525
0.006613606738946967 -0.09437730650999625 -0.009525
0.1368568314389442 0.04266589369734685 -0.009525
-0.04153100343263699 0.03183856989557297 -0.009525
-0.1743265123424617 -0.1555886778735529 -0.009525
0.2300329376569424 0.1440176301059043 -0.009525
0.005895244073979951 -0.192215146483772 -0.009525
0.02671013405854691 0.060209889472097 -0.009525
-0.04868951273875933 -0.02241071181220375 -0.009525
-0.04320459728732112 -0.03107493028922194 -0.009525
0.01999709104929984 -0.1687842944045538 -0.009525
-0.05167712536284905 -0.003760578001586502 -0.009525
0.1593496412008376 0.02706483932445949 -0.009525
-0.09563643671968122 -0.1410279758408964 -0.009525
-0.07874188350932508 0.05613247906948301 -0.009525
-0.2172132235659858 0.08635513588891371 -0.009525
0.0104340348944788 -0.121793640430873 -0.009525
0.01582967972334053 0.07789624448717326 -0.009525
-0.009711370936403637 0.09523869619184475 -0.009525
0.06147976706712165 0.2269905751416982 -0.009525
0.2090553653338279 -0.1081424057896129 -0.009525
0.01622105023191511 -0.06308783352091221 -0.009525
-0.05276474272272309 0.009094261572231982 -0.009525
0.02666743218394265 -0.05930083254484386 -0.009525
-0.189180910687387 -0.01702607916903836 -0.009525
0.04984384780089692 -0.1111011167991364 -0.009525
0.03634775498184298 0.04160473084220288 -0.009525
0.220036713146536 0.07747162730538358 -0.009525
0.121348924559241 0.1967910638466059 -0.009525
-0.07561940719634691 0.006889106086419035 -0.009525
-0.1363267970092389 0.1140890339604706 -0.009525
-0.06768997075760094 -0.0589788864713596 -0.009525
0.07756375909572656 0.04475484319006744 -0.009525
0.07933102912790017 -0.004484785176641387 -0.009525
0.002894682141213066 0.04433127767142857 -0.009525
-0.1745970151670206 0.05579049599213332 -0.009525
-0.07400298397351394 0.1660169612959239 -0.009525
0.07210223204334791 -0.04993362747186054 -0.009525
-0.2195400378899848 -0.09380747922217419 -0.009525
0.06273975262950858 0.0248383090811432 -0.009525
0.06151370229328692 0.1219348734097788 -0.009525
-0.2348074210699144 0.05462891649817818 -0.009525
0.03538347450197744 -0.04021952127286486 -0.009525
0.03078842426212057 -0.1187097260512562 -0.009525
0.1445331479312346 -0.1035211567224429 -0.009525
0.03823913825532555 0.05760417711964461 -0.009525
-0.002061078085593892 0.05722881409559846 -0.009525
0.02798224549723693 0.2398898068448354 -0.009525
0.1762987865079856 0.2158371479108614 -0.009525
-0.1553852464477621 -0.1844251503041004 -0.009525
-0.1163973949746956 -0.1590098809821684 -0.009525
0.005021652084094793 -0.0656460441840073 -0.009525
2 6 0 38
658
659
660
661
662
663
664
665
666
667
668
669
670
671
672
673
674
675
676
677
678
679
680
681
682
683
684
685
686
687
688
689
690
691
692
693
694
695
0.3008529200520359 0.04889335840544526 -0.0047625
0.28911390750549 0.09652040451068868 -0.0047625
0.2698869966190985 0.1416476228389405 -0.0047625
0.2436701542853874 0.1831062421397357 -0.0047625
0.2111423829497262 0.2198225059503944 -0.0047625
0.1731461348036567 0.2508454823243862 -0.0047625
0.1306654927156515 0.2753716924692443 -0.0047625
0.08480068300173545 0.2927659204252421 -0.0047625
0.03673958014182319 0.3025776648250868 -0.0047625
-0.01227305854534899 0.3045528066426945 -0.0047625
-0.06096783146293759 0.2986401907424834 -0.0047625
-0.1080835695705642 0.2849929507705147 -0.0047625
-0.1523999999999993 0.2639645430734973 -0.0047625
-0.1927693504814702 0.2360995923650697 -0.0047625
-0.2281460760425509 0.2021197862317952 -0.0047625
-0.257613938073748 0.1629051838037547 -0.0047625
-0.2804097344272091 0.119471422685352 -0.0047625
-0.2959430659514604 0.07294341447484877 -0.0047625
-0.3038116275193071 0.02452621014485919 -0.0047625
-0.3038116275193073 -0.02452621014485696 -0.0047625
-0.2959430659514609 -0.07294341447484659 -0.0047625
-0.28040973442721 -0.11947142268535 -0.0047625
-0.2576139380737491 -0.1629051838037531 -0.0047625
-0.2281460760425521 -0.2021197862317938 -0.0047625
-0.1927693504814715 -0.2360995923650687 -0.0047625
-0.1524000000000006 -0.2639645430734965 -0.0047625
-0.1080835695705655 -0.2849929507705142 -0.0047625
-0.06096783146293892 -0.2986401907424831 -0.0047625
-0.01227305854535028 -0.3045528066426944 -0.0047625
0.03673958014182225 -0.3025776648250869 -0.0047625
0.08480068300173435 -0.2927659204252424 -0.0047625
0.1306654927156506 -0.2753716924692447 -0.0047625
0.173146134803656 -0.2508454823243867 -0.0047625
0.2111423829497257 -0.2198225059503949 -0.0047625
0.243670154285387 -0.1831062421397362 -0.0047625
0.2698869966190983 -0.1416476228389409 -0.0047625
0.2891139075054899 -0.09652040451068898 -0.0047625
0.3008529200520358 -0.04889335840544544 -0.0047625
2 7 0 377
696
697
698
699
700
701
702
703
704
705
706
707
708
709
710
711
712
713
714
715
716
717
718
719
720
721
722
723
724
725
726
727
728
729
730
731
732
733
734
735
736
737
738
739
740
741
742
743
744
745
746
747
748
749
750
751
752
753
754
755
756
757
758
759
760
761
762
763
764
765
766
767
768
769
770
771
772
773
774
775
776
777
778
779
780
781
782
783
784
785
786
787
788
789
790
791
792
793
794
795
796
797
798
799
800
801
802
803
804
805
806
807
808
809
810
811
812
813
814
815
816
817
818
819
820
821
822
823
824
825
826
827
828
829
830
831
832
833
834
835
836
837
838
839
840
841
842
843
844
845
846
847
848
849
850
851
852
853
854
855
856
857
858
859
860
861
862
863
864
865
866
867
868
869
870
871
872
873
874
875
876
877
878
879
880
881
882
883
884
885
886
887
888
889
890
891
892
893
894
895
896
897
898
899
900
901
902
903
904
905
906
907
908
909
910
911
912
913
914
915
916
917
918
919
920
921
922
923
924
925
926
927
928
929
930
931
932
933
934
935
936
937
938
939
940
941
942
943
944
945
946
947
948
949
950
951
952
953
954
955
956
957
958
959
960
961
962
963
964
965
966
967
968
969
970
971
972
973
974
975
976
977
978
979
980
981
982
983
984
985
986
987
988
989
990
991
992
993
994
995
996
997
998
999
1000
1001
1002
1003
1004
1005
1006
1007
1008
1009
1010
1011
1012
1013
1014
1015
1016
1017
1018
1019
1020
1021
1022
1023
1024
1025
1026
1027
1028
1029
1030
1031
1032
1033
1034
1035
1036
1037
1038
1039
1040
1041
1042
1043
1044
1045
1046
1047
1048
1049
1050
1051
1052
1053
1054
1055
1056
1057
1058
1059
1060
1061
1062
1063
1064
1065
1066
1067
1068
1069
1070
1071
1072
-0.208236441755036 0.1548942251896455 0
0.2369653445181381 0.1067793672987082 0
-0.03331209963688114 0.2564414786245637 0
0.2469776902188275 -0.1032850949999586 0
-0.03294466047004678 -0.2587194715278759 0
-0.2139315643635097 -0.1577149923726142 0
0.134442262409926 0.2270844739851292 0
0.1329888034976456 -0.2269134656118054 0
-0.2661229115886662 -0.0009033760993495249 0
0.2004079109060131 -0.1743574825529408 0
-0.2496783845843301 0.0832030869499288 0
0.05144176984056026 -0.2555570789537019 0
-0.1414308614996506 0.2155995713686788 0
-0.2527601177770666 -0.0868731948064816 0
0.2621375549013187 -0.01669398807705378 0
-0.1525909682044494 -0.216292247944023 0
0.05248900732533862 0.2580464411992532 0
0.1969607816606633 0.1762252177242679 0
0.1692930877295591 -0.2022602193006976 0
0.1334251655898477 -0.1831221888777771 0
0.09735317531873577 -0.2019573496922996 0
0.09984930488058823 -0.1644053503403461 0
0.06766792320046192 -0.1782013847655878 0
0.07176678753363398 -0.1455081836910662 0
0.09942418071353813 -0.1319582872721372 0
0.07141536459172512 -0.1144206642187314 0
0.09745256626847829 -0.102550875060617 0
0.04940243868048177 -0.1306210358465075 0
0.01368385288391081 -0.03444986429335224 0
0.07593789403624443 -0.08749803975979305 0
0.09743673748635805 -0.07626305734360105 0
0.02901143605085885 -0.02293373646647148 0
0.07624523041415915 -0.06585134894677976 0
0.09359872529050572 -0.05138487769522395 0
0.1185107657574446 -0.06429480440138534 0
0.1176282891519558 -0.03911509767768492 0
0.09608530788501127 -0.02695086245966019 0
0.1163619853625212 -0.01465458231998576 0
0.03663365077203368 -0.005451452677878336 0
0.09354614346521953 -0.003451879832238883 0
0.1147647976779081 0.008708024803583415 0
0.09432200333106777 0.01962215279824265 0
0.1137761594261004 0.03184340625048377 0
0.09403094092878996 0.04114772455984685 0
0.02909395586042065 0.02232439491495146 0
0.1125794464179468 0.05509695309882044 0
0.088345339397139 0.06371848016150472 0
0.1354811036838417 0.02139786425431241 0
0.05806552236349935 -0.07412833655418087 0
0.112052247352528 0.08024452211684818 0
0.08829306809570796 0.09149308810699555 0
0.06673426011632003 0.07776500543868506 0
0.06497220303684843 0.101840010417196 0
0.0460272618871309 0.08840628665331948 0
0.04293993700243055 0.1118810125233797 0
0.02329381992454957 0.09564489553840716 0
0.02110888173120864 0.1221723344932349 0
0.002654605299048136 0.1082577215367259 0
-0.004793560818177395 0.03814662615570944 0
0.01398843585024762 0.03397516781458041 0
-0.001212487247284892 0.132918815708966 0
-0.02118465106774679 0.1140205525147577 0
-0.02493812331409097 0.1443597687341949 0
-0.04666765011278476 0.1277899019767471 0
-0.04501939245610626 0.1004271503311223 0
-0.02242964018554385 0.02910525667135226 0
-0.06807932071517506 0.1117946510206445 0
-0.06547516643631557 0.08611546518803233 0
-0.08828176415724608 0.09601003349521245 0
-0.0842833948836951 0.07263925688175404 0
-0.1078170735926323 0.08042402832390307 0
-0.1007713339024379 0.05445444921960477 0
-0.03390864740053101 0.01459236816414896 0
0.04450328310960373 0.1349373707930845 0
-0.1285619238255847 0.06479773149278172 0
-0.1242997176638796 0.0385032744235052 0
-0.100691115694562 0.02828450002998005 0
-0.1201547534757157 0.01332604101207376 0
-0.09437480773911928 0.004713934739514812 0
-0.1154822473245757 -0.01028857202963761 0
-0.02295923114184427 -0.0290954939068488 0
-0.09385032879740526 -0.01859782469460883 0
-0.112143656023074 -0.03349977969300232 0
-0.09077107814907137 -0.04117287554162322 0
-0.1083867432603374 -0.05703257615920001 0
-0.0839130624226561 -0.06497788019050757 0
-0.03433228686883595 -0.01358941744901866 0
-0.1048318856801182 -0.08309179585419749 0
-0.07953799913281147 -0.09209756726802514 0
-0.005631369866275798 -0.0367900518933243 0
-0.1318375967191985 -0.02486196135652181 0
0.1423263697394358 -0.05106050353909417 0
-0.1457396806099744 0.02114372612354282 0
0.1434940119321273 -0.07818434583739627 0
0.08391979486406942 0.1184277545460135 0
-0.002107634824732368 0.1611560948664835 0
-0.1307007617203852 -0.07338833635512972 0
-0.1132634831766451 0.1064582182918662 0
-0.07150417221302513 0.1403606307595945 0
0.1362593733350353 0.06836663038313665 0
-0.05937490621326252 -0.07390146748136724 0
-0.05433058647489314 -0.09960346880660545 0
-0.0733999181773466 -0.1192640623877124 0
-0.04611234801584305 -0.1271172060093802 0
-0.0367677264696583 -0.0819571914984996 0
-0.06712550261885095 -0.1491544294447237 0
-0.03711369115557957 -0.1575331707507727 0
-0.1270212045057611 -0.1025420483379395 0
-0.06310998416270941 0.06563900988556381 0
0.003658978062183708 0.08673489809126089 0
0.05806360683325297 -0.05614211698654021 0
0.04050388666354652 -0.06207157028841708 0
-0.07952522300838184 0.02100407597512439 0
0.07535743488376492 0.02938210071890123 0
0.04971567480535056 0.0670428844104107 0
0.03982090059637847 -0.08088734080274952 0
0.02611472062024451 -0.07167787727895958 0
0.02322382522020269 -0.08858000127035641 0
0.1359083784174091 0.09723807567459947 0
0.0797738829272861 -0.01699171671088753 0
-0.02891101288309941 0.1746218111316047 0
-0.07421182741226404 -0.02624090728749845 0
-0.1586165885831871 -0.09246744450423962 0
-0.06016747561671537 -0.1818653555871427 0
0.169114627887831 -0.06467991439868938 0
0.1678478754595999 -0.03376457615231819 0
-0.03978499405428874 -0.06121289191610906 0
-0.02207566418823333 -0.0674483839144998 0
-0.002900683545365352 0.1939629282600762 0
0.162696192159845 0.08290662020198949 0
-0.01492747047557087 -0.1341577491572959 0
-0.005979503920771184 -0.1634887836964145 0
0.04356424471408941 -0.0461714203497454 0
-0.01224915746547735 -0.08637363075909199 0
0.1704264742490642 -0.09805629227931936 0
-0.1542439326232521 -0.1251844067810035 0
0.1969335695978489 -0.04779621951866866 0
0.1948920268245302 -0.01106052998224897 0
-0.092899514812958 -0.1712498486516111 0
-0.08652487134487691 -0.2061143739274937 0
0.0575932761708227 -0.03830173479225278 0
0.1625765458244332 0.115631316940139 0
0.1318382280835581 0.130209228309218 0
-0.02481006950728349 -0.05148651396095941 0
-0.04101509181815136 -0.04313823081208871 0
-0.007541183954940285 -0.05702584747130813 0
-0.1592168113583663 -0.05901349759468118 0
-0.1905696873537501 -0.0791038957884871 0
-0.1914928828533261 -0.04574785693197456 0
0.02641745734848752 0.1769659777386482 0
0.1624479787344831 0.05348155040169152 0
0.1912994937449507 0.06697295815638345 0
0.1240075829271868 -0.1165914077263263 0
-0.08207046995367048 0.0400510084238158 0
-0.06468442996073571 0.03068760827624072 0
-0.06407577867015224 0.01567878129468955 0
-0.04960345471398235 0.02376083224082947 0
-0.05021629666280782 0.03881775789585262 0
0.03374780599142944 -0.01456013618017918 0
0.04309890555178994 -0.01294299411365684 0
0.04610541295770273 -0.001893275822231581 0
0.03818841078079292 -0.02340581369122283 0
0.03142449079778492 -0.03176627733464512 0
0.05458079284546909 -0.01057973757774406 0
0.05864871938646274 0.002455649654479618 0
0.04638134950172519 0.01125695238979309 0
-0.07660491360179456 -0.007701150534459764 0
-0.05953111851192676 -0.01437525414288506 0
-0.0290558557542806 0.02233576562385678 0
-0.03191461495310302 0.03125862710076165 0
-0.0243242029165269 0.03869579379982339 0
-0.03707332980409225 0.006226218269192936 0
-0.03905363902325684 -0.003625567851210662 0
-0.04492003472834383 0.004408264877047497 0
0.004793382954108813 0.03640935828753926 0
0.01147502605784135 0.04355707232179702 0
0.0235471997659142 0.03985957513399337 0
0.01905124783889996 0.05176905640894668 0
0.006241946215493045 0.0537609179158909 0
0.0151476534598112 0.06393607212773508 0
0.02883694150684423 0.05004065962773656 0
0.03429346570915237 0.01392663671797334 0
0.0395485317293745 0.02266251346139821 0
0.05179142228218117 0.02365176223580374 0
0.04461939119292806 0.03356782406114498 0
-0.02913473773544397 -0.02235587055209527 0
-0.03863062228630618 -0.02226591946670842 0
-0.01465368853132018 -0.03387002482310243 0
0.06511412351734852 0.05605593111872905 0
0.004261084199710017 -0.03662245196560365 0
0.01077672395773652 -0.04398961233930682 0
-0.04453179761220021 -0.01200410150199991 0
0.02342137058695786 -0.03990550112167626 0
-0.05520575686905534 -0.05180388032871226 0
-0.03282380131009192 0.2111882899117784 0
-0.05776467705663205 0.1882690789098759 0
-0.06514147328489736 0.2260736612796254 0
0.1883999256024684 0.02820035985123737 0
0.2223316118794085 0.04776730795378901 0
0.01957611728669162 -0.05150273478833237 0
0.007109957801275822 -0.0545176999984081 0
0.008594976595882488 -0.07719124493623965 0
0.04980524143936882 -0.02298136825323549 0
-0.09583832257802946 0.1954309570166831 0
-0.04461541686930713 0.07664480596515744 0
-0.02649343148184798 0.08809697157146734 0
-0.02669524560459634 0.06678634224376157 0
0.02729852068778343 0.2109405008672715 0
0.05709353059077063 0.1949394001854717 0
-0.0563272674267748 -0.03348405319386496 0
0.07559454245263852 0.009398396460196192 0
0.03762765564914614 -0.09988693769436026 0
0.01822393296958542 -0.1068844904600514 0
0.03711851944600966 0.004274248342593551 0
-0.1220910326663957 -0.1332722047436414 0
-0.1420283971853442 -0.1565343853296076 0
-0.04322609291277342 0.05609107823861276 0
0.0443948462654053 -0.1578927795440655 0
0.03647623324975069 -0.1883536272219078 0
0.01919863557813442 -0.1419711350766089 0
0.02235587055209519 0.02913473773544405 0
0.07724912920131009 -0.03474922006856299 0
-0.01497991687550136 0.03434992540314929 0
-0.01447192004241258 0.0443565116879717 0
0.1626860340595872 0.0005298153490467206 0
0.001665147869210187 0.06714483208753494 0
-0.0041159225323141 0.04917579669403511 0
-0.03313757400708553 -0.0313257778955477 0
-0.04879857954614873 -0.2175737307828419 0
-0.0120354838947647 0.05883370968493288 0
-0.07524646214206125 -0.2498993474580463 0
-0.01202474898599507 -0.2236354804088052 0
0.06024169955213556 0.03660243096618029 0
0.03151492810715312 0.03151492810715318 0
0.03083740960925917 0.07432887627745913 0
-0.03627486270698878 0.04130303055866636 0
-0.02617130134634378 0.05101107770229477 0
0.2252594601287955 0.008213729616620072 0
0.06193884900865683 -0.2143985169218384 0
-0.02854350103882807 -0.1063510492310296 0
-0.004825931963018558 -0.1089447419585359 0
0.02232508476784196 -0.02941749645755541 0
0.2617388936164521 0.02606233479421398 0
-0.04279574989872444 0.01372838006518569 0
0.1621987235523031 0.1519596017267644 0
0.1276110152170138 0.1655434406809996 0
0.09319812889716388 -0.2444940040123554 0
0.009617989890477194 -0.261379967949133 0
-0.1033939676903334 0.2403767337646137 0
-0.1321577088080715 0.172501839405269 0
-0.1771229883639433 0.1872353555058481 0
-0.1614657624207012 0.1408032075332798 0
-0.1944824679374175 0.1164496734078596 0
-0.1604669484160068 0.1024682040750763 0
-0.1871434617851822 0.07929248960720695 0
-0.2345443922078294 0.1216088243919573 0
0.1946684393274895 0.1332346914957974 0
-0.1246456037086906 0.1377630154968563 0
-0.09955236638319739 0.1611993987647481 0
0.04936167428977427 0.0483566117166967 0
0.1291995149120501 -0.1467883088099412 0
-0.03825111080252459 0.02300628368172814 0
0.1533808304123434 0.1892125489046678 0
0.1402061818689543 -0.0252795236283998 0
-0.005322369837095808 0.2325835633789695 0
-0.1506695899585435 0.04837841543910169 0
-0.1741469877543168 0.02921531990842443 0
-0.1681456476271077 0.0009051477941999147 0
-0.1995918974684815 0.008309867493345256 0
-0.2029827883223003 0.04833628253023278 0
-0.2648051316185779 0.04303502258043296 0
-0.2618638710709925 -0.04498907217653748 0
-0.2227073825028788 -0.0209000377024457 0
0.09401788608484882 0.2491073617144317 0
0.09296856516644847 0.2118594112527124 0
0.2262027104354659 -0.1409345050877961 0
0.1874541255170845 -0.134660551098836 0
-0.2369488471925899 -0.1234907223161909 0
-0.1942397172352423 -0.1172775192480287 0
0.2600095798744166 -0.06308074362692681 0
-0.1865869929586608 -0.1906159834283092 0
-0.0004497889834513376 -0.04539579910263754 0
-0.02470826684064985 -0.03872419539107021 0
0.154351609967557 -0.1258812169702783 0
0.03092138611731551 -0.04816414684759808 0
0.04265985640080603 -0.03380768928232774 0
0.06437307227025524 -0.02263760964082642 0
-0.02827066799313086 -0.1889770079302996 0
0.1021766961419297 0.1415008583451975 0
-0.01160190099770313 0.07713924164513371 0
-0.01296572794732016 -0.043882072107067 0
0.1209058020504716 -0.09023427451529478 0
0.01344179278856769 0.2689428224351257 0
0.1623552357703519 -0.1611783279350785 0
-0.005562817450947726 -0.07025570247505941 0
0.1944218707188398 -0.07689708588372574 0
0.1945353008530283 0.09764490225155394 0
0.05406515268432219 0.164943223823373 0
0.08658224655269725 0.1761080736304271 0
0.07123329345348248 0.1425882187692203 0
-0.09992768776648123 -0.1115229763049135 0
-0.1154574546245926 -0.234095787615694 0
-0.06347423464411246 0.0478786709366766 0
-0.09422111839232987 0.125597657971487 0
-0.0495970685073116 0.1559757044424648 0
-0.07226615752542982 -0.04523231788485135 0
0.1099294781311644 0.1082987615491472 0
0.2267569747193112 -0.03059522263483549 0
-0.07284391381944709 0.261066798783417 0
0.05627277171986801 -0.09356686073421011 0
0.01888798806788814 0.1466508441707192 0
0.1339000205305625 -0.001859680308288603 0
-0.2319234611819935 0.02197001550423638 0
-0.1253764548863806 -0.1875760852838688 0
0.2264378797086307 -0.06399059519205184 0
-0.1409156986500524 -0.004965109261153199 0
-0.1587219549579669 -0.02839832091639426 0
-0.2231818198912751 -0.0622920639516826 0
-0.1335012540065547 -0.04603241201248821 0
0.2550518147371543 0.06819360086648332 0
0.02499179010055184 -0.223032068057082 0
-0.06351631296228671 0.0007498889572261928 0
0.05938770878759476 0.01403567640507745 0
0.06840954766645653 -0.006893940623635327 0
-0.1331600346159913 0.09045907195651072 0
-0.1559415535039552 0.07354636843087092 0
0.006613606738946967 -0.09437730650999625 0
0.1368568314389442 0.04266589369734685 0
-0.04153100343263699 0.03183856989557297 0
-0.1743265123424617 -0.1555886778735529 0
0.2300329376569424 0.1440176301059043 0
0.005895244073979951 -0.192215146483772 0
0.02671013405854691 0.060209889472097 0
-0.04868951273875933 -0.02241071181220375 0
-0.04320459728732112 -0.03107493028922194 0
0.01999709104929984 -0.1687842944045538 0
-0.05167712536284905 -0.003760578001586502 0
0.1593496412008376 0.02706483932445949 0
-0.09563643671968122 -0.1410279758408964 0
-0.07874188350932508 0.05613247906948301 0
-0.2172132235659858 0.08635513588891371 0
0.0104340348944788 -0.121793640430873 0
0.01582967972334053 0.07789624448717326 0
-0.009711370936403637 0.09523869619184475 0
0.06147976706712165 0.2269905751416982 0
0.2090553653338279 -0.1081424057896129 0
0.01622105023191511 -0.06308783352091221 0
-0.05276474272272309 0.009094261572231982 0
0.02666743218394265 -0.05930083254484386 0
-0.189180910687387 -0.01702607916903836 0
0.04984384780089692 -0.1111011167991364 0
0.03634775498184298 0.04160473084220288 0
0.220036713146536 0.07747162730538358 0
0.121348924559241 0.1967910638466059 0
-0.07561940719634691 0.006889106086419035 0
-0.1363267970092389 0.1140890339604706 0
-0.06768997075760094 -0.0589788864713596 0
0.07756375909572656 0.04475484319006744 0
0.07933102912790017 -0.004484785176641387 0
0.002894682141213066 0.04433127767142857 0
-0.1745970151670206 0.05579049599213332 0
-0.07400298397351394 0.1660169612959239 0
0.07210223204334791 -0.04993362747186054 0
-0.2195400378899848 -0.09380747922217419 0
0.06273975262950858 0.0248383090811432 0
0.06151370229328692 0.1219348734097788 0
-0.2348074210699144 0.05462891649817818 0
0.03538347450197744 -0.04021952127286486 0
0.03078842426212057 -0.1187097260512562 0
0.1445331479312346 -0.1035211567224429 0
0.03823913825532555 0.05760417711964461 0
-0.002061078085593892 0.05722881409559846 0
0.02798224549723693 0.2398898068448354 0
0.1762987865079856 0.2158371479108614 0
-0.1553852464477621 -0.1844251503041004 0
-0.1163973949746956 -0.1590098809821684 0
0.005021652084094793 -0.0656460441840073 0
2 8 0 1817
1073
1074
1075
1076
1077
1078
1079
1080
1081
1082
1083
1084
1085
1086
1087
1088
1089
1090
1091
1092
1093
1094
1095
1096
1097
1098
1099
1100
1101
1102
1103
1104
1105
1106
1107
1108
1109
1110
1111
1112
1113
1114
1115
1116
1117
1118
1119
1120
1121
1122
1123
1124
1125
1126
1127
1128
1129
1130
1131
1132
1133
1134
1135
1136
1137
1138
1139
1140
1141
1142
1143
1144
1145
1146
1147
1148
1149
1150
1151
1152
1153
1154
1155
1156
1157
1158
1159
1160
1161
1162
1163
1164
1165
1166
1167
1168
1169
1170
1171
1172
1173
1174
1175
1176
1177
1178
1179
1180
1181
1182
1183
1184
1185
1186
1187
1188
1189
1190
1191
1192
1193
1194
1195
1196
1197
1198
1199
1200
1201
1202
1203
1204
1205
1206
1207
1208
1209
1210
1211
1212
1213
1214
1215
1216
1217
1218
1219
1220
1221
1222
1223
1224
1225
1226
1227
1228
1229
1230
1231
1232
1233
1234
1235
1236
1237
1238
1239
1240
1241
1242
1243
1244
1245
1246
1247
1248
1249
1250
1251
1252
1253
1254
1255
1256
1257
1258
1259
1260
1261
1262
1263
1264
1265
1266
1267
1268
1269
1270
1271
1272
1273
1274
1275
1276
1277
1278
1279
1280
1281
1282
1283
1284
1285
1286
1287
1288
1289
1290
1291
1292
1293
1294
1295
1296
1297
1298
1299
1300
1301
1302
1303
1304
1305
1306
1307
1308
1309
1310
1311
1312
1313
1314
1315
1316
1317
1318
1319
1320
1321
1322
1323
1324
1325
1326
1327
1328
1329
1330
1331
1332
1333
1334
1335
1336
1337
1338
1339
1340
1341
1342
1343
1344
1345
1346
1347
1348
1349
1350
1351
1352
1353
1354
1355
1356
1357
1358
1359
1360
1361
1362
1363
1364
1365
1366
1367
1368
1369
1370
1371
1372
1373
1374
1375
1376
1377
1378
1379
1380
1381
1382
1383
1384
1385
1386
1387
1388
1389
1390
1391
1392
1393
1394
1395
1396
1397
1398
1399
1400
1401
1402
1403
1404
1405
1406
1407
1408
1409
1410
1411
1412
1413
1414
1415
1416
1417
1418
1419
1420
1421
1422
1423
1424
1425
1426
1427
1428
1429
1430
1431
1432
1433
1434
1435
1436
1437
1438
1439
1440
1441
1442
1443
1444
1445
1446
1447
1448
1449
1450
1451
1452
1453
1454
1455
1456
1457
1458
1459
1460
1461
1462
1463
1464
1465
1466
1467
1468
1469
1470
1471
1472
1473
1474
1475
1476
1477
1478
1479
1480
1481
1482
1483
1484
1485
1486
1487
1488
1489
1490
1491
1492
1493
1494
1495
1496
1497
1498
1499
1500
1501
1502
1503
1504
1505
1506
1507
1508
1509
1510
1511
1512
1513
1514
1515
1516
1517
1518
1519
1520
1521
1522
1523
1524
1525
1526
1527
1528
1529
1530
1531
1532
1533
1534
1535
1536
1537
1538
1539
1540
1541
1542
1543
1544
1545
1546
1547
1548
1549
1550
1551
1552
1553
1554
1555
1556
1557
1558
1559
1560
1561
1562
1563
1564
1565
1566
1567
1568
1569
1570
1571
1572
1573
1574
1575
1576
1577
1578
1579
1580
1581
1582
1583
1584
1585
1586
1587
1588
1589
1590
1591
1592
1593
1594
1595
1596
1597
1598
1599
1600
1601
1602
1603
1604
1605
1606
1607
1608
1609
1610
1611
1612
1613
1614
1615
1616
1617
1618
1619
1620
1621
1622
1623
1624
1625
1626
1627
1628
1629
1630
1631
1632
1633
1634
1635
1636
1637
1638
1639
1640
1641
1642
1643
1644
1645
1646
1647
1648
1649
1650
1651
1652
1653
1654
1655
1656
1657
1658
1659
1660
1661
1662
1663
1664
1665
1666
1667
1668
1669
1670
1671
1672
1673
1674
1675
1676
1677
1678
1679
1680
1681
1682
1683
1684
1685
1686
1687
1688
1689
1690
1691
1692
1693
1694
1695
1696
1697
1698
1699
1700
1701
1702
1703
1704
1705
1706
1707
1708
1709
1710
1711
1712
1713
1714
1715
1716
1717
1718
1719
1720
1721
1722
1723
1724
1725
1726
1727
1728
1729
1730
1731
1732
1733
1734
1735
1736
1737
1738
1739
1740
1741
1742
1743
1744
1745
1746
1747
1748
1749
1750
1751
1752
1753
1754
1755
1756
1757
1758
1759
1760
1761
1762
1763
1764
1765
1766
1767
1768
1769
1770
1771
1772
1773
1774
1775
1776
1777
1778
1779
1780
1781
1782
1783
1784
1785
1786
1787
1788
1789
1790
1791
1792
1793
1794
1795
1796
1797
1798
1799
1800
1801
1802
1803
1804
1805
1806
1807
1808
1809
1810
1811
1812
1813
1814
1815
1816
1817
1818
1819
1820
1821
1822
1823
1824
1825
1826
1827
1828
1829
1830
1831
1832
1833
1834
1835
1836
1837
1838
1839
1840
1841
1842
1843
1844
1845
1846
1847
1848
1849
1850
1851
1852
1853
1854
1855
1856
1857
1858
1859
1860
1861
1862
1863
1864
1865
1866
1867
1868
1869
1870
1871
1872
1873
1874
1875
1876
1877
1878
1879
1880
1881
1882
1883
1884
1885
1886
1887
1888
1889
1890
1891
1892
1893
1894
1895
1896
1897
1898
1899
1900
1901
1902
1903
1904
1905
1906
1907
1908
1909
1910
1911
1912
1913
1914
1915
1916
1917
1918
1919
1920
1921
1922
1923
1924
1925
1926
1927
1928
1929
1930
1931
1932
1933
1934
1935
1936
1937
1938
1939
1940
1941
1942
1943
1944
1945
1946
1947
1948
1949
1950
1951
1952
1953
1954
1955
1956
1957
1958
1959
1960
1961
1962
1963
1964
1965
1966
1967
1968
1969
1970
1971
1972
1973
1974
1975
1976
1977
1978
1979
1980
1981
1982
1983
1984
1985
1986
1987
1988
1989
1990
1991
1992
1993
1994
1995
1996
1997
1998
1999
2000
2001
2002
2003
2004
2005
2006
2007
2008
2009
2010
2011
2012
2013
2014
2015
2016
2017
2018
2019
2020
2021
2022
2023
2024
2025
2026
2027
2028
2029
2030
2031
2032
2033
2034
2035
2036
2037
2038
2039
2040
2041
2042
2043
2044
2045
2046
2047
2048
2049
2050
2051
2052
2053
2054
2055
2056
2057
2058
2059
2060
2061
2062
2063
2064
2065
2066
2067
2068
2069
2070
2071
2072
2073
2074
2075
2076
2077
2078
2079
2080
2081
2082
2083
2084
2085
2086
2087
2088
2089
2090
2091
2092
2093
2094
2095
2096
2097
2098
2099
2100
2101
2102
2103
2104
2105
2106
2107
2108
2109
2110
2111
2112
2113
2114
2115
2116
2117
2118
2119
2120
2121
2122
2123
2124
2125
2126
2127
2128
2129
2130
2131
2132
2133
2134
2135
2136
2137
2138
2139
2140
2141
2142
2143
2144
2145
2146
2147
2148
2149
2150
2151
2152
2153
2154
2155
2156
2157
2158
2159
2160
2161
2162
2163
2164
2165
2166
2167
2168
2169
2170
2171
2172
2173
2174
2175
2176
2177
2178
2179
2180
2181
2182
2183
2184
2185
2186
2187
2188
2189
2190
2191
2192
2193
2194
2195
2196
2197
2198
2199
2200
2201
2202
2203
2204
2205
2206
2207
2208
2209
2210
2211
2212
2213
2214
2215
2216
2217
2218
2219
2220
2221
2222
2223
2224
2225
2226
2227
2228
2229
2230
2231
2232
2233
2234
2235
2236
2237
2238
2239
2240
2241
2242
2243
2244
2245
2246
2247
2248
2249
2250
2251
2252
2253
2254
2255
2256
2257
2258
2259
2260
2261
2262
2263
2264
2265
2266
2267
2268
2269
2270
2271
2272
2273
2274
2275
2276
2277
2278
2279
2280
2281
2282
2283
2284
2285
2286
2287
2288
2289
2290
2291
2292
2293
2294
2295
2296
2297
2298
2299
2300
2301
2302
2303
2304
2305
2306
2307
2308
2309
2310
2311
2312
2313
2314
2315
2316
2317
2318
2319
2320
2321
2322
2323
2324
2325
2326
2327
2328
2329
2330
2331
2332
2333
2334
2335
2336
2337
2338
2339
2340
2341
2342
2343
2344
2345
2346
2347
2348
2349
2350
2351
2352
2353
2354
2355
2356
2357
2358
2359
2360
2361
2362
2363
2364
2365
2366
2367
2368
2369
2370
2371
2372
2373
2374
2375
2376
2377
2378
2379
2380
2381
2382
2383
2384
2385
2386
2387
2388
2389
2390
2391
2392
2393
2394
2395
2396
2397
2398
2399
2400
2401
2402
2403
2404
2405
2406
2407
2408
2409
2410
2411
2412
2413
2414
2415
2416
2417
2418
2419
2420
2421
2422
2423
2424
2425
2426
2427
2428
2429
2430
2431
2432
2433
2434
2435
2436
2437
2438
2439
2440
2441
2442
2443
2444
2445
2446
2447
2448
2449
2450
2451
2452
2453
2454
2455
2456
2457
2458
2459
2460
2461
2462
2463
2464
2465
2466
2467
2468
2469
2470
2471
2472
2473
2474
2475
2476
2477
2478
2479
2480
2481
2482
2483
2484
2485
2486
2487
2488
2489
2490
2491
2492
2493
2494
2495
2496
2497
2498
2499
2500
2501
2502
2503
2504
2505
2506
2507
2508
2509
2510
2511
2512
2513
2514
2515
2516
2517
2518
2519
2520
2521
2522
2523
2524
2525
2526
2527
2528
2529
2530
2531
2532
2533
2534
2535
2536
2537
2538
2539
2540
2541
2542
2543
2544
2545
2546
2547
2548
2549
2550
2551
2552
2553
2554
2555
2556
2557
2558
2559
2560
2561
2562
2563
2564
2565
2566
2567
2568
2569
2570
2571
2572
2573
2574
2575
2576
2577
2578
2579
2580
2581
2582
2583
2584
2585
2586
2587
2588
2589
2590
2591
2592
2593
2594
2595
2596
2597
2598
2599
2600
2601
2602
2603
2604
2605
2606
2607
2608
2609
2610
2611
2612
2613
2614
2615
2616
2617
2618
2619
2620
2621
2622
2623
2624
2625
2626
2627
2628
2629
2630
2631
2632
2633
2634
2635
2636
2637
2638
2639
2640
2641
2642
2643
2644
2645
2646
2647
2648
2649
2650
2651
2652
2653
2654
2655
2656
2657
2658
2659
2660
2661
2662
2663
2664
2665
2666
2667
2668
2669
2670
2671
2672
2673
2674
2675
2676
2677
2678
2679
2680
2681
2682
2683
2684
2685
2686
2687
2688
2689
2690
2691
2692
2693
2694
2695
2696
2697
2698
2699
2700
2701
2702
2703
2704
2705
2706
2707
2708
2709
2710
2711
2712
2713
2714
2715
2716
2717
2718
2719
2720
2721
2722
2723
2724
2725
2726
2727
2728
2729
2730
2731
2732
2733
2734
2735
2736
2737
2738
2739
2740
2741
2742
2743
2744
2745
2746
2747
2748
2749
2750
2751
2752
2753
2754
2755
2756
2757
2758
2759
2760
2761
2762
2763
2764
2765
2766
2767
2768
2769
2770
2771
2772
2773
2774
2775
2776
2777
2778
2779
2780
2781
2782
2783
2784
2785
2786
2787
2788
2789
2790
2791
2792
2793
2794
2795
2796
2797
2798
2799
2800
2801
2802
2803
2804
2805
2806
2807
2808
2809
2810
2811
2812
2813
2814
2815
2816
2817
2818
2819
2820
2821
2822
2823
2824
2825
2826
2827
2828
2829
2830
2831
2832
2833
2834
2835
2836
2837
2838
2839
2840
2841
2842
2843
2844
2845
2846
2847
2848
2849
2850
2851
2852
2853
2854
2855
2856
2857
2858
2859
2860
2861
2862
2863
2864
2865
2866
2867
2868
2869
2870
2871
2872
2873
2874
2875
2876
2877
2878
2879
2880
2881
2882
2883
2884
2885
2886
2887
2888
2889
0.02913473773544402 0.007806629447904791 0.0762
0.02913473773544402 0.007806629447904791 0.1524
0.02913473773544402 0.007806629447904791 0.2286
0.02913473773544402 0.007806629447904791 0.3048
0.02913473773544402 0.007806629447904791 0.381
0.02913473773544402 0.007806629447904791 0.4572
0.02913473773544402 0.007806629447904791 0.5334
0.02913473773544402 0.007806629447904791 0.6096
0.02913473773544402 0.007806629447904791 0.6858000000000001
0.02913473773544402 0.007806629447904791 0.762
0.02913473773544402 0.007806629447904791 0.8382000000000001
0.02913473773544402 0.007806629447904791 0.9144
0.02913473773544402 0.007806629447904791 0.9906
0.02913473773544402 0.007806629447904791 1.0668
0.02913473773544402 0.007806629447904791 1.143
0.02913473773544402 0.007806629447904791 1.2192
0.02913473773544402 0.007806629447904791 1.2954
0.02913473773544402 0.007806629447904791 1.3716
0.02913473773544402 0.007806629447904791 1.4478
0.02913473773544402 0.007806629447904791 1.524
0.02913473773544402 0.007806629447904791 1.6002
0.02913473773544402 0.007806629447904791 1.6764
0.02913473773544402 0.007806629447904791 1.7526
0.02913473773544402 0.007806629447904791 1.8288
0.02913473773544402 0.007806629447904791 1.905
0.02913473773544402 0.007806629447904791 1.9812
0.02913473773544402 0.007806629447904791 2.0574
0.02913473773544402 0.007806629447904791 2.1336
0.02913473773544402 0.007806629447904791 2.2098
0.02913473773544402 0.007806629447904791 2.286
0.02913473773544402 0.007806629447904791 2.3622
0.02913473773544402 0.007806629447904791 2.4384
0.02913473773544402 0.007806629447904791 2.5146
0.02913473773544402 0.007806629447904791 2.5908
0.02913473773544402 0.007806629447904791 2.667
0.02913473773544402 0.007806629447904791 2.7432
0.02913473773544402 0.007806629447904791 2.8194
0.02913473773544402 0.007806629447904791 2.8956
0.02913473773544402 0.007806629447904791 2.9718
0.02913473773544402 0.007806629447904791 3.048
0.02913473773544402 0.007806629447904791 3.1242
0.02913473773544402 0.007806629447904791 3.2004
0.02913473773544402 0.007806629447904791 3.2766
0.02913473773544402 0.007806629447904791 3.3528
0.02913473773544402 0.007806629447904791 3.429
0.02913473773544402 0.007806629447904791 3.5052
0.02913473773544402 0.007806629447904791 3.5814
0.02913473773544402 0.007806629447904791 3.6576
0.02913473773544402 0.007806629447904791 3.7338
0.02913473773544402 0.007806629447904791 3.81
0.02913473773544402 0.007806629447904791 3.8862
0.02913473773544402 0.007806629447904791 3.9624
0.02913473773544402 0.007806629447904791 4.0386
0.02913473773544402 0.007806629447904791 4.114800000000001
0.02913473773544402 0.007806629447904791 4.191
0.02913473773544402 0.007806629447904791 4.2672
0.02913473773544402 0.007806629447904791 4.3434
0.02913473773544402 0.007806629447904791 4.4196
0.02913473773544402 0.007806629447904791 4.4958
0.02913473773544402 0.007806629447904791 4.572
0.02913473773544402 0.007806629447904791 4.6482
0.02913473773544402 0.007806629447904791 4.7244
0.02913473773544402 0.007806629447904791 4.8006
0.02913473773544402 0.007806629447904791 4.8768
0.02913473773544402 0.007806629447904791 4.953
0.02913473773544402 0.007806629447904791 5.029199999999999
0.02913473773544402 0.007806629447904791 5.1054
0.02913473773544402 0.007806629447904791 5.1816
0.02913473773544402 0.007806629447904791 5.2578
0.02913473773544402 0.007806629447904791 5.334
0.02913473773544402 0.007806629447904791 5.4102
0.02913473773544402 0.007806629447904791 5.486400000000001
0.02913473773544402 0.007806629447904791 5.5626
0.02913473773544402 0.007806629447904791 5.638800000000001
0.02913473773544402 0.007806629447904791 5.715
0.02913473773544402 0.007806629447904791 5.7912
0.02913473773544402 0.007806629447904791 5.8674
0.02913473773544402 0.007806629447904791 5.9436
0.02913473773544402 0.007806629447904791 6.0198
0.02612149124164812 0.01508125000000001 0.0762
0.02612149124164812 0.01508125000000001 0.1524
0.02612149124164812 0.01508125000000001 0.2286
0.02612149124164812 0.01508125000000001 0.3048
0.02612149124164812 0.01508125000000001 0.381
0.02612149124164812 0.01508125000000001 0.4572
0.02612149124164812 0.01508125000000001 0.5334
0.02612149124164812 0.01508125000000001 0.6096
0.02612149124164812 0.01508125000000001 0.6858000000000001
0.02612149124164812 0.01508125000000001 0.762
0.02612149124164812 0.01508125000000001 0.8382000000000001
0.02612149124164812 0.01508125000000001 0.9144
0.02612149124164812 0.01508125000000001 0.9906
0.02612149124164812 0.01508125000000001 1.0668
0.02612149124164812 0.01508125000000001 1.143
0.02612149124164812 0.01508125000000001 1.2192
0.02612149124164812 0.01508125000000001 1.2954
0.02612149124164812 0.01508125000000001 1.3716
0.02612149124164812 0.01508125000000001 1.4478
0.02612149124164812 0.01508125000000001 1.524
0.02612149124164812 0.01508125000000001 1.6002
0.02612149124164812 0.01508125000000001 1.6764
0.02612149124164812 0.01508125000000001 1.7526
0.02612149124164812 0.01508125000000001 1.8288
0.02612149124164812 0.01508125000000001 1.905
0.02612149124164812 0.01508125000000001 1.9812
0.02612149124164812 0.01508125000000001 2.0574
0.02612149124164812 0.01508125000000001 2.1336
0.02612149124164812 0.01508125000000001 2.2098
0.02612149124164812 0.01508125000000001 2.286
0.02612149124164812 0.01508125000000001 2.3622
0.02612149124164812 0.01508125000000001 2.4384
0.02612149124164812 0.01508125000000001 2.5146
0.02612149124164812 0.01508125000000001 2.5908
0.02612149124164812 0.01508125000000001 2.667
0.02612149124164812 0.01508125000000001 2.7432
0.02612149124164812 0.01508125000000001 2.8194
0.02612149124164812 0.01508125000000001 2.8956
0.02612149124164812 0.01508125000000001 2.9718
0.02612149124164812 0.01508125000000001 3.048
0.02612149124164812 0.01508125000000001 3.1242
0.02612149124164812 0.01508125000000001 3.2004
0.02612149124164812 0.01508125000000001 3.2766
0.02612149124164812 0.01508125000000001 3.3528
0.02612149124164812 0.01508125000000001 3.429
0.02612149124164812 0.01508125000000001 3.5052
0.02612149124164812 0.01508125000000001 3.5814
0.02612149124164812 0.01508125000000001 3.6576
0.02612149124164812 0.01508125000000001 3.7338
0.02612149124164812 0.01508125000000001 3.81
0.02612149124164812 0.01508125000000001 3.8862
0.02612149124164812 0.01508125000000001 3.9624
0.02612149124164812 0.01508125000000001 4.0386
0.02612149124164812 0.01508125000000001 4.114800000000001
0.02612149124164812 0.01508125000000001 4.191
0.02612149124164812 0.01508125000000001 4.2672
0.02612149124164812 0.01508125000000001 4.3434
0.02612149124164812 0.01508125000000001 4.4196
0.02612149124164812 0.01508125000000001 4.4958
0.02612149124164812 0.01508125000000001 4.572
0.02612149124164812 0.01508125000000001 4.6482
0.02612149124164812 0.01508125000000001 4.7244
0.02612149124164812 0.01508125000000001 4.8006
0.02612149124164812 0.01508125000000001 4.8768
0.02612149124164812 0.01508125000000001 4.953
0.02612149124164812 0.01508125000000001 5.029199999999999
0.02612149124164812 0.01508125000000001 5.1054
0.02612149124164812 0.01508125000000001 5.1816
0.02612149124164812 0.01508125000000001 5.2578
0.02612149124164812 0.01508125000000001 5.334
0.02612149124164812 0.01508125000000001 5.4102
0.02612149124164812 0.01508125000000001 5.486400000000001
0.02612149124164812 0.01508125000000001 5.5626
0.02612149124164812 0.01508125000000001 5.638800000000001
0.02612149124164812 0.01508125000000001 5.715
0.02612149124164812 0.01508125000000001 5.7912
0.02612149124164812 0.01508125000000001 5.8674
0.02612149124164812 0.01508125000000001 5.9436
0.02612149124164812 0.01508125000000001 6.0198
0.02132810828753922 0.02132810828753926 0.0762
0.02132810828753922 0.02132810828753926 0.1524
0.02132810828753922 0.02132810828753926 0.2286
0.02132810828753922 0.02132810828753926 0.3048
0.02132810828753922 0.02132810828753926 0.381
0.02132810828753922 0.02132810828753926 0.4572
0.02132810828753922 0.02132810828753926 0.5334
0.02132810828753922 0.02132810828753926 0.6096
0.02132810828753922 0.02132810828753926 0.6858000000000001
0.02132810828753922 0.02132810828753926 0.762
0.02132810828753922 0.02132810828753926 0.8382000000000001
0.02132810828753922 0.02132810828753926 0.9144
0.02132810828753922 0.02132810828753926 0.9906
0.02132810828753922 0.02132810828753926 1.0668
0.02132810828753922 0.02132810828753926 1.143
0.02132810828753922 0.02132810828753926 1.2192
0.02132810828753922 0.02132810828753926 1.2954
0.02132810828753922 0.02132810828753926 1.3716
0.02132810828753922 0.02132810828753926 1.4478
0.02132810828753922 0.02132810828753926 1.524
0.02132810828753922 0.02132810828753926 1.6002
0.02132810828753922 0.02132810828753926 1.6764
0.02132810828753922 0.02132810828753926 1.7526
0.02132810828753922 0.02132810828753926 1.8288
0.02132810828753922 0.02132810828753926 1.905
0.02132810828753922 0.02132810828753926 1.9812
0.02132810828753922 0.02132810828753926 2.0574
0.02132810828753922 0.02132810828753926 2.1336
0.02132810828753922 0.02132810828753926 2.2098
0.02132810828753922 0.02132810828753926 2.286
0.02132810828753922 0.02132810828753926 2.3622
0.02132810828753922 0.02132810828753926 2.4384
0.02132810828753922 0.02132810828753926 2.5146
0.02132810828753922 0.02132810828753926 2.5908
0.02132810828753922 0.02132810828753926 2.667
0.02132810828753922 0.02132810828753926 2.7432
0.02132810828753922 0.02132810828753926 2.8194
0.02132810828753922 0.02132810828753926 2.8956
0.02132810828753922 0.02132810828753926 2.9718
0.02132810828753922 0.02132810828753926 3.048
0.02132810828753922 0.02132810828753926 3.1242
0.02132810828753922 0.02132810828753926 3.2004
0.02132810828753922 0.02132810828753926 3.2766
0.02132810828753922 0.02132810828753926 3.3528
0.02132810828753922 0.02132810828753926 3.429
0.02132810828753922 0.02132810828753926 3.5052
0.02132810828753922 0.02132810828753926 3.5814
0.02132810828753922 0.02132810828753926 3.6576
0.02132810828753922 0.02132810828753926 3.7338
0.02132810828753922 0.02132810828753926 3.81
0.02132810828753922 0.02132810828753926 3.8862
0.02132810828753922 0.02132810828753926 3.9624
0.02132810828753922 0.02132810828753926 4.0386
0.02132810828753922 0.02132810828753926 4.114800000000001
0.02132810828753922 0.02132810828753926 4.191
0.02132810828753922 0.02132810828753926 4.2672
0.02132810828753922 0.02132810828753926 4.3434
0.02132810828753922 0.02132810828753926 4.4196
0.02132810828753922 0.02132810828753926 4.4958
0.02132810828753922 0.02132810828753926 4.572
0.02132810828753922 0.02132810828753926 4.6482
0.02132810828753922 0.02132810828753926 4.7244
0.02132810828753922 0.02132810828753926 4.8006
0.02132810828753922 0.02132810828753926 4.8768
0.02132810828753922 0.02132810828753926 4.953
0.02132810828753922 0.02132810828753926 5.029199999999999
0.02132810828753922 0.02132810828753926 5.1054
0.02132810828753922 0.02132810828753926 5.1816
0.02132810828753922 0.02132810828753926 5.2578
0.02132810828753922 0.02132810828753926 5.334
0.02132810828753922 0.02132810828753926 5.4102
0.02132810828753922 0.02132810828753926 5.486400000000001
0.02132810828753922 0.02132810828753926 5.5626
0.02132810828753922 0.02132810828753926 5.638800000000001
0.02132810828753922 0.02132810828753926 5.715
0.02132810828753922 0.02132810828753926 5.7912
0.02132810828753922 0.02132810828753926 5.8674
0.02132810828753922 0.02132810828753926 5.9436
0.02132810828753922 0.02132810828753926 6.0198
0.01508124999999997 0.02612149124164815 0.0762
0.01508124999999997 0.02612149124164815 0.1524
0.01508124999999997 0.02612149124164815 0.2286
0.01508124999999997 0.02612149124164815 0.3048
0.01508124999999997 0.02612149124164815 0.381
0.01508124999999997 0.02612149124164815 0.4572
0.01508124999999997 0.02612149124164815 0.5334
0.01508124999999997 0.02612149124164815 0.6096
0.01508124999999997 0.02612149124164815 0.6858000000000001
0.01508124999999997 0.02612149124164815 0.762
0.01508124999999997 0.02612149124164815 0.8382000000000001
0.01508124999999997 0.02612149124164815 0.9144
0.01508124999999997 0.02612149124164815 0.9906
0.01508124999999997 0.02612149124164815 1.0668
0.01508124999999997 0.02612149124164815 1.143
0.01508124999999997 0.02612149124164815 1.2192
0.01508124999999997 0.02612149124164815 1.2954
0.01508124999999997 0.02612149124164815 1.3716
0.01508124999999997 0.02612149124164815 1.4478
0.01508124999999997 0.02612149124164815 1.524
0.01508124999999997 0.02612149124164815 1.6002
0.01508124999999997 0.02612149124164815 1.6764
0.01508124999999997 0.02612149124164815 1.7526
0.01508124999999997 0.02612149124164815 1.8288
0.01508124999999997 0.02612149124164815 1.905
0.01508124999999997 0.02612149124164815 1.9812
0.01508124999999997 0.02612149124164815 2.0574
0.01508124999999997 0.02612149124164815 2.1336
0.01508124999999997 0.02612149124164815 2.2098
0.01508124999999997 0.02612149124164815 2.286
0.01508124999999997 0.02612149124164815 2.3622
0.01508124999999997 0.02612149124164815 2.4384
0.01508124999999997 0.02612149124164815 2.5146
0.01508124999999997 0.02612149124164815 2.5908
0.01508124999999997 0.02612149124164815 2.667
0.01508124999999997 0.02612149124164815 2.7432
0.01508124999999997 0.02612149124164815 2.8194
0.01508124999999997 0.02612149124164815 2.8956
0.01508124999999997 0.02612149124164815 2.9718
0.01508124999999997 0.02612149124164815 3.048
0.01508124999999997 0.02612149124164815 3.1242
0.01508124999999997 0.02612149124164815 3.2004
0.01508124999999997 0.02612149124164815 3.2766
0.01508124999999997 0.02612149124164815 3.3528
0.01508124999999997 0.02612149124164815 3.429
0.01508124999999997 0.02612149124164815 3.5052
0.01508124999999997 0.02612149124164815 3.5814
0.01508124999999997 0.02612149124164815 3.6576
0.01508124999999997 0.02612149124164815 3.7338
0.01508124999999997 0.02612149124164815 3.81
0.01508124999999997 0.02612149124164815 3.8862
0.01508124999999997 0.02612149124164815 3.9624
0.01508124999999997 0.02612149124164815 4.0386
0.01508124999999997 0.02612149124164815 4.114800000000001
0.01508124999999997 0.02612149124164815 4.191
0.01508124999999997 0.02612149124164815 4.2672
0.01508124999999997 0.02612149124164815 4.3434
0.01508124999999997 0.02612149124164815 4.4196
0.01508124999999997 0.02612149124164815 4.4958
0.01508124999999997 0.02612149124164815 4.572
0.01508124999999997 0.02612149124164815 4.6482
0.01508124999999997 0.02612149124164815 4.7244
0.01508124999999997 0.02612149124164815 4.8006
0.01508124999999997 0.02612149124164815 4.8768
0.01508124999999997 0.02612149124164815 4.953
0.01508124999999997 0.02612149124164815 5.029199999999999
0.01508124999999997 0.02612149124164815 5.1054
0.01508124999999997 0.02612149124164815 5.1816
0.01508124999999997 0.02612149124164815 5.2578
0.01508124999999997 0.02612149124164815 5.334
0.01508124999999997 0.02612149124164815 5.4102
0.01508124999999997 0.02612149124164815 5.486400000000001
0.01508124999999997 0.02612149124164815 5.5626
0.01508124999999997 0.02612149124164815 5.638800000000001
0.01508124999999997 0.02612149124164815 5.715
0.01508124999999997 0.02612149124164815 5.7912
0.01508124999999997 0.02612149124164815 5.8674
0.01508124999999997 0.02612149124164815 5.9436
0.01508124999999997 0.02612149124164815 6.0198
0.00780662944790473 0.02913473773544404 0.0762
0.00780662944790473 0.02913473773544404 0.1524
0.00780662944790473 0.02913473773544404 0.2286
0.00780662944790473 0.02913473773544404 0.3048
0.00780662944790473 0.02913473773544404 0.381
0.00780662944790473 0.02913473773544404 0.4572
0.00780662944790473 0.02913473773544404 0.5334
0.00780662944790473 0.02913473773544404 0.6096
0.00780662944790473 0.02913473773544404 0.6858000000000001
0.00780662944790473 0.02913473773544404 0.762
0.00780662944790473 0.02913473773544404 0.8382000000000001
0.00780662944790473 0.02913473773544404 0.9144
0.00780662944790473 0.02913473773544404 0.9906
0.00780662944790473 0.02913473773544404 1.0668
0.00780662944790473 0.02913473773544404 1.143
0.00780662944790473 0.02913473773544404 1.2192
0.00780662944790473 0.02913473773544404 1.2954
0.00780662944790473 0.02913473773544404 1.3716
0.00780662944790473 0.02913473773544404 1.4478
0.00780662944790473 0.02913473773544404 1.524
0.00780662944790473 0.02913473773544404 1.6002
0.00780662944790473 0.02913473773544404 1.6764
0.00780662944790473 0.02913473773544404 1.7526
0.00780662944790473 0.02913473773544404 1.8288
0.00780662944790473 0.02913473773544404 1.905
0.00780662944790473 0.02913473773544404 1.9812
0.00780662944790473 0.02913473773544404 2.0574
0.00780662944790473 0.02913473773544404 2.1336
0.00780662944790473 0.02913473773544404 2.2098
0.00780662944790473 0.02913473773544404 2.286
0.00780662944790473 0.02913473773544404 2.3622
0.00780662944790473 0.02913473773544404 2.4384
0.00780662944790473 0.02913473773544404 2.5146
0.00780662944790473 0.02913473773544404 2.5908
0.00780662944790473 0.02913473773544404 2.667
0.00780662944790473 0.02913473773544404 2.7432
0.00780662944790473 0.02913473773544404 2.8194
0.00780662944790473 0.02913473773544404 2.8956
0.00780662944790473 0.02913473773544404 2.9718
0.00780662944790473 0.02913473773544404 3.048
0.00780662944790473 0.02913473773544404 3.1242
0.00780662944790473 0.02913473773544404 3.2004
0.00780662944790473 0.02913473773544404 3.2766
0.00780662944790473 0.02913473773544404 3.3528
0.00780662944790473 0.02913473773544404 3.429
0.00780662944790473 0.02913473773544404 3.5052
0.00780662944790473 0.02913473773544404 3.5814
0.00780662944790473 0.02913473773544404 3.6576
0.00780662944790473 0.02913473773544404 3.7338
0.00780662944790473 0.02913473773544404 3.81
0.00780662944790473 0.02913473773544404 3.8862
0.00780662944790473 0.02913473773544404 3.9624
0.00780662944790473 0.02913473773544404 4.0386
0.00780662944790473 0.02913473773544404 4.114800000000001
0.00780662944790473 0.02913473773544404 4.191
0.00780662944790473 0.02913473773544404 4.2672
0.00780662944790473 0.02913473773544404 4.3434
0.00780662944790473 0.02913473773544404 4.4196
0.00780662944790473 0.02913473773544404 4.4958
0.00780662944790473 0.02913473773544404 4.572
0.00780662944790473 0.02913473773544404 4.6482
0.00780662944790473 0.02913473773544404 4.7244
0.00780662944790473 0.02913473773544404 4.8006
0.00780662944790473 0.02913473773544404 4.8768
0.00780662944790473 0.02913473773544404 4.953
0.00780662944790473 0.02913473773544404 5.029199999999999
0.00780662944790473 0.02913473773544404 5.1054
0.00780662944790473 0.02913473773544404 5.1816
0.00780662944790473 0.02913473773544404 5.2578
0.00780662944790473 0.02913473773544404 5.334
0.00780662944790473 0.02913473773544404 5.4102
0.00780662944790473 0.02913473773544404 5.486400000000001
0.00780662944790473 0.02913473773544404 5.5626
0.00780662944790473 0.02913473773544404 5.638800000000001
0.00780662944790473 0.02913473773544404 5.715
0.00780662944790473 0.02913473773544404 5.7912
0.00780662944790473 0.02913473773544404 5.8674
0.00780662944790473 0.02913473773544404 5.9436
0.00780662944790473 0.02913473773544404 6.0198
-7.182470390259972e-17 0.0301625 0.0762
-7.182470390259972e-17 0.0301625 0.1524
-7.182470390259972e-17 0.0301625 0.2286
-7.182470390259972e-17 0.0301625 0.3048
-7.182470390259972e-17 0.0301625 0.381
-7.182470390259972e-17 0.0301625 0.4572
-7.182470390259972e-17 0.0301625 0.5334
-7.182470390259972e-17 0.0301625 0.6096
-7.182470390259972e-17 0.0301625 0.6858000000000001
-7.182470390259972e-17 0.0301625 0.762
-7.182470390259972e-17 0.0301625 0.8382000000000001
-7.182470390259972e-17 0.0301625 0.9144
-7.182470390259972e-17 0.0301625 0.9906
-7.182470390259972e-17 0.0301625 1.0668
-7.182470390259972e-17 0.0301625 1.143
-7.182470390259972e-17 0.0301625 1.2192
-7.182470390259972e-17 0.0301625 1.2954
-7.182470390259972e-17 0.0301625 1.3716
-7.182470390259972e-17 0.0301625 1.4478
-7.182470390259972e-17 0.0301625 1.524
-7.182470390259972e-17 0.0301625 1.6002
-7.182470390259972e-17 0.0301625 1.6764
-7.182470390259972e-17 0.0301625 1.7526
-7.182470390259972e-17 0.0301625 1.8288
-7.182470390259972e-17 0.0301625 1.905
-7.182470390259972e-17 0.0301625 1.9812
-7.182470390259972e-17 0.0301625 2.0574
-7.182470390259972e-17 0.0301625 2.1336
-7.182470390259972e-17 0.0301625 2.2098
-7.182470390259972e-17 0.0301625 2.286
-7.182470390259972e-17 0.0301625 2.3622
-7.182470390259972e-17 0.0301625 2.4384
-7.182470390259972e-17 0.0301625 2.5146
-7.182470390259972e-17 0.0301625 2.5908
-7.182470390259972e-17 0.0301625 2.667
-7.182470390259972e-17 0.0301625 2.7432
-7.182470390259972e-17 0.0301625 2.8194
-7.182470390259972e-17 0.0301625 2.8956
-7.182470390259972e-17 0.0301625 2.9718
-7.182470390259972e-17 0.0301625 3.048
-7.182470390259972e-17 0.0301625 3.1242
-7.182470390259972e-17 0.0301625 3.2004
-7.182470390259972e-17 0.0301625 3.2766
-7.182470390259972e-17 0.0301625 3.3528
-7.182470390259972e-17 0.0301625 3.429
-7.182470390259972e-17 0.0301625 3.5052
-7.182470390259972e-17 0.0301625 3.5814
-7.182470390259972e-17 0.0301625 3.6576
-7.182470390259972e-17 0.0301625 3.7338
-7.182470390259972e-17 0.0301625 3.81
-7.182470390259972e-17 0.0301625 3.8862
-7.182470390259972e-17 0.0301625 3.9624
-7.182470390259972e-17 0.0301625 4.0386
-7.182470390259972e-17 0.0301625 4.114800000000001
-7.182470390259972e-17 0.0301625 4.191
-7.182470390259972e-17 0.0301625 4.2672
-7.182470390259972e-17 0.0301625 4.3434
-7.182470390259972e-17 0.0301625 4.4196
-7.182470390259972e-17 0.0301625 4.4958
-7.182470390259972e-17 0.0301625 4.572
-7.182470390259972e-17 0.0301625 4.6482
-7.182470390259972e-17 0.0301625 4.7244
-7.182470390259972e-17 0.0301625 4.8006
-7.182470390259972e-17 0.0301625 4.8768
-7.182470390259972e-17 0.0301625 4.953
-7.182470390259972e-17 0.0301625 5.029199999999999
-7.182470390259972e-17 0.0301625 5.1054
-7.182470390259972e-17 0.0301625 5.1816
-7.182470390259972e-17 0.0301625 5.2578
-7.182470390259972e-17 0.0301625 5.334
-7.182470390259972e-17 0.0301625 5.4102
-7.182470390259972e-17 0.0301625 5.486400000000001
-7.182470390259972e-17 0.0301625 5.5626
-7.182470390259972e-17 0.0301625 5.638800000000001
-7.182470390259972e-17 0.0301625 5.715
-7.182470390259972e-17 0.0301625 5.7912
-7.182470390259972e-17 0.0301625 5.8674
-7.182470390259972e-17 0.0301625 5.9436
-7.182470390259972e-17 0.0301625 6.0198
-0.007806629447904855 0.029134737735444 0.0762
-0.007806629447904855 0.029134737735444 0.1524
-0.007806629447904855 0.029134737735444 0.2286
-0.007806629447904855 0.029134737735444 0.3048
-0.007806629447904855 0.029134737735444 0.381
-0.007806629447904855 0.029134737735444 0.4572
-0.007806629447904855 0.029134737735444 0.5334
-0.007806629447904855 0.029134737735444 0.6096
-0.007806629447904855 0.029134737735444 0.6858000000000001
-0.007806629447904855 0.029134737735444 0.762
-0.007806629447904855 0.029134737735444 0.8382000000000001
-0.007806629447904855 0.029134737735444 0.9144
-0.007806629447904855 0.029134737735444 0.9906
-0.007806629447904855 0.029134737735444 1.0668
-0.007806629447904855 0.029134737735444 1.143
-0.007806629447904855 0.029134737735444 1.2192
-0.007806629447904855 0.029134737735444 1.2954
-0.007806629447904855 0.029134737735444 1.3716
-0.007806629447904855 0.029134737735444 1.4478
-0.007806629447904855 0.029134737735444 1.524
-0.007806629447904855 0.029134737735444 1.6002
-0.007806629447904855 0.029134737735444 1.6764
-0.007806629447904855 0.029134737735444 1.7526
-0.007806629447904855 0.029134737735444 1.8288
-0.007806629447904855 0.029134737735444 1.905
-0.007806629447904855 0.029134737735444 1.9812
-0.007806629447904855 0.029134737735444 2.0574
-0.007806629447904855 0.029134737735444 2.1336
-0.007806629447904855 0.029134737735444 2.2098
-0.007806629447904855 0.029134737735444 2.286
-0.007806629447904855 0.029134737735444 2.3622
-0.007806629447904855 0.029134737735444 2.4384
-0.007806629447904855 0.029134737735444 2.5146
-0.007806629447904855 0.029134737735444 2.5908
-0.007806629447904855 0.029134737735444 2.667
-0.007806629447904855 0.029134737735444 2.7432
-0.007806629447904855 0.029134737735444 2.8194
-0.007806629447904855 0.029134737735444 2.8956
-0.007806629447904855 0.029134737735444 2.9718
-0.007806629447904855 0.029134737735444 3.048
-0.007806629447904855 0.029134737735444 3.1242
-0.007806629447904855 0.029134737735444 3.2004
-0.007806629447904855 0.029134737735444 3.2766
-0.007806629447904855 0.029134737735444 3.3528
-0.007806629447904855 0.029134737735444 3.429
-0.007806629447904855 0.029134737735444 3.5052
-0.007806629447904855 0.029134737735444 3.5814
-0.007806629447904855 0.029134737735444 3.6576
-0.007806629447904855 0.029134737735444 3.7338
-0.007806629447904855 0.029134737735444 3.81
-0.007806629447904855 0.029134737735444 3.8862
-0.007806629447904855 0.029134737735444 3.9624
-0.007806629447904855 0.029134737735444 4.0386
-0.007806629447904855 0.029134737735444 4.114800000000001
-0.007806629447904855 0.029134737735444 4.191
-0.007806629447904855 0.029134737735444 4.2672
-0.007806629447904855 0.029134737735444 4.3434
-0.007806629447904855 0.029134737735444 4.4196
-0.007806629447904855 0.029134737735444 4.4958
-0.007806629447904855 0.029134737735444 4.572
-0.007806629447904855 0.029134737735444 4.6482
-0.007806629447904855 0.029134737735444 4.7244
-0.007806629447904855 0.029134737735444 4.8006
-0.007806629447904855 0.029134737735444 4.8768
-0.007806629447904855 0.029134737735444 4.953
-0.007806629447904855 0.029134737735444 5.029199999999999
-0.007806629447904855 0.029134737735444 5.1054
-0.007806629447904855 0.029134737735444 5.1816
-0.007806629447904855 0.029134737735444 5.2578
-0.007806629447904855 0.029134737735444 5.334
-0.007806629447904855 0.029134737735444 5.4102
-0.007806629447904855 0.029134737735444 5.486400000000001
-0.007806629447904855 0.029134737735444 5.5626
-0.007806629447904855 0.029134737735444 5.638800000000001
-0.007806629447904855 0.029134737735444 5.715
-0.007806629447904855 0.029134737735444 5.7912
-0.007806629447904855 0.029134737735444 5.8674
-0.007806629447904855 0.029134737735444 5.9436
-0.007806629447904855 0.029134737735444 6.0198
-0.01508125000000006 0.02612149124164809 0.0762
-0.01508125000000006 0.02612149124164809 0.1524
-0.01508125000000006 0.02612149124164809 0.2286
-0.01508125000000006 0.02612149124164809 0.3048
-0.01508125000000006 0.02612149124164809 0.381
-0.01508125000000006 0.02612149124164809 0.4572
-0.01508125000000006 0.02612149124164809 0.5334
-0.01508125000000006 0.02612149124164809 0.6096
-0.01508125000000006 0.02612149124164809 0.6858000000000001
-0.01508125000000006 0.02612149124164809 0.762
-0.01508125000000006 0.02612149124164809 0.8382000000000001
-0.01508125000000006 0.02612149124164809 0.9144
-0.01508125000000006 0.02612149124164809 0.9906
-0.01508125000000006 0.02612149124164809 1.0668
-0.01508125000000006 0.02612149124164809 1.143
-0.01508125000000006 0.02612149124164809 1.2192
-0.01508125000000006 0.02612149124164809 1.2954
-0.01508125000000006 0.02612149124164809 1.3716
-0.01508125000000006 0.02612149124164809 1.4478
-0.01508125000000006 0.02612149124164809 1.524
-0.01508125000000006 0.02612149124164809 1.6002
-0.01508125000000006 0.02612149124164809 1.6764
-0.01508125000000006 0.02612149124164809 1.7526
-0.01508125000000006 0.02612149124164809 1.8288
-0.01508125000000006 0.02612149124164809 1.905
-0.01508125000000006 0.02612149124164809 1.9812
-0.01508125000000006 0.02612149124164809 2.0574
-0.01508125000000006 0.02612149124164809 2.1336
-0.01508125000000006 0.02612149124164809 2.2098
-0.01508125000000006 0.02612149124164809 2.286
-0.01508125000000006 0.02612149124164809 2.3622
-0.01508125000000006 0.02612149124164809 2.4384
-0.01508125000000006 0.02612149124164809 2.5146
-0.01508125000000006 0.02612149124164809 2.5908
-0.01508125000000006 0.02612149124164809 2.667
-0.01508125000000006 0.02612149124164809 2.7432
-0.01508125000000006 0.02612149124164809 2.8194
-0.01508125000000006 0.02612149124164809 2.8956
-0.01508125000000006 0.02612149124164809 2.9718
-0.01508125000000006 0.02612149124164809 3.048
-0.01508125000000006 0.02612149124164809 3.1242
-0.01508125000000006 0.02612149124164809 3.2004
-0.01508125000000006 0.02612149124164809 3.2766
-0.01508125000000006 0.02612149124164809 3.3528
-0.01508125000000006 0.02612149124164809 3.429
-0.01508125000000006 0.02612149124164809 3.5052
-0.01508125000000006 0.02612149124164809 3.5814
-0.01508125000000006 0.02612149124164809 3.6576
-0.01508125000000006 0.02612149124164809 3.7338
-0.01508125000000006 0.02612149124164809 3.81
-0.01508125000000006 0.02612149124164809 3.8862
-0.01508125000000006 0.02612149124164809 3.9624
-0.01508125000000006 0.02612149124164809 4.0386
-0.01508125000000006 0.02612149124164809 4.114800000000001
-0.01508125000000006 0.02612149124164809 4.191
-0.01508125000000006 0.02612149124164809 4.2672
-0.01508125000000006 0.02612149124164809 4.3434
-0.01508125000000006 0.02612149124164809 4.4196
-0.01508125000000006 0.02612149124164809 4.4958
-0.01508125000000006 0.02612149124164809 4.572
-0.01508125000000006 0.02612149124164809 4.6482
-0.01508125000000006 0.02612149124164809 4.7244
-0.01508125000000006 0.02612149124164809 4.8006
-0.01508125000000006 0.02612149124164809 4.8768
-0.01508125000000006 0.02612149124164809 4.953
-0.01508125000000006 0.02612149124164809 5.029199999999999
-0.01508125000000006 0.02612149124164809 5.1054
-0.01508125000000006 0.02612149124164809 5.1816
-0.01508125000000006 0.02612149124164809 5.2578
-0.01508125000000006 0.02612149124164809 5.334
-0.01508125000000006 0.02612149124164809 5.4102
-0.01508125000000006 0.02612149124164809 5.486400000000001
-0.01508125000000006 0.02612149124164809 5.5626
-0.01508125000000006 0.02612149124164809 5.638800000000001
-0.01508125000000006 0.02612149124164809 5.715
-0.01508125000000006 0.02612149124164809 5.7912
-0.01508125000000006 0.02612149124164809 5.8674
-0.01508125000000006 0.02612149124164809 5.9436
-0.01508125000000006 0.02612149124164809 6.0198
-0.02132810828753928 0.02132810828753919 0.0762
-0.02132810828753928 0.02132810828753919 0.1524
-0.02132810828753928 0.02132810828753919 0.2286
-0.02132810828753928 0.02132810828753919 0.3048
-0.02132810828753928 0.02132810828753919 0.381
-0.02132810828753928 0.02132810828753919 0.4572
-0.02132810828753928 0.02132810828753919 0.5334
-0.02132810828753928 0.02132810828753919 0.6096
-0.02132810828753928 0.02132810828753919 0.6858000000000001
-0.02132810828753928 0.02132810828753919 0.762
-0.02132810828753928 0.02132810828753919 0.8382000000000001
-0.02132810828753928 0.02132810828753919 0.9144
-0.02132810828753928 0.02132810828753919 0.9906
-0.02132810828753928 0.02132810828753919 1.0668
-0.02132810828753928 0.02132810828753919 1.143
-0.02132810828753928 0.02132810828753919 1.2192
-0.02132810828753928 0.02132810828753919 1.2954
-0.02132810828753928 0.02132810828753919 1.3716
-0.02132810828753928 0.02132810828753919 1.4478
-0.02132810828753928 0.02132810828753919 1.524
-0.02132810828753928 0.02132810828753919 1.6002
-0.02132810828753928 0.02132810828753919 1.6764
-0.02132810828753928 0.02132810828753919 1.7526
-0.02132810828753928 0.02132810828753919 1.8288
-0.02132810828753928 0.02132810828753919 1.905
-0.02132810828753928 0.02132810828753919 1.9812
-0.02132810828753928 0.02132810828753919 2.0574
-0.02132810828753928 0.02132810828753919 2.1336
-0.02132810828753928 0.02132810828753919 2.2098
-0.02132810828753928 0.02132810828753919 2.286
-0.02132810828753928 0.02132810828753919 2.3622
-0.02132810828753928 0.02132810828753919 2.4384
-0.02132810828753928 0.02132810828753919 2.5146
-0.02132810828753928 0.02132810828753919 2.5908
-0.02132810828753928 0.02132810828753919 2.667
-0.02132810828753928 0.02132810828753919 2.7432
-0.02132810828753928 0.02132810828753919 2.8194
-0.02132810828753928 0.02132810828753919 2.8956
-0.02132810828753928 0.02132810828753919 2.9718
-0.02132810828753928 0.02132810828753919 3.048
-0.02132810828753928 0.02132810828753919 3.1242
-0.02132810828753928 0.02132810828753919 3.2004
-0.02132810828753928 0.02132810828753919 3.2766
-0.02132810828753928 0.02132810828753919 3.3528
-0.02132810828753928 0.02132810828753919 3.429
-0.02132810828753928 0.02132810828753919 3.5052
-0.02132810828753928 0.02132810828753919 3.5814
-0.02132810828753928 0.02132810828753919 3.6576
-0.02132810828753928 0.02132810828753919 3.7338
-0.02132810828753928 0.02132810828753919 3.81
-0.02132810828753928 0.02132810828753919 3.8862
-0.02132810828753928 0.02132810828753919 3.9624
-0.02132810828753928 0.02132810828753919 4.0386
-0.02132810828753928 0.02132810828753919 4.114800000000001
-0.02132810828753928 0.02132810828753919 4.191
-0.02132810828753928 0.02132810828753919 4.2672
-0.02132810828753928 0.02132810828753919 4.3434
-0.02132810828753928 0.02132810828753919 4.4196
-0.02132810828753928 0.02132810828753919 4.4958
-0.02132810828753928 0.02132810828753919 4.572
-0.02132810828753928 0.02132810828753919 4.6482
-0.02132810828753928 0.02132810828753919 4.7244
-0.02132810828753928 0.02132810828753919 4.8006
-0.02132810828753928 0.02132810828753919 4.8768
-0.02132810828753928 0.02132810828753919 4.953
-0.02132810828753928 0.02132810828753919 5.029199999999999
-0.02132810828753928 0.02132810828753919 5.1054
-0.02132810828753928 0.02132810828753919 5.1816
-0.02132810828753928 0.02132810828753919 5.2578
-0.02132810828753928 0.02132810828753919 5.334
-0.02132810828753928 0.02132810828753919 5.4102
-0.02132810828753928 0.02132810828753919 5.486400000000001
-0.02132810828753928 0.02132810828753919 5.5626
-0.02132810828753928 0.02132810828753919 5.638800000000001
-0.02132810828753928 0.02132810828753919 5.715
-0.02132810828753928 0.02132810828753919 5.7912
-0.02132810828753928 0.02132810828753919 5.8674
-0.02132810828753928 0.02132810828753919 5.9436
-0.02132810828753928 0.02132810828753919 6.0198
-0.02612149124164816 0.01508124999999995 0.0762
-0.02612149124164816 0.01508124999999995 0.1524
-0.02612149124164816 0.01508124999999995 0.2286
-0.02612149124164816 0.01508124999999995 0.3048
-0.02612149124164816 0.01508124999999995 0.381
-0.02612149124164816 0.01508124999999995 0.4572
-0.02612149124164816 0.01508124999999995 0.5334
-0.02612149124164816 0.01508124999999995 0.6096
-0.02612149124164816 0.01508124999999995 0.6858000000000001
-0.02612149124164816 0.01508124999999995 0.762
-0.02612149124164816 0.01508124999999995 0.8382000000000001
-0.02612149124164816 0.01508124999999995 0.9144
-0.02612149124164816 0.01508124999999995 0.9906
-0.02612149124164816 0.01508124999999995 1.0668
-0.02612149124164816 0.01508124999999995 1.143
-0.02612149124164816 0.01508124999999995 1.2192
-0.02612149124164816 0.01508124999999995 1.2954
-0.02612149124164816 0.01508124999999995 1.3716
-0.02612149124164816 0.01508124999999995 1.4478
-0.02612149124164816 0.01508124999999995 1.524
-0.02612149124164816 0.01508124999999995 1.6002
-0.02612149124164816 0.01508124999999995 1.6764
-0.02612149124164816 0.01508124999999995 1.7526
-0.02612149124164816 0.01508124999999995 1.8288
-0.02612149124164816 0.01508124999999995 1.905
-0.02612149124164816 0.01508124999999995 1.9812
-0.02612149124164816 0.01508124999999995 2.0574
-0.02612149124164816 0.01508124999999995 2.1336
-0.02612149124164816 0.01508124999999995 2.2098
-0.02612149124164816 0.01508124999999995 2.286
-0.02612149124164816 0.01508124999999995 2.3622
-0.02612149124164816 0.01508124999999995 2.4384
-0.02612149124164816 0.01508124999999995 2.5146
-0.02612149124164816 0.01508124999999995 2.5908
-0.02612149124164816 0.01508124999999995 2.667
-0.02612149124164816 0.01508124999999995 2.7432
-0.02612149124164816 0.01508124999999995 2.8194
-0.02612149124164816 0.01508124999999995 2.8956
-0.02612149124164816 0.01508124999999995 2.9718
-0.02612149124164816 0.01508124999999995 3.048
-0.02612149124164816 0.01508124999999995 3.1242
-0.02612149124164816 0.01508124999999995 3.2004
-0.02612149124164816 0.01508124999999995 3.2766
-0.02612149124164816 0.01508124999999995 3.3528
-0.02612149124164816 0.01508124999999995 3.429
-0.02612149124164816 0.01508124999999995 3.5052
-0.02612149124164816 0.01508124999999995 3.5814
-0.02612149124164816 0.01508124999999995 3.6576
-0.02612149124164816 0.01508124999999995 3.7338
-0.02612149124164816 0.01508124999999995 3.81
-0.02612149124164816 0.01508124999999995 3.8862
-0.02612149124164816 0.01508124999999995 3.9624
-0.02612149124164816 0.01508124999999995 4.0386
-0.02612149124164816 0.01508124999999995 4.114800000000001
-0.02612149124164816 0.01508124999999995 4.191
-0.02612149124164816 0.01508124999999995 4.2672
-0.02612149124164816 0.01508124999999995 4.3434
-0.02612149124164816 0.01508124999999995 4.4196
-0.02612149124164816 0.01508124999999995 4.4958
-0.02612149124164816 0.01508124999999995 4.572
-0.02612149124164816 0.01508124999999995 4.6482
-0.02612149124164816 0.01508124999999995 4.7244
-0.02612149124164816 0.01508124999999995 4.8006
-0.02612149124164816 0.01508124999999995 4.8768
-0.02612149124164816 0.01508124999999995 4.953
-0.02612149124164816 0.01508124999999995 5.029199999999999
-0.02612149124164816 0.01508124999999995 5.1054
-0.02612149124164816 0.01508124999999995 5.1816
-0.02612149124164816 0.01508124999999995 5.2578
-0.02612149124164816 0.01508124999999995 5.334
-0.02612149124164816 0.01508124999999995 5.4102
-0.02612149124164816 0.01508124999999995 5.486400000000001
-0.02612149124164816 0.01508124999999995 5.5626
-0.02612149124164816 0.01508124999999995 5.638800000000001
-0.02612149124164816 0.01508124999999995 5.715
-0.02612149124164816 0.01508124999999995 5.7912
-0.02612149124164816 0.01508124999999995 5.8674
-0.02612149124164816 0.01508124999999995 5.9436
-0.02612149124164816 0.01508124999999995 6.0198
-0.02913473773544403 0.007806629447904737 0.0762
-0.02913473773544403 0.007806629447904737 0.1524
-0.02913473773544403 0.007806629447904737 0.2286
-0.02913473773544403 0.007806629447904737 0.3048
-0.02913473773544403 0.007806629447904737 0.381
-0.02913473773544403 0.007806629447904737 0.4572
-0.02913473773544403 0.007806629447904737 0.5334
-0.02913473773544403 0.007806629447904737 0.6096
-0.02913473773544403 0.007806629447904737 0.6858000000000001
-0.02913473773544403 0.007806629447904737 0.762
-0.02913473773544403 0.007806629447904737 0.8382000000000001
-0.02913473773544403 0.007806629447904737 0.9144
-0.02913473773544403 0.007806629447904737 0.9906
-0.02913473773544403 0.007806629447904737 1.0668
-0.02913473773544403 0.007806629447904737 1.143
-0.02913473773544403 0.007806629447904737 1.2192
-0.02913473773544403 0.007806629447904737 1.2954
-0.02913473773544403 0.007806629447904737 1.3716
-0.02913473773544403 0.007806629447904737 1.4478
-0.02913473773544403 0.007806629447904737 1.524
-0.02913473773544403 0.007806629447904737 1.6002
-0.02913473773544403 0.007806629447904737 1.6764
-0.02913473773544403 0.007806629447904737 1.7526
-0.02913473773544403 0.007806629447904737 1.8288
-0.02913473773544403 0.007806629447904737 1.905
-0.02913473773544403 0.007806629447904737 1.9812
-0.02913473773544403 0.007806629447904737 2.0574
-0.02913473773544403 0.007806629447904737 2.1336
-0.02913473773544403 0.007806629447904737 2.2098
-0.02913473773544403 0.007806629447904737 2.286
-0.02913473773544403 0.007806629447904737 2.3622
-0.02913473773544403 0.007806629447904737 2.4384
-0.02913473773544403 0.007806629447904737 2.5146
-0.02913473773544403 0.007806629447904737 2.5908
-0.02913473773544403 0.007806629447904737 2.667
-0.02913473773544403 0.007806629447904737 2.7432
-0.02913473773544403 0.007806629447904737 2.8194
-0.02913473773544403 0.007806629447904737 2.8956
-0.02913473773544403 0.007806629447904737 2.9718
-0.02913473773544403 0.007806629447904737 3.048
-0.02913473773544403 0.007806629447904737 3.1242
-0.02913473773544403 0.007806629447904737 3.2004
-0.02913473773544403 0.007806629447904737 3.2766
-0.02913473773544403 0.007806629447904737 3.3528
-0.02913473773544403 0.007806629447904737 3.429
-0.02913473773544403 0.007806629447904737 3.5052
-0.02913473773544403 0.007806629447904737 3.5814
-0.02913473773544403 0.007806629447904737 3.6576
-0.02913473773544403 0.007806629447904737 3.7338
-0.02913473773544403 0.007806629447904737 3.81
-0.02913473773544403 0.007806629447904737 3.8862
-0.02913473773544403 0.007806629447904737 3.9624
-0.02913473773544403 0.007806629447904737 4.0386
-0.02913473773544403 0.007806629447904737 4.114800000000001
-0.02913473773544403 0.007806629447904737 4.191
-0.02913473773544403 0.007806629447904737 4.2672
-0.02913473773544403 0.007806629447904737 4.3434
-0.02913473773544403 0.007806629447904737 4.4196
-0.02913473773544403 0.007806629447904737 4.4958
-0.02913473773544403 0.007806629447904737 4.572
-0.02913473773544403 0.007806629447904737 4.6482
-0.02913473773544403 0.007806629447904737 4.7244
-0.02913473773544403 0.007806629447904737 4.8006
-0.02913473773544403 0.007806629447904737 4.8768
-0.02913473773544403 0.007806629447904737 4.953
-0.02913473773544403 0.007806629447904737 5.029199999999999
-0.02913473773544403 0.007806629447904737 5.1054
-0.02913473773544403 0.007806629447904737 5.1816
-0.02913473773544403 0.007806629447904737 5.2578
-0.02913473773544403 0.007806629447904737 5.334
-0.02913473773544403 0.007806629447904737 5.4102
-0.02913473773544403 0.007806629447904737 5.486400000000001
-0.02913473773544403 0.007806629447904737 5.5626
-0.02913473773544403 0.007806629447904737 5.638800000000001
-0.02913473773544403 0.007806629447904737 5.715
-0.02913473773544403 0.007806629447904737 5.7912
-0.02913473773544403 0.007806629447904737 5.8674
-0.02913473773544403 0.007806629447904737 5.9436
-0.02913473773544403 0.007806629447904737 6.0198
-0.0301625 -3.649068146837933e-17 0.0762
-0.0301625 -3.649068146837933e-17 0.1524
-0.0301625 -3.649068146837933e-17 0.2286
-0.0301625 -3.649068146837933e-17 0.3048
-0.0301625 -3.649068146837933e-17 0.381
-0.0301625 -3.649068146837933e-17 0.4572
-0.0301625 -3.649068146837933e-17 0.5334
-0.0301625 -3.649068146837933e-17 0.6096
-0.0301625 -3.649068146837933e-17 0.6858000000000001
-0.0301625 -3.649068146837933e-17 0.762
-0.0301625 -3.649068146837933e-17 0.8382000000000001
-0.0301625 -3.649068146837933e-17 0.9144
-0.0301625 -3.649068146837933e-17 0.9906
-0.0301625 -3.649068146837933e-17 1.0668
-0.0301625 -3.649068146837933e-17 1.143
-0.0301625 -3.649068146837933e-17 1.2192
-0.0301625 -3.649068146837933e-17 1.2954
-0.0301625 -3.649068146837933e-17 1.3716
-0.0301625 -3.649068146837933e-17 1.4478
-0.0301625 -3.649068146837933e-17 1.524
-0.0301625 -3.649068146837933e-17 1.6002
-0.0301625 -3.649068146837933e-17 1.6764
-0.0301625 -3.649068146837933e-17 1.7526
-0.0301625 -3.649068146837933e-17 1.8288
-0.0301625 -3.649068146837933e-17 1.905
-0.0301625 -3.649068146837933e-17 1.9812
-0.0301625 -3.649068146837933e-17 2.0574
-0.0301625 -3.649068146837933e-17 2.1336
-0.0301625 -3.649068146837933e-17 2.2098
-0.0301625 -3.649068146837933e-17 2.286
-0.0301625 -3.649068146837933e-17 2.3622
-0.0301625 -3.649068146837933e-17 2.4384
-0.0301625 -3.649068146837933e-17 2.5146
-0.0301625 -3.649068146837933e-17 2.5908
-0.0301625 -3.649068146837933e-17 2.667
-0.0301625 -3.649068146837933e-17 2.7432
-0.0301625 -3.649068146837933e-17 2.8194
-0.0301625 -3.649068146837933e-17 2.8956
-0.0301625 -3.649068146837933e-17 2.9718
-0.0301625 -3.649068146837933e-17 3.048
-0.0301625 -3.649068146837933e-17 3.1242
-0.0301625 -3.649068146837933e-17 3.2004
-0.0301625 -3.649068146837933e-17 3.2766
-0.0301625 -3.649068146837933e-17 3.3528
-0.0301625 -3.649068146837933e-17 3.429
-0.0301625 -3.649068146837933e-17 3.5052
-0.0301625 -3.649068146837933e-17 3.5814
-0.0301625 -3.649068146837933e-17 3.6576
-0.0301625 -3.649068146837933e-17 3.7338
-0.0301625 -3.649068146837933e-17 3.81
-0.0301625 -3.649068146837933e-17 3.8862
-0.0301625 -3.649068146837933e-17 3.9624
-0.0301625 -3.649068146837933e-17 4.0386
-0.0301625 -3.649068146837933e-17 4.114800000000001
-0.0301625 -3.649068146837933e-17 4.191
-0.0301625 -3.649068146837933e-17 4.2672
-0.0301625 -3.649068146837933e-17 4.3434
-0.0301625 -3.649068146837933e-17 4.4196
-0.0301625 -3.649068146837933e-17 4.4958
-0.0301625 -3.649068146837933e-17 4.572
-0.0301625 -3.649068146837933e-17 4.6482
-0.0301625 -3.649068146837933e-17 4.7244
-0.0301625 -3.649068146837933e-17 4.8006
-0.0301625 -3.649068146837933e-17 4.8768
-0.0301625 -3.649068146837933e-17 4.953
-0.0301625 -3.649068146837933e-17 5.029199999999999
-0.0301625 -3.649068146837933e-17 5.1054
-0.0301625 -3.649068146837933e-17 5.1816
-0.0301625 -3.649068146837933e-17 5.2578
-0.0301625 -3.649068146837933e-17 5.334
-0.0301625 -3.649068146837933e-17 5.4102
-0.0301625 -3.649068146837933e-17 5.486400000000001
-0.0301625 -3.649068146837933e-17 5.5626
-0.0301625 -3.649068146837933e-17 5.638800000000001
-0.0301625 -3.649068146837933e-17 5.715
-0.0301625 -3.649068146837933e-17 5.7912
-0.0301625 -3.649068146837933e-17 5.8674
-0.0301625 -3.649068146837933e-17 5.9436
-0.0301625 -3.649068146837933e-17 6.0198
-0.02913473773544401 -0.007806629447904835 0.0762
-0.02913473773544401 -0.007806629447904835 0.1524
-0.02913473773544401 -0.007806629447904835 0.2286
-0.02913473773544401 -0.007806629447904835 0.3048
-0.02913473773544401 -0.007806629447904835 0.381
-0.02913473773544401 -0.007806629447904835 0.4572
-0.02913473773544401 -0.007806629447904835 0.5334
-0.02913473773544401 -0.007806629447904835 0.6096
-0.02913473773544401 -0.007806629447904835 0.6858000000000001
-0.02913473773544401 -0.007806629447904835 0.762
-0.02913473773544401 -0.007806629447904835 0.8382000000000001
-0.02913473773544401 -0.007806629447904835 0.9144
-0.02913473773544401 -0.007806629447904835 0.9906
-0.02913473773544401 -0.007806629447904835 1.0668
-0.02913473773544401 -0.007806629447904835 1.143
-0.02913473773544401 -0.007806629447904835 1.2192
-0.02913473773544401 -0.007806629447904835 1.2954
-0.02913473773544401 -0.007806629447904835 1.3716
-0.02913473773544401 -0.007806629447904835 1.4478
-0.02913473773544401 -0.007806629447904835 1.524
-0.02913473773544401 -0.007806629447904835 1.6002
-0.02913473773544401 -0.007806629447904835 1.6764
-0.02913473773544401 -0.007806629447904835 1.7526
-0.02913473773544401 -0.007806629447904835 1.8288
-0.02913473773544401 -0.007806629447904835 1.905
-0.02913473773544401 -0.007806629447904835 1.9812
-0.02913473773544401 -0.007806629447904835 2.0574
-0.02913473773544401 -0.007806629447904835 2.1336
-0.02913473773544401 -0.007806629447904835 2.2098
-0.02913473773544401 -0.007806629447904835 2.286
-0.02913473773544401 -0.007806629447904835 2.3622
-0.02913473773544401 -0.007806629447904835 2.4384
-0.02913473773544401 -0.007806629447904835 2.5146
-0.02913473773544401 -0.007806629447904835 2.5908
-0.02913473773544401 -0.007806629447904835 2.667
-0.02913473773544401 -0.007806629447904835 2.7432
-0.02913473773544401 -0.007806629447904835 2.8194
-0.02913473773544401 -0.007806629447904835 2.8956
-0.02913473773544401 -0.007806629447904835 2.9718
-0.02913473773544401 -0.007806629447904835 3.048
-0.02913473773544401 -0.007806629447904835 3.1242
-0.02913473773544401 -0.007806629447904835 3.2004
-0.02913473773544401 -0.007806629447904835 3.2766
-0.02913473773544401 -0.007806629447904835 3.3528
-0.02913473773544401 -0.007806629447904835 3.429
-0.02913473773544401 -0.007806629447904835 3.5052
-0.02913473773544401 -0.007806629447904835 3.5814
-0.02913473773544401 -0.007806629447904835 3.6576
-0.02913473773544401 -0.007806629447904835 3.7338
-0.02913473773544401 -0.007806629447904835 3.81
-0.02913473773544401 -0.007806629447904835 3.8862
-0.02913473773544401 -0.007806629447904835 3.9624
-0.02913473773544401 -0.007806629447904835 4.0386
-0.02913473773544401 -0.007806629447904835 4.114800000000001
-0.02913473773544401 -0.007806629447904835 4.191
-0.02913473773544401 -0.007806629447904835 4.2672
-0.02913473773544401 -0.007806629447904835 4.3434
-0.02913473773544401 -0.007806629447904835 4.4196
-0.02913473773544401 -0.007806629447904835 4.4958
-0.02913473773544401 -0.007806629447904835 4.572
-0.02913473773544401 -0.007806629447904835 4.6482
-0.02913473773544401 -0.007806629447904835 4.7244
-0.02913473773544401 -0.007806629447904835 4.8006
-0.02913473773544401 -0.007806629447904835 4.8768
-0.02913473773544401 -0.007806629447904835 4.953
-0.02913473773544401 -0.007806629447904835 5.029199999999999
-0.02913473773544401 -0.007806629447904835 5.1054
-0.02913473773544401 -0.007806629447904835 5.1816
-0.02913473773544401 -0.007806629447904835 5.2578
-0.02913473773544401 -0.007806629447904835 5.334
-0.02913473773544401 -0.007806629447904835 5.4102
-0.02913473773544401 -0.007806629447904835 5.486400000000001
-0.02913473773544401 -0.007806629447904835 5.5626
-0.02913473773544401 -0.007806629447904835 5.638800000000001
-0.02913473773544401 -0.007806629447904835 5.715
-0.02913473773544401 -0.007806629447904835 5.7912
-0.02913473773544401 -0.007806629447904835 5.8674
-0.02913473773544401 -0.007806629447904835 5.9436
-0.02913473773544401 -0.007806629447904835 6.0198
-0.02612149124164811 -0.01508125000000004 0.0762
-0.02612149124164811 -0.01508125000000004 0.1524
-0.02612149124164811 -0.01508125000000004 0.2286
-0.02612149124164811 -0.01508125000000004 0.3048
-0.02612149124164811 -0.01508125000000004 0.381
-0.02612149124164811 -0.01508125000000004 0.4572
-0.02612149124164811 -0.01508125000000004 0.5334
-0.02612149124164811 -0.01508125000000004 0.6096
-0.02612149124164811 -0.01508125000000004 0.6858000000000001
-0.02612149124164811 -0.01508125000000004 0.762
-0.02612149124164811 -0.01508125000000004 0.8382000000000001
-0.02612149124164811 -0.01508125000000004 0.9144
-0.02612149124164811 -0.01508125000000004 0.9906
-0.02612149124164811 -0.01508125000000004 1.0668
-0.02612149124164811 -0.01508125000000004 1.143
-0.02612149124164811 -0.01508125000000004 1.2192
-0.02612149124164811 -0.01508125000000004 1.2954
-0.02612149124164811 -0.01508125000000004 1.3716
-0.02612149124164811 -0.01508125000000004 1.4478
-0.02612149124164811 -0.01508125000000004 1.524
-0.02612149124164811 -0.01508125000000004 1.6002
-0.02612149124164811 -0.01508125000000004 1.6764
-0.02612149124164811 -0.01508125000000004 1.7526
-0.02612149124164811 -0.01508125000000004 1.8288
-0.02612149124164811 -0.01508125000000004 1.905
-0.02612149124164811 -0.01508125000000004 1.9812
-0.02612149124164811 -0.01508125000000004 2.0574
-0.02612149124164811 -0.01508125000000004 2.1336
-0.02612149124164811 -0.01508125000000004 2.2098
-0.02612149124164811 -0.01508125000000004 2.286
-0.02612149124164811 -0.01508125000000004 2.3622
-0.02612149124164811 -0.01508125000000004 2.4384
-0.02612149124164811 -0.01508125000000004 2.5146
-0.02612149124164811 -0.01508125000000004 2.5908
-0.02612149124164811 -0.01508125000000004 2.667
-0.02612149124164811 -0.01508125000000004 2.7432
-0.02612149124164811 -0.01508125000000004 2.8194
-0.02612149124164811 -0.01508125000000004 2.8956
-0.02612149124164811 -0.01508125000000004 2.9718
-0.02612149124164811 -0.01508125000000004 3.048
-0.02612149124164811 -0.01508125000000004 3.1242
-0.02612149124164811 -0.01508125000000004 3.2004
-0.02612149124164811 -0.01508125000000004 3.2766
-0.02612149124164811 -0.01508125000000004 3.3528
-0.02612149124164811 -0.01508125000000004 3.429
-0.02612149124164811 -0.01508125000000004 3.5052
-0.02612149124164811 -0.01508125000000004 3.5814
-0.02612149124164811 -0.01508125000000004 3.6576
-0.02612149124164811 -0.01508125000000004 3.7338
-0.02612149124164811 -0.01508125000000004 3.81
-0.02612149124164811 -0.01508125000000004 3.8862
-0.02612149124164811 -0.01508125000000004 3.9624
-0.02612149124164811 -0.01508125000000004 4.0386
-0.02612149124164811 -0.01508125000000004 4.114800000000001
-0.02612149124164811 -0.01508125000000004 4.191
-0.02612149124164811 -0.01508125000000004 4.2672
-0.02612149124164811 -0.01508125000000004 4.3434
-0.02612149124164811 -0.01508125000000004 4.4196
-0.02612149124164811 -0.01508125000000004 4.4958
-0.02612149124164811 -0.01508125000000004 4.572
-0.02612149124164811 -0.01508125000000004 4.6482
-0.02612149124164811 -0.01508125000000004 4.7244
-0.02612149124164811 -0.01508125000000004 4.8006
-0.02612149124164811 -0.01508125000000004 4.8768
-0.02612149124164811 -0.01508125000000004 4.953
-0.02612149124164811 -0.01508125000000004 5.029199999999999
-0.02612149124164811 -0.01508125000000004 5.1054
-0.02612149124164811 -0.01508125000000004 5.1816
-0.02612149124164811 -0.01508125000000004 5.2578
-0.02612149124164811 -0.01508125000000004 5.334
-0.02612149124164811 -0.01508125000000004 5.4102
-0.02612149124164811 -0.01508125000000004 5.486400000000001
-0.02612149124164811 -0.01508125000000004 5.5626
-0.02612149124164811 -0.01508125000000004 5.638800000000001
-0.02612149124164811 -0.01508125000000004 5.715
-0.02612149124164811 -0.01508125000000004 5.7912
-0.02612149124164811 -0.01508125000000004 5.8674
-0.02612149124164811 -0.01508125000000004 5.9436
-0.02612149124164811 -0.01508125000000004 6.0198
-0.02132810828753919 -0.02132810828753928 0.0762
-0.02132810828753919 -0.02132810828753928 0.1524
-0.02132810828753919 -0.02132810828753928 0.2286
-0.02132810828753919 -0.02132810828753928 0.3048
-0.02132810828753919 -0.02132810828753928 0.381
-0.02132810828753919 -0.02132810828753928 0.4572
-0.02132810828753919 -0.02132810828753928 0.5334
-0.02132810828753919 -0.02132810828753928 0.6096
-0.02132810828753919 -0.02132810828753928 0.6858000000000001
-0.02132810828753919 -0.02132810828753928 0.762
-0.02132810828753919 -0.02132810828753928 0.8382000000000001
-0.02132810828753919 -0.02132810828753928 0.9144
-0.02132810828753919 -0.02132810828753928 0.9906
-0.02132810828753919 -0.02132810828753928 1.0668
-0.02132810828753919 -0.02132810828753928 1.143
-0.02132810828753919 -0.02132810828753928 1.2192
-0.02132810828753919 -0.02132810828753928 1.2954
-0.02132810828753919 -0.02132810828753928 1.3716
-0.02132810828753919 -0.02132810828753928 1.4478
-0.02132810828753919 -0.02132810828753928 1.524
-0.02132810828753919 -0.02132810828753928 1.6002
-0.02132810828753919 -0.02132810828753928 1.6764
-0.02132810828753919 -0.02132810828753928 1.7526
-0.02132810828753919 -0.02132810828753928 1.8288
-0.02132810828753919 -0.02132810828753928 1.905
-0.02132810828753919 -0.02132810828753928 1.9812
-0.02132810828753919 -0.02132810828753928 2.0574
-0.02132810828753919 -0.02132810828753928 2.1336
-0.02132810828753919 -0.02132810828753928 2.2098
-0.02132810828753919 -0.02132810828753928 2.286
-0.02132810828753919 -0.02132810828753928 2.3622
-0.02132810828753919 -0.02132810828753928 2.4384
-0.02132810828753919 -0.02132810828753928 2.5146
-0.02132810828753919 -0.02132810828753928 2.5908
-0.02132810828753919 -0.02132810828753928 2.667
-0.02132810828753919 -0.02132810828753928 2.7432
-0.02132810828753919 -0.02132810828753928 2.8194
-0.02132810828753919 -0.02132810828753928 2.8956
-0.02132810828753919 -0.02132810828753928 2.9718
-0.02132810828753919 -0.02132810828753928 3.048
-0.02132810828753919 -0.02132810828753928 3.1242
-0.02132810828753919 -0.02132810828753928 3.2004
-0.02132810828753919 -0.02132810828753928 3.2766
-0.02132810828753919 -0.02132810828753928 3.3528
-0.02132810828753919 -0.02132810828753928 3.429
-0.02132810828753919 -0.02132810828753928 3.5052
-0.02132810828753919 -0.02132810828753928 3.5814
-0.02132810828753919 -0.02132810828753928 3.6576
-0.02132810828753919 -0.02132810828753928 3.7338
-0.02132810828753919 -0.02132810828753928 3.81
-0.02132810828753919 -0.02132810828753928 3.8862
-0.02132810828753919 -0.02132810828753928 3.9624
-0.02132810828753919 -0.02132810828753928 4.0386
-0.02132810828753919 -0.02132810828753928 4.114800000000001
-0.02132810828753919 -0.02132810828753928 4.191
-0.02132810828753919 -0.02132810828753928 4.2672
-0.02132810828753919 -0.02132810828753928 4.3434
-0.02132810828753919 -0.02132810828753928 4.4196
-0.02132810828753919 -0.02132810828753928 4.4958
-0.02132810828753919 -0.02132810828753928 4.572
-0.02132810828753919 -0.02132810828753928 4.6482
-0.02132810828753919 -0.02132810828753928 4.7244
-0.02132810828753919 -0.02132810828753928 4.8006
-0.02132810828753919 -0.02132810828753928 4.8768
-0.02132810828753919 -0.02132810828753928 4.953
-0.02132810828753919 -0.02132810828753928 5.029199999999999
-0.02132810828753919 -0.02132810828753928 5.1054
-0.02132810828753919 -0.02132810828753928 5.1816
-0.02132810828753919 -0.02132810828753928 5.2578
-0.02132810828753919 -0.02132810828753928 5.334
-0.02132810828753919 -0.02132810828753928 5.4102
-0.02132810828753919 -0.02132810828753928 5.486400000000001
-0.02132810828753919 -0.02132810828753928 5.5626
-0.02132810828753919 -0.02132810828753928 5.638800000000001
-0.02132810828753919 -0.02132810828753928 5.715
-0.02132810828753919 -0.02132810828753928 5.7912
-0.02132810828753919 -0.02132810828753928 5.8674
-0.02132810828753919 -0.02132810828753928 5.9436
-0.02132810828753919 -0.02132810828753928 6.0198
-0.01508124999999994 -0.02612149124164816 0.0762
-0.01508124999999994 -0.02612149124164816 0.1524
-0.01508124999999994 -0.02612149124164816 0.2286
-0.01508124999999994 -0.02612149124164816 0.3048
-0.01508124999999994 -0.02612149124164816 0.381
-0.01508124999999994 -0.02612149124164816 0.4572
-0.01508124999999994 -0.02612149124164816 0.5334
-0.01508124999999994 -0.02612149124164816 0.6096
-0.01508124999999994 -0.02612149124164816 0.6858000000000001
-0.01508124999999994 -0.02612149124164816 0.762
-0.01508124999999994 -0.02612149124164816 0.8382000000000001
-0.01508124999999994 -0.02612149124164816 0.9144
-0.01508124999999994 -0.02612149124164816 0.9906
-0.01508124999999994 -0.02612149124164816 1.0668
-0.01508124999999994 -0.02612149124164816 1.143
-0.01508124999999994 -0.02612149124164816 1.2192
-0.01508124999999994 -0.02612149124164816 1.2954
-0.01508124999999994 -0.02612149124164816 1.3716
-0.01508124999999994 -0.02612149124164816 1.4478
-0.01508124999999994 -0.02612149124164816 1.524
-0.01508124999999994 -0.02612149124164816 1.6002
-0.01508124999999994 -0.02612149124164816 1.6764
-0.01508124999999994 -0.02612149124164816 1.7526
-0.01508124999999994 -0.02612149124164816 1.8288
-0.01508124999999994 -0.02612149124164816 1.905
-0.01508124999999994 -0.02612149124164816 1.9812
-0.01508124999999994 -0.02612149124164816 2.0574
-0.01508124999999994 -0.02612149124164816 2.1336
-0.01508124999999994 -0.02612149124164816 2.2098
-0.01508124999999994 -0.02612149124164816 2.286
-0.01508124999999994 -0.02612149124164816 2.3622
-0.01508124999999994 -0.02612149124164816 2.4384
-0.01508124999999994 -0.02612149124164816 2.5146
-0.01508124999999994 -0.02612149124164816 2.5908
-0.01508124999999994 -0.02612149124164816 2.667
-0.01508124999999994 -0.02612149124164816 2.7432
-0.01508124999999994 -0.02612149124164816 2.8194
-0.01508124999999994 -0.02612149124164816 2.8956
-0.01508124999999994 -0.02612149124164816 2.9718
-0.01508124999999994 -0.02612149124164816 3.048
-0.01508124999999994 -0.02612149124164816 3.1242
-0.01508124999999994 -0.02612149124164816 3.2004
-0.01508124999999994 -0.02612149124164816 3.2766
-0.01508124999999994 -0.02612149124164816 3.3528
-0.01508124999999994 -0.02612149124164816 3.429
-0.01508124999999994 -0.02612149124164816 3.5052
-0.01508124999999994 -0.02612149124164816 3.5814
-0.01508124999999994 -0.02612149124164816 3.6576
-0.01508124999999994 -0.02612149124164816 3.7338
-0.01508124999999994 -0.02612149124164816 3.81
-0.01508124999999994 -0.02612149124164816 3.8862
-0.01508124999999994 -0.02612149124164816 3.9624
-0.01508124999999994 -0.02612149124164816 4.0386
-0.01508124999999994 -0.02612149124164816 4.114800000000001
-0.01508124999999994 -0.02612149124164816 4.191
-0.01508124999999994 -0.02612149124164816 4.2672
-0.01508124999999994 -0.02612149124164816 4.3434
-0.01508124999999994 -0.02612149124164816 4.4196
-0.01508124999999994 -0.02612149124164816 4.4958
-0.01508124999999994 -0.02612149124164816 4.572
-0.01508124999999994 -0.02612149124164816 4.6482
-0.01508124999999994 -0.02612149124164816 4.7244
-0.01508124999999994 -0.02612149124164816 4.8006
-0.01508124999999994 -0.02612149124164816 4.8768
-0.01508124999999994 -0.02612149124164816 4.953
-0.01508124999999994 -0.02612149124164816 5.029199999999999
-0.01508124999999994 -0.02612149124164816 5.1054
-0.01508124999999994 -0.02612149124164816 5.1816
-0.01508124999999994 -0.02612149124164816 5.2578
-0.01508124999999994 -0.02612149124164816 5.334
-0.01508124999999994 -0.02612149124164816 5.4102
-0.01508124999999994 -0.02612149124164816 5.486400000000001
-0.01508124999999994 -0.02612149124164816 5.5626
-0.01508124999999994 -0.02612149124164816 5.638800000000001
-0.01508124999999994 -0.02612149124164816 5.715
-0.01508124999999994 -0.02612149124164816 5.7912
-0.01508124999999994 -0.02612149124164816 5.8674
-0.01508124999999994 -0.02612149124164816 5.9436
-0.01508124999999994 -0.02612149124164816 6.0198
-0.007806629447904726 -0.02913473773544404 0.0762
-0.007806629447904726 -0.02913473773544404 0.1524
-0.007806629447904726 -0.02913473773544404 0.2286
-0.007806629447904726 -0.02913473773544404 0.3048
-0.007806629447904726 -0.02913473773544404 0.381
-0.007806629447904726 -0.02913473773544404 0.4572
-0.007806629447904726 -0.02913473773544404 0.5334
-0.007806629447904726 -0.02913473773544404 0.6096
-0.007806629447904726 -0.02913473773544404 0.6858000000000001
-0.007806629447904726 -0.02913473773544404 0.762
-0.007806629447904726 -0.02913473773544404 0.8382000000000001
-0.007806629447904726 -0.02913473773544404 0.9144
-0.007806629447904726 -0.02913473773544404 0.9906
-0.007806629447904726 -0.02913473773544404 1.0668
-0.007806629447904726 -0.02913473773544404 1.143
-0.007806629447904726 -0.02913473773544404 1.2192
-0.007806629447904726 -0.02913473773544404 1.2954
-0.007806629447904726 -0.02913473773544404 1.3716
-0.007806629447904726 -0.02913473773544404 1.4478
-0.007806629447904726 -0.02913473773544404 1.524
-0.007806629447904726 -0.02913473773544404 1.6002
-0.007806629447904726 -0.02913473773544404 1.6764
-0.007806629447904726 -0.02913473773544404 1.7526
-0.007806629447904726 -0.02913473773544404 1.8288
-0.007806629447904726 -0.02913473773544404 1.905
-0.007806629447904726 -0.02913473773544404 1.9812
-0.007806629447904726 -0.02913473773544404 2.0574
-0.007806629447904726 -0.02913473773544404 2.1336
-0.007806629447904726 -0.02913473773544404 2.2098
-0.007806629447904726 -0.02913473773544404 2.286
-0.007806629447904726 -0.02913473773544404 2.3622
-0.007806629447904726 -0.02913473773544404 2.4384
-0.007806629447904726 -0.02913473773544404 2.5146
-0.007806629447904726 -0.02913473773544404 2.5908
-0.007806629447904726 -0.02913473773544404 2.667
-0.007806629447904726 -0.02913473773544404 2.7432
-0.007806629447904726 -0.02913473773544404 2.8194
-0.007806629447904726 -0.02913473773544404 2.8956
-0.007806629447904726 -0.02913473773544404 2.9718
-0.007806629447904726 -0.02913473773544404 3.048
-0.007806629447904726 -0.02913473773544404 3.1242
-0.007806629447904726 -0.02913473773544404 3.2004
-0.007806629447904726 -0.02913473773544404 3.2766
-0.007806629447904726 -0.02913473773544404 3.3528
-0.007806629447904726 -0.02913473773544404 3.429
-0.007806629447904726 -0.02913473773544404 3.5052
-0.007806629447904726 -0.02913473773544404 3.5814
-0.007806629447904726 -0.02913473773544404 3.6576
-0.007806629447904726 -0.02913473773544404 3.7338
-0.007806629447904726 -0.02913473773544404 3.81
-0.007806629447904726 -0.02913473773544404 3.8862
-0.007806629447904726 -0.02913473773544404 3.9624
-0.007806629447904726 -0.02913473773544404 4.0386
-0.007806629447904726 -0.02913473773544404 4.114800000000001
-0.007806629447904726 -0.02913473773544404 4.191
-0.007806629447904726 -0.02913473773544404 4.2672
-0.007806629447904726 -0.02913473773544404 4.3434
-0.007806629447904726 -0.02913473773544404 4.4196
-0.007806629447904726 -0.02913473773544404 4.4958
-0.007806629447904726 -0.02913473773544404 4.572
-0.007806629447904726 -0.02913473773544404 4.6482
-0.007806629447904726 -0.02913473773544404 4.7244
-0.007806629447904726 -0.02913473773544404 4.8006
-0.007806629447904726 -0.02913473773544404 4.8768
-0.007806629447904726 -0.02913473773544404 4.953
-0.007806629447904726 -0.02913473773544404 5.029199999999999
-0.007806629447904726 -0.02913473773544404 5.1054
-0.007806629447904726 -0.02913473773544404 5.1816
-0.007806629447904726 -0.02913473773544404 5.2578
-0.007806629447904726 -0.02913473773544404 5.334
-0.007806629447904726 -0.02913473773544404 5.4102
-0.007806629447904726 -0.02913473773544404 5.486400000000001
-0.007806629447904726 -0.02913473773544404 5.5626
-0.007806629447904726 -0.02913473773544404 5.638800000000001
-0.007806629447904726 -0.02913473773544404 5.715
-0.007806629447904726 -0.02913473773544404 5.7912
-0.007806629447904726 -0.02913473773544404 5.8674
-0.007806629447904726 -0.02913473773544404 5.9436
-0.007806629447904726 -0.02913473773544404 6.0198
4.803860180651775e-17 -0.0301625 0.0762
4.803860180651775e-17 -0.0301625 0.1524
4.803860180651775e-17 -0.0301625 0.2286
4.803860180651775e-17 -0.0301625 0.3048
4.803860180651775e-17 -0.0301625 0.381
4.803860180651775e-17 -0.0301625 0.4572
4.803860180651775e-17 -0.0301625 0.5334
4.803860180651775e-17 -0.0301625 0.6096
4.803860180651775e-17 -0.0301625 0.6858000000000001
4.803860180651775e-17 -0.0301625 0.762
4.803860180651775e-17 -0.0301625 0.8382000000000001
4.803860180651775e-17 -0.0301625 0.9144
4.803860180651775e-17 -0.0301625 0.9906
4.803860180651775e-17 -0.0301625 1.0668
4.803860180651775e-17 -0.0301625 1.143
4.803860180651775e-17 -0.0301625 1.2192
4.803860180651775e-17 -0.0301625 1.2954
4.803860180651775e-17 -0.0301625 1.3716
4.803860180651775e-17 -0.0301625 1.4478
4.803860180651775e-17 -0.0301625 1.524
4.803860180651775e-17 -0.0301625 1.6002
4.803860180651775e-17 -0.0301625 1.6764
4.803860180651775e-17 -0.0301625 1.7526
4.803860180651775e-17 -0.0301625 1.8288
4.803860180651775e-17 -0.0301625 1.905
4.803860180651775e-17 -0.0301625 1.9812
4.803860180651775e-17 -0.0301625 2.0574
4.803860180651775e-17 -0.0301625 2.1336
4.803860180651775e-17 -0.0301625 2.2098
4.803860180651775e-17 -0.0301625 2.286
4.803860180651775e-17 -0.0301625 2.3622
4.803860180651775e-17 -0.0301625 2.4384
4.803860180651775e-17 -0.0301625 2.5146
4.803860180651775e-17 -0.0301625 2.5908
4.803860180651775e-17 -0.0301625 2.667
4.803860180651775e-17 -0.0301625 2.7432
4.803860180651775e-17 -0.0301625 2.8194
4.803860180651775e-17 -0.0301625 2.8956
4.803860180651775e-17 -0.0301625 2.9718
4.803860180651775e-17 -0.0301625 3.048
4.803860180651775e-17 -0.0301625 3.1242
4.803860180651775e-17 -0.0301625 3.2004
4.803860180651775e-17 -0.0301625 3.2766
4.803860180651775e-17 -0.0301625 3.3528
4.803860180651775e-17 -0.0301625 3.429
4.803860180651775e-17 -0.0301625 3.5052
4.803860180651775e-17 -0.0301625 3.5814
4.803860180651775e-17 -0.0301625 3.6576
4.803860180651775e-17 -0.0301625 3.7338
4.803860180651775e-17 -0.0301625 3.81
4.803860180651775e-17 -0.0301625 3.8862
4.803860180651775e-17 -0.0301625 3.9624
4.803860180651775e-17 -0.0301625 4.0386
4.803860180651775e-17 -0.0301625 4.114800000000001
4.803860180651775e-17 -0.0301625 4.191
4.803860180651775e-17 -0.0301625 4.2672
4.803860180651775e-17 -0.0301625 4.3434
4.803860180651775e-17 -0.0301625 4.4196
4.803860180651775e-17 -0.0301625 4.4958
4.803860180651775e-17 -0.0301625 4.572
4.803860180651775e-17 -0.0301625 4.6482
4.803860180651775e-17 -0.0301625 4.7244
4.803860180651775e-17 -0.0301625 4.8006
4.803860180651775e-17 -0.0301625 4.8768
4.803860180651775e-17 -0.0301625 4.953
4.803860180651775e-17 -0.0301625 5.029199999999999
4.803860180651775e-17 -0.0301625 5.1054
4.803860180651775e-17 -0.0301625 5.1816
4.803860180651775e-17 -0.0301625 5.2578
4.803860180651775e-17 -0.0301625 5.334
4.803860180651775e-17 -0.0301625 5.4102
4.803860180651775e-17 -0.0301625 5.486400000000001
4.803860180651775e-17 -0.0301625 5.5626
4.803860180651775e-17 -0.0301625 5.638800000000001
4.803860180651775e-17 -0.0301625 5.715
4.803860180651775e-17 -0.0301625 5.7912
4.803860180651775e-17 -0.0301625 5.8674
4.803860180651775e-17 -0.0301625 5.9436
4.803860180651775e-17 -0.0301625 6.0198
0.00780662944790482 -0.02913473773544401 0.0762
0.00780662944790482 -0.02913473773544401 0.1524
0.00780662944790482 -0.02913473773544401 0.2286
0.00780662944790482 -0.02913473773544401 0.3048
0.00780662944790482 -0.02913473773544401 0.381
0.00780662944790482 -0.02913473773544401 0.4572
0.00780662944790482 -0.02913473773544401 0.5334
0.00780662944790482 -0.02913473773544401 0.6096
0.00780662944790482 -0.02913473773544401 0.6858000000000001
0.00780662944790482 -0.02913473773544401 0.762
0.00780662944790482 -0.02913473773544401 0.8382000000000001
0.00780662944790482 -0.02913473773544401 0.9144
0.00780662944790482 -0.02913473773544401 0.9906
0.00780662944790482 -0.02913473773544401 1.0668
0.00780662944790482 -0.02913473773544401 1.143
0.00780662944790482 -0.02913473773544401 1.2192
0.00780662944790482 -0.02913473773544401 1.2954
0.00780662944790482 -0.02913473773544401 1.3716
0.00780662944790482 -0.02913473773544401 1.4478
0.00780662944790482 -0.02913473773544401 1.524
0.00780662944790482 -0.02913473773544401 1.6002
0.00780662944790482 -0.02913473773544401 1.6764
0.00780662944790482 -0.02913473773544401 1.7526
0.00780662944790482 -0.02913473773544401 1.8288
0.00780662944790482 -0.02913473773544401 1.905
0.00780662944790482 -0.02913473773544401 1.9812
0.00780662944790482 -0.02913473773544401 2.0574
0.00780662944790482 -0.02913473773544401 2.1336
0.00780662944790482 -0.02913473773544401 2.2098
0.00780662944790482 -0.02913473773544401 2.286
0.00780662944790482 -0.02913473773544401 2.3622
0.00780662944790482 -0.02913473773544401 2.4384
0.00780662944790482 -0.02913473773544401 2.5146
0.00780662944790482 -0.02913473773544401 2.5908
0.00780662944790482 -0.02913473773544401 2.667
0.00780662944790482 -0.02913473773544401 2.7432
0.00780662944790482 -0.02913473773544401 2.8194
0.00780662944790482 -0.02913473773544401 2.8956
0.00780662944790482 -0.02913473773544401 2.9718
0.00780662944790482 -0.02913473773544401 3.048
0.00780662944790482 -0.02913473773544401 3.1242
0.00780662944790482 -0.02913473773544401 3.2004
0.00780662944790482 -0.02913473773544401 3.2766
0.00780662944790482 -0.02913473773544401 3.3528
0.00780662944790482 -0.02913473773544401 3.429
0.00780662944790482 -0.02913473773544401 3.5052
0.00780662944790482 -0.02913473773544401 3.5814
0.00780662944790482 -0.02913473773544401 3.6576
0.00780662944790482 -0.02913473773544401 3.7338
0.00780662944790482 -0.02913473773544401 3.81
0.00780662944790482 -0.02913473773544401 3.8862
0.00780662944790482 -0.02913473773544401 3.9624
0.00780662944790482 -0.02913473773544401 4.0386
0.00780662944790482 -0.02913473773544401 4.114800000000001
0.00780662944790482 -0.02913473773544401 4.191
0.00780662944790482 -0.02913473773544401 4.2672
0.00780662944790482 -0.02913473773544401 4.3434
0.00780662944790482 -0.02913473773544401 4.4196
0.00780662944790482 -0.02913473773544401 4.4958
0.00780662944790482 -0.02913473773544401 4.572
0.00780662944790482 -0.02913473773544401 4.6482
0.00780662944790482 -0.02913473773544401 4.7244
0.00780662944790482 -0.02913473773544401 4.8006
0.00780662944790482 -0.02913473773544401 4.8768
0.00780662944790482 -0.02913473773544401 4.953
0.00780662944790482 -0.02913473773544401 5.029199999999999
0.00780662944790482 -0.02913473773544401 5.1054
0.00780662944790482 -0.02913473773544401 5.1816
0.00780662944790482 -0.02913473773544401 5.2578
0.00780662944790482 -0.02913473773544401 5.334
0.00780662944790482 -0.02913473773544401 5.4102
0.00780662944790482 -0.02913473773544401 5.486400000000001
0.00780662944790482 -0.02913473773544401 5.5626
0.00780662944790482 -0.02913473773544401 5.638800000000001
0.00780662944790482 -0.02913473773544401 5.715
0.00780662944790482 -0.02913473773544401 5.7912
0.00780662944790482 -0.02913473773544401 5.8674
0.00780662944790482 -0.02913473773544401 5.9436
0.00780662944790482 -0.02913473773544401 6.0198
0.01508125000000003 -0.02612149124164811 0.0762
0.01508125000000003 -0.02612149124164811 0.1524
0.01508125000000003 -0.02612149124164811 0.2286
0.01508125000000003 -0.02612149124164811 0.3048
0.01508125000000003 -0.02612149124164811 0.381
0.01508125000000003 -0.02612149124164811 0.4572
0.01508125000000003 -0.02612149124164811 0.5334
0.01508125000000003 -0.02612149124164811 0.6096
0.01508125000000003 -0.02612149124164811 0.6858000000000001
0.01508125000000003 -0.02612149124164811 0.762
0.01508125000000003 -0.02612149124164811 0.8382000000000001
0.01508125000000003 -0.02612149124164811 0.9144
0.01508125000000003 -0.02612149124164811 0.9906
0.01508125000000003 -0.02612149124164811 1.0668
0.01508125000000003 -0.02612149124164811 1.143
0.01508125000000003 -0.02612149124164811 1.2192
0.01508125000000003 -0.02612149124164811 1.2954
0.01508125000000003 -0.02612149124164811 1.3716
0.01508125000000003 -0.02612149124164811 1.4478
0.01508125000000003 -0.02612149124164811 1.524
0.01508125000000003 -0.02612149124164811 1.6002
0.01508125000000003 -0.02612149124164811 1.6764
0.01508125000000003 -0.02612149124164811 1.7526
0.01508125000000003 -0.02612149124164811 1.8288
0.01508125000000003 -0.02612149124164811 1.905
0.01508125000000003 -0.02612149124164811 1.9812
0.01508125000000003 -0.02612149124164811 2.0574
0.01508125000000003 -0.02612149124164811 2.1336
0.01508125000000003 -0.02612149124164811 2.2098
0.01508125000000003 -0.02612149124164811 2.286
0.01508125000000003 -0.02612149124164811 2.3622
0.01508125000000003 -0.02612149124164811 2.4384
0.01508125000000003 -0.02612149124164811 2.5146
0.01508125000000003 -0.02612149124164811 2.5908
0.01508125000000003 -0.02612149124164811 2.667
0.01508125000000003 -0.02612149124164811 2.7432
0.01508125000000003 -0.02612149124164811 2.8194
0.01508125000000003 -0.02612149124164811 2.8956
0.01508125000000003 -0.02612149124164811 2.9718
0.01508125000000003 -0.02612149124164811 3.048
0.01508125000000003 -0.02612149124164811 3.1242
0.01508125000000003 -0.02612149124164811 3.2004
0.01508125000000003 -0.02612149124164811 3.2766
0.01508125000000003 -0.02612149124164811 3.3528
0.01508125000000003 -0.02612149124164811 3.429
0.01508125000000003 -0.02612149124164811 3.5052
0.01508125000000003 -0.02612149124164811 3.5814
0.01508125000000003 -0.02612149124164811 3.6576
0.01508125000000003 -0.02612149124164811 3.7338
0.01508125000000003 -0.02612149124164811 3.81
0.01508125000000003 -0.02612149124164811 3.8862
0.01508125000000003 -0.02612149124164811 3.9624
0.01508125000000003 -0.02612149124164811 4.0386
0.01508125000000003 -0.02612149124164811 4.114800000000001
0.01508125000000003 -0.02612149124164811 4.191
0.01508125000000003 -0.02612149124164811 4.2672
0.01508125000000003 -0.02612149124164811 4.3434
0.01508125000000003 -0.02612149124164811 4.4196
0.01508125000000003 -0.02612149124164811 4.4958
0.01508125000000003 -0.02612149124164811 4.572
0.01508125000000003 -0.02612149124164811 4.6482
0.01508125000000003 -0.02612149124164811 4.7244
0.01508125000000003 -0.02612149124164811 4.8006
0.01508125000000003 -0.02612149124164811 4.8768
0.01508125000000003 -0.02612149124164811 4.953
0.01508125000000003 -0.02612149124164811 5.029199999999999
0.01508125000000003 -0.02612149124164811 5.1054
0.01508125000000003 -0.02612149124164811 5.1816
0.01508125000000003 -0.02612149124164811 5.2578
0.01508125000000003 -0.02612149124164811 5.334
0.01508125000000003 -0.02612149124164811 5.4102
0.01508125000000003 -0.02612149124164811 5.486400000000001
0.01508125000000003 -0.02612149124164811 5.5626
0.01508125000000003 -0.02612149124164811 5.638800000000001
0.01508125000000003 -0.02612149124164811 5.715
0.01508125000000003 -0.02612149124164811 5.7912
0.01508125000000003 -0.02612149124164811 5.8674
0.01508125000000003 -0.02612149124164811 5.9436
0.01508125000000003 -0.02612149124164811 6.0198
0.02132810828753925 -0.02132810828753922 0.0762
0.02132810828753925 -0.02132810828753922 0.1524
0.02132810828753925 -0.02132810828753922 0.2286
0.02132810828753925 -0.02132810828753922 0.3048
0.02132810828753925 -0.02132810828753922 0.381
0.02132810828753925 -0.02132810828753922 0.4572
0.02132810828753925 -0.02132810828753922 0.5334
0.02132810828753925 -0.02132810828753922 0.6096
0.02132810828753925 -0.02132810828753922 0.6858000000000001
0.02132810828753925 -0.02132810828753922 0.762
0.02132810828753925 -0.02132810828753922 0.8382000000000001
0.02132810828753925 -0.02132810828753922 0.9144
0.02132810828753925 -0.02132810828753922 0.9906
0.02132810828753925 -0.02132810828753922 1.0668
0.02132810828753925 -0.02132810828753922 1.143
0.02132810828753925 -0.02132810828753922 1.2192
0.02132810828753925 -0.02132810828753922 1.2954
0.02132810828753925 -0.02132810828753922 1.3716
0.02132810828753925 -0.02132810828753922 1.4478
0.02132810828753925 -0.02132810828753922 1.524
0.02132810828753925 -0.02132810828753922 1.6002
0.02132810828753925 -0.02132810828753922 1.6764
0.02132810828753925 -0.02132810828753922 1.7526
0.02132810828753925 -0.02132810828753922 1.8288
0.02132810828753925 -0.02132810828753922 1.905
0.02132810828753925 -0.02132810828753922 1.9812
0.02132810828753925 -0.02132810828753922 2.0574
0.02132810828753925 -0.02132810828753922 2.1336
0.02132810828753925 -0.02132810828753922 2.2098
0.02132810828753925 -0.02132810828753922 2.286
0.02132810828753925 -0.02132810828753922 2.3622
0.02132810828753925 -0.02132810828753922 2.4384
0.02132810828753925 -0.02132810828753922 2.5146
0.02132810828753925 -0.02132810828753922 2.5908
0.02132810828753925 -0.02132810828753922 2.667
0.02132810828753925 -0.02132810828753922 2.7432
0.02132810828753925 -0.02132810828753922 2.8194
0.02132810828753925 -0.02132810828753922 2.8956
0.02132810828753925 -0.02132810828753922 2.9718
0.02132810828753925 -0.02132810828753922 3.048
0.02132810828753925 -0.02132810828753922 3.1242
0.02132810828753925 -0.02132810828753922 3.2004
0.02132810828753925 -0.02132810828753922 3.2766
0.02132810828753925 -0.02132810828753922 3.3528
0.02132810828753925 -0.02132810828753922 3.429
0.02132810828753925 -0.02132810828753922 3.5052
0.02132810828753925 -0.02132810828753922 3.5814
0.02132810828753925 -0.02132810828753922 3.6576
0.02132810828753925 -0.02132810828753922 3.7338
0.02132810828753925 -0.02132810828753922 3.81
0.02132810828753925 -0.02132810828753922 3.8862
0.02132810828753925 -0.02132810828753922 3.9624
0.02132810828753925 -0.02132810828753922 4.0386
0.02132810828753925 -0.02132810828753922 4.114800000000001
0.02132810828753925 -0.02132810828753922 4.191
0.02132810828753925 -0.02132810828753922 4.2672
0.02132810828753925 -0.02132810828753922 4.3434
0.02132810828753925 -0.02132810828753922 4.4196
0.02132810828753925 -0.02132810828753922 4.4958
0.02132810828753925 -0.02132810828753922 4.572
0.02132810828753925 -0.02132810828753922 4.6482
0.02132810828753925 -0.02132810828753922 4.7244
0.02132810828753925 -0.02132810828753922 4.8006
0.02132810828753925 -0.02132810828753922 4.8768
0.02132810828753925 -0.02132810828753922 4.953
0.02132810828753925 -0.02132810828753922 5.029199999999999
0.02132810828753925 -0.02132810828753922 5.1054
0.02132810828753925 -0.02132810828753922 5.1816
0.02132810828753925 -0.02132810828753922 5.2578
0.02132810828753925 -0.02132810828753922 5.334
0.02132810828753925 -0.02132810828753922 5.4102
0.02132810828753925 -0.02132810828753922 5.486400000000001
0.02132810828753925 -0.02132810828753922 5.5626
0.02132810828753925 -0.02132810828753922 5.638800000000001
0.02132810828753925 -0.02132810828753922 5.715
0.02132810828753925 -0.02132810828753922 5.7912
0.02132810828753925 -0.02132810828753922 5.8674
0.02132810828753925 -0.02132810828753922 5.9436
0.02132810828753925 -0.02132810828753922 6.0198
0.02612149124164814 -0.01508124999999999 0.0762
0.02612149124164814 -0.01508124999999999 0.1524
0.02612149124164814 -0.01508124999999999 0.2286
0.02612149124164814 -0.01508124999999999 0.3048
0.02612149124164814 -0.01508124999999999 0.381
0.02612149124164814 -0.01508124999999999 0.4572
0.02612149124164814 -0.01508124999999999 0.5334
0.02612149124164814 -0.01508124999999999 0.6096
0.02612149124164814 -0.01508124999999999 0.6858000000000001
0.02612149124164814 -0.01508124999999999 0.762
0.02612149124164814 -0.01508124999999999 0.8382000000000001
0.02612149124164814 -0.01508124999999999 0.9144
0.02612149124164814 -0.01508124999999999 0.9906
0.02612149124164814 -0.01508124999999999 1.0668
0.02612149124164814 -0.01508124999999999 1.143
0.02612149124164814 -0.01508124999999999 1.2192
0.02612149124164814 -0.01508124999999999 1.2954
0.02612149124164814 -0.01508124999999999 1.3716
0.02612149124164814 -0.01508124999999999 1.4478
0.02612149124164814 -0.01508124999999999 1.524
0.02612149124164814 -0.01508124999999999 1.6002
0.02612149124164814 -0.01508124999999999 1.6764
0.02612149124164814 -0.01508124999999999 1.7526
0.02612149124164814 -0.01508124999999999 1.8288
0.02612149124164814 -0.01508124999999999 1.905
0.02612149124164814 -0.01508124999999999 1.9812
0.02612149124164814 -0.01508124999999999 2.0574
0.02612149124164814 -0.01508124999999999 2.1336
0.02612149124164814 -0.01508124999999999 2.2098
0.02612149124164814 -0.01508124999999999 2.286
0.02612149124164814 -0.01508124999999999 2.3622
0.02612149124164814 -0.01508124999999999 2.4384
0.02612149124164814 -0.01508124999999999 2.5146
0.02612149124164814 -0.01508124999999999 2.5908
0.02612149124164814 -0.01508124999999999 2.667
0.02612149124164814 -0.01508124999999999 2.7432
0.02612149124164814 -0.01508124999999999 2.8194
0.02612149124164814 -0.01508124999999999 2.8956
0.02612149124164814 -0.01508124999999999 2.9718
0.02612149124164814 -0.01508124999999999 3.048
0.02612149124164814 -0.01508124999999999 3.1242
0.02612149124164814 -0.01508124999999999 3.2004
0.02612149124164814 -0.01508124999999999 3.2766
0.02612149124164814 -0.01508124999999999 3.3528
0.02612149124164814 -0.01508124999999999 3.429
0.02612149124164814 -0.01508124999999999 3.5052
0.02612149124164814 -0.01508124999999999 3.5814
0.02612149124164814 -0.01508124999999999 3.6576
0.02612149124164814 -0.01508124999999999 3.7338
0.02612149124164814 -0.01508124999999999 3.81
0.02612149124164814 -0.01508124999999999 3.8862
0.02612149124164814 -0.01508124999999999 3.9624
0.02612149124164814 -0.01508124999999999 4.0386
0.02612149124164814 -0.01508124999999999 4.114800000000001
0.02612149124164814 -0.01508124999999999 4.191
0.02612149124164814 -0.01508124999999999 4.2672
0.02612149124164814 -0.01508124999999999 4.3434
0.02612149124164814 -0.01508124999999999 4.4196
0.02612149124164814 -0.01508124999999999 4.4958
0.02612149124164814 -0.01508124999999999 4.572
0.02612149124164814 -0.01508124999999999 4.6482
0.02612149124164814 -0.01508124999999999 4.7244
0.02612149124164814 -0.01508124999999999 4.8006
0.02612149124164814 -0.01508124999999999 4.8768
0.02612149124164814 -0.01508124999999999 4.953
0.02612149124164814 -0.01508124999999999 5.029199999999999
0.02612149124164814 -0.01508124999999999 5.1054
0.02612149124164814 -0.01508124999999999 5.1816
0.02612149124164814 -0.01508124999999999 5.2578
0.02612149124164814 -0.01508124999999999 5.334
0.02612149124164814 -0.01508124999999999 5.4102
0.02612149124164814 -0.01508124999999999 5.486400000000001
0.02612149124164814 -0.01508124999999999 5.5626
0.02612149124164814 -0.01508124999999999 5.638800000000001
0.02612149124164814 -0.01508124999999999 5.715
0.02612149124164814 -0.01508124999999999 5.7912
0.02612149124164814 -0.01508124999999999 5.8674
0.02612149124164814 -0.01508124999999999 5.9436
0.02612149124164814 -0.01508124999999999 6.0198
0.02913473773544402 -0.00780662944790478 0.0762
0.02913473773544402 -0.00780662944790478 0.1524
0.02913473773544402 -0.00780662944790478 0.2286
0.02913473773544402 -0.00780662944790478 0.3048
0.02913473773544402 -0.00780662944790478 0.381
0.02913473773544402 -0.00780662944790478 0.4572
0.02913473773544402 -0.00780662944790478 0.5334
0.02913473773544402 -0.00780662944790478 0.6096
0.02913473773544402 -0.00780662944790478 0.6858000000000001
0.02913473773544402 -0.00780662944790478 0.762
0.02913473773544402 -0.00780662944790478 0.8382000000000001
0.02913473773544402 -0.00780662944790478 0.9144
0.02913473773544402 -0.00780662944790478 0.9906
0.02913473773544402 -0.00780662944790478 1.0668
0.02913473773544402 -0.00780662944790478 1.143
0.02913473773544402 -0.00780662944790478 1.2192
0.02913473773544402 -0.00780662944790478 1.2954
0.02913473773544402 -0.00780662944790478 1.3716
0.02913473773544402 -0.00780662944790478 1.4478
0.02913473773544402 -0.00780662944790478 1.524
0.02913473773544402 -0.00780662944790478 1.6002
0.02913473773544402 -0.00780662944790478 1.6764
0.02913473773544402 -0.00780662944790478 1.7526
0.02913473773544402 -0.00780662944790478 1.8288
0.02913473773544402 -0.00780662944790478 1.905
0.02913473773544402 -0.00780662944790478 1.9812
0.02913473773544402 -0.00780662944790478 2.0574
0.02913473773544402 -0.00780662944790478 2.1336
0.02913473773544402 -0.00780662944790478 2.2098
0.02913473773544402 -0.00780662944790478 2.286
0.02913473773544402 -0.00780662944790478 2.3622
0.02913473773544402 -0.00780662944790478 2.4384
0.02913473773544402 -0.00780662944790478 2.5146
0.02913473773544402 -0.00780662944790478 2.5908
0.02913473773544402 -0.00780662944790478 2.667
0.02913473773544402 -0.00780662944790478 2.7432
0.02913473773544402 -0.00780662944790478 2.8194
0.02913473773544402 -0.00780662944790478 2.8956
0.02913473773544402 -0.00780662944790478 2.9718
0.02913473773544402 -0.00780662944790478 3.048
0.02913473773544402 -0.00780662944790478 3.1242
0.02913473773544402 -0.00780662944790478 3.2004
0.02913473773544402 -0.00780662944790478 3.2766
0.02913473773544402 -0.00780662944790478 3.3528
0.02913473773544402 -0.00780662944790478 3.429
0.02913473773544402 -0.00780662944790478 3.5052
0.02913473773544402 -0.00780662944790478 3.5814
0.02913473773544402 -0.00780662944790478 3.6576
0.02913473773544402 -0.00780662944790478 3.7338
0.02913473773544402 -0.00780662944790478 3.81
0.02913473773544402 -0.00780662944790478 3.8862
0.02913473773544402 -0.00780662944790478 3.9624
0.02913473773544402 -0.00780662944790478 4.0386
0.02913473773544402 -0.00780662944790478 4.114800000000001
0.02913473773544402 -0.00780662944790478 4.191
0.02913473773544402 -0.00780662944790478 4.2672
0.02913473773544402 -0.00780662944790478 4.3434
0.02913473773544402 -0.00780662944790478 4.4196
0.02913473773544402 -0.00780662944790478 4.4958
0.02913473773544402 -0.00780662944790478 4.572
0.02913473773544402 -0.00780662944790478 4.6482
0.02913473773544402 -0.00780662944790478 4.7244
0.02913473773544402 -0.00780662944790478 4.8006
0.02913473773544402 -0.00780662944790478 4.8768
0.02913473773544402 -0.00780662944790478 4.953
0.02913473773544402 -0.00780662944790478 5.029199999999999
0.02913473773544402 -0.00780662944790478 5.1054
0.02913473773544402 -0.00780662944790478 5.1816
0.02913473773544402 -0.00780662944790478 5.2578
0.02913473773544402 -0.00780662944790478 5.334
0.02913473773544402 -0.00780662944790478 5.4102
0.02913473773544402 -0.00780662944790478 5.486400000000001
0.02913473773544402 -0.00780662944790478 5.5626
0.02913473773544402 -0.00780662944790478 5.638800000000001
0.02913473773544402 -0.00780662944790478 5.715
0.02913473773544402 -0.00780662944790478 5.7912
0.02913473773544402 -0.00780662944790478 5.8674
0.02913473773544402 -0.00780662944790478 5.9436
0.02913473773544402 -0.00780662944790478 6.0198
2 9 0 50
2890
2891
2892
2893
2894
2895
2896
2897
2898
2899
2900
2901
2902
2903
2904
2905
2906
2907
2908
2909
2910
2911
2912
2913
2914
2915
2916
2917
2918
2919
2920
2921
2922
2923
2924
2925
2926
2927
2928
2929
2930
2931
2932
2933
2934
2935
2936
2937
2938
2939
-0.0228878794479048 0.003013246493795861 6.096
0.02288787944790479 -0.003013246493795893 6.096
-0.003202798528618491 -0.02247957395750216 6.096
0.003013246493795844 0.02288787944790478 6.096
-0.01874191354091847 -0.01469102848733548 6.096
-0.01405348773544407 0.01831486179374333 6.096
0.01403231758306291 -0.01855768046372842 6.096
0.01839689958546452 0.01431465237463069 6.096
-0.02456172008128258 -0.003233611793743386 6.096
-0.01731537077447068 -0.001454625449120618 6.096
-0.0155144858889242 0.005486125107517972 6.096
-0.009706261757009825 0.0006275927643157557 6.096
-0.008045607175525252 0.007991053294091882 6.096
-0.002214835990320858 0.00307900741740819 6.096
-0.003771710065557918 -0.004595201026141429 6.096
0.003693776278797169 -0.002070065612934331 6.096
0.005229172899961066 0.005651754880967034 6.096
0.00220492126591041 -0.009591872314839859 6.096
0.009116253369107125 -0.007017629163535499 6.096
-0.005363174767233969 -0.01299248332024776 6.096
-0.0113892047435019 -0.006550215584571375 6.096
-0.000855600649604929 0.01056459968817182 6.096
0.006067388643024495 0.01423381868634604 6.096
0.01287549481265521 0.008333410200257879 6.096
0.0108790657152616 0.0005741330159680959 6.096
-0.007418193249731159 0.01594302452481553 6.096
0.01829402499120989 0.002133371977228459 6.096
0.007833034681733702 -0.01431443945836679 6.096
0.001437439463821266 -0.01732253420499105 6.096
-0.01013475153684205 -0.02007507154915324 6.096
0.008066555567361343 -0.02173952519941453 6.096
-0.02110394796885105 0.009813873302779262 6.096
0.01595772104275204 -0.004896130597713631 6.096
0.02119983518237078 -0.009762313063111264 6.096
0.02158932739322277 0.008422823481317052 6.096
-0.0199170082837664 -0.00831335768614385 6.096
-0.0007838715480639037 0.01728213174665303 6.096
0.01009528933599092 0.02085226100360925 6.096
-0.003907441446417258 0.0230284361779077 6.096
-0.01390418893251663 0.0120405715060124 6.096
0.01433859467095297 -0.01180502027169457 6.096
0.02449930022194445 0.00301211888405934 6.096
-0.0126272676607554 -0.01326441380520913 6.096
-0.0193663209767109 0.01546244778893346 6.096
0.01939641742907452 -0.01543346435483277 6.096
0.01252463209497548 0.01496561945253545 6.096
0.0156019018251537 0.0194922447481321 6.096
-0.01004318023746679 0.02263185722593645 6.096
0.002521367820731292 -0.02456866917759531 6.096
-0.01585128543454769 -0.01915645399228595 6.096
$EndNodes
$Elements
6 3876 1 3876
2 2 2 122
1 250 260 233 
2 233 259 250 
3 60 260 59 
4 233 260 60 
5 57 266 56 
6 253 268 234 
7 234 267 253 
8 237 261 63 
9 254 265 238 
10 257 265 254 
11 235 266 57 
12 63 261 62 
13 48 268 47 
14 234 268 48 
15 266 273 251 
16 49 269 234 
17 235 273 266 
18 56 266 239 
19 50 269 49 
20 232 264 66 
21 66 264 65 
22 245 251 250 
23 242 251 245 
24 244 252 243 
25 247 255 254 
26 246 255 247 
27 58 235 57 
28 2 232 66 
29 49 234 48 
30 52 236 51 
31 61 233 60 
32 46 238 45 
33 64 237 63 
34 55 231 54 
35 247 254 253 
36 249 255 246 
37 247 253 252 
38 248 249 246 
39 247 252 244 
40 245 250 248 
41 246 247 244 
42 245 248 246 
43 245 246 244 
44 242 245 244 
45 242 244 243 
46 240 251 242 
47 242 243 241 
48 252 256 243 
49 240 242 241 
50 240 266 251 
51 240 241 231 
52 54 262 53 
53 231 262 54 
54 255 257 254 
55 250 259 248 
56 258 261 237 
57 253 267 252 
58 263 271 264 
59 255 263 257 
60 257 263 232 
61 248 258 249 
62 256 270 243 
63 236 270 256 
64 250 273 260 
65 238 265 45 
66 45 265 44 
67 259 261 258 
68 260 280 59 
69 241 262 231 
70 249 263 255 
71 241 270 262 
72 256 278 236 
73 259 279 261 
74 248 259 258 
75 239 240 231 
76 233 279 259 
77 263 264 232 
78 270 274 262 
79 234 269 267 
80 249 271 263 
81 251 273 250 
82 238 276 254 
83 56 239 55 
84 55 239 231 
85 243 270 241 
86 252 267 256 
87 44 272 2 
88 53 274 52 
89 269 278 256 
90 65 275 64 
91 51 278 50 
92 59 280 58 
93 62 279 61 
94 47 277 46 
95 254 276 253 
96 2 272 232 
97 239 266 240 
98 52 274 236 
99 267 269 256 
100 64 275 237 
101 268 277 47 
102 46 277 238 
103 232 272 257 
104 236 278 51 
105 61 279 233 
106 58 280 235 
107 261 279 62 
108 271 275 264 
109 264 275 65 
110 253 276 268 
111 237 271 258 
112 258 271 249 
113 262 274 53 
114 50 278 269 
115 265 272 44 
116 236 274 270 
117 257 272 265 
118 235 280 273 
119 273 280 260 
120 237 275 271 
121 238 277 276 
122 276 277 268 
2 3 2 817
123 497 583 438 
124 478 505 418 
125 537 577 282 
126 403 559 416 
127 500 622 411 
128 56 453 367 
129 462 494 446 
130 293 530 484 
131 283 477 475 
132 446 463 462 
133 20 531 19 
134 486 624 342 
135 408 424 407 
136 510 652 506 
137 345 486 342 
138 454 628 617 
139 484 529 293 
140 428 559 403 
141 281 533 532 
142 482 575 414 
143 425 490 474 
144 425 615 490 
145 293 529 18 
146 535 621 550 
147 412 500 411 
148 1 523 295 
149 339 504 503 
150 483 566 421 
151 443 522 473 
152 281 531 20 
153 538 584 539 
154 385 407 381 
155 438 516 497 
156 436 437 435 
157 402 448 447 
158 282 611 537 
159 285 511 33 
160 475 545 283 
161 483 567 444 
162 19 531 293 
163 425 563 508 
164 393 436 435 
165 413 565 392 
166 389 583 497 
167 485 487 486 
168 578 591 354 
169 597 599 371 
170 567 604 444 
171 447 635 359 
172 408 426 424 
173 313 391 329 
174 491 603 445 
175 391 413 392 
176 55 453 56 
177 385 408 407 
178 445 604 491 
179 359 393 357 
180 295 523 518 
181 334 395 332 
182 596 597 371 
183 481 562 426 
184 418 518 478 
185 320 400 317 
186 281 532 531 
187 506 570 510 
188 446 494 441 
189 621 647 550 
190 501 514 457 
191 424 425 407 
192 66 439 319 
193 490 586 474 
194 439 442 440 
195 391 392 329 
196 414 607 482 
197 313 329 310 
198 317 502 314 
199 552 598 553 
200 411 520 384 
201 332 469 327 
202 502 643 314 
203 485 497 487 
204 339 507 504 
205 539 584 379 
206 424 563 425 
207 402 447 362 
208 497 517 487 
209 357 434 352 
210 485 486 345 
211 617 628 602 
212 478 618 505 
213 350 389 348 
214 362 447 359 
215 33 511 32 
216 62 470 309 
217 426 571 424 
218 389 497 485 
219 514 632 457 
220 393 435 434 
221 533 534 532 
222 359 635 393 
223 426 657 481 
224 491 645 603 
225 434 620 352 
226 302 304 303 
227 348 485 345 
228 577 633 282 
229 411 521 520 
230 394 491 322 
231 322 491 320 
232 470 562 471 
233 305 306 304 
234 453 472 367 
235 324 394 322 
236 307 310 306 
237 375 587 569 
238 299 574 300 
239 6 523 1 
240 579 580 569 
241 311 313 310 
242 469 638 327 
243 338 390 336 
244 300 302 301 
245 402 490 448 
246 473 648 443 
247 427 599 597 
248 389 485 348 
249 430 591 578 
250 306 308 304 
251 516 517 497 
252 336 515 334 
253 18 529 17 
254 364 402 362 
255 378 584 538 
256 548 597 596 
257 407 474 381 
258 60 468 370 
259 576 626 595 
260 491 639 320 
261 469 540 513 
262 510 570 487 
263 285 512 509 
264 421 567 483 
265 446 464 463 
266 394 645 491 
267 358 359 357 
268 526 579 569 
269 530 539 484 
270 473 522 309 
271 395 469 332 
272 400 502 317 
273 471 562 481 
274 509 511 285 
275 549 593 553 
276 302 305 304 
277 336 623 515 
278 565 629 392 
279 333 334 332 
280 302 303 301 
281 402 586 490 
282 310 590 306 
283 442 483 440 
284 563 571 468 
285 505 544 406 
286 513 638 469 
287 569 587 423 
288 37 527 36 
289 369 381 366 
290 518 588 295 
291 334 515 395 
292 318 320 317 
293 393 434 357 
294 300 301 288 
295 32 582 31 
296 356 357 352 
297 441 494 319 
298 347 348 345 
299 453 617 472 
300 531 532 530 
301 502 567 421 
302 437 438 435 
303 382 385 381 
304 454 617 453 
305 302 541 305 
306 36 527 292 
307 328 592 505 
308 305 307 306 
309 559 610 416 
310 294 598 552 
311 391 421 413 
312 511 582 32 
313 424 571 563 
314 519 527 301 
315 420 594 582 
316 12 287 11 
317 38 288 37 
318 25 289 24 
319 8 282 7 
320 42 284 41 
321 21 281 20 
322 16 283 15 
323 29 286 28 
324 34 285 33 
325 292 601 528 
326 381 637 366 
327 439 440 319 
328 340 501 457 
329 316 317 314 
330 314 643 313 
331 331 332 327 
332 526 634 579 
333 288 527 37 
334 561 655 610 
335 305 541 433 
336 395 540 469 
337 307 311 310 
338 298 611 9 
339 293 531 530 
340 360 362 359 
341 344 345 342 
342 505 592 544 
343 54 452 55 
344 299 300 288 
345 578 580 579 
346 533 535 534 
347 436 628 437 
348 292 527 519 
349 321 322 320 
350 23 291 22 
351 40 290 39 
352 14 297 13 
353 10 298 9 
354 27 294 26 
355 36 292 35 
356 349 350 348 
357 512 568 509 
358 595 626 284 
359 470 471 309 
360 632 651 461 
361 65 439 66 
362 1 295 43 
363 31 296 30 
364 19 293 18 
365 553 598 429 
366 320 639 400 
367 553 630 549 
368 292 528 35 
369 421 566 413 
370 346 503 451 
371 283 589 477 
372 34 528 285 
373 61 470 62 
374 352 620 350 
375 35 528 34 
376 442 566 483 
377 394 638 513 
378 335 336 334 
379 540 651 632 
380 392 397 396 
381 390 623 336 
382 539 642 484 
383 304 498 303 
384 561 610 286 
385 418 505 406 
386 356 358 357 
387 283 573 15 
388 311 314 313 
389 59 468 60 
390 487 517 510 
391 290 574 299 
392 390 570 506 
393 448 602 447 
394 387 411 384 
395 421 643 502 
396 532 538 530 
397 400 567 502 
398 300 541 302 
399 519 601 292 
400 331 333 332 
401 534 636 532 
402 455 640 339 
403 557 626 415 
404 457 632 461 
405 412 616 500 
406 7 600 6 
407 344 347 345 
408 291 536 22 
409 316 318 317 
410 503 504 451 
411 610 655 496 
412 323 324 322 
413 429 630 553 
414 435 583 434 
415 337 338 336 
416 537 611 298 
417 303 519 301 
418 312 522 443 
419 543 654 287 
420 392 396 329 
421 31 582 296 
422 452 453 55 
423 484 642 476 
424 569 580 375 
425 465 514 463 
426 505 618 328 
427 369 382 381 
428 358 360 359 
429 490 614 448 
430 419 594 420 
431 552 553 289 
432 409 545 475 
433 289 551 24 
434 12 554 287 
435 25 552 289 
436 286 558 28 
437 21 536 281 
438 347 349 348 
439 38 299 288 
440 284 556 41 
441 418 588 518 
442 367 472 467 
443 327 638 324 
444 625 653 488 
445 363 364 362 
446 295 588 560 
447 528 601 512 
448 281 536 533 
449 318 321 320 
450 42 560 284 
451 29 561 286 
452 472 617 448 
453 487 570 486 
454 622 649 493 
455 351 352 350 
456 460 613 515 
457 6 600 523 
458 553 593 289 
459 333 335 334 
460 460 623 506 
461 488 545 409 
462 575 657 426 
463 384 520 382 
464 588 595 560 
465 285 528 512 
466 23 551 291 
467 294 552 26 
468 297 554 13 
469 27 558 294 
470 385 414 408 
471 309 522 63 
472 550 641 535 
473 448 614 472 
474 287 634 543 
475 290 299 39 
476 40 556 290 
477 342 624 338 
478 545 573 283 
479 506 623 390 
480 328 618 608 
481 64 522 312 
482 286 559 558 
483 301 527 288 
484 296 561 30 
485 295 560 43 
486 450 542 449 
487 360 363 362 
488 397 482 398 
489 438 609 516 
490 602 628 436 
491 391 643 421 
492 445 446 441 
493 308 500 498 
494 468 571 370 
495 282 600 7 
496 387 412 411 
497 339 640 507 
498 415 626 576 
499 489 625 488 
500 306 631 308 
501 608 618 431 
502 498 499 303 
503 22 536 21 
504 341 342 338 
505 535 606 534 
506 590 631 306 
507 326 327 324 
508 489 579 555 
509 415 564 557 
510 414 575 408 
511 349 351 350 
512 308 498 304 
513 515 651 395 
514 366 586 364 
515 287 654 11 
516 350 620 389 
517 416 495 388 
518 321 323 322 
519 377 427 403 
520 554 555 287 
521 532 636 538 
522 377 599 427 
523 565 648 473 
524 400 604 567 
525 376 430 409 
526 335 337 336 
527 355 356 352 
528 613 651 515 
529 430 489 488 
530 525 526 423 
531 475 476 401 
532 440 483 444 
533 556 557 290 
534 380 431 410 
535 427 429 428 
536 53 449 353 
537 49 455 339 
538 437 609 438 
539 464 465 463 
540 340 455 48 
541 422 423 399 
542 365 366 364 
543 47 501 340 
544 525 543 526 
545 325 501 46 
546 319 494 2 
547 420 509 404 
548 405 406 372 
549 582 594 296 
550 478 518 479 
551 493 607 521 
552 337 341 338 
553 346 449 52 
554 364 586 402 
555 45 462 325 
556 396 590 329 
557 14 573 297 
558 547 548 373 
559 339 503 50 
560 521 607 414 
561 425 474 407 
562 10 654 298 
563 431 478 432 
564 383 384 382 
565 382 520 385 
566 315 316 314 
567 548 596 373 
568 380 608 431 
569 368 369 366 
570 51 503 346 
571 305 433 307 
572 500 649 622 
573 367 466 57 
574 477 484 476 
575 298 543 525 
576 323 326 324 
577 525 537 298 
578 376 591 430 
579 330 331 327 
580 408 575 426 
581 417 418 406 
582 58 466 361 
583 343 344 342 
584 397 398 396 
585 541 564 433 
586 538 539 530 
587 340 456 455 
588 392 629 397 
589 24 551 23 
590 13 554 12 
591 26 552 25 
592 28 558 27 
593 510 517 504 
594 386 419 404 
595 62 309 63 
596 39 299 38 
597 41 556 40 
598 386 387 384 
599 346 450 449 
600 329 590 310 
601 44 494 462 
602 437 628 524 
603 316 544 318 
604 43 560 42 
605 30 561 29 
606 363 365 364 
607 512 612 568 
608 508 615 425 
609 449 542 353 
610 467 508 466 
611 351 355 352 
612 463 514 325 
613 495 581 388 
614 16 589 283 
615 526 569 423 
616 471 473 309 
617 64 312 65 
618 515 623 460 
619 300 574 541 
620 423 587 399 
621 476 585 401 
622 509 568 404 
623 17 589 16 
624 529 589 17 
625 450 609 542 
626 8 611 282 
627 427 428 403 
628 15 573 14 
629 63 522 64 
630 420 511 509 
631 53 353 54 
632 338 624 390 
633 430 488 409 
634 547 549 548 
635 298 654 543 
636 431 432 410 
637 406 544 372 
638 311 315 314 
639 579 634 555 
640 416 496 495 
641 49 339 50 
642 324 638 394 
643 518 523 479 
644 47 340 48 
645 66 319 2 
646 397 627 482 
647 440 441 319 
648 383 386 384 
649 45 325 46 
650 313 643 391 
651 386 404 387 
652 308 649 500 
653 422 525 423 
654 356 373 358 
655 520 521 414 
656 428 644 559 
657 51 346 52 
658 403 416 388 
659 56 367 57 
660 365 368 366 
661 547 550 549 
662 475 477 476 
663 422 537 525 
664 478 479 432 
665 289 593 551 
666 331 375 333 
667 419 420 404 
668 477 529 484 
669 492 590 396 
670 58 361 59 
671 341 343 342 
672 524 542 437 
673 344 379 347 
674 409 475 401 
675 390 624 570 
676 9 611 8 
677 405 417 406 
678 326 330 327 
679 325 514 501 
680 430 578 489 
681 466 508 361 
682 499 519 303 
683 315 372 316 
684 367 467 466 
685 312 443 442 
686 48 455 49 
687 349 378 351 
688 380 410 399 
689 540 632 465 
690 52 449 53 
691 46 501 47 
692 377 403 388 
693 410 422 399 
694 377 388 368 
695 427 597 429 
696 538 636 378 
697 374 415 405 
698 2 494 44 
699 365 377 368 
700 360 371 363 
701 335 354 337 
702 387 568 412 
703 369 383 382 
704 376 409 401 
705 44 462 45 
706 458 459 456 
707 315 374 372 
708 326 380 330 
709 376 401 343 
710 374 405 372 
711 560 595 284 
712 50 503 51 
713 354 580 578 
714 60 370 61 
715 355 546 356 
716 57 466 58 
717 393 635 436 
718 341 376 343 
719 380 399 330 
720 462 463 325 
721 578 579 489 
722 398 492 396 
723 438 583 435 
724 543 634 526 
725 321 328 323 
726 404 568 387 
727 513 540 465 
728 417 588 418 
729 353 452 54 
730 472 614 467 
731 372 544 316 
732 546 547 373 
733 312 439 65 
734 452 524 454 
735 480 565 473 
736 340 457 456 
737 431 618 478 
738 460 506 459 
739 521 622 493 
740 398 493 492 
741 429 598 428 
742 614 615 467 
743 507 510 504 
744 385 520 414 
745 368 581 369 
746 604 639 491 
747 433 572 307 
748 356 546 373 
749 369 581 383 
750 474 637 381 
751 297 653 625 
752 346 451 450 
753 307 572 311 
754 451 517 516 
755 507 640 459 
756 420 582 511 
757 555 625 489 
758 386 619 419 
759 366 637 586 
760 550 593 549 
761 464 513 465 
762 330 587 331 
763 541 574 564 
764 343 585 344 
765 457 461 458 
766 504 517 451 
767 370 470 61 
768 444 445 441 
769 471 481 480 
770 422 577 537 
771 361 468 59 
772 344 585 379 
773 331 587 375 
774 388 581 368 
775 286 610 559 
776 443 566 442 
777 415 576 405 
778 284 626 556 
779 516 609 450 
780 499 616 612 
781 499 612 601 
782 536 621 533 
783 432 577 410 
784 452 454 453 
785 347 584 349 
786 405 576 417 
787 482 607 398 
788 311 572 315 
789 416 610 496 
790 353 542 524 
791 495 619 581 
792 401 585 343 
793 297 625 554 
794 410 577 422 
795 471 480 473 
796 544 592 318 
797 440 444 441 
798 318 592 321 
799 291 621 536 
800 458 460 459 
801 547 641 550 
802 467 615 508 
803 581 619 383 
804 395 651 540 
805 557 574 290 
806 554 625 555 
807 542 609 437 
808 399 587 330 
809 312 442 439 
810 477 589 529 
811 361 563 468 
812 556 626 557 
813 373 596 358 
814 499 601 519 
815 379 584 347 
816 353 524 452 
817 612 616 412 
818 315 572 374 
819 523 600 479 
820 457 458 456 
821 444 604 445 
822 337 591 341 
823 451 516 450 
824 349 584 378 
825 358 596 360 
826 568 612 412 
827 446 603 464 
828 513 645 394 
829 379 642 539 
830 583 620 434 
831 11 654 10 
832 459 640 456 
833 291 647 621 
834 365 599 377 
835 508 563 361 
836 363 599 365 
837 562 571 426 
838 341 591 376 
839 598 644 428 
840 533 621 535 
841 490 615 614 
842 411 622 521 
843 564 574 557 
844 321 592 328 
845 375 646 333 
846 570 624 486 
847 326 608 380 
848 354 591 337 
849 445 603 446 
850 351 605 355 
851 417 595 588 
852 465 632 514 
853 498 616 499 
854 378 605 351 
855 370 562 470 
856 535 641 606 
857 355 606 546 
858 371 599 363 
859 360 596 371 
860 619 656 419 
861 323 608 326 
862 448 617 602 
863 576 595 417 
864 433 650 572 
865 398 607 493 
866 370 571 562 
867 558 644 294 
868 500 616 498 
869 600 633 479 
870 593 647 551 
871 459 652 507 
872 383 619 386 
873 555 634 287 
874 559 644 558 
875 551 647 291 
876 328 608 323 
877 335 646 354 
878 524 628 454 
879 572 650 374 
880 534 606 605 
881 601 612 512 
882 432 633 577 
883 605 606 355 
884 495 656 619 
885 296 655 561 
886 549 630 548 
887 580 646 375 
888 550 647 593 
889 354 646 580 
890 506 652 459 
891 282 633 600 
892 461 613 458 
893 548 630 597 
894 479 633 432 
895 476 642 585 
896 545 653 573 
897 606 641 546 
898 564 650 433 
899 374 650 415 
900 458 613 460 
901 480 629 565 
902 488 653 545 
903 546 641 547 
904 496 656 495 
905 627 657 482 
906 333 646 335 
907 389 620 583 
908 456 640 455 
909 597 630 429 
910 436 635 602 
911 573 653 297 
912 481 627 480 
913 602 635 447 
914 585 642 379 
915 586 637 474 
916 492 631 590 
917 419 656 594 
918 415 650 564 
919 605 636 534 
920 413 648 565 
921 443 648 566 
922 594 656 496 
923 507 652 510 
924 493 649 492 
925 627 629 480 
926 496 655 594 
927 464 645 513 
928 566 648 413 
929 378 636 605 
930 492 649 631 
931 461 651 613 
932 294 644 598 
933 482 657 575 
934 603 645 464 
935 400 639 604 
936 594 655 296 
937 481 657 627 
938 397 629 627 
939 631 649 308 
2 6 3 78
940 1 6 658 90 
941 90 658 91 4 
942 6 7 659 658 
943 658 659 92 91 
944 7 8 660 659 
945 659 660 93 92 
946 8 9 661 660 
947 660 661 94 93 
948 9 10 662 661 
949 661 662 95 94 
950 10 11 663 662 
951 662 663 96 95 
952 11 12 664 663 
953 663 664 97 96 
954 12 13 665 664 
955 664 665 98 97 
956 13 14 666 665 
957 665 666 99 98 
958 14 15 667 666 
959 666 667 100 99 
960 15 16 668 667 
961 667 668 101 100 
962 16 17 669 668 
963 668 669 102 101 
964 17 18 670 669 
965 669 670 103 102 
966 18 19 671 670 
967 670 671 104 103 
968 19 20 672 671 
969 671 672 105 104 
970 20 21 673 672 
971 672 673 106 105 
972 21 22 674 673 
973 673 674 107 106 
974 22 23 675 674 
975 674 675 108 107 
976 23 24 676 675 
977 675 676 109 108 
978 24 25 677 676 
979 676 677 110 109 
980 25 26 678 677 
981 677 678 111 110 
982 26 27 679 678 
983 678 679 112 111 
984 27 28 680 679 
985 679 680 113 112 
986 28 29 681 680 
987 680 681 114 113 
988 29 30 682 681 
989 681 682 115 114 
990 30 31 683 682 
991 682 683 116 115 
992 31 32 684 683 
993 683 684 117 116 
994 32 33 685 684 
995 684 685 118 117 
996 33 34 686 685 
997 685 686 119 118 
998 34 35 687 686 
999 686 687 120 119 
1000 35 36 688 687 
1001 687 688 121 120 
1002 36 37 689 688 
1003 688 689 122 121 
1004 37 38 690 689 
1005 689 690 123 122 
1006 38 39 691 690 
1007 690 691 124 123 
1008 39 40 692 691 
1009 691 692 125 124 
1010 40 41 693 692 
1011 692 693 126 125 
1012 41 42 694 693 
1013 693 694 127 126 
1014 42 43 695 694 
1015 694 695 128 127 
1016 43 1 90 695 
1017 695 90 4 128 
2 7 2 817
1018 912 998 853 
1019 893 920 833 
1020 952 992 697 
1021 818 974 831 
1022 915 1037 826 
1023 79 868 782 
1024 877 909 861 
1025 708 945 899 
1026 698 892 890 
1027 861 878 877 
1028 105 946 104 
1029 901 1039 757 
1030 823 839 822 
1031 925 1067 921 
1032 760 901 757 
1033 869 1043 1032 
1034 899 944 708 
1035 843 974 818 
1036 696 948 947 
1037 897 990 829 
1038 840 905 889 
1039 840 1030 905 
1040 708 944 103 
1041 950 1036 965 
1042 827 915 826 
1043 4 938 710 
1044 754 919 918 
1045 898 981 836 
1046 858 937 888 
1047 696 946 105 
1048 953 999 954 
1049 800 822 796 
1050 853 931 912 
1051 851 852 850 
1052 817 863 862 
1053 697 1026 952 
1054 700 926 118 
1055 890 960 698 
1056 898 982 859 
1057 104 946 708 
1058 840 978 923 
1059 808 851 850 
1060 828 980 807 
1061 804 998 912 
1062 900 902 901 
1063 993 1006 769 
1064 1012 1014 786 
1065 982 1019 859 
1066 862 1050 774 
1067 823 841 839 
1068 728 806 744 
1069 906 1018 860 
1070 806 828 807 
1071 78 868 79 
1072 800 823 822 
1073 860 1019 906 
1074 774 808 772 
1075 710 938 933 
1076 749 810 747 
1077 1011 1012 786 
1078 896 977 841 
1079 833 933 893 
1080 735 815 732 
1081 696 947 946 
1082 921 985 925 
1083 861 909 856 
1084 1036 1062 965 
1085 916 929 872 
1086 839 840 822 
1087 89 854 734 
1088 905 1001 889 
1089 854 857 855 
1090 806 807 744 
1091 829 1022 897 
1092 728 744 725 
1093 732 917 729 
1094 967 1013 968 
1095 826 935 799 
1096 747 884 742 
1097 917 1058 729 
1098 900 912 902 
1099 754 922 919 
1100 954 999 794 
1101 839 978 840 
1102 817 862 777 
1103 912 932 902 
1104 772 849 767 
1105 900 901 760 
1106 1032 1043 1017 
1107 893 1033 920 
1108 765 804 763 
1109 777 862 774 
1110 118 926 117 
1111 85 885 724 
1112 841 986 839 
1113 804 912 900 
1114 929 1047 872 
1115 808 850 849 
1116 948 949 947 
1117 774 1050 808 
1118 841 1072 896 
1119 906 1060 1018 
1120 849 1035 767 
1121 717 719 718 
1122 763 900 760 
1123 992 1048 697 
1124 826 936 935 
1125 809 906 737 
1126 737 906 735 
1127 885 977 886 
1128 720 721 719 
1129 868 887 782 
1130 739 809 737 
1131 722 725 721 
1132 790 1002 984 
1133 714 989 715 
1134 91 938 4 
1135 994 995 984 
1136 726 728 725 
1137 884 1053 742 
1138 753 805 751 
1139 715 717 716 
1140 817 905 863 
1141 888 1063 858 
1142 842 1014 1012 
1143 804 900 763 
1144 845 1006 993 
1145 721 723 719 
1146 931 932 912 
1147 751 930 749 
1148 103 944 102 
1149 779 817 777 
1150 793 999 953 
1151 963 1012 1011 
1152 822 889 796 
1153 83 883 785 
1154 991 1041 1010 
1155 906 1054 735 
1156 884 955 928 
1157 925 985 902 
1158 700 927 924 
1159 836 982 898 
1160 861 879 878 
1161 809 1060 906 
1162 773 774 772 
1163 941 994 984 
1164 945 954 899 
1165 888 937 724 
1166 810 884 747 
1167 815 917 732 
1168 886 977 896 
1169 924 926 700 
1170 964 1008 968 
1171 717 720 719 
1172 751 1038 930 
1173 980 1044 807 
1174 748 749 747 
1175 717 718 716 
1176 817 1001 905 
1177 725 1005 721 
1178 857 898 855 
1179 978 986 883 
1180 920 959 821 
1181 928 1053 884 
1182 984 1002 838 
1183 122 942 121 
1184 784 796 781 
1185 933 1003 710 
1186 749 930 810 
1187 733 735 732 
1188 808 849 772 
1189 715 716 703 
1190 117 997 116 
1191 771 772 767 
1192 856 909 734 
1193 762 763 760 
1194 868 1032 887 
1195 946 947 945 
1196 917 982 836 
1197 852 853 850 
1198 797 800 796 
1199 869 1032 868 
1200 717 956 720 
1201 121 942 707 
1202 743 1007 920 
1203 720 722 721 
1204 974 1025 831 
1205 709 1013 967 
1206 806 836 828 
1207 926 997 117 
1208 839 986 978 
1209 934 942 716 
1210 835 1009 997 
1211 97 702 96 
1212 123 703 122 
1213 110 704 109 
1214 93 697 92 
1215 127 699 126 
1216 106 696 105 
1217 101 698 100 
1218 114 701 113 
1219 119 700 118 
1220 707 1016 943 
1221 796 1052 781 
1222 854 855 734 
1223 755 916 872 
1224 731 732 729 
1225 729 1058 728 
1226 746 747 742 
1227 941 1049 994 
1228 703 942 122 
1229 976 1070 1025 
1230 720 956 848 
1231 810 955 884 
1232 722 726 725 
1233 713 1026 94 
1234 708 946 945 
1235 775 777 774 
1236 759 760 757 
1237 920 1007 959 
1238 77 867 78 
1239 714 715 703 
1240 993 995 994 
1241 948 950 949 
1242 851 1043 852 
1243 707 942 934 
1244 736 737 735 
1245 108 706 107 
1246 125 705 124 
1247 99 712 98 
1248 95 713 94 
1249 112 709 111 
1250 121 707 120 
1251 764 765 763 
1252 927 983 924 
1253 1010 1041 699 
1254 885 886 724 
1255 1047 1066 876 
1256 88 854 89 
1257 4 710 128 
1258 116 711 115 
1259 104 708 103 
1260 968 1013 844 
1261 735 1054 815 
1262 968 1045 964 
1263 707 943 120 
1264 836 981 828 
1265 761 918 866 
1266 698 1004 892 
1267 119 943 700 
1268 84 885 85 
1269 767 1035 765 
1270 120 943 119 
1271 857 981 898 
1272 809 1053 928 
1273 750 751 749 
1274 955 1066 1047 
1275 807 812 811 
1276 805 1038 751 
1277 954 1057 899 
1278 719 913 718 
1279 976 1025 701 
1280 833 920 821 
1281 771 773 772 
1282 698 988 100 
1283 726 729 728 
1284 82 883 83 
1285 902 932 925 
1286 705 989 714 
1287 805 985 921 
1288 863 1017 862 
1289 802 826 799 
1290 836 1058 917 
1291 947 953 945 
1292 815 982 917 
1293 715 956 717 
1294 934 1016 707 
1295 746 748 747 
1296 949 1051 947 
1297 870 1055 754 
1298 972 1041 830 
1299 872 1047 876 
1300 827 1031 915 
1301 92 1015 91 
1302 759 762 760 
1303 706 951 107 
1304 731 733 732 
1305 918 919 866 
1306 1025 1070 911 
1307 738 739 737 
1308 844 1045 968 
1309 850 998 849 
1310 752 753 751 
1311 952 1026 713 
1312 718 934 716 
1313 727 937 858 
1314 958 1069 702 
1315 807 811 744 
1316 116 997 711 
1317 867 868 78 
1318 899 1057 891 
1319 984 995 790 
1320 880 929 878 
1321 920 1033 743 
1322 784 797 796 
1323 773 775 774 
1324 905 1029 863 
1325 834 1009 835 
1326 967 968 704 
1327 824 960 890 
1328 704 966 109 
1329 97 969 702 
1330 110 967 704 
1331 701 973 113 
1332 106 951 696 
1333 762 764 763 
1334 123 714 703 
1335 699 971 126 
1336 833 1003 933 
1337 782 887 882 
1338 742 1053 739 
1339 1040 1068 903 
1340 778 779 777 
1341 710 1003 975 
1342 943 1016 927 
1343 696 951 948 
1344 733 736 735 
1345 127 975 699 
1346 114 976 701 
1347 887 1032 863 
1348 902 985 901 
1349 1037 1064 908 
1350 766 767 765 
1351 875 1028 930 
1352 91 1015 938 
1353 968 1008 704 
1354 748 750 749 
1355 875 1038 921 
1356 903 960 824 
1357 990 1072 841 
1358 799 935 797 
1359 1003 1010 975 
1360 700 943 927 
1361 108 966 706 
1362 709 967 111 
1363 712 969 98 
1364 112 973 709 
1365 800 829 823 
1366 724 937 86 
1367 965 1056 950 
1368 863 1029 887 
1369 702 1049 958 
1370 705 714 124 
1371 125 971 705 
1372 757 1039 753 
1373 960 988 698 
1374 921 1038 805 
1375 743 1033 1023 
1376 87 937 727 
1377 701 974 973 
1378 716 942 703 
1379 711 976 115 
1380 710 975 128 
1381 865 957 864 
1382 775 778 777 
1383 812 897 813 
1384 853 1024 931 
1385 1017 1043 851 
1386 806 1058 836 
1387 860 861 856 
1388 723 915 913 
1389 883 986 785 
1390 697 1015 92 
1391 802 827 826 
1392 754 1055 922 
1393 830 1041 991 
1394 904 1040 903 
1395 721 1046 723 
1396 1023 1033 846 
1397 913 914 718 
1398 107 951 106 
1399 756 757 753 
1400 950 1021 949 
1401 1005 1046 721 
1402 741 742 739 
1403 904 994 970 
1404 830 979 972 
1405 829 990 823 
1406 764 766 765 
1407 723 913 719 
1408 930 1066 810 
1409 781 1001 779 
1410 702 1069 96 
1411 765 1035 804 
1412 831 910 803 
1413 736 738 737 
1414 792 842 818 
1415 969 970 702 
1416 947 1051 953 
1417 792 1014 842 
1418 980 1063 888 
1419 815 1019 982 
1420 791 845 824 
1421 750 752 751 
1422 770 771 767 
1423 1028 1066 930 
1424 845 904 903 
1425 940 941 838 
1426 890 891 816 
1427 855 898 859 
1428 971 972 705 
1429 795 846 825 
1430 842 844 843 
1431 76 864 768 
1432 72 870 754 
1433 852 1024 853 
1434 879 880 878 
1435 755 870 71 
1436 837 838 814 
1437 780 781 779 
1438 70 916 755 
1439 940 958 941 
1440 740 916 69 
1441 734 909 3 
1442 835 924 819 
1443 820 821 787 
1444 997 1009 711 
1445 893 933 894 
1446 908 1022 936 
1447 752 756 753 
1448 761 864 75 
1449 779 1001 817 
1450 68 877 740 
1451 811 1005 744 
1452 99 988 712 
1453 962 963 788 
1454 754 918 73 
1455 936 1022 829 
1456 840 889 822 
1457 95 1069 713 
1458 846 893 847 
1459 798 799 797 
1460 797 935 800 
1461 730 731 729 
1462 963 1011 788 
1463 795 1023 846 
1464 783 784 781 
1465 74 918 761 
1466 720 848 722 
1467 915 1064 1037 
1468 782 881 80 
1469 892 899 891 
1470 713 958 940 
1471 738 741 739 
1472 940 952 713 
1473 791 1006 845 
1474 745 746 742 
1475 823 990 841 
1476 832 833 821 
1477 81 881 776 
1478 758 759 757 
1479 812 813 811 
1480 956 979 848 
1481 953 954 945 
1482 755 871 870 
1483 807 1044 812 
1484 109 966 108 
1485 98 969 97 
1486 111 967 110 
1487 113 973 112 
1488 925 932 919 
1489 801 834 819 
1490 85 724 86 
1491 124 714 123 
1492 126 971 125 
1493 801 802 799 
1494 761 865 864 
1495 744 1005 725 
1496 67 909 877 
1497 852 1043 939 
1498 731 959 733 
1499 128 975 127 
1500 115 976 114 
1501 778 780 779 
1502 927 1027 983 
1503 923 1030 840 
1504 864 957 768 
1505 882 923 881 
1506 766 770 767 
1507 878 929 740 
1508 910 996 803 
1509 101 1004 698 
1510 941 984 838 
1511 886 888 724 
1512 87 727 88 
1513 930 1038 875 
1514 715 989 956 
1515 838 1002 814 
1516 891 1000 816 
1517 924 983 819 
1518 102 1004 101 
1519 944 1004 102 
1520 865 1024 957 
1521 93 1026 697 
1522 842 843 818 
1523 100 988 99 
1524 86 937 87 
1525 835 926 924 
1526 76 768 77 
1527 753 1039 805 
1528 845 903 824 
1529 962 964 963 
1530 713 1069 958 
1531 846 847 825 
1532 821 959 787 
1533 726 730 729 
1534 994 1049 970 
1535 831 911 910 
1536 72 754 73 
1537 739 1053 809 
1538 933 938 894 
1539 70 755 71 
1540 89 734 3 
1541 812 1042 897 
1542 855 856 734 
1543 798 801 799 
1544 68 740 69 
1545 728 1058 806 
1546 801 819 802 
1547 723 1064 915 
1548 837 940 838 
1549 771 788 773 
1550 935 936 829 
1551 843 1059 974 
1552 74 761 75 
1553 818 831 803 
1554 79 782 80 
1555 780 783 781 
1556 962 965 964 
1557 890 892 891 
1558 837 952 940 
1559 893 894 847 
1560 704 1008 966 
1561 746 790 748 
1562 834 835 819 
1563 892 944 899 
1564 907 1005 811 
1565 81 776 82 
1566 756 758 757 
1567 939 957 852 
1568 759 794 762 
1569 824 890 816 
1570 805 1039 985 
1571 94 1026 93 
1572 820 832 821 
1573 741 745 742 
1574 740 929 916 
1575 845 993 904 
1576 881 923 776 
1577 914 934 718 
1578 730 787 731 
1579 782 882 881 
1580 727 858 857 
1581 71 870 72 
1582 764 793 766 
1583 795 825 814 
1584 955 1047 880 
1585 75 864 76 
1586 69 916 70 
1587 792 818 803 
1588 825 837 814 
1589 792 803 783 
1590 842 1012 844 
1591 953 1051 793 
1592 789 830 820 
1593 3 909 67 
1594 780 792 783 
1595 775 786 778 
1596 750 769 752 
1597 802 983 827 
1598 784 798 797 
1599 791 824 816 
1600 67 877 68 
1601 873 874 871 
1602 730 789 787 
1603 741 795 745 
1604 791 816 758 
1605 789 820 787 
1606 975 1010 699 
1607 73 918 74 
1608 769 995 993 
1609 83 785 84 
1610 770 961 771 
1611 80 881 81 
1612 808 1050 851 
1613 756 791 758 
1614 795 814 745 
1615 877 878 740 
1616 993 994 904 
1617 813 907 811 
1618 853 998 850 
1619 958 1049 941 
1620 736 743 738 
1621 819 983 802 
1622 928 955 880 
1623 832 1003 833 
1624 768 867 77 
1625 887 1029 882 
1626 787 959 731 
1627 961 962 788 
1628 727 854 88 
1629 867 939 869 
1630 895 980 888 
1631 755 872 871 
1632 846 1033 893 
1633 875 921 874 
1634 936 1037 908 
1635 813 908 907 
1636 844 1013 843 
1637 1029 1030 882 
1638 922 925 919 
1639 800 935 829 
1640 783 996 784 
1641 1019 1054 906 
1642 848 987 722 
1643 771 961 788 
1644 784 996 798 
1645 889 1052 796 
1646 712 1068 1040 
1647 761 866 865 
1648 722 987 726 
1649 866 932 931 
1650 922 1055 874 
1651 835 997 926 
1652 970 1040 904 
1653 801 1034 834 
1654 781 1052 1001 
1655 965 1008 964 
1656 879 928 880 
1657 745 1002 746 
1658 956 989 979 
1659 758 1000 759 
1660 872 876 873 
1661 919 932 866 
1662 785 885 84 
1663 859 860 856 
1664 886 896 895 
1665 837 992 952 
1666 776 883 82 
1667 759 1000 794 
1668 746 1002 790 
1669 803 996 783 
1670 701 1025 974 
1671 858 981 857 
1672 830 991 820 
1673 699 1041 971 
1674 931 1024 865 
1675 914 1031 1027 
1676 914 1027 1016 
1677 951 1036 948 
1678 847 992 825 
1679 867 869 868 
1680 762 999 764 
1681 820 991 832 
1682 897 1022 813 
1683 726 987 730 
1684 831 1025 911 
1685 768 957 939 
1686 910 1034 996 
1687 816 1000 758 
1688 712 1040 969 
1689 825 992 837 
1690 886 895 888 
1691 959 1007 733 
1692 855 859 856 
1693 733 1007 736 
1694 706 1036 951 
1695 873 875 874 
1696 962 1056 965 
1697 882 1030 923 
1698 996 1034 798 
1699 810 1066 955 
1700 972 989 705 
1701 969 1040 970 
1702 957 1024 852 
1703 814 1002 745 
1704 727 857 854 
1705 892 1004 944 
1706 776 978 883 
1707 971 1041 972 
1708 788 1011 773 
1709 914 1016 934 
1710 794 999 762 
1711 768 939 867 
1712 1027 1031 827 
1713 730 987 789 
1714 938 1015 894 
1715 872 873 871 
1716 859 1019 860 
1717 752 1006 756 
1718 866 931 865 
1719 764 999 793 
1720 773 1011 775 
1721 983 1027 827 
1722 861 1018 879 
1723 928 1060 809 
1724 794 1057 954 
1725 998 1035 849 
1726 96 1069 95 
1727 874 1055 871 
1728 706 1062 1036 
1729 780 1014 792 
1730 923 978 776 
1731 778 1014 780 
1732 977 986 841 
1733 756 1006 791 
1734 1013 1059 843 
1735 948 1036 950 
1736 905 1030 1029 
1737 826 1037 936 
1738 979 989 972 
1739 736 1007 743 
1740 790 1061 748 
1741 985 1039 901 
1742 741 1023 795 
1743 769 1006 752 
1744 860 1018 861 
1745 766 1020 770 
1746 832 1010 1003 
1747 880 1047 929 
1748 913 1031 914 
1749 793 1020 766 
1750 785 977 885 
1751 950 1056 1021 
1752 770 1021 961 
1753 786 1014 778 
1754 775 1011 786 
1755 1034 1071 834 
1756 738 1023 741 
1757 863 1032 1017 
1758 991 1010 832 
1759 848 1065 987 
1760 813 1022 908 
1761 785 986 977 
1762 973 1059 709 
1763 915 1031 913 
1764 1015 1048 894 
1765 1008 1062 966 
1766 874 1067 922 
1767 798 1034 801 
1768 970 1049 702 
1769 974 1059 973 
1770 966 1062 706 
1771 743 1023 738 
1772 750 1061 769 
1773 939 1043 869 
1774 987 1065 789 
1775 949 1021 1020 
1776 1016 1027 927 
1777 847 1048 992 
1778 1020 1021 770 
1779 910 1071 1034 
1780 711 1070 976 
1781 964 1045 963 
1782 995 1061 790 
1783 965 1062 1008 
1784 769 1061 995 
1785 921 1067 874 
1786 697 1048 1015 
1787 876 1028 873 
1788 963 1045 1012 
1789 894 1048 847 
1790 891 1057 1000 
1791 960 1068 988 
1792 1021 1056 961 
1793 979 1065 848 
1794 789 1065 830 
1795 873 1028 875 
1796 895 1044 980 
1797 903 1068 960 
1798 961 1056 962 
1799 911 1071 910 
1800 1042 1072 897 
1801 748 1061 750 
1802 804 1035 998 
1803 871 1055 870 
1804 1012 1045 844 
1805 851 1050 1017 
1806 988 1068 712 
1807 896 1042 895 
1808 1017 1050 862 
1809 1000 1057 794 
1810 1001 1052 889 
1811 907 1046 1005 
1812 834 1071 1009 
1813 830 1065 979 
1814 1020 1051 949 
1815 828 1063 980 
1816 858 1063 981 
1817 1009 1071 911 
1818 922 1067 925 
1819 908 1064 907 
1820 1042 1044 895 
1821 911 1070 1009 
1822 879 1060 928 
1823 981 1063 828 
1824 793 1051 1020 
1825 907 1064 1046 
1826 876 1066 1028 
1827 709 1059 1013 
1828 897 1072 990 
1829 1018 1060 879 
1830 815 1054 1019 
1831 1009 1070 711 
1832 896 1072 1042 
1833 812 1044 1042 
1834 1046 1064 723 
2 8 3 1920
1835 3 67 1073 129 
1836 129 1073 1074 130 
1837 130 1074 1075 131 
1838 131 1075 1076 132 
1839 132 1076 1077 133 
1840 133 1077 1078 134 
1841 134 1078 1079 135 
1842 135 1079 1080 136 
1843 136 1080 1081 137 
1844 137 1081 1082 138 
1845 138 1082 1083 139 
1846 139 1083 1084 140 
1847 140 1084 1085 141 
1848 141 1085 1086 142 
1849 142 1086 1087 143 
1850 143 1087 1088 144 
1851 144 1088 1089 145 
1852 145 1089 1090 146 
1853 146 1090 1091 147 
1854 147 1091 1092 148 
1855 148 1092 1093 149 
1856 149 1093 1094 150 
1857 150 1094 1095 151 
1858 151 1095 1096 152 
1859 152 1096 1097 153 
1860 153 1097 1098 154 
1861 154 1098 1099 155 
1862 155 1099 1100 156 
1863 156 1100 1101 157 
1864 157 1101 1102 158 
1865 158 1102 1103 159 
1866 159 1103 1104 160 
1867 160 1104 1105 161 
1868 161 1105 1106 162 
1869 162 1106 1107 163 
1870 163 1107 1108 164 
1871 164 1108 1109 165 
1872 165 1109 1110 166 
1873 166 1110 1111 167 
1874 167 1111 1112 168 
1875 168 1112 1113 169 
1876 169 1113 1114 170 
1877 170 1114 1115 171 
1878 171 1115 1116 172 
1879 172 1116 1117 173 
1880 173 1117 1118 174 
1881 174 1118 1119 175 
1882 175 1119 1120 176 
1883 176 1120 1121 177 
1884 177 1121 1122 178 
1885 178 1122 1123 179 
1886 179 1123 1124 180 
1887 180 1124 1125 181 
1888 181 1125 1126 182 
1889 182 1126 1127 183 
1890 183 1127 1128 184 
1891 184 1128 1129 185 
1892 185 1129 1130 186 
1893 186 1130 1131 187 
1894 187 1131 1132 188 
1895 188 1132 1133 189 
1896 189 1133 1134 190 
1897 190 1134 1135 191 
1898 191 1135 1136 192 
1899 192 1136 1137 193 
1900 193 1137 1138 194 
1901 194 1138 1139 195 
1902 195 1139 1140 196 
1903 196 1140 1141 197 
1904 197 1141 1142 198 
1905 198 1142 1143 199 
1906 199 1143 1144 200 
1907 200 1144 1145 201 
1908 201 1145 1146 202 
1909 202 1146 1147 203 
1910 203 1147 1148 204 
1911 204 1148 1149 205 
1912 205 1149 1150 206 
1913 206 1150 1151 207 
1914 207 1151 208 5 
1915 67 68 1152 1073 
1916 1073 1152 1153 1074 
1917 1074 1153 1154 1075 
1918 1075 1154 1155 1076 
1919 1076 1155 1156 1077 
1920 1077 1156 1157 1078 
1921 1078 1157 1158 1079 
1922 1079 1158 1159 1080 
1923 1080 1159 1160 1081 
1924 1081 1160 1161 1082 
1925 1082 1161 1162 1083 
1926 1083 1162 1163 1084 
1927 1084 1163 1164 1085 
1928 1085 1164 1165 1086 
1929 1086 1165 1166 1087 
1930 1087 1166 1167 1088 
1931 1088 1167 1168 1089 
1932 1089 1168 1169 1090 
1933 1090 1169 1170 1091 
1934 1091 1170 1171 1092 
1935 1092 1171 1172 1093 
1936 1093 1172 1173 1094 
1937 1094 1173 1174 1095 
1938 1095 1174 1175 1096 
1939 1096 1175 1176 1097 
1940 1097 1176 1177 1098 
1941 1098 1177 1178 1099 
1942 1099 1178 1179 1100 
1943 1100 1179 1180 1101 
1944 1101 1180 1181 1102 
1945 1102 1181 1182 1103 
1946 1103 1182 1183 1104 
1947 1104 1183 1184 1105 
1948 1105 1184 1185 1106 
1949 1106 1185 1186 1107 
1950 1107 1186 1187 1108 
1951 1108 1187 1188 1109 
1952 1109 1188 1189 1110 
1953 1110 1189 1190 1111 
1954 1111 1190 1191 1112 
1955 1112 1191 1192 1113 
1956 1113 1192 1193 1114 
1957 1114 1193 1194 1115 
1958 1115 1194 1195 1116 
1959 1116 1195 1196 1117 
1960 1117 1196 1197 1118 
1961 1118 1197 1198 1119 
1962 1119 1198 1199 1120 
1963 1120 1199 1200 1121 
1964 1121 1200 1201 1122 
1965 1122 1201 1202 1123 
1966 1123 1202 1203 1124 
1967 1124 1203 1204 1125 
1968 1125 1204 1205 1126 
1969 1126 1205 1206 1127 
1970 1127 1206 1207 1128 
1971 1128 1207 1208 1129 
1972 1129 1208 1209 1130 
1973 1130 1209 1210 1131 
1974 1131 1210 1211 1132 
1975 1132 1211 1212 1133 
1976 1133 1212 1213 1134 
1977 1134 1213 1214 1135 
1978 1135 1214 1215 1136 
1979 1136 1215 1216 1137 
1980 1137 1216 1217 1138 
1981 1138 1217 1218 1139 
1982 1139 1218 1219 1140 
1983 1140 1219 1220 1141 
1984 1141 1220 1221 1142 
1985 1142 1221 1222 1143 
1986 1143 1222 1223 1144 
1987 1144 1223 1224 1145 
1988 1145 1224 1225 1146 
1989 1146 1225 1226 1147 
1990 1147 1226 1227 1148 
1991 1148 1227 1228 1149 
1992 1149 1228 1229 1150 
1993 1150 1229 1230 1151 
1994 1151 1230 209 208 
1995 68 69 1231 1152 
1996 1152 1231 1232 1153 
1997 1153 1232 1233 1154 
1998 1154 1233 1234 1155 
1999 1155 1234 1235 1156 
2000 1156 1235 1236 1157 
2001 1157 1236 1237 1158 
2002 1158 1237 1238 1159 
2003 1159 1238 1239 1160 
2004 1160 1239 1240 1161 
2005 1161 1240 1241 1162 
2006 1162 1241 1242 1163 
2007 1163 1242 1243 1164 
2008 1164 1243 1244 1165 
2009 1165 1244 1245 1166 
2010 1166 1245 1246 1167 
2011 1167 1246 1247 1168 
2012 1168 1247 1248 1169 
2013 1169 1248 1249 1170 
2014 1170 1249 1250 1171 
2015 1171 1250 1251 1172 
2016 1172 1251 1252 1173 
2017 1173 1252 1253 1174 
2018 1174 1253 1254 1175 
2019 1175 1254 1255 1176 
2020 1176 1255 1256 1177 
2021 1177 1256 1257 1178 
2022 1178 1257 1258 1179 
2023 1179 1258 1259 1180 
2024 1180 1259 1260 1181 
2025 1181 1260 1261 1182 
2026 1182 1261 1262 1183 
2027 1183 1262 1263 1184 
2028 1184 1263 1264 1185 
2029 1185 1264 1265 1186 
2030 1186 1265 1266 1187 
2031 1187 1266 1267 1188 
2032 1188 1267 1268 1189 
2033 1189 1268 1269 1190 
2034 1190 1269 1270 1191 
2035 1191 1270 1271 1192 
2036 1192 1271 1272 1193 
2037 1193 1272 1273 1194 
2038 1194 1273 1274 1195 
2039 1195 1274 1275 1196 
2040 1196 1275 1276 1197 
2041 1197 1276 1277 1198 
2042 1198 1277 1278 1199 
2043 1199 1278 1279 1200 
2044 1200 1279 1280 1201 
2045 1201 1280 1281 1202 
2046 1202 1281 1282 1203 
2047 1203 1282 1283 1204 
2048 1204 1283 1284 1205 
2049 1205 1284 1285 1206 
2050 1206 1285 1286 1207 
2051 1207 1286 1287 1208 
2052 1208 1287 1288 1209 
2053 1209 1288 1289 1210 
2054 1210 1289 1290 1211 
2055 1211 1290 1291 1212 
2056 1212 1291 1292 1213 
2057 1213 1292 1293 1214 
2058 1214 1293 1294 1215 
2059 1215 1294 1295 1216 
2060 1216 1295 1296 1217 
2061 1217 1296 1297 1218 
2062 1218 1297 1298 1219 
2063 1219 1298 1299 1220 
2064 1220 1299 1300 1221 
2065 1221 1300 1301 1222 
2066 1222 1301 1302 1223 
2067 1223 1302 1303 1224 
2068 1224 1303 1304 1225 
2069 1225 1304 1305 1226 
2070 1226 1305 1306 1227 
2071 1227 1306 1307 1228 
2072 1228 1307 1308 1229 
2073 1229 1308 1309 1230 
2074 1230 1309 210 209 
2075 69 70 1310 1231 
2076 1231 1310 1311 1232 
2077 1232 1311 1312 1233 
2078 1233 1312 1313 1234 
2079 1234 1313 1314 1235 
2080 1235 1314 1315 1236 
2081 1236 1315 1316 1237 
2082 1237 1316 1317 1238 
2083 1238 1317 1318 1239 
2084 1239 1318 1319 1240 
2085 1240 1319 1320 1241 
2086 1241 1320 1321 1242 
2087 1242 1321 1322 1243 
2088 1243 1322 1323 1244 
2089 1244 1323 1324 1245 
2090 1245 1324 1325 1246 
2091 1246 1325 1326 1247 
2092 1247 1326 1327 1248 
2093 1248 1327 1328 1249 
2094 1249 1328 1329 1250 
2095 1250 1329 1330 1251 
2096 1251 1330 1331 1252 
2097 1252 1331 1332 1253 
2098 1253 1332 1333 1254 
2099 1254 1333 1334 1255 
2100 1255 1334 1335 1256 
2101 1256 1335 1336 1257 
2102 1257 1336 1337 1258 
2103 1258 1337 1338 1259 
2104 1259 1338 1339 1260 
2105 1260 1339 1340 1261 
2106 1261 1340 1341 1262 
2107 1262 1341 1342 1263 
2108 1263 1342 1343 1264 
2109 1264 1343 1344 1265 
2110 1265 1344 1345 1266 
2111 1266 1345 1346 1267 
2112 1267 1346 1347 1268 
2113 1268 1347 1348 1269 
2114 1269 1348 1349 1270 
2115 1270 1349 1350 1271 
2116 1271 1350 1351 1272 
2117 1272 1351 1352 1273 
2118 1273 1352 1353 1274 
2119 1274 1353 1354 1275 
2120 1275 1354 1355 1276 
2121 1276 1355 1356 1277 
2122 1277 1356 1357 1278 
2123 1278 1357 1358 1279 
2124 1279 1358 1359 1280 
2125 1280 1359 1360 1281 
2126 1281 1360 1361 1282 
2127 1282 1361 1362 1283 
2128 1283 1362 1363 1284 
2129 1284 1363 1364 1285 
2130 1285 1364 1365 1286 
2131 1286 1365 1366 1287 
2132 1287 1366 1367 1288 
2133 1288 1367 1368 1289 
2134 1289 1368 1369 1290 
2135 1290 1369 1370 1291 
2136 1291 1370 1371 1292 
2137 1292 1371 1372 1293 
2138 1293 1372 1373 1294 
2139 1294 1373 1374 1295 
2140 1295 1374 1375 1296 
2141 1296 1375 1376 1297 
2142 1297 1376 1377 1298 
2143 1298 1377 1378 1299 
2144 1299 1378 1379 1300 
2145 1300 1379 1380 1301 
2146 1301 1380 1381 1302 
2147 1302 1381 1382 1303 
2148 1303 1382 1383 1304 
2149 1304 1383 1384 1305 
2150 1305 1384 1385 1306 
2151 1306 1385 1386 1307 
2152 1307 1386 1387 1308 
2153 1308 1387 1388 1309 
2154 1309 1388 211 210 
2155 70 71 1389 1310 
2156 1310 1389 1390 1311 
2157 1311 1390 1391 1312 
2158 1312 1391 1392 1313 
2159 1313 1392 1393 1314 
2160 1314 1393 1394 1315 
2161 1315 1394 1395 1316 
2162 1316 1395 1396 1317 
2163 1317 1396 1397 1318 
2164 1318 1397 1398 1319 
2165 1319 1398 1399 1320 
2166 1320 1399 1400 1321 
2167 1321 1400 1401 1322 
2168 1322 1401 1402 1323 
2169 1323 1402 1403 1324 
2170 1324 1403 1404 1325 
2171 1325 1404 1405 1326 
2172 1326 1405 1406 1327 
2173 1327 1406 1407 1328 
2174 1328 1407 1408 1329 
2175 1329 1408 1409 1330 
2176 1330 1409 1410 1331 
2177 1331 1410 1411 1332 
2178 1332 1411 1412 1333 
2179 1333 1412 1413 1334 
2180 1334 1413 1414 1335 
2181 1335 1414 1415 1336 
2182 1336 1415 1416 1337 
2183 1337 1416 1417 1338 
2184 1338 1417 1418 1339 
2185 1339 1418 1419 1340 
2186 1340 1419 1420 1341 
2187 1341 1420 1421 1342 
2188 1342 1421 1422 1343 
2189 1343 1422 1423 1344 
2190 1344 1423 1424 1345 
2191 1345 1424 1425 1346 
2192 1346 1425 1426 1347 
2193 1347 1426 1427 1348 
2194 1348 1427 1428 1349 
2195 1349 1428 1429 1350 
2196 1350 1429 1430 1351 
2197 1351 1430 1431 1352 
2198 1352 1431 1432 1353 
2199 1353 1432 1433 1354 
2200 1354 1433 1434 1355 
2201 1355 1434 1435 1356 
2202 1356 1435 1436 1357 
2203 1357 1436 1437 1358 
2204 1358 1437 1438 1359 
2205 1359 1438 1439 1360 
2206 1360 1439 1440 1361 
2207 1361 1440 1441 1362 
2208 1362 1441 1442 1363 
2209 1363 1442 1443 1364 
2210 1364 1443 1444 1365 
2211 1365 1444 1445 1366 
2212 1366 1445 1446 1367 
2213 1367 1446 1447 1368 
2214 1368 1447 1448 1369 
2215 1369 1448 1449 1370 
2216 1370 1449 1450 1371 
2217 1371 1450 1451 1372 
2218 1372 1451 1452 1373 
2219 1373 1452 1453 1374 
2220 1374 1453 1454 1375 
2221 1375 1454 1455 1376 
2222 1376 1455 1456 1377 
2223 1377 1456 1457 1378 
2224 1378 1457 1458 1379 
2225 1379 1458 1459 1380 
2226 1380 1459 1460 1381 
2227 1381 1460 1461 1382 
2228 1382 1461 1462 1383 
2229 1383 1462 1463 1384 
2230 1384 1463 1464 1385 
2231 1385 1464 1465 1386 
2232 1386 1465 1466 1387 
2233 1387 1466 1467 1388 
2234 1388 1467 212 211 
2235 71 72 1468 1389 
2236 1389 1468 1469 1390 
2237 1390 1469 1470 1391 
2238 1391 1470 1471 1392 
2239 1392 1471 1472 1393 
2240 1393 1472 1473 1394 
2241 1394 1473 1474 1395 
2242 1395 1474 1475 1396 
2243 1396 1475 1476 1397 
2244 1397 1476 1477 1398 
2245 1398 1477 1478 1399 
2246 1399 1478 1479 1400 
2247 1400 1479 1480 1401 
2248 1401 1480 1481 1402 
2249 1402 1481 1482 1403 
2250 1403 1482 1483 1404 
2251 1404 1483 1484 1405 
2252 1405 1484 1485 1406 
2253 1406 1485 1486 1407 
2254 1407 1486 1487 1408 
2255 1408 1487 1488 1409 
2256 1409 1488 1489 1410 
2257 1410 1489 1490 1411 
2258 1411 1490 1491 1412 
2259 1412 1491 1492 1413 
2260 1413 1492 1493 1414 
2261 1414 1493 1494 1415 
2262 1415 1494 1495 1416 
2263 1416 1495 1496 1417 
2264 1417 1496 1497 1418 
2265 1418 1497 1498 1419 
2266 1419 1498 1499 1420 
2267 1420 1499 1500 1421 
2268 1421 1500 1501 1422 
2269 1422 1501 1502 1423 
2270 1423 1502 1503 1424 
2271 1424 1503 1504 1425 
2272 1425 1504 1505 1426 
2273 1426 1505 1506 1427 
2274 1427 1506 1507 1428 
2275 1428 1507 1508 1429 
2276 1429 1508 1509 1430 
2277 1430 1509 1510 1431 
2278 1431 1510 1511 1432 
2279 1432 1511 1512 1433 
2280 1433 1512 1513 1434 
2281 1434 1513 1514 1435 
2282 1435 1514 1515 1436 
2283 1436 1515 1516 1437 
2284 1437 1516 1517 1438 
2285 1438 1517 1518 1439 
2286 1439 1518 1519 1440 
2287 1440 1519 1520 1441 
2288 1441 1520 1521 1442 
2289 1442 1521 1522 1443 
2290 1443 1522 1523 1444 
2291 1444 1523 1524 1445 
2292 1445 1524 1525 1446 
2293 1446 1525 1526 1447 
2294 1447 1526 1527 1448 
2295 1448 1527 1528 1449 
2296 1449 1528 1529 1450 
2297 1450 1529 1530 1451 
2298 1451 1530 1531 1452 
2299 1452 1531 1532 1453 
2300 1453 1532 1533 1454 
2301 1454 1533 1534 1455 
2302 1455 1534 1535 1456 
2303 1456 1535 1536 1457 
2304 1457 1536 1537 1458 
2305 1458 1537 1538 1459 
2306 1459 1538 1539 1460 
2307 1460 1539 1540 1461 
2308 1461 1540 1541 1462 
2309 1462 1541 1542 1463 
2310 1463 1542 1543 1464 
2311 1464 1543 1544 1465 
2312 1465 1544 1545 1466 
2313 1466 1545 1546 1467 
2314 1467 1546 213 212 
2315 72 73 1547 1468 
2316 1468 1547 1548 1469 
2317 1469 1548 1549 1470 
2318 1470 1549 1550 1471 
2319 1471 1550 1551 1472 
2320 1472 1551 1552 1473 
2321 1473 1552 1553 1474 
2322 1474 1553 1554 1475 
2323 1475 1554 1555 1476 
2324 1476 1555 1556 1477 
2325 1477 1556 1557 1478 
2326 1478 1557 1558 1479 
2327 1479 1558 1559 1480 
2328 1480 1559 1560 1481 
2329 1481 1560 1561 1482 
2330 1482 1561 1562 1483 
2331 1483 1562 1563 1484 
2332 1484 1563 1564 1485 
2333 1485 1564 1565 1486 
2334 1486 1565 1566 1487 
2335 1487 1566 1567 1488 
2336 1488 1567 1568 1489 
2337 1489 1568 1569 1490 
2338 1490 1569 1570 1491 
2339 1491 1570 1571 1492 
2340 1492 1571 1572 1493 
2341 1493 1572 1573 1494 
2342 1494 1573 1574 1495 
2343 1495 1574 1575 1496 
2344 1496 1575 1576 1497 
2345 1497 1576 1577 1498 
2346 1498 1577 1578 1499 
2347 1499 1578 1579 1500 
2348 1500 1579 1580 1501 
2349 1501 1580 1581 1502 
2350 1502 1581 1582 1503 
2351 1503 1582 1583 1504 
2352 1504 1583 1584 1505 
2353 1505 1584 1585 1506 
2354 1506 1585 1586 1507 
2355 1507 1586 1587 1508 
2356 1508 1587 1588 1509 
2357 1509 1588 1589 1510 
2358 1510 1589 1590 1511 
2359 1511 1590 1591 1512 
2360 1512 1591 1592 1513 
2361 1513 1592 1593 1514 
2362 1514 1593 1594 1515 
2363 1515 1594 1595 1516 
2364 1516 1595 1596 1517 
2365 1517 1596 1597 1518 
2366 1518 1597 1598 1519 
2367 1519 1598 1599 1520 
2368 1520 1599 1600 1521 
2369 1521 1600 1601 1522 
2370 1522 1601 1602 1523 
2371 1523 1602 1603 1524 
2372 1524 1603 1604 1525 
2373 1525 1604 1605 1526 
2374 1526 1605 1606 1527 
2375 1527 1606 1607 1528 
2376 1528 1607 1608 1529 
2377 1529 1608 1609 1530 
2378 1530 1609 1610 1531 
2379 1531 1610 1611 1532 
2380 1532 1611 1612 1533 
2381 1533 1612 1613 1534 
2382 1534 1613 1614 1535 
2383 1535 1614 1615 1536 
2384 1536 1615 1616 1537 
2385 1537 1616 1617 1538 
2386 1538 1617 1618 1539 
2387 1539 1618 1619 1540 
2388 1540 1619 1620 1541 
2389 1541 1620 1621 1542 
2390 1542 1621 1622 1543 
2391 1543 1622 1623 1544 
2392 1544 1623 1624 1545 
2393 1545 1624 1625 1546 
2394 1546 1625 214 213 
2395 73 74 1626 1547 
2396 1547 1626 1627 1548 
2397 1548 1627 1628 1549 
2398 1549 1628 1629 1550 
2399 1550 1629 1630 1551 
2400 1551 1630 1631 1552 
2401 1552 1631 1632 1553 
2402 1553 1632 1633 1554 
2403 1554 1633 1634 1555 
2404 1555 1634 1635 1556 
2405 1556 1635 1636 1557 
2406 1557 1636 1637 1558 
2407 1558 1637 1638 1559 
2408 1559 1638 1639 1560 
2409 1560 1639 1640 1561 
2410 1561 1640 1641 1562 
2411 1562 1641 1642 1563 
2412 1563 1642 1643 1564 
2413 1564 1643 1644 1565 
2414 1565 1644 1645 1566 
2415 1566 1645 1646 1567 
2416 1567 1646 1647 1568 
2417 1568 1647 1648 1569 
2418 1569 1648 1649 1570 
2419 1570 1649 1650 1571 
2420 1571 1650 1651 1572 
2421 1572 1651 1652 1573 
2422 1573 1652 1653 1574 
2423 1574 1653 1654 1575 
2424 1575 1654 1655 1576 
2425 1576 1655 1656 1577 
2426 1577 1656 1657 1578 
2427 1578 1657 1658 1579 
2428 1579 1658 1659 1580 
2429 1580 1659 1660 1581 
2430 1581 1660 1661 1582 
2431 1582 1661 1662 1583 
2432 1583 1662 1663 1584 
2433 1584 1663 1664 1585 
2434 1585 1664 1665 1586 
2435 1586 1665 1666 1587 
2436 1587 1666 1667 1588 
2437 1588 1667 1668 1589 
2438 1589 1668 1669 1590 
2439 1590 1669 1670 1591 
2440 1591 1670 1671 1592 
2441 1592 1671 1672 1593 
2442 1593 1672 1673 1594 
2443 1594 1673 1674 1595 
2444 1595 1674 1675 1596 
2445 1596 1675 1676 1597 
2446 1597 1676 1677 1598 
2447 1598 1677 1678 1599 
2448 1599 1678 1679 1600 
2449 1600 1679 1680 1601 
2450 1601 1680 1681 1602 
2451 1602 1681 1682 1603 
2452 1603 1682 1683 1604 
2453 1604 1683 1684 1605 
2454 1605 1684 1685 1606 
2455 1606 1685 1686 1607 
2456 1607 1686 1687 1608 
2457 1608 1687 1688 1609 
2458 1609 1688 1689 1610 
2459 1610 1689 1690 1611 
2460 1611 1690 1691 1612 
2461 1612 1691 1692 1613 
2462 1613 1692 1693 1614 
2463 1614 1693 1694 1615 
2464 1615 1694 1695 1616 
2465 1616 1695 1696 1617 
2466 1617 1696 1697 1618 
2467 1618 1697 1698 1619 
2468 1619 1698 1699 1620 
2469 1620 1699 1700 1621 
2470 1621 1700 1701 1622 
2471 1622 1701 1702 1623 
2472 1623 1702 1703 1624 
2473 1624 1703 1704 1625 
2474 1625 1704 215 214 
2475 74 75 1705 1626 
2476 1626 1705 1706 1627 
2477 1627 1706 1707 1628 
2478 1628 1707 1708 1629 
2479 1629 1708 1709 1630 
2480 1630 1709 1710 1631 
2481 1631 1710 1711 1632 
2482 1632 1711 1712 1633 
2483 1633 1712 1713 1634 
2484 1634 1713 1714 1635 
2485 1635 1714 1715 1636 
2486 1636 1715 1716 1637 
2487 1637 1716 1717 1638 
2488 1638 1717 1718 1639 
2489 1639 1718 1719 1640 
2490 1640 1719 1720 1641 
2491 1641 1720 1721 1642 
2492 1642 1721 1722 1643 
2493 1643 1722 1723 1644 
2494 1644 1723 1724 1645 
2495 1645 1724 1725 1646 
2496 1646 1725 1726 1647 
2497 1647 1726 1727 1648 
2498 1648 1727 1728 1649 
2499 1649 1728 1729 1650 
2500 1650 1729 1730 1651 
2501 1651 1730 1731 1652 
2502 1652 1731 1732 1653 
2503 1653 1732 1733 1654 
2504 1654 1733 1734 1655 
2505 1655 1734 1735 1656 
2506 1656 1735 1736 1657 
2507 1657 1736 1737 1658 
2508 1658 1737 1738 1659 
2509 1659 1738 1739 1660 
2510 1660 1739 1740 1661 
2511 1661 1740 1741 1662 
2512 1662 1741 1742 1663 
2513 1663 1742 1743 1664 
2514 1664 1743 1744 1665 
2515 1665 1744 1745 1666 
2516 1666 1745 1746 1667 
2517 1667 1746 1747 1668 
2518 1668 1747 1748 1669 
2519 1669 1748 1749 1670 
2520 1670 1749 1750 1671 
2521 1671 1750 1751 1672 
2522 1672 1751 1752 1673 
2523 1673 1752 1753 1674 
2524 1674 1753 1754 1675 
2525 1675 1754 1755 1676 
2526 1676 1755 1756 1677 
2527 1677 1756 1757 1678 
2528 1678 1757 1758 1679 
2529 1679 1758 1759 1680 
2530 1680 1759 1760 1681 
2531 1681 1760 1761 1682 
2532 1682 1761 1762 1683 
2533 1683 1762 1763 1684 
2534 1684 1763 1764 1685 
2535 1685 1764 1765 1686 
2536 1686 1765 1766 1687 
2537 1687 1766 1767 1688 
2538 1688 1767 1768 1689 
2539 1689 1768 1769 1690 
2540 1690 1769 1770 1691 
2541 1691 1770 1771 1692 
2542 1692 1771 1772 1693 
2543 1693 1772 1773 1694 
2544 1694 1773 1774 1695 
2545 1695 1774 1775 1696 
2546 1696 1775 1776 1697 
2547 1697 1776 1777 1698 
2548 1698 1777 1778 1699 
2549 1699 1778 1779 1700 
2550 1700 1779 1780 1701 
2551 1701 1780 1781 1702 
2552 1702 1781 1782 1703 
2553 1703 1782 1783 1704 
2554 1704 1783 216 215 
2555 75 76 1784 1705 
2556 1705 1784 1785 1706 
2557 1706 1785 1786 1707 
2558 1707 1786 1787 1708 
2559 1708 1787 1788 1709 
2560 1709 1788 1789 1710 
2561 1710 1789 1790 1711 
2562 1711 1790 1791 1712 
2563 1712 1791 1792 1713 
2564 1713 1792 1793 1714 
2565 1714 1793 1794 1715 
2566 1715 1794 1795 1716 
2567 1716 1795 1796 1717 
2568 1717 1796 1797 1718 
2569 1718 1797 1798 1719 
2570 1719 1798 1799 1720 
2571 1720 1799 1800 1721 
2572 1721 1800 1801 1722 
2573 1722 1801 1802 1723 
2574 1723 1802 1803 1724 
2575 1724 1803 1804 1725 
2576 1725 1804 1805 1726 
2577 1726 1805 1806 1727 
2578 1727 1806 1807 1728 
2579 1728 1807 1808 1729 
2580 1729 1808 1809 1730 
2581 1730 1809 1810 1731 
2582 1731 1810 1811 1732 
2583 1732 1811 1812 1733 
2584 1733 1812 1813 1734 
2585 1734 1813 1814 1735 
2586 1735 1814 1815 1736 
2587 1736 1815 1816 1737 
2588 1737 1816 1817 1738 
2589 1738 1817 1818 1739 
2590 1739 1818 1819 1740 
2591 1740 1819 1820 1741 
2592 1741 1820 1821 1742 
2593 1742 1821 1822 1743 
2594 1743 1822 1823 1744 
2595 1744 1823 1824 1745 
2596 1745 1824 1825 1746 
2597 1746 1825 1826 1747 
2598 1747 1826 1827 1748 
2599 1748 1827 1828 1749 
2600 1749 1828 1829 1750 
2601 1750 1829 1830 1751 
2602 1751 1830 1831 1752 
2603 1752 1831 1832 1753 
2604 1753 1832 1833 1754 
2605 1754 1833 1834 1755 
2606 1755 1834 1835 1756 
2607 1756 1835 1836 1757 
2608 1757 1836 1837 1758 
2609 1758 1837 1838 1759 
2610 1759 1838 1839 1760 
2611 1760 1839 1840 1761 
2612 1761 1840 1841 1762 
2613 1762 1841 1842 1763 
2614 1763 1842 1843 1764 
2615 1764 1843 1844 1765 
2616 1765 1844 1845 1766 
2617 1766 1845 1846 1767 
2618 1767 1846 1847 1768 
2619 1768 1847 1848 1769 
2620 1769 1848 1849 1770 
2621 1770 1849 1850 1771 
2622 1771 1850 1851 1772 
2623 1772 1851 1852 1773 
2624 1773 1852 1853 1774 
2625 1774 1853 1854 1775 
2626 1775 1854 1855 1776 
2627 1776 1855 1856 1777 
2628 1777 1856 1857 1778 
2629 1778 1857 1858 1779 
2630 1779 1858 1859 1780 
2631 1780 1859 1860 1781 
2632 1781 1860 1861 1782 
2633 1782 1861 1862 1783 
2634 1783 1862 217 216 
2635 76 77 1863 1784 
2636 1784 1863 1864 1785 
2637 1785 1864 1865 1786 
2638 1786 1865 1866 1787 
2639 1787 1866 1867 1788 
2640 1788 1867 1868 1789 
2641 1789 1868 1869 1790 
2642 1790 1869 1870 1791 
2643 1791 1870 1871 1792 
2644 1792 1871 1872 1793 
2645 1793 1872 1873 1794 
2646 1794 1873 1874 1795 
2647 1795 1874 1875 1796 
2648 1796 1875 1876 1797 
2649 1797 1876 1877 1798 
2650 1798 1877 1878 1799 
2651 1799 1878 1879 1800 
2652 1800 1879 1880 1801 
2653 1801 1880 1881 1802 
2654 1802 1881 1882 1803 
2655 1803 1882 1883 1804 
2656 1804 1883 1884 1805 
2657 1805 1884 1885 1806 
2658 1806 1885 1886 1807 
2659 1807 1886 1887 1808 
2660 1808 1887 1888 1809 
2661 1809 1888 1889 1810 
2662 1810 1889 1890 1811 
2663 1811 1890 1891 1812 
2664 1812 1891 1892 1813 
2665 1813 1892 1893 1814 
2666 1814 1893 1894 1815 
2667 1815 1894 1895 1816 
2668 1816 1895 1896 1817 
2669 1817 1896 1897 1818 
2670 1818 1897 1898 1819 
2671 1819 1898 1899 1820 
2672 1820 1899 1900 1821 
2673 1821 1900 1901 1822 
2674 1822 1901 1902 1823 
2675 1823 1902 1903 1824 
2676 1824 1903 1904 1825 
2677 1825 1904 1905 1826 
2678 1826 1905 1906 1827 
2679 1827 1906 1907 1828 
2680 1828 1907 1908 1829 
2681 1829 1908 1909 1830 
2682 1830 1909 1910 1831 
2683 1831 1910 1911 1832 
2684 1832 1911 1912 1833 
2685 1833 1912 1913 1834 
2686 1834 1913 1914 1835 
2687 1835 1914 1915 1836 
2688 1836 1915 1916 1837 
2689 1837 1916 1917 1838 
2690 1838 1917 1918 1839 
2691 1839 1918 1919 1840 
2692 1840 1919 1920 1841 
2693 1841 1920 1921 1842 
2694 1842 1921 1922 1843 
2695 1843 1922 1923 1844 
2696 1844 1923 1924 1845 
2697 1845 1924 1925 1846 
2698 1846 1925 1926 1847 
2699 1847 1926 1927 1848 
2700 1848 1927 1928 1849 
2701 1849 1928 1929 1850 
2702 1850 1929 1930 1851 
2703 1851 1930 1931 1852 
2704 1852 1931 1932 1853 
2705 1853 1932 1933 1854 
2706 1854 1933 1934 1855 
2707 1855 1934 1935 1856 
2708 1856 1935 1936 1857 
2709 1857 1936 1937 1858 
2710 1858 1937 1938 1859 
2711 1859 1938 1939 1860 
2712 1860 1939 1940 1861 
2713 1861 1940 1941 1862 
2714 1862 1941 218 217 
2715 77 78 1942 1863 
2716 1863 1942 1943 1864 
2717 1864 1943 1944 1865 
2718 1865 1944 1945 1866 
2719 1866 1945 1946 1867 
2720 1867 1946 1947 1868 
2721 1868 1947 1948 1869 
2722 1869 1948 1949 1870 
2723 1870 1949 1950 1871 
2724 1871 1950 1951 1872 
2725 1872 1951 1952 1873 
2726 1873 1952 1953 1874 
2727 1874 1953 1954 1875 
2728 1875 1954 1955 1876 
2729 1876 1955 1956 1877 
2730 1877 1956 1957 1878 
2731 1878 1957 1958 1879 
2732 1879 1958 1959 1880 
2733 1880 1959 1960 1881 
2734 1881 1960 1961 1882 
2735 1882 1961 1962 1883 
2736 1883 1962 1963 1884 
2737 1884 1963 1964 1885 
2738 1885 1964 1965 1886 
2739 1886 1965 1966 1887 
2740 1887 1966 1967 1888 
2741 1888 1967 1968 1889 
2742 1889 1968 1969 1890 
2743 1890 1969 1970 1891 
2744 1891 1970 1971 1892 
2745 1892 1971 1972 1893 
2746 1893 1972 1973 1894 
2747 1894 1973 1974 1895 
2748 1895 1974 1975 1896 
2749 1896 1975 1976 1897 
2750 1897 1976 1977 1898 
2751 1898 1977 1978 1899 
2752 1899 1978 1979 1900 
2753 1900 1979 1980 1901 
2754 1901 1980 1981 1902 
2755 1902 1981 1982 1903 
2756 1903 1982 1983 1904 
2757 1904 1983 1984 1905 
2758 1905 1984 1985 1906 
2759 1906 1985 1986 1907 
2760 1907 1986 1987 1908 
2761 1908 1987 1988 1909 
2762 1909 1988 1989 1910 
2763 1910 1989 1990 1911 
2764 1911 1990 1991 1912 
2765 1912 1991 1992 1913 
2766 1913 1992 1993 1914 
2767 1914 1993 1994 1915 
2768 1915 1994 1995 1916 
2769 1916 1995 1996 1917 
2770 1917 1996 1997 1918 
2771 1918 1997 1998 1919 
2772 1919 1998 1999 1920 
2773 1920 1999 2000 1921 
2774 1921 2000 2001 1922 
2775 1922 2001 2002 1923 
2776 1923 2002 2003 1924 
2777 1924 2003 2004 1925 
2778 1925 2004 2005 1926 
2779 1926 2005 2006 1927 
2780 1927 2006 2007 1928 
2781 1928 2007 2008 1929 
2782 1929 2008 2009 1930 
2783 1930 2009 2010 1931 
2784 1931 2010 2011 1932 
2785 1932 2011 2012 1933 
2786 1933 2012 2013 1934 
2787 1934 2013 2014 1935 
2788 1935 2014 2015 1936 
2789 1936 2015 2016 1937 
2790 1937 2016 2017 1938 
2791 1938 2017 2018 1939 
2792 1939 2018 2019 1940 
2793 1940 2019 2020 1941 
2794 1941 2020 219 218 
2795 78 79 2021 1942 
2796 1942 2021 2022 1943 
2797 1943 2022 2023 1944 
2798 1944 2023 2024 1945 
2799 1945 2024 2025 1946 
2800 1946 2025 2026 1947 
2801 1947 2026 2027 1948 
2802 1948 2027 2028 1949 
2803 1949 2028 2029 1950 
2804 1950 2029 2030 1951 
2805 1951 2030 2031 1952 
2806 1952 2031 2032 1953 
2807 1953 2032 2033 1954 
2808 1954 2033 2034 1955 
2809 1955 2034 2035 1956 
2810 1956 2035 2036 1957 
2811 1957 2036 2037 1958 
2812 1958 2037 2038 1959 
2813 1959 2038 2039 1960 
2814 1960 2039 2040 1961 
2815 1961 2040 2041 1962 
2816 1962 2041 2042 1963 
2817 1963 2042 2043 1964 
2818 1964 2043 2044 1965 
2819 1965 2044 2045 1966 
2820 1966 2045 2046 1967 
2821 1967 2046 2047 1968 
2822 1968 2047 2048 1969 
2823 1969 2048 2049 1970 
2824 1970 2049 2050 1971 
2825 1971 2050 2051 1972 
2826 1972 2051 2052 1973 
2827 1973 2052 2053 1974 
2828 1974 2053 2054 1975 
2829 1975 2054 2055 1976 
2830 1976 2055 2056 1977 
2831 1977 2056 2057 1978 
2832 1978 2057 2058 1979 
2833 1979 2058 2059 1980 
2834 1980 2059 2060 1981 
2835 1981 2060 2061 1982 
2836 1982 2061 2062 1983 
2837 1983 2062 2063 1984 
2838 1984 2063 2064 1985 
2839 1985 2064 2065 1986 
2840 1986 2065 2066 1987 
2841 1987 2066 2067 1988 
2842 1988 2067 2068 1989 
2843 1989 2068 2069 1990 
2844 1990 2069 2070 1991 
2845 1991 2070 2071 1992 
2846 1992 2071 2072 1993 
2847 1993 2072 2073 1994 
2848 1994 2073 2074 1995 
2849 1995 2074 2075 1996 
2850 1996 2075 2076 1997 
2851 1997 2076 2077 1998 
2852 1998 2077 2078 1999 
2853 1999 2078 2079 2000 
2854 2000 2079 2080 2001 
2855 2001 2080 2081 2002 
2856 2002 2081 2082 2003 
2857 2003 2082 2083 2004 
2858 2004 2083 2084 2005 
2859 2005 2084 2085 2006 
2860 2006 2085 2086 2007 
2861 2007 2086 2087 2008 
2862 2008 2087 2088 2009 
2863 2009 2088 2089 2010 
2864 2010 2089 2090 2011 
2865 2011 2090 2091 2012 
2866 2012 2091 2092 2013 
2867 2013 2092 2093 2014 
2868 2014 2093 2094 2015 
2869 2015 2094 2095 2016 
2870 2016 2095 2096 2017 
2871 2017 2096 2097 2018 
2872 2018 2097 2098 2019 
2873 2019 2098 2099 2020 
2874 2020 2099 220 219 
2875 79 80 2100 2021 
2876 2021 2100 2101 2022 
2877 2022 2101 2102 2023 
2878 2023 2102 2103 2024 
2879 2024 2103 2104 2025 
2880 2025 2104 2105 2026 
2881 2026 2105 2106 2027 
2882 2027 2106 2107 2028 
2883 2028 2107 2108 2029 
2884 2029 2108 2109 2030 
2885 2030 2109 2110 2031 
2886 2031 2110 2111 2032 
2887 2032 2111 2112 2033 
2888 2033 2112 2113 2034 
2889 2034 2113 2114 2035 
2890 2035 2114 2115 2036 
2891 2036 2115 2116 2037 
2892 2037 2116 2117 2038 
2893 2038 2117 2118 2039 
2894 2039 2118 2119 2040 
2895 2040 2119 2120 2041 
2896 2041 2120 2121 2042 
2897 2042 2121 2122 2043 
2898 2043 2122 2123 2044 
2899 2044 2123 2124 2045 
2900 2045 2124 2125 2046 
2901 2046 2125 2126 2047 
2902 2047 2126 2127 2048 
2903 2048 2127 2128 2049 
2904 2049 2128 2129 2050 
2905 2050 2129 2130 2051 
2906 2051 2130 2131 2052 
2907 2052 2131 2132 2053 
2908 2053 2132 2133 2054 
2909 2054 2133 2134 2055 
2910 2055 2134 2135 2056 
2911 2056 2135 2136 2057 
2912 2057 2136 2137 2058 
2913 2058 2137 2138 2059 
2914 2059 2138 2139 2060 
2915 2060 2139 2140 2061 
2916 2061 2140 2141 2062 
2917 2062 2141 2142 2063 
2918 2063 2142 2143 2064 
2919 2064 2143 2144 2065 
2920 2065 2144 2145 2066 
2921 2066 2145 2146 2067 
2922 2067 2146 2147 2068 
2923 2068 2147 2148 2069 
2924 2069 2148 2149 2070 
2925 2070 2149 2150 2071 
2926 2071 2150 2151 2072 
2927 2072 2151 2152 2073 
2928 2073 2152 2153 2074 
2929 2074 2153 2154 2075 
2930 2075 2154 2155 2076 
2931 2076 2155 2156 2077 
2932 2077 2156 2157 2078 
2933 2078 2157 2158 2079 
2934 2079 2158 2159 2080 
2935 2080 2159 2160 2081 
2936 2081 2160 2161 2082 
2937 2082 2161 2162 2083 
2938 2083 2162 2163 2084 
2939 2084 2163 2164 2085 
2940 2085 2164 2165 2086 
2941 2086 2165 2166 2087 
2942 2087 2166 2167 2088 
2943 2088 2167 2168 2089 
2944 2089 2168 2169 2090 
2945 2090 2169 2170 2091 
2946 2091 2170 2171 2092 
2947 2092 2171 2172 2093 
2948 2093 2172 2173 2094 
2949 2094 2173 2174 2095 
2950 2095 2174 2175 2096 
2951 2096 2175 2176 2097 
2952 2097 2176 2177 2098 
2953 2098 2177 2178 2099 
2954 2099 2178 221 220 
2955 80 81 2179 2100 
2956 2100 2179 2180 2101 
2957 2101 2180 2181 2102 
2958 2102 2181 2182 2103 
2959 2103 2182 2183 2104 
2960 2104 2183 2184 2105 
2961 2105 2184 2185 2106 
2962 2106 2185 2186 2107 
2963 2107 2186 2187 2108 
2964 2108 2187 2188 2109 
2965 2109 2188 2189 2110 
2966 2110 2189 2190 2111 
2967 2111 2190 2191 2112 
2968 2112 2191 2192 2113 
2969 2113 2192 2193 2114 
2970 2114 2193 2194 2115 
2971 2115 2194 2195 2116 
2972 2116 2195 2196 2117 
2973 2117 2196 2197 2118 
2974 2118 2197 2198 2119 
2975 2119 2198 2199 2120 
2976 2120 2199 2200 2121 
2977 2121 2200 2201 2122 
2978 2122 2201 2202 2123 
2979 2123 2202 2203 2124 
2980 2124 2203 2204 2125 
2981 2125 2204 2205 2126 
2982 2126 2205 2206 2127 
2983 2127 2206 2207 2128 
2984 2128 2207 2208 2129 
2985 2129 2208 2209 2130 
2986 2130 2209 2210 2131 
2987 2131 2210 2211 2132 
2988 2132 2211 2212 2133 
2989 2133 2212 2213 2134 
2990 2134 2213 2214 2135 
2991 2135 2214 2215 2136 
2992 2136 2215 2216 2137 
2993 2137 2216 2217 2138 
2994 2138 2217 2218 2139 
2995 2139 2218 2219 2140 
2996 2140 2219 2220 2141 
2997 2141 2220 2221 2142 
2998 2142 2221 2222 2143 
2999 2143 2222 2223 2144 
3000 2144 2223 2224 2145 
3001 2145 2224 2225 2146 
3002 2146 2225 2226 2147 
3003 2147 2226 2227 2148 
3004 2148 2227 2228 2149 
3005 2149 2228 2229 2150 
3006 2150 2229 2230 2151 
3007 2151 2230 2231 2152 
3008 2152 2231 2232 2153 
3009 2153 2232 2233 2154 
3010 2154 2233 2234 2155 
3011 2155 2234 2235 2156 
3012 2156 2235 2236 2157 
3013 2157 2236 2237 2158 
3014 2158 2237 2238 2159 
3015 2159 2238 2239 2160 
3016 2160 2239 2240 2161 
3017 2161 2240 2241 2162 
3018 2162 2241 2242 2163 
3019 2163 2242 2243 2164 
3020 2164 2243 2244 2165 
3021 2165 2244 2245 2166 
3022 2166 2245 2246 2167 
3023 2167 2246 2247 2168 
3024 2168 2247 2248 2169 
3025 2169 2248 2249 2170 
3026 2170 2249 2250 2171 
3027 2171 2250 2251 2172 
3028 2172 2251 2252 2173 
3029 2173 2252 2253 2174 
3030 2174 2253 2254 2175 
3031 2175 2254 2255 2176 
3032 2176 2255 2256 2177 
3033 2177 2256 2257 2178 
3034 2178 2257 222 221 
3035 81 82 2258 2179 
3036 2179 2258 2259 2180 
3037 2180 2259 2260 2181 
3038 2181 2260 2261 2182 
3039 2182 2261 2262 2183 
3040 2183 2262 2263 2184 
3041 2184 2263 2264 2185 
3042 2185 2264 2265 2186 
3043 2186 2265 2266 2187 
3044 2187 2266 2267 2188 
3045 2188 2267 2268 2189 
3046 2189 2268 2269 2190 
3047 2190 2269 2270 2191 
3048 2191 2270 2271 2192 
3049 2192 2271 2272 2193 
3050 2193 2272 2273 2194 
3051 2194 2273 2274 2195 
3052 2195 2274 2275 2196 
3053 2196 2275 2276 2197 
3054 2197 2276 2277 2198 
3055 2198 2277 2278 2199 
3056 2199 2278 2279 2200 
3057 2200 2279 2280 2201 
3058 2201 2280 2281 2202 
3059 2202 2281 2282 2203 
3060 2203 2282 2283 2204 
3061 2204 2283 2284 2205 
3062 2205 2284 2285 2206 
3063 2206 2285 2286 2207 
3064 2207 2286 2287 2208 
3065 2208 2287 2288 2209 
3066 2209 2288 2289 2210 
3067 2210 2289 2290 2211 
3068 2211 2290 2291 2212 
3069 2212 2291 2292 2213 
3070 2213 2292 2293 2214 
3071 2214 2293 2294 2215 
3072 2215 2294 2295 2216 
3073 2216 2295 2296 2217 
3074 2217 2296 2297 2218 
3075 2218 2297 2298 2219 
3076 2219 2298 2299 2220 
3077 2220 2299 2300 2221 
3078 2221 2300 2301 2222 
3079 2222 2301 2302 2223 
3080 2223 2302 2303 2224 
3081 2224 2303 2304 2225 
3082 2225 2304 2305 2226 
3083 2226 2305 2306 2227 
3084 2227 2306 2307 2228 
3085 2228 2307 2308 2229 
3086 2229 2308 2309 2230 
3087 2230 2309 2310 2231 
3088 2231 2310 2311 2232 
3089 2232 2311 2312 2233 
3090 2233 2312 2313 2234 
3091 2234 2313 2314 2235 
3092 2235 2314 2315 2236 
3093 2236 2315 2316 2237 
3094 2237 2316 2317 2238 
3095 2238 2317 2318 2239 
3096 2239 2318 2319 2240 
3097 2240 2319 2320 2241 
3098 2241 2320 2321 2242 
3099 2242 2321 2322 2243 
3100 2243 2322 2323 2244 
3101 2244 2323 2324 2245 
3102 2245 2324 2325 2246 
3103 2246 2325 2326 2247 
3104 2247 2326 2327 2248 
3105 2248 2327 2328 2249 
3106 2249 2328 2329 2250 
3107 2250 2329 2330 2251 
3108 2251 2330 2331 2252 
3109 2252 2331 2332 2253 
3110 2253 2332 2333 2254 
3111 2254 2333 2334 2255 
3112 2255 2334 2335 2256 
3113 2256 2335 2336 2257 
3114 2257 2336 223 222 
3115 82 83 2337 2258 
3116 2258 2337 2338 2259 
3117 2259 2338 2339 2260 
3118 2260 2339 2340 2261 
3119 2261 2340 2341 2262 
3120 2262 2341 2342 2263 
3121 2263 2342 2343 2264 
3122 2264 2343 2344 2265 
3123 2265 2344 2345 2266 
3124 2266 2345 2346 2267 
3125 2267 2346 2347 2268 
3126 2268 2347 2348 2269 
3127 2269 2348 2349 2270 
3128 2270 2349 2350 2271 
3129 2271 2350 2351 2272 
3130 2272 2351 2352 2273 
3131 2273 2352 2353 2274 
3132 2274 2353 2354 2275 
3133 2275 2354 2355 2276 
3134 2276 2355 2356 2277 
3135 2277 2356 2357 2278 
3136 2278 2357 2358 2279 
3137 2279 2358 2359 2280 
3138 2280 2359 2360 2281 
3139 2281 2360 2361 2282 
3140 2282 2361 2362 2283 
3141 2283 2362 2363 2284 
3142 2284 2363 2364 2285 
3143 2285 2364 2365 2286 
3144 2286 2365 2366 2287 
3145 2287 2366 2367 2288 
3146 2288 2367 2368 2289 
3147 2289 2368 2369 2290 
3148 2290 2369 2370 2291 
3149 2291 2370 2371 2292 
3150 2292 2371 2372 2293 
3151 2293 2372 2373 2294 
3152 2294 2373 2374 2295 
3153 2295 2374 2375 2296 
3154 2296 2375 2376 2297 
3155 2297 2376 2377 2298 
3156 2298 2377 2378 2299 
3157 2299 2378 2379 2300 
3158 2300 2379 2380 2301 
3159 2301 2380 2381 2302 
3160 2302 2381 2382 2303 
3161 2303 2382 2383 2304 
3162 2304 2383 2384 2305 
3163 2305 2384 2385 2306 
3164 2306 2385 2386 2307 
3165 2307 2386 2387 2308 
3166 2308 2387 2388 2309 
3167 2309 2388 2389 2310 
3168 2310 2389 2390 2311 
3169 2311 2390 2391 2312 
3170 2312 2391 2392 2313 
3171 2313 2392 2393 2314 
3172 2314 2393 2394 2315 
3173 2315 2394 2395 2316 
3174 2316 2395 2396 2317 
3175 2317 2396 2397 2318 
3176 2318 2397 2398 2319 
3177 2319 2398 2399 2320 
3178 2320 2399 2400 2321 
3179 2321 2400 2401 2322 
3180 2322 2401 2402 2323 
3181 2323 2402 2403 2324 
3182 2324 2403 2404 2325 
3183 2325 2404 2405 2326 
3184 2326 2405 2406 2327 
3185 2327 2406 2407 2328 
3186 2328 2407 2408 2329 
3187 2329 2408 2409 2330 
3188 2330 2409 2410 2331 
3189 2331 2410 2411 2332 
3190 2332 2411 2412 2333 
3191 2333 2412 2413 2334 
3192 2334 2413 2414 2335 
3193 2335 2414 2415 2336 
3194 2336 2415 224 223 
3195 83 84 2416 2337 
3196 2337 2416 2417 2338 
3197 2338 2417 2418 2339 
3198 2339 2418 2419 2340 
3199 2340 2419 2420 2341 
3200 2341 2420 2421 2342 
3201 2342 2421 2422 2343 
3202 2343 2422 2423 2344 
3203 2344 2423 2424 2345 
3204 2345 2424 2425 2346 
3205 2346 2425 2426 2347 
3206 2347 2426 2427 2348 
3207 2348 2427 2428 2349 
3208 2349 2428 2429 2350 
3209 2350 2429 2430 2351 
3210 2351 2430 2431 2352 
3211 2352 2431 2432 2353 
3212 2353 2432 2433 2354 
3213 2354 2433 2434 2355 
3214 2355 2434 2435 2356 
3215 2356 2435 2436 2357 
3216 2357 2436 2437 2358 
3217 2358 2437 2438 2359 
3218 2359 2438 2439 2360 
3219 2360 2439 2440 2361 
3220 2361 2440 2441 2362 
3221 2362 2441 2442 2363 
3222 2363 2442 2443 2364 
3223 2364 2443 2444 2365 
3224 2365 2444 2445 2366 
3225 2366 2445 2446 2367 
3226 2367 2446 2447 2368 
3227 2368 2447 2448 2369 
3228 2369 2448 2449 2370 
3229 2370 2449 2450 2371 
3230 2371 2450 2451 2372 
3231 2372 2451 2452 2373 
3232 2373 2452 2453 2374 
3233 2374 2453 2454 2375 
3234 2375 2454 2455 2376 
3235 2376 2455 2456 2377 
3236 2377 2456 2457 2378 
3237 2378 2457 2458 2379 
3238 2379 2458 2459 2380 
3239 2380 2459 2460 2381 
3240 2381 2460 2461 2382 
3241 2382 2461 2462 2383 
3242 2383 2462 2463 2384 
3243 2384 2463 2464 2385 
3244 2385 2464 2465 2386 
3245 2386 2465 2466 2387 
3246 2387 2466 2467 2388 
3247 2388 2467 2468 2389 
3248 2389 2468 2469 2390 
3249 2390 2469 2470 2391 
3250 2391 2470 2471 2392 
3251 2392 2471 2472 2393 
3252 2393 2472 2473 2394 
3253 2394 2473 2474 2395 
3254 2395 2474 2475 2396 
3255 2396 2475 2476 2397 
3256 2397 2476 2477 2398 
3257 2398 2477 2478 2399 
3258 2399 2478 2479 2400 
3259 2400 2479 2480 2401 
3260 2401 2480 2481 2402 
3261 2402 2481 2482 2403 
3262 2403 2482 2483 2404 
3263 2404 2483 2484 2405 
3264 2405 2484 2485 2406 
3265 2406 2485 2486 2407 
3266 2407 2486 2487 2408 
3267 2408 2487 2488 2409 
3268 2409 2488 2489 2410 
3269 2410 2489 2490 2411 
3270 2411 2490 2491 2412 
3271 2412 2491 2492 2413 
3272 2413 2492 2493 2414 
3273 2414 2493 2494 2415 
3274 2415 2494 225 224 
3275 84 85 2495 2416 
3276 2416 2495 2496 2417 
3277 2417 2496 2497 2418 
3278 2418 2497 2498 2419 
3279 2419 2498 2499 2420 
3280 2420 2499 2500 2421 
3281 2421 2500 2501 2422 
3282 2422 2501 2502 2423 
3283 2423 2502 2503 2424 
3284 2424 2503 2504 2425 
3285 2425 2504 2505 2426 
3286 2426 2505 2506 2427 
3287 2427 2506 2507 2428 
3288 2428 2507 2508 2429 
3289 2429 2508 2509 2430 
3290 2430 2509 2510 2431 
3291 2431 2510 2511 2432 
3292 2432 2511 2512 2433 
3293 2433 2512 2513 2434 
3294 2434 2513 2514 2435 
3295 2435 2514 2515 2436 
3296 2436 2515 2516 2437 
3297 2437 2516 2517 2438 
3298 2438 2517 2518 2439 
3299 2439 2518 2519 2440 
3300 2440 2519 2520 2441 
3301 2441 2520 2521 2442 
3302 2442 2521 2522 2443 
3303 2443 2522 2523 2444 
3304 2444 2523 2524 2445 
3305 2445 2524 2525 2446 
3306 2446 2525 2526 2447 
3307 2447 2526 2527 2448 
3308 2448 2527 2528 2449 
3309 2449 2528 2529 2450 
3310 2450 2529 2530 2451 
3311 2451 2530 2531 2452 
3312 2452 2531 2532 2453 
3313 2453 2532 2533 2454 
3314 2454 2533 2534 2455 
3315 2455 2534 2535 2456 
3316 2456 2535 2536 2457 
3317 2457 2536 2537 2458 
3318 2458 2537 2538 2459 
3319 2459 2538 2539 2460 
3320 2460 2539 2540 2461 
3321 2461 2540 2541 2462 
3322 2462 2541 2542 2463 
3323 2463 2542 2543 2464 
3324 2464 2543 2544 2465 
3325 2465 2544 2545 2466 
3326 2466 2545 2546 2467 
3327 2467 2546 2547 2468 
3328 2468 2547 2548 2469 
3329 2469 2548 2549 2470 
3330 2470 2549 2550 2471 
3331 2471 2550 2551 2472 
3332 2472 2551 2552 2473 
3333 2473 2552 2553 2474 
3334 2474 2553 2554 2475 
3335 2475 2554 2555 2476 
3336 2476 2555 2556 2477 
3337 2477 2556 2557 2478 
3338 2478 2557 2558 2479 
3339 2479 2558 2559 2480 
3340 2480 2559 2560 2481 
3341 2481 2560 2561 2482 
3342 2482 2561 2562 2483 
3343 2483 2562 2563 2484 
3344 2484 2563 2564 2485 
3345 2485 2564 2565 2486 
3346 2486 2565 2566 2487 
3347 2487 2566 2567 2488 
3348 2488 2567 2568 2489 
3349 2489 2568 2569 2490 
3350 2490 2569 2570 2491 
3351 2491 2570 2571 2492 
3352 2492 2571 2572 2493 
3353 2493 2572 2573 2494 
3354 2494 2573 226 225 
3355 85 86 2574 2495 
3356 2495 2574 2575 2496 
3357 2496 2575 2576 2497 
3358 2497 2576 2577 2498 
3359 2498 2577 2578 2499 
3360 2499 2578 2579 2500 
3361 2500 2579 2580 2501 
3362 2501 2580 2581 2502 
3363 2502 2581 2582 2503 
3364 2503 2582 2583 2504 
3365 2504 2583 2584 2505 
3366 2505 2584 2585 2506 
3367 2506 2585 2586 2507 
3368 2507 2586 2587 2508 
3369 2508 2587 2588 2509 
3370 2509 2588 2589 2510 
3371 2510 2589 2590 2511 
3372 2511 2590 2591 2512 
3373 2512 2591 2592 2513 
3374 2513 2592 2593 2514 
3375 2514 2593 2594 2515 
3376 2515 2594 2595 2516 
3377 2516 2595 2596 2517 
3378 2517 2596 2597 2518 
3379 2518 2597 2598 2519 
3380 2519 2598 2599 2520 
3381 2520 2599 2600 2521 
3382 2521 2600 2601 2522 
3383 2522 2601 2602 2523 
3384 2523 2602 2603 2524 
3385 2524 2603 2604 2525 
3386 2525 2604 2605 2526 
3387 2526 2605 2606 2527 
3388 2527 2606 2607 2528 
3389 2528 2607 2608 2529 
3390 2529 2608 2609 2530 
3391 2530 2609 2610 2531 
3392 2531 2610 2611 2532 
3393 2532 2611 2612 2533 
3394 2533 2612 2613 2534 
3395 2534 2613 2614 2535 
3396 2535 2614 2615 2536 
3397 2536 2615 2616 2537 
3398 2537 2616 2617 2538 
3399 2538 2617 2618 2539 
3400 2539 2618 2619 2540 
3401 2540 2619 2620 2541 
3402 2541 2620 2621 2542 
3403 2542 2621 2622 2543 
3404 2543 2622 2623 2544 
3405 2544 2623 2624 2545 
3406 2545 2624 2625 2546 
3407 2546 2625 2626 2547 
3408 2547 2626 2627 2548 
3409 2548 2627 2628 2549 
3410 2549 2628 2629 2550 
3411 2550 2629 2630 2551 
3412 2551 2630 2631 2552 
3413 2552 2631 2632 2553 
3414 2553 2632 2633 2554 
3415 2554 2633 2634 2555 
3416 2555 2634 2635 2556 
3417 2556 2635 2636 2557 
3418 2557 2636 2637 2558 
3419 2558 2637 2638 2559 
3420 2559 2638 2639 2560 
3421 2560 2639 2640 2561 
3422 2561 2640 2641 2562 
3423 2562 2641 2642 2563 
3424 2563 2642 2643 2564 
3425 2564 2643 2644 2565 
3426 2565 2644 2645 2566 
3427 2566 2645 2646 2567 
3428 2567 2646 2647 2568 
3429 2568 2647 2648 2569 
3430 2569 2648 2649 2570 
3431 2570 2649 2650 2571 
3432 2571 2650 2651 2572 
3433 2572 2651 2652 2573 
3434 2573 2652 227 226 
3435 86 87 2653 2574 
3436 2574 2653 2654 2575 
3437 2575 2654 2655 2576 
3438 2576 2655 2656 2577 
3439 2577 2656 2657 2578 
3440 2578 2657 2658 2579 
3441 2579 2658 2659 2580 
3442 2580 2659 2660 2581 
3443 2581 2660 2661 2582 
3444 2582 2661 2662 2583 
3445 2583 2662 2663 2584 
3446 2584 2663 2664 2585 
3447 2585 2664 2665 2586 
3448 2586 2665 2666 2587 
3449 2587 2666 2667 2588 
3450 2588 2667 2668 2589 
3451 2589 2668 2669 2590 
3452 2590 2669 2670 2591 
3453 2591 2670 2671 2592 
3454 2592 2671 2672 2593 
3455 2593 2672 2673 2594 
3456 2594 2673 2674 2595 
3457 2595 2674 2675 2596 
3458 2596 2675 2676 2597 
3459 2597 2676 2677 2598 
3460 2598 2677 2678 2599 
3461 2599 2678 2679 2600 
3462 2600 2679 2680 2601 
3463 2601 2680 2681 2602 
3464 2602 2681 2682 2603 
3465 2603 2682 2683 2604 
3466 2604 2683 2684 2605 
3467 2605 2684 2685 2606 
3468 2606 2685 2686 2607 
3469 2607 2686 2687 2608 
3470 2608 2687 2688 2609 
3471 2609 2688 2689 2610 
3472 2610 2689 2690 2611 
3473 2611 2690 2691 2612 
3474 2612 2691 2692 2613 
3475 2613 2692 2693 2614 
3476 2614 2693 2694 2615 
3477 2615 2694 2695 2616 
3478 2616 2695 2696 2617 
3479 2617 2696 2697 2618 
3480 2618 2697 2698 2619 
3481 2619 2698 2699 2620 
3482 2620 2699 2700 2621 
3483 2621 2700 2701 2622 
3484 2622 2701 2702 2623 
3485 2623 2702 2703 2624 
3486 2624 2703 2704 2625 
3487 2625 2704 2705 2626 
3488 2626 2705 2706 2627 
3489 2627 2706 2707 2628 
3490 2628 2707 2708 2629 
3491 2629 2708 2709 2630 
3492 2630 2709 2710 2631 
3493 2631 2710 2711 2632 
3494 2632 2711 2712 2633 
3495 2633 2712 2713 2634 
3496 2634 2713 2714 2635 
3497 2635 2714 2715 2636 
3498 2636 2715 2716 2637 
3499 2637 2716 2717 2638 
3500 2638 2717 2718 2639 
3501 2639 2718 2719 2640 
3502 2640 2719 2720 2641 
3503 2641 2720 2721 2642 
3504 2642 2721 2722 2643 
3505 2643 2722 2723 2644 
3506 2644 2723 2724 2645 
3507 2645 2724 2725 2646 
3508 2646 2725 2726 2647 
3509 2647 2726 2727 2648 
3510 2648 2727 2728 2649 
3511 2649 2728 2729 2650 
3512 2650 2729 2730 2651 
3513 2651 2730 2731 2652 
3514 2652 2731 228 227 
3515 87 88 2732 2653 
3516 2653 2732 2733 2654 
3517 2654 2733 2734 2655 
3518 2655 2734 2735 2656 
3519 2656 2735 2736 2657 
3520 2657 2736 2737 2658 
3521 2658 2737 2738 2659 
3522 2659 2738 2739 2660 
3523 2660 2739 2740 2661 
3524 2661 2740 2741 2662 
3525 2662 2741 2742 2663 
3526 2663 2742 2743 2664 
3527 2664 2743 2744 2665 
3528 2665 2744 2745 2666 
3529 2666 2745 2746 2667 
3530 2667 2746 2747 2668 
3531 2668 2747 2748 2669 
3532 2669 2748 2749 2670 
3533 2670 2749 2750 2671 
3534 2671 2750 2751 2672 
3535 2672 2751 2752 2673 
3536 2673 2752 2753 2674 
3537 2674 2753 2754 2675 
3538 2675 2754 2755 2676 
3539 2676 2755 2756 2677 
3540 2677 2756 2757 2678 
3541 2678 2757 2758 2679 
3542 2679 2758 2759 2680 
3543 2680 2759 2760 2681 
3544 2681 2760 2761 2682 
3545 2682 2761 2762 2683 
3546 2683 2762 2763 2684 
3547 2684 2763 2764 2685 
3548 2685 2764 2765 2686 
3549 2686 2765 2766 2687 
3550 2687 2766 2767 2688 
3551 2688 2767 2768 2689 
3552 2689 2768 2769 2690 
3553 2690 2769 2770 2691 
3554 2691 2770 2771 2692 
3555 2692 2771 2772 2693 
3556 2693 2772 2773 2694 
3557 2694 2773 2774 2695 
3558 2695 2774 2775 2696 
3559 2696 2775 2776 2697 
3560 2697 2776 2777 2698 
3561 2698 2777 2778 2699 
3562 2699 2778 2779 2700 
3563 2700 2779 2780 2701 
3564 2701 2780 2781 2702 
3565 2702 2781 2782 2703 
3566 2703 2782 2783 2704 
3567 2704 2783 2784 2705 
3568 2705 2784 2785 2706 
3569 2706 2785 2786 2707 
3570 2707 2786 2787 2708 
3571 2708 2787 2788 2709 
3572 2709 2788 2789 2710 
3573 2710 2789 2790 2711 
3574 2711 2790 2791 2712 
3575 2712 2791 2792 2713 
3576 2713 2792 2793 2714 
3577 2714 2793 2794 2715 
3578 2715 2794 2795 2716 
3579 2716 2795 2796 2717 
3580 2717 2796 2797 2718 
3581 2718 2797 2798 2719 
3582 2719 2798 2799 2720 
3583 2720 2799 2800 2721 
3584 2721 2800 2801 2722 
3585 2722 2801 2802 2723 
3586 2723 2802 2803 2724 
3587 2724 2803 2804 2725 
3588 2725 2804 2805 2726 
3589 2726 2805 2806 2727 
3590 2727 2806 2807 2728 
3591 2728 2807 2808 2729 
3592 2729 2808 2809 2730 
3593 2730 2809 2810 2731 
3594 2731 2810 229 228 
3595 88 89 2811 2732 
3596 2732 2811 2812 2733 
3597 2733 2812 2813 2734 
3598 2734 2813 2814 2735 
3599 2735 2814 2815 2736 
3600 2736 2815 2816 2737 
3601 2737 2816 2817 2738 
3602 2738 2817 2818 2739 
3603 2739 2818 2819 2740 
3604 2740 2819 2820 2741 
3605 2741 2820 2821 2742 
3606 2742 2821 2822 2743 
3607 2743 2822 2823 2744 
3608 2744 2823 2824 2745 
3609 2745 2824 2825 2746 
3610 2746 2825 2826 2747 
3611 2747 2826 2827 2748 
3612 2748 2827 2828 2749 
3613 2749 2828 2829 2750 
3614 2750 2829 2830 2751 
3615 2751 2830 2831 2752 
3616 2752 2831 2832 2753 
3617 2753 2832 2833 2754 
3618 2754 2833 2834 2755 
3619 2755 2834 2835 2756 
3620 2756 2835 2836 2757 
3621 2757 2836 2837 2758 
3622 2758 2837 2838 2759 
3623 2759 2838 2839 2760 
3624 2760 2839 2840 2761 
3625 2761 2840 2841 2762 
3626 2762 2841 2842 2763 
3627 2763 2842 2843 2764 
3628 2764 2843 2844 2765 
3629 2765 2844 2845 2766 
3630 2766 2845 2846 2767 
3631 2767 2846 2847 2768 
3632 2768 2847 2848 2769 
3633 2769 2848 2849 2770 
3634 2770 2849 2850 2771 
3635 2771 2850 2851 2772 
3636 2772 2851 2852 2773 
3637 2773 2852 2853 2774 
3638 2774 2853 2854 2775 
3639 2775 2854 2855 2776 
3640 2776 2855 2856 2777 
3641 2777 2856 2857 2778 
3642 2778 2857 2858 2779 
3643 2779 2858 2859 2780 
3644 2780 2859 2860 2781 
3645 2781 2860 2861 2782 
3646 2782 2861 2862 2783 
3647 2783 2862 2863 2784 
3648 2784 2863 2864 2785 
3649 2785 2864 2865 2786 
3650 2786 2865 2866 2787 
3651 2787 2866 2867 2788 
3652 2788 2867 2868 2789 
3653 2789 2868 2869 2790 
3654 2790 2869 2870 2791 
3655 2791 2870 2871 2792 
3656 2792 2871 2872 2793 
3657 2793 2872 2873 2794 
3658 2794 2873 2874 2795 
3659 2795 2874 2875 2796 
3660 2796 2875 2876 2797 
3661 2797 2876 2877 2798 
3662 2798 2877 2878 2799 
3663 2799 2878 2879 2800 
3664 2800 2879 2880 2801 
3665 2801 2880 2881 2802 
3666 2802 2881 2882 2803 
3667 2803 2882 2883 2804 
3668 2804 2883 2884 2805 
3669 2805 2884 2885 2806 
3670 2806 2885 2886 2807 
3671 2807 2886 2887 2808 
3672 2808 2887 2888 2809 
3673 2809 2888 2889 2810 
3674 2810 2889 230 229 
3675 89 3 129 2811 
3676 2811 129 130 2812 
3677 2812 130 131 2813 
3678 2813 131 132 2814 
3679 2814 132 133 2815 
3680 2815 133 134 2816 
3681 2816 134 135 2817 
3682 2817 135 136 2818 
3683 2818 136 137 2819 
3684 2819 137 138 2820 
3685 2820 138 139 2821 
3686 2821 139 140 2822 
3687 2822 140 141 2823 
3688 2823 141 142 2824 
3689 2824 142 143 2825 
3690 2825 143 144 2826 
3691 2826 144 145 2827 
3692 2827 145 146 2828 
3693 2828 146 147 2829 
3694 2829 147 148 2830 
3695 2830 148 149 2831 
3696 2831 149 150 2832 
3697 2832 150 151 2833 
3698 2833 151 152 2834 
3699 2834 152 153 2835 
3700 2835 153 154 2836 
3701 2836 154 155 2837 
3702 2837 155 156 2838 
3703 2838 156 157 2839 
3704 2839 157 158 2840 
3705 2840 158 159 2841 
3706 2841 159 160 2842 
3707 2842 160 161 2843 
3708 2843 161 162 2844 
3709 2844 162 163 2845 
3710 2845 163 164 2846 
3711 2846 164 165 2847 
3712 2847 165 166 2848 
3713 2848 166 167 2849 
3714 2849 167 168 2850 
3715 2850 168 169 2851 
3716 2851 169 170 2852 
3717 2852 170 171 2853 
3718 2853 171 172 2854 
3719 2854 172 173 2855 
3720 2855 173 174 2856 
3721 2856 174 175 2857 
3722 2857 175 176 2858 
3723 2858 176 177 2859 
3724 2859 177 178 2860 
3725 2860 178 179 2861 
3726 2861 179 180 2862 
3727 2862 180 181 2863 
3728 2863 181 182 2864 
3729 2864 182 183 2865 
3730 2865 183 184 2866 
3731 2866 184 185 2867 
3732 2867 185 186 2868 
3733 2868 186 187 2869 
3734 2869 187 188 2870 
3735 2870 188 189 2871 
3736 2871 189 190 2872 
3737 2872 190 191 2873 
3738 2873 191 192 2874 
3739 2874 192 193 2875 
3740 2875 193 194 2876 
3741 2876 194 195 2877 
3742 2877 195 196 2878 
3743 2878 196 197 2879 
3744 2879 197 198 2880 
3745 2880 198 199 2881 
3746 2881 199 200 2882 
3747 2882 200 201 2883 
3748 2883 201 202 2884 
3749 2884 202 203 2885 
3750 2885 203 204 2886 
3751 2886 204 205 2887 
3752 2887 205 206 2888 
3753 2888 206 207 2889 
3754 2889 207 5 230 
2 9 2 122
3755 2909 2919 2892 
3756 2892 2918 2909 
3757 224 2919 223 
3758 2892 2919 224 
3759 221 2925 220 
3760 2912 2927 2893 
3761 2893 2926 2912 
3762 2896 2920 227 
3763 2913 2924 2897 
3764 2916 2924 2913 
3765 2894 2925 221 
3766 227 2920 226 
3767 212 2927 211 
3768 2893 2927 212 
3769 2925 2932 2910 
3770 213 2928 2893 
3771 2894 2932 2925 
3772 220 2925 2898 
3773 214 2928 213 
3774 2891 2923 230 
3775 230 2923 229 
3776 2904 2910 2909 
3777 2901 2910 2904 
3778 2903 2911 2902 
3779 2906 2914 2913 
3780 2905 2914 2906 
3781 222 2894 221 
3782 5 2891 230 
3783 213 2893 212 
3784 216 2895 215 
3785 225 2892 224 
3786 210 2897 209 
3787 228 2896 227 
3788 219 2890 218 
3789 2906 2913 2912 
3790 2908 2914 2905 
3791 2906 2912 2911 
3792 2907 2908 2905 
3793 2906 2911 2903 
3794 2904 2909 2907 
3795 2905 2906 2903 
3796 2904 2907 2905 
3797 2904 2905 2903 
3798 2901 2904 2903 
3799 2901 2903 2902 
3800 2899 2910 2901 
3801 2901 2902 2900 
3802 2911 2915 2902 
3803 2899 2901 2900 
3804 2899 2925 2910 
3805 2899 2900 2890 
3806 218 2921 217 
3807 2890 2921 218 
3808 2914 2916 2913 
3809 2909 2918 2907 
3810 2917 2920 2896 
3811 2912 2926 2911 
3812 2922 2930 2923 
3813 2914 2922 2916 
3814 2916 2922 2891 
3815 2907 2917 2908 
3816 2915 2929 2902 
3817 2895 2929 2915 
3818 2909 2932 2919 
3819 2897 2924 209 
3820 209 2924 208 
3821 2918 2920 2917 
3822 2919 2939 223 
3823 2900 2921 2890 
3824 2908 2922 2914 
3825 2900 2929 2921 
3826 2915 2937 2895 
3827 2918 2938 2920 
3828 2907 2918 2917 
3829 2898 2899 2890 
3830 2892 2938 2918 
3831 2922 2923 2891 
3832 2929 2933 2921 
3833 2893 2928 2926 
3834 2908 2930 2922 
3835 2910 2932 2909 
3836 2897 2935 2913 
3837 220 2898 219 
3838 219 2898 2890 
3839 2902 2929 2900 
3840 2911 2926 2915 
3841 208 2931 5 
3842 217 2933 216 
3843 2928 2937 2915 
3844 229 2934 228 
3845 215 2937 214 
3846 223 2939 222 
3847 226 2938 225 
3848 211 2936 210 
3849 2913 2935 2912 
3850 5 2931 2891 
3851 2898 2925 2899 
3852 216 2933 2895 
3853 2926 2928 2915 
3854 228 2934 2896 
3855 2927 2936 211 
3856 210 2936 2897 
3857 2891 2931 2916 
3858 2895 2937 215 
3859 225 2938 2892 
3860 222 2939 2894 
3861 2920 2938 226 
3862 2930 2934 2923 
3863 2923 2934 229 
3864 2912 2935 2927 
3865 2896 2930 2917 
3866 2917 2930 2908 
3867 2921 2933 217 
3868 214 2937 2928 
3869 2924 2931 208 
3870 2895 2933 2929 
3871 2916 2931 2924 
3872 2894 2939 2932 
3873 2932 2939 2919 
3874 2896 2934 2930 
3875 2897 2936 2935 
3876 2935 2936 2927 
$EndElements
