$MeshFormat
4.1 0 8
$EndMeshFormat
$PhysicalNames
1
2 1 "Wetted surface"
$EndPhysicalNames
$Entities
5 8 8 3
1 0.3048 0 -0.009525 0 
2 0.0254 0 -0.009525 0 
3 0.0254 0 0 0 
4 0.3048 0 0 0 
5 0.0254 0 6.096 0 
1 -0.3048001 -0.3048001 -0.0095251 0.3048001 0.3048001 -0.009524900000000001 0 2 1 -1 
2 -0.0254001 -0.0254001 -0.0095251 0.0254001 0.0254001 -0.009524900000000001 0 2 2 -2 
3 0.0253999 -1e-07 -0.0095251 0.0254001 1e-07 1.000000000002735e-07 0 2 2 -3 
4 -0.0254001 -0.0254001 -1e-07 0.0254001 0.0254001 1e-07 0 2 3 -3 
5 0.3047999 -1e-07 -0.0095251 0.3048001 1e-07 1.000000000002735e-07 0 2 1 -4 
6 -0.3048001 -0.3048001 -1e-07 0.3048001 0.3048001 1e-07 0 2 4 -4 
7 0.0253999 -1e-07 -9.999999983634211e-08 0.0254001 1e-07 6.0960001 0 2 3 -5 
8 -0.0254001 -0.0254001 6.0959999 0.0254001 0.0254001 6.0960001 0 2 5 -5 
2 -0.0254001 -0.0254001 -0.0095251 0.0254001 0.0254001 -0.009524900000000001 1 1 1 2 
3 -0.3048001 -0.3048001 -0.0095251 0.3048001 0.3048001 -0.009524900000000001 1 1 2 1 -2 
4 -0.0254001 -0.0254001 -0.0095251 0.0254001 0.0254001 1.000000000002735e-07 0 4 3 4 -3 -2 
5 -0.0254001 -0.0254001 -1e-07 0.0254001 0.0254001 1e-07 0 1 4 
6 -0.3048001 -0.3048001 -0.0095251 0.3048001 0.3048001 1.000000000002735e-07 1 1 4 5 6 -5 -1 
7 -0.3048001 -0.3048001 -1e-07 0.3048001 0.3048001 1e-07 1 1 2 6 -4 
8 -0.0254001 -0.0254001 -9.999999983634211e-08 0.0254001 0.0254001 6.0960001 1 1 4 7 8 -7 -4 
9 -0.0254001 -0.0254001 6.0959999 0.0254001 0.0254001 6.0960001 1 1 1 8 
1 -0.0254001 -0.0254001 -0.0095251 0.0254001 0.0254001 1.000000000002735e-07 0 3 -4 -2 5 
2 -0.3048001 -0.3048001 -0.0095251 0.3048001 0.3048001 1.000000000002735e-07 0 4 -6 4 -3 7 
3 -0.0254001 -0.0254001 -9.999999983634211e-08 0.0254001 0.0254001 6.0960001 0 3 -8 -5 9 
$EndEntities
$Nodes
18 2983 1 2983
0 1 0 1
1
0.3048 0 -0.009525
0 2 0 1
2
0.0254 0 -0.009525
0 3 0 1
3
0.0254 0 0
0 4 0 1
4
0.3048 0 0
0 5 0 1
5
0.0254 0 6.096
1 1 0 38
6
7
8
9
10
11
12
13
14
15
16
17
18
19
20
21
22
23
24
25
26
27
28
29
30
31
32
33
34
35
36
37
38
39
40
41
42
43
0.3008529200520359 0.04889335840544526 -0.009525
0.28911390750549 0.09652040451068868 -0.009525
0.2698869966190985 0.1416476228389405 -0.009525
0.2436701542853874 0.1831062421397357 -0.009525
0.2111423829497262 0.2198225059503944 -0.009525
0.1731461348036567 0.2508454823243862 -0.009525
0.1306654927156515 0.2753716924692443 -0.009525
0.08480068300173545 0.2927659204252421 -0.009525
0.03673958014182319 0.3025776648250868 -0.009525
-0.01227305854534899 0.3045528066426945 -0.009525
-0.06096783146293759 0.2986401907424834 -0.009525
-0.1080835695705642 0.2849929507705147 -0.009525
-0.1523999999999993 0.2639645430734973 -0.009525
-0.1927693504814702 0.2360995923650697 -0.009525
-0.2281460760425509 0.2021197862317952 -0.009525
-0.257613938073748 0.1629051838037547 -0.009525
-0.2804097344272091 0.119471422685352 -0.009525
-0.2959430659514604 0.07294341447484877 -0.009525
-0.3038116275193071 0.02452621014485919 -0.009525
-0.3038116275193073 -0.02452621014485696 -0.009525
-0.2959430659514609 -0.07294341447484659 -0.009525
-0.28040973442721 -0.11947142268535 -0.009525
-0.2576139380737491 -0.1629051838037531 -0.009525
-0.2281460760425521 -0.2021197862317938 -0.009525
-0.1927693504814715 -0.2360995923650687 -0.009525
-0.1524000000000006 -0.2639645430734965 -0.009525
-0.1080835695705655 -0.2849929507705142 -0.009525
-0.06096783146293892 -0.2986401907424831 -0.009525
-0.01227305854535028 -0.3045528066426944 -0.009525
0.03673958014182225 -0.3025776648250869 -0.009525
0.08480068300173435 -0.2927659204252424 -0.009525
0.1306654927156506 -0.2753716924692447 -0.009525
0.173146134803656 -0.2508454823243867 -0.009525
0.2111423829497257 -0.2198225059503949 -0.009525
0.243670154285387 -0.1831062421397362 -0.009525
0.2698869966190983 -0.1416476228389409 -0.009525
0.2891139075054899 -0.09652040451068898 -0.009525
0.3008529200520358 -0.04889335840544544 -0.009525
1 2 0 23
44
45
46
47
48
49
50
51
52
53
54
55
56
57
58
59
60
61
62
63
64
65
66
0.02453451598774234 0.006574003745604029 -0.009525
0.02199704525612474 0.0127 -0.009525
0.0179605122421383 0.01796051224213831 -0.009525
0.01269999999999999 0.02199704525612475 -0.009525
0.006574003745604021 0.02453451598774234 -0.009525
-9.724564495274451e-18 0.0254 -0.009525
-0.006574003745604045 0.02453451598774233 -0.009525
-0.01270000000000001 0.02199704525612473 -0.009525
-0.01796051224213832 0.01796051224213829 -0.009525
-0.02199704525612475 0.01269999999999999 -0.009525
-0.02453451598774234 0.006574003745604022 -0.009525
-0.0254 3.110602869834277e-18 -0.009525
-0.02453451598774233 -0.006574003745604038 -0.009525
-0.02199704525612473 -0.01270000000000001 -0.009525
-0.01796051224213829 -0.01796051224213833 -0.009525
-0.01269999999999997 -0.02199704525612476 -0.009525
-0.006574003745604002 -0.02453451598774234 -0.009525
4.045355941601495e-17 -0.0254 -0.009525
0.006574003745604059 -0.02453451598774233 -0.009525
0.01270000000000002 -0.02199704525612473 -0.009525
0.01796051224213832 -0.01796051224213829 -0.009525
0.02199704525612475 -0.01269999999999999 -0.009525
0.02453451598774234 -0.006574003745604025 -0.009525
1 4 0 23
67
68
69
70
71
72
73
74
75
76
77
78
79
80
81
82
83
84
85
86
87
88
89
0.02453451598774234 0.006574003745604029 0
0.02199704525612474 0.0127 0
0.0179605122421383 0.01796051224213831 0
0.01269999999999999 0.02199704525612475 0
0.006574003745604021 0.02453451598774234 0
-9.724564495274451e-18 0.0254 0
-0.006574003745604045 0.02453451598774233 0
-0.01270000000000001 0.02199704525612473 0
-0.01796051224213832 0.01796051224213829 0
-0.02199704525612475 0.01269999999999999 0
-0.02453451598774234 0.006574003745604022 0
-0.0254 3.110602869834277e-18 0
-0.02453451598774233 -0.006574003745604038 0
-0.02199704525612473 -0.01270000000000001 0
-0.01796051224213829 -0.01796051224213833 0
-0.01269999999999997 -0.02199704525612476 0
-0.006574003745604002 -0.02453451598774234 0
4.045355941601495e-17 -0.0254 0
0.006574003745604059 -0.02453451598774233 0
0.01270000000000002 -0.02199704525612473 0
0.01796051224213832 -0.01796051224213829 0
0.02199704525612475 -0.01269999999999999 0
0.02453451598774234 -0.006574003745604025 0
1 5 0 1
90
0.3048 0 -0.0047625
1 6 0 38
91
92
93
94
95
96
97
98
99
100
101
102
103
104
105
106
107
108
109
110
111
112
113
114
115
116
117
118
119
120
121
122
123
124
125
126
127
128
0.3008529200520359 0.04889335840544526 0
0.28911390750549 0.09652040451068868 0
0.2698869966190985 0.1416476228389405 0
0.2436701542853874 0.1831062421397357 0
0.2111423829497262 0.2198225059503944 0
0.1731461348036567 0.2508454823243862 0
0.1306654927156515 0.2753716924692443 0
0.08480068300173545 0.2927659204252421 0
0.03673958014182319 0.3025776648250868 0
-0.01227305854534899 0.3045528066426945 0
-0.06096783146293759 0.2986401907424834 0
-0.1080835695705642 0.2849929507705147 0
-0.1523999999999993 0.2639645430734973 0
-0.1927693504814702 0.2360995923650697 0
-0.2281460760425509 0.2021197862317952 0
-0.257613938073748 0.1629051838037547 0
-0.2804097344272091 0.119471422685352 0
-0.2959430659514604 0.07294341447484877 0
-0.3038116275193071 0.02452621014485919 0
-0.3038116275193073 -0.02452621014485696 0
-0.2959430659514609 -0.07294341447484659 0
-0.28040973442721 -0.11947142268535 0
-0.2576139380737491 -0.1629051838037531 0
-0.2281460760425521 -0.2021197862317938 0
-0.1927693504814715 -0.2360995923650687 0
-0.1524000000000006 -0.2639645430734965 0
-0.1080835695705655 -0.2849929507705142 0
-0.06096783146293892 -0.2986401907424831 0
-0.01227305854535028 -0.3045528066426944 0
0.03673958014182225 -0.3025776648250869 0
0.08480068300173435 -0.2927659204252424 0
0.1306654927156506 -0.2753716924692447 0
0.173146134803656 -0.2508454823243867 0
0.2111423829497257 -0.2198225059503949 0
0.243670154285387 -0.1831062421397362 0
0.2698869966190983 -0.1416476228389409 0
0.2891139075054899 -0.09652040451068898 0
0.3008529200520358 -0.04889335840544544 0
1 7 0 79
129
130
131
132
133
134
135
136
137
138
139
140
141
142
143
144
145
146
147
148
149
150
151
152
153
154
155
156
157
158
159
160
161
162
163
164
165
166
167
168
169
170
171
172
173
174
175
176
177
178
179
180
181
182
183
184
185
186
187
188
189
190
191
192
193
194
195
196
197
198
199
200
201
202
203
204
205
206
207
0.0254 0 0.0762
0.0254 0 0.1524
0.0254 0 0.2286
0.0254 0 0.3048
0.0254 0 0.381
0.0254 0 0.4572
0.0254 0 0.5334
0.0254 0 0.6096
0.0254 0 0.6858000000000001
0.0254 0 0.762
0.0254 0 0.8382000000000001
0.0254 0 0.9144
0.0254 0 0.9906
0.0254 0 1.0668
0.0254 0 1.143
0.0254 0 1.2192
0.0254 0 1.2954
0.0254 0 1.3716
0.0254 0 1.4478
0.0254 0 1.524
0.0254 0 1.6002
0.0254 0 1.6764
0.0254 0 1.7526
0.0254 0 1.8288
0.0254 0 1.905
0.0254 0 1.9812
0.0254 0 2.0574
0.0254 0 2.1336
0.0254 0 2.2098
0.0254 0 2.286
0.0254 0 2.3622
0.0254 0 2.4384
0.0254 0 2.5146
0.0254 0 2.5908
0.0254 0 2.667
0.0254 0 2.7432
0.0254 0 2.8194
0.0254 0 2.8956
0.0254 0 2.9718
0.0254 0 3.048
0.0254 0 3.1242
0.0254 0 3.2004
0.0254 0 3.2766
0.0254 0 3.3528
0.0254 0 3.429
0.0254 0 3.5052
0.0254 0 3.5814
0.0254 0 3.6576
0.0254 0 3.7338
0.0254 0 3.81
0.0254 0 3.8862
0.0254 0 3.9624
0.0254 0 4.0386
0.0254 0 4.114800000000001
0.0254 0 4.191
0.0254 0 4.2672
0.0254 0 4.3434
0.0254 0 4.4196
0.0254 0 4.4958
0.0254 0 4.572
0.0254 0 4.6482
0.0254 0 4.7244
0.0254 0 4.8006
0.0254 0 4.8768
0.0254 0 4.953
0.0254 0 5.029199999999999
0.0254 0 5.1054
0.0254 0 5.1816
0.0254 0 5.2578
0.0254 0 5.334
0.0254 0 5.4102
0.0254 0 5.486400000000001
0.0254 0 5.5626
0.0254 0 5.638800000000001
0.0254 0 5.715
0.0254 0 5.7912
0.0254 0 5.8674
0.0254 0 5.9436
0.0254 0 6.0198
1 8 0 23
208
209
210
211
212
213
214
215
216
217
218
219
220
221
222
223
224
225
226
227
228
229
230
0.02453451598774234 0.006574003745604029 6.096
0.02199704525612474 0.0127 6.096
0.0179605122421383 0.01796051224213831 6.096
0.01269999999999999 0.02199704525612475 6.096
0.006574003745604021 0.02453451598774234 6.096
-9.724564495274451e-18 0.0254 6.096
-0.006574003745604045 0.02453451598774233 6.096
-0.01270000000000001 0.02199704525612473 6.096
-0.01796051224213832 0.01796051224213829 6.096
-0.02199704525612475 0.01269999999999999 6.096
-0.02453451598774234 0.006574003745604022 6.096
-0.0254 3.110602869834277e-18 6.096
-0.02453451598774233 -0.006574003745604038 6.096
-0.02199704525612473 -0.01270000000000001 6.096
-0.01796051224213829 -0.01796051224213833 6.096
-0.01269999999999997 -0.02199704525612476 6.096
-0.006574003745604002 -0.02453451598774234 6.096
4.045355941601495e-17 -0.0254 6.096
0.006574003745604059 -0.02453451598774233 6.096
0.01270000000000002 -0.02199704525612473 6.096
0.01796051224213832 -0.01796051224213829 6.096
0.02199704525612475 -0.01269999999999999 6.096
0.02453451598774234 -0.006574003745604025 6.096
2 2 0 50
231
232
233
234
235
236
237
238
239
240
241
242
243
244
245
246
247
248
249
250
251
252
253
254
255
256
257
258
259
260
261
262
263
264
265
266
267
268
269
270
271
272
273
274
275
276
277
278
279
280
-0.007482491788041454 -0.01860527212481064 -0.009525
0.007389352593320722 0.01818551780674162 -0.009525
-0.01796051224213831 0.007439487757861689 -0.009525
0.01804731261706756 -0.007625485410839205 -0.009525
-0.007439487757861704 0.0179605122421383 -0.009525
0.007129332286117084 -0.01774255273916397 -0.009525
-0.0179605122421383 -0.007439487757861697 -0.009525
0.01796051224213831 0.007439487757861693 -0.009525
-0.01655096223508329 -0.01270000000000001 -0.009525
-0.01201535851964456 -0.008351518298244315 -0.009525
-0.01362442228229266 -0.002531468827799476 -0.009525
-0.007342876328008215 -0.00362915334852729 -0.009525
-0.00923219103151255 0.002440127636140026 -0.009525
-0.002911669845505688 0.001312910018320657 -0.009525
-0.0008158283952942358 -0.004939297563716849 -0.009525
0.003565420547201584 4.560735250260028e-05 -0.009525
0.001433868742453842 0.006323494528724774 -0.009525
0.005646698094351909 -0.006066816388676022 -0.009525
0.009603133967789479 -0.001279426059289887 -0.009525
0.001559238793064055 -0.01173339620816601 -0.009525
-0.00554798555325405 -0.009572425657477466 -0.009525
-0.005072228835484813 0.007344346430288418 -0.009525
-0.001568334015731018 0.01293519401831543 -0.009525
0.005881095152779171 0.0114986882862377 -0.009525
0.007692194333366603 0.004999365587040444 -0.009525
-0.01212282616156392 0.008503551685712018 -0.009525
0.01244328790841343 0.009258582588300307 -0.009525
0.01173964358087523 -0.007141179680853196 -0.009525
0.00834200100595117 -0.01202781890318863 -0.009525
0.00106154398537096 -0.01890770333707617 -0.009525
0.01503629864596293 -0.01245785541492572 -0.009525
-0.0195229403895239 -0.001728766648165685 -0.009525
0.01369924809127208 0.003148368036639762 -0.009525
0.0195711598783426 0.001806742297965766 -0.009525
0.01219831093262457 0.01523287814991497 -0.009525
-0.01102480530362516 -0.01444891207480454 -0.009525
-0.007848352460845191 0.01227354050536347 -0.009525
-0.001417560823816688 0.01945787993554919 -0.009525
-0.01254582033292747 0.0151490442242426 -0.009525
-0.0152098244948076 0.002926607439184433 -0.009525
0.01542745042144062 -0.002571915883790572 -0.009525
0.01659870056851871 0.01251218659687279 -0.009525
-0.00362385488168027 -0.01499027633852448 -0.009525
-0.02063406302159311 0.00312228387499073 -0.009525
0.02064380834812814 -0.003088474513810143 -0.009525
0.00283270723455577 0.01618772435937179 -0.009525
0.003170965013783473 0.0207846147715731 -0.009525
-0.01685353922812654 0.01227635635684212 -0.009525
0.01218349740954573 -0.01685592230282748 -0.009525
-0.00349422220868513 -0.02064473138612321 -0.009525
2 3 0 399
281
282
283
284
285
286
287
288
289
290
291
292
293
294
295
296
297
298
299
300
301
302
303
304
305
306
307
308
309
310
311
312
313
314
315
316
317
318
319
320
321
322
323
324
325
326
327
328
329
330
331
332
333
334
335
336
337
338
339
340
341
342
343
344
345
346
347
348
349
350
351
352
353
354
355
356
357
358
359
360
361
362
363
364
365
366
367
368
369
370
371
372
373
374
375
376
377
378
379
380
381
382
383
384
385
386
387
388
389
390
391
392
393
394
395
396
397
398
399
400
401
402
403
404
405
406
407
408
409
410
411
412
413
414
415
416
417
418
419
420
421
422
423
424
425
426
427
428
429
430
431
432
433
434
435
436
437
438
439
440
441
442
443
444
445
446
447
448
449
450
451
452
453
454
455
456
457
458
459
460
461
462
463
464
465
466
467
468
469
470
471
472
473
474
475
476
477
478
479
480
481
482
483
484
485
486
487
488
489
490
491
492
493
494
495
496
497
498
499
500
501
502
503
504
505
506
507
508
509
510
511
512
513
514
515
516
517
518
519
520
521
522
523
524
525
526
527
528
529
530
531
532
533
534
535
536
537
538
539
540
541
542
543
544
545
546
547
548
549
550
551
552
553
554
555
556
557
558
559
560
561
562
563
564
565
566
567
568
569
570
571
572
573
574
575
576
577
578
579
580
581
582
583
584
585
586
587
588
589
590
591
592
593
594
595
596
597
598
599
600
601
602
603
604
605
606
607
608
609
610
611
612
613
614
615
616
617
618
619
620
621
622
623
624
625
626
627
628
629
630
631
632
633
634
635
636
637
638
639
640
641
642
643
644
645
646
647
648
649
650
651
652
653
654
655
656
657
658
659
660
661
662
663
664
665
666
667
668
669
670
671
672
673
674
675
676
677
678
679
-0.2113048214910725 0.1558206367764492 -0.009525
0.239677251310351 0.1037638036798325 -0.009525
-0.03149996943174069 0.2594255883144427 -0.009525
-0.03883953119966493 -0.2644543787394464 -0.009525
-0.2076768365860083 -0.151616726134999 -0.009525
0.239960291075792 -0.100126341928417 -0.009525
0.1338805114203925 0.2274706935668129 -0.009525
0.1330207480500973 -0.2269088190365555 -0.009525
-0.2630198803862938 0.001642730491994955 -0.009525
0.2004429442687715 -0.1744919115846545 -0.009525
-0.2532434554206187 0.08597371734208632 -0.009525
0.05119231766640217 -0.2557781497839351 -0.009525
-0.1502598310565374 0.2188657812294003 -0.009525
-0.2460959783356662 -0.08371104802049492 -0.009525
0.2627827473070961 -0.0182823812962395 -0.009525
0.05261477125270157 0.2561317343790385 -0.009525
-0.1457590952489185 -0.2147894806853913 -0.009525
0.1980889942744206 0.1710738381137333 -0.009525
0.1693064393311577 -0.2023865035773329 -0.009525
0.1329698198391003 -0.1835236906102191 -0.009525
0.09745492421254048 -0.2019671401444843 -0.009525
0.09990158968232374 -0.1645838167033734 -0.009525
0.06789779881971537 -0.1782069044074984 -0.009525
0.07200412129297792 -0.1457204910432698 -0.009525
0.09954373732972327 -0.1322696942887767 -0.009525
0.07017913768463675 -0.1150195361651446 -0.009525
0.04678836671552711 -0.1292822545792053 -0.009525
0.01137291265398825 -0.02919370402934554 -0.009525
0.0974359610942743 -0.1029764986923149 -0.009525
0.07554138033780232 -0.08824180730542409 -0.009525
0.09770708833492725 -0.07659042422588858 -0.009525
0.07714472333730737 -0.06461338317534057 -0.009525
0.0977790439809208 -0.05252977542336232 -0.009525
0.02880387564273169 -0.01294642310725098 -0.009525
0.05818409834102217 -0.07429024484338274 -0.009525
0.1195917484605959 -0.06481094143472288 -0.009525
0.1187849597536472 -0.03946625033440628 -0.009525
0.09578736406781176 -0.02646688644612554 -0.009525
0.1167623510195021 -0.01471042235260569 -0.009525
0.09675698307427705 -0.002511175841644724 -0.009525
0.115616039604613 0.008823733061362676 -0.009525
0.09329901497806092 0.02149684780373188 -0.009525
0.02882642664739152 0.01142713950234103 -0.009525
0.1138134909192366 0.03168667435092663 -0.009525
0.09406096449727595 0.04389809491609119 -0.009525
0.1145067797529817 0.05344542766319666 -0.009525
0.09224330010285456 0.06576353672564783 -0.009525
0.1367606456695782 0.01990566645800333 -0.009525
0.07356663662203541 0.05137368876819921 -0.009525
0.06805806641317363 0.073141883423069 -0.009525
0.01891317438734115 0.02451238385689931 -0.009525
0.08994248273555769 0.08968147791654631 -0.009525
0.06718390160689711 0.09905098816697858 -0.009525
0.04788787505711962 0.08490606729088068 -0.009525
0.04523820403359823 0.1085452774161234 -0.009525
0.02630926830207451 0.09462568106258284 -0.009525
0.00395541207227694 0.03070153242998186 -0.009525
0.02346603061592975 0.1177291632580706 -0.009525
0.005907780002100918 0.104178798706445 -0.009525
0.00149883540901501 0.1264605503602741 -0.009525
-0.01701782391856726 0.1087093856256255 -0.009525
-0.02157750616472198 0.1363817188824436 -0.009525
-0.04196332516800708 0.1202505139962217 -0.009525
-0.03844968250723752 0.09486548905241413 -0.009525
-0.01181787306655337 0.02853106419783764 -0.009525
-0.06115836015874593 0.1039101451641201 -0.009525
-0.05671113905946727 0.08047677554179639 -0.009525
-0.07909395611484431 0.08812701831865014 -0.009525
-0.07406029365363745 0.06589193036602928 -0.009525
-0.02451017937296265 0.018887719207194 -0.009525
-0.09699364495566243 0.07265738958678131 -0.009525
-0.08969999695972858 0.04736683589947365 -0.009525
-0.1148055596560031 0.05867751310809698 -0.009525
-0.1105901266215747 0.03323665233731209 -0.009525
-0.0908636073090001 0.02452586733237358 -0.009525
-0.1071656823686038 0.009819451462637159 -0.009525
-0.03105249799754949 0.005032487529015706 -0.009525
-0.1319755517052994 0.01702263402587125 -0.009525
-0.1249343395995443 -0.007702731154331236 -0.009525
-0.01882599625439594 -0.02453451598774235 -0.009525
-0.0990743980742521 -0.01443366878282906 -0.009525
-0.02928621524282724 -0.01139424856800223 -0.009525
-0.1173046828033263 -0.03204148809349942 -0.009525
-0.09302954943318284 -0.03855017665053623 -0.009525
-0.1103177708960967 -0.05591917254377629 -0.009525
-0.08574493910449407 -0.06265288751902676 -0.009525
-0.1039665918886202 -0.08163975572575388 -0.009525
-0.078404983791012 -0.08739190425672795 -0.009525
-0.004036533013986395 -0.0306605122421383 -0.009525
-0.102107672574686 0.09710662274076354 -0.009525
0.04260475888027541 0.1330499793391355 -0.009525
0.08801976683462076 0.1154469546047825 -0.009525
0.113569315026117 0.1045806603050798 -0.009525
-0.04650095975446706 0.14751950765387 -0.009525
0.1430600130380174 -0.05133476389714428 -0.009525
0.1441122012862527 -0.07856598495099705 -0.009525
-0.1423091460123983 -0.02642722384744364 -0.009525
0.05937681670402698 -0.05482579646381341 -0.009525
0.04325310813969857 -0.06286585436059708 -0.009525
-0.1308177660346613 -0.07473886064219928 -0.009525
-0.002619081039053504 0.152955193159526 -0.009525
-0.06033550786290534 -0.0659820711273794 -0.009525
-0.05241205875187117 -0.09300282439201107 -0.009525
-0.07030550265945111 -0.1128258527621336 -0.009525
-0.12351125149454 -0.1033413175933346 -0.009525
-0.04238847422952799 -0.118797546452814 -0.009525
-0.06091684650585742 -0.1407174178895324 -0.009525
-0.03186922006150529 -0.1458151899588242 -0.009525
-0.03751436463247593 -0.07398872028040052 -0.009525
0.008903126654534334 0.08076471544202672 -0.009525
0.08064966514651717 0.008479133417520381 -0.009525
-0.0369869000422027 0.07197309984525119 -0.009525
-0.07910195513142941 -0.0245401762835011 -0.009525
0.04277337986456513 -0.04565425692602343 -0.009525
0.02919662193178638 -0.05396948150691296 -0.009525
0.02823988706672109 -0.06984668838675599 -0.009525
0.01589132834288502 -0.05982012841675596 -0.009525
0.01297609084343172 -0.07636308807616293 -0.009525
0.1110035307203308 0.1338361424585761 -0.009525
-0.04216673601164699 -0.05422115656873833 -0.009525
-0.02491775882655748 -0.05589457820021333 -0.009525
-0.05145336878178725 -0.1702169502722055 -0.009525
-0.01977588596644996 -0.1732406162593026 -0.009525
0.05715548788051444 -0.03833720370753742 -0.009525
-0.1534393698151363 -0.09531077655619707 -0.009525
0.1697633485622465 -0.06493862693550123 -0.009525
0.1684572649932357 -0.03393293229188579 -0.009525
0.1393812766996424 0.1207940361568058 -0.009525
-0.01731570278171894 -0.1215856616331094 -0.009525
-0.1448291613717091 -0.1268693393340315 -0.009525
-0.08162881362357383 -0.1653204561412721 -0.009525
-0.07315043513237192 -0.1978131757290225 -0.009525
0.04549246385753027 -0.03174224597010755 -0.009525
0.05657080981776187 -0.02371704749700558 -0.009525
0.1709439999888195 -0.0983832581068739 -0.009525
0.03118522980043796 -0.09085597080446176 -0.009525
-0.0324058678980686 -0.04190959184631948 -0.009525
-0.04510709092003843 -0.0377603109662094 -0.009525
0.1974650053299395 -0.04797126538978045 -0.009525
0.1958647860109402 -0.01431921646368168 -0.009525
0.1409947870063414 0.08876202899661556 -0.009525
0.1695733812285467 0.1066052038267053 -0.009525
0.1677703060948346 0.07056077609009315 -0.009525
-0.01409068627837804 -0.04815207539159446 -0.009525
0.1370110928759324 0.1535320008481836 -0.009525
0.1062004546539034 0.1671654748132896 -0.009525
-0.009683270481980371 -0.06046349840569825 -0.009525
0.04416525160677297 -0.01762428384517167 -0.009525
0.05626811604725941 -0.01023426534431465 -0.009525
0.04474382612544265 -0.003635868333175139 -0.009525
0.01739322335055436 -0.04546885423654162 -0.009525
0.06900791818049121 -0.0165636735038179 -0.009525
-0.03541265572235024 -0.03044939839308664 -0.009525
-0.04635379450023919 -0.02418490288177374 -0.009525
0.1244309164311902 -0.1173086640127389 -0.009525
0.05610118789314819 0.003370556100935835 -0.009525
0.04637965058623525 0.008159383758298078 -0.009525
0.05434363632296036 0.01566259828220821 -0.009525
0.0437588774501931 0.02049270610335902 -0.009525
0.05564698627771295 0.02767882080382715 -0.009525
0.04421245179369319 0.03520393128405572 -0.009525
0.01831133198007788 -0.02582205593359112 -0.009525
0.02500168610482 -0.02145306664917221 -0.009525
0.02660590710475729 -0.0309352537866519 -0.009525
0.003824323659874649 -0.03097617643931724 -0.009525
-0.0001655508732546279 -0.03903259930025706 -0.009525
-0.1586836788034261 -0.05807938779582547 -0.009525
-0.1845432289258439 -0.08468427571846346 -0.009525
-0.1918866387194887 -0.0521072795689188 -0.009525
0.03338475460814302 -0.004287864199303918 -0.009525
0.03151294096520122 0.004355549708425145 -0.009525
-0.01879746373137296 0.02450060525356584 -0.009525
-0.02631563464989265 0.02720769154981185 -0.009525
-0.03275013175071046 0.02080771049623699 -0.009525
-0.03555664817362857 0.03017219231749444 -0.009525
-0.04303345907703215 0.02274704433230333 -0.009525
-0.02764335296642152 0.03722323581400718 -0.009525
-0.03851468408584911 0.04114478026486464 -0.009525
-0.02921042946930491 0.04878787647235795 -0.009525
-0.01678754674331145 0.04380020479693967 -0.009525
-0.01901005747740777 0.05673578805140168 -0.009525
-0.00699802734958781 0.05256349174042561 -0.009525
-0.0546876081144575 0.06020854642087171 -0.009525
-0.06755756302132297 0.04669223651144857 -0.009525
-0.004033751164213428 0.0306187642613829 -0.009525
-2.187671626657336e-17 0.0375633297585472 -0.009525
0.009148863725039109 0.03727460781928207 -0.009525
-0.03116520463795232 -0.003353126945869573 -0.009525
-0.038646593853778 0.0009437740131104959 -0.009525
-0.03751988472535115 -0.008571766426787562 -0.009525
-0.04728401077486841 -0.005429304403262979 -0.009525
-0.04865862370230416 0.005918164988180058 -0.009525
-0.05868720828871909 -0.001810880252621273 -0.009525
-0.06105237139878246 0.01154041105799023 -0.009525
-0.07247911173986935 0.002344970504976776 -0.009525
0.02453451598774233 0.01882599625439597 -0.009525
0.02717872510349378 0.02641033474243596 -0.009525
0.02041685252485815 0.0344685263440027 -0.009525
-0.0248214744624012 -0.01845704797982679 -0.009525
-0.02109444672332239 0.08645456712751168 -0.009525
-0.009777490611171856 0.06368787072748719 -0.009525
0.003400704344608399 0.06178427553763608 -0.009525
0.01071520573313481 -0.09588743975196086 -0.009525
-0.0118345159877423 -0.02857104900172878 -0.009525
-0.07269260415511601 -0.04472239689278377 -0.009525
-0.01917793949781362 -0.03191438417396173 -0.009525
0.05349552826428659 -0.09312339456342716 -0.009525
-0.005895333924667398 -0.08231446942938928 -0.009525
0.07791730889582769 0.02373404927147477 -0.009525
0.029661627802981 0.0735426281888929 -0.009525
0.04630823338181313 0.06536574350833554 -0.009525
0.02803387696139465 0.0561363319252519 -0.009525
0.0271498369845349 -0.1138844298133013 -0.009525
0.04360369669231932 -0.1579622008463332 -0.009525
0.03374228513882385 -0.1909389989926022 -0.009525
0.02285523984584945 -0.1387956160681387 -0.009525
0.01862542125502575 -0.03518897653995633 -0.009525
-0.02876448141429851 0.01283746174691181 -0.009525
-0.03877963939972519 0.01234268038729463 -0.009525
0.03398918178333456 -0.0184858418812518 -0.009525
0.00483049927229318 -0.0506944509110011 -0.009525
0.1620786118599987 -0.0007314085605426849 -0.009525
0.1928552204159248 0.0188368933619209 -0.009525
0.03323626245069446 0.03642004863562561 -0.009525
0.03285424154302703 0.01907546551690199 -0.009525
0.07853846751635746 -0.0422831328357304 -0.009525
0.01191799343163106 0.02881656301168834 -0.009525
0.01779495018233925 0.04424926508527343 -0.009525
-0.1132123610408717 -0.1336240869942975 -0.009525
-0.1369342936251605 -0.1638176574279424 -0.009525
-0.009718612819509889 0.03627035682150103 -0.009525
0.2253934464102408 0.005797194576026661 -0.009525
0.2236373938262828 0.03995917513948351 -0.009525
0.02865140540547774 -0.04144066434900293 -0.009525
-0.108435263394631 -0.1896005030917136 -0.009525
-0.09945870723320958 -0.2227079444670937 -0.009525
0.06042110297305159 -0.2146638742848124 -0.009525
0.02001226699530696 -0.2265685368973204 -0.009525
-0.1765937568283106 -0.1833138757807671 -0.009525
0.2608363561145473 0.02485829393173692 -0.009525
0.009313471553080261 -0.03842579357606981 -0.009525
0.1979659423015498 0.08835000227322801 -0.009525
0.2006537329033647 0.1259380142509379 -0.009525
0.09292587810324607 -0.2445759326907123 -0.009525
0.004714558274906733 -0.2638323680471873 -0.009525
0.0564521371839665 0.04266302466125555 -0.009525
0.003903931392746075 0.04640031146752175 -0.009525
-0.01851341399617697 0.03292219307227719 -0.009525
0.03705870716348714 -0.01153143004246837 -0.009525
-0.02592672831693855 -0.09483601975124613 -0.009525
0.1292734847138676 -0.1472119788617418 -0.009525
0.1435387567284678 0.05817571811380594 -0.009525
-0.06775796301114095 0.1302033258131753 -0.009525
-0.07377472631343725 0.1592948156256005 -0.009525
-0.04938186313685778 0.1792465164587262 -0.009525
-0.08003691125413402 0.1924654680138892 -0.009525
-0.1073448153316985 0.1701255748484053 -0.009525
-0.0497282348366712 0.219911234261886 -0.009525
-0.02112284387774443 0.1957725309104461 -0.009525
-0.08674138440000707 0.2242622808624251 -0.009525
-0.01030192844779606 -0.03734821886011478 -0.009525
0.08378871286695905 0.1443793891178091 -0.009525
0.07043070051145503 0.1748938405624028 -0.009525
0.1000929055307995 0.2017667774861646 -0.009525
0.06447585918679904 0.2142972760057537 -0.009525
0.03831904732214565 0.1917496138981767 -0.009525
0.1338330276488288 0.1891307278791197 -0.009525
0.09434503096947919 0.2434452394508351 -0.009525
0.02859532833739349 0.2266484706035307 -0.009525
0.01138304038402486 0.2636166721170211 -0.009525
-0.09597649313772898 0.1392907379969068 -0.009525
-0.1309526973990308 0.1408275920541772 -0.009525
0.1406780355465192 -0.0253885856940411 -0.009525
-0.2605861724433522 0.04502296714161081 -0.009525
-0.2253704573527644 0.02316080643798481 -0.009525
-0.2260165583450959 -0.01377507018797679 -0.009525
-0.1898416777449382 0.004315070921727659 -0.009525
-0.1926048748386775 0.04186269892158669 -0.009525
-0.1623190771785581 0.02630909697711835 -0.009525
-0.1638461135673404 0.05970324211507914 -0.009525
-0.1920084739200361 0.0775861965233397 -0.009525
-0.1627933783308129 0.09299041453774476 -0.009525
-0.1929589635514294 0.1163830149024758 -0.009525
-0.258740049988192 -0.04019887022946045 -0.009525
-0.236610324031202 0.1236312506892294 -0.009525
-0.1689040348039865 0.1502550324084059 -0.009525
-0.1820456134075624 0.1906462783174679 -0.009525
0.2251097183089101 -0.1405295059107249 -0.009525
0.1874484641937765 -0.1348860597786607 -0.009525
-0.2400889680621582 -0.1253570308455772 -0.009525
-0.1369979851112649 0.04524772890504607 -0.009525
-0.1533830724373231 -0.001101019605279206 -0.009525
-0.1718147234935665 -0.02353005317707922 -0.009525
0.03621169617695147 0.02775567031965928 -0.009525
0.1546673370072104 -0.1262390931852092 -0.009525
0.2584970284836006 -0.06096576237384048 -0.009525
-0.003738959838002645 -0.1438484492540447 -0.009525
0.04205640898341551 0.04819457755078895 -0.009525
-0.0547605403884959 -0.01449210711096198 -0.009525
0.1121747799512251 0.07949358940376702 -0.009525
-0.06024662719257345 -0.02899652221136191 -0.009525
0.1713921590586081 0.207236182469147 -0.009525
-0.03501844780881545 -0.01917041174512512 -0.009525
-0.1384514819388138 0.07653723486679863 -0.009525
-0.1317680696810729 0.1054375170898909 -0.009525
0.1602956996625176 0.03665681325210317 -0.009525
-0.1771399144738046 -0.1183378416059892 -0.009525
-0.05919468162442802 -0.2328139062039465 -0.009525
0.1213341307778401 -0.09069052212017623 -0.009525
0.1675277106643596 0.1411330242827412 -0.009525
0.1999137793288594 -0.08082946103106609 -0.009525
-0.04036568295160867 -0.2009397930181946 -0.009525
0.2564336367223842 0.06449940659599875 -0.009525
-0.1145585844170124 0.2046673804403672 -0.009525
-0.00308808529907066 -0.1980083154215369 -0.009525
0.0372748129745981 0.01106488626866906 -0.009525
-0.1318866089099818 -0.04944122658454882 -0.009525
0.02012242313567396 0.1439500115165487 -0.009525
-0.1423442627359713 0.1792312732163706 -0.009525
0.03949777133259638 0.1602036186655605 -0.009525
0.06865272511577386 -0.001110960600636112 -0.009525
-0.09589818509751118 -0.1086726671029922 -0.009525
0.1343791367400422 -0.002420203417564693 -0.009525
0.01789112297841444 0.0632847239246124 -0.009525
0.162351414892314 -0.1614565395996364 -0.009525
0.2274963608353932 -0.03238659713169625 -0.009525
0.01344819565834053 -0.1671800546622789 -0.009525
0.06440010559138908 0.1248696347925261 -0.009525
-0.08625598018715963 0.1129175015111001 -0.009525
-0.02473770340785153 0.1650706214773735 -0.009525
0.06860942547450263 -0.0289341814058361 -0.009525
-0.1220789978899407 0.2415683367943964 -0.009525
-0.007859548623083199 0.2292068062326639 -0.009525
-0.2237557989689431 0.06147074673044452 -0.009525
0.00592276492022072 -0.1183608367330871 -0.009525
-0.05149208558804792 0.04418114226714852 -0.009525
-0.05871764319908368 0.0279715197294587 -0.009525
-0.02016277328180702 -0.07340929502790122 -0.009525
0.04287157032243328 -0.07819643059172494 -0.009525
-0.07447083211149935 0.01760069413282094 -0.009525
-0.08900033695191106 0.00696774479089635 -0.009525
0.03497315392774521 -0.02794790071556266 -0.009525
-0.02154183474488531 0.07024250359839099 -0.009525
0.226746169836039 -0.0641271716597664 -0.009525
-0.02669141190219968 -0.02652215183145088 -0.009525
-0.005210037776741625 -0.04705818021680537 -0.009525
-0.07080200578374393 0.2601867402922877 -0.009525
-0.0680052822605338 -0.01261040159777061 -0.009525
-0.07626192852012693 0.03283143072111509 -0.009525
-0.04546290402472829 0.03324333578225393 -0.009525
0.1945014256377846 0.05456084400427239 -0.009525
0.00362386281039243 -0.0659311270478015 -0.009525
-0.04088978446107232 0.05328425815832902 -0.009525
-0.210672493310473 -0.07519552179041837 -0.009525
0.01368270113065956 0.0539285950901983 -0.009525
-0.08153221683159914 -0.008454306273645528 -0.009525
0.2314605228602589 0.1461527226006246 -0.009525
-0.211036236615659 -0.1064837406859904 -0.009525
0.08177689726760666 -0.009476767543941611 -0.009525
0.01628622361528069 0.1733015643167256 -0.009525
-0.1679902538933137 -0.1488551251910348 -0.009525
0.1628148883219447 0.1737768505253471 -0.009525
-0.04449030091682651 -0.01447890340680938 -0.009525
-0.08235834569693228 -0.2574949187861099 -0.009525
0.007832373383287966 0.199204541293462 -0.009525
-0.08781414733263429 -0.1358653247718653 -0.009525
-0.00649995887399387 -0.1025968854597585 -0.009525
0.2093992775952897 -0.1103256755143685 -0.009525
-0.007222763047125089 0.07697413559949605 -0.009525
-0.05145562758367003 0.01620764608015256 -0.009525
-0.2197154031784458 0.09300898523751516 -0.009525
-0.02952780123897461 0.06020470522514617 -0.009525
0.0802283064896156 -0.02426733870039589 -0.009525
-0.1572273484466256 0.1216890858998951 -0.009525
-0.05561528463244612 -0.0464751117553508 -0.009525
-0.1171036702144122 0.08121045602626557 -0.009525
-0.00592005110393262 0.04331953891698706 -0.009525
0.03731387892617756 -0.03742716309793134 -0.009525
0.03865919705192404 0.003131217440582644 -0.009525
-0.0194601926340931 -0.2311028830546054 -0.009525
0.06649427090726177 0.01635134085757776 -0.009525
0.04493889971917762 -0.1101378384009375 -0.009525
-0.2221882676832091 -0.04639423206092537 -0.009525
-0.1104061026922015 0.1189941157909352 -0.009525
0.06014440983653498 0.1474792924954868 -0.009525
0.06756510426895763 0.03410253918731852 -0.009525
0.05851323343887276 0.0566104849571635 -0.009525
-0.02697862467448667 -0.03430547140311015 -0.009525
-0.1239636942202104 -0.2440678042433744 -0.009525
0.132793248753374 0.04068279921623576 -0.009525
-0.1981648195084978 -0.02573866046999495 -0.009525
0.1447268690598001 -0.1038906194043952 -0.009525
-0.02120524835200124 -0.04073183077073204 -0.009525
-0.006665421872445437 0.09322167772691477 -0.009525
0.2244839915255983 0.07300140390880563 -0.009525
0.02781281452558414 0.04468427922295231 -0.009525
0.08052304943909581 0.03664360064403722 -0.009525
-0.1093049213614897 -0.1603968425077467 -0.009525
-0.004872206265216159 0.1772608902315067 -0.009525
2 6 0 38
680
681
682
683
684
685
686
687
688
689
690
691
692
693
694
695
696
697
698
699
700
701
702
703
704
705
706
707
708
709
710
711
712
713
714
715
716
717
0.3008529200520359 0.04889335840544526 -0.0047625
0.28911390750549 0.09652040451068868 -0.0047625
0.2698869966190985 0.1416476228389405 -0.0047625
0.2436701542853874 0.1831062421397357 -0.0047625
0.2111423829497262 0.2198225059503944 -0.0047625
0.1731461348036567 0.2508454823243862 -0.0047625
0.1306654927156515 0.2753716924692443 -0.0047625
0.08480068300173545 0.2927659204252421 -0.0047625
0.03673958014182319 0.3025776648250868 -0.0047625
-0.01227305854534899 0.3045528066426945 -0.0047625
-0.06096783146293759 0.2986401907424834 -0.0047625
-0.1080835695705642 0.2849929507705147 -0.0047625
-0.1523999999999993 0.2639645430734973 -0.0047625
-0.1927693504814702 0.2360995923650697 -0.0047625
-0.2281460760425509 0.2021197862317952 -0.0047625
-0.257613938073748 0.1629051838037547 -0.0047625
-0.2804097344272091 0.119471422685352 -0.0047625
-0.2959430659514604 0.07294341447484877 -0.0047625
-0.3038116275193071 0.02452621014485919 -0.0047625
-0.3038116275193073 -0.02452621014485696 -0.0047625
-0.2959430659514609 -0.07294341447484659 -0.0047625
-0.28040973442721 -0.11947142268535 -0.0047625
-0.2576139380737491 -0.1629051838037531 -0.0047625
-0.2281460760425521 -0.2021197862317938 -0.0047625
-0.1927693504814715 -0.2360995923650687 -0.0047625
-0.1524000000000006 -0.2639645430734965 -0.0047625
-0.1080835695705655 -0.2849929507705142 -0.0047625
-0.06096783146293892 -0.2986401907424831 -0.0047625
-0.01227305854535028 -0.3045528066426944 -0.0047625
0.03673958014182225 -0.3025776648250869 -0.0047625
0.08480068300173435 -0.2927659204252424 -0.0047625
0.1306654927156506 -0.2753716924692447 -0.0047625
0.173146134803656 -0.2508454823243867 -0.0047625
0.2111423829497257 -0.2198225059503949 -0.0047625
0.243670154285387 -0.1831062421397362 -0.0047625
0.2698869966190983 -0.1416476228389409 -0.0047625
0.2891139075054899 -0.09652040451068898 -0.0047625
0.3008529200520358 -0.04889335840544544 -0.0047625
2 7 0 399
718
719
720
721
722
723
724
725
726
727
728
729
730
731
732
733
734
735
736
737
738
739
740
741
742
743
744
745
746
747
748
749
750
751
752
753
754
755
756
757
758
759
760
761
762
763
764
765
766
767
768
769
770
771
772
773
774
775
776
777
778
779
780
781
782
783
784
785
786
787
788
789
790
791
792
793
794
795
796
797
798
799
800
801
802
803
804
805
806
807
808
809
810
811
812
813
814
815
816
817
818
819
820
821
822
823
824
825
826
827
828
829
830
831
832
833
834
835
836
837
838
839
840
841
842
843
844
845
846
847
848
849
850
851
852
853
854
855
856
857
858
859
860
861
862
863
864
865
866
867
868
869
870
871
872
873
874
875
876
877
878
879
880
881
882
883
884
885
886
887
888
889
890
891
892
893
894
895
896
897
898
899
900
901
902
903
904
905
906
907
908
909
910
911
912
913
914
915
916
917
918
919
920
921
922
923
924
925
926
927
928
929
930
931
932
933
934
935
936
937
938
939
940
941
942
943
944
945
946
947
948
949
950
951
952
953
954
955
956
957
958
959
960
961
962
963
964
965
966
967
968
969
970
971
972
973
974
975
976
977
978
979
980
981
982
983
984
985
986
987
988
989
990
991
992
993
994
995
996
997
998
999
1000
1001
1002
1003
1004
1005
1006
1007
1008
1009
1010
1011
1012
1013
1014
1015
1016
1017
1018
1019
1020
1021
1022
1023
1024
1025
1026
1027
1028
1029
1030
1031
1032
1033
1034
1035
1036
1037
1038
1039
1040
1041
1042
1043
1044
1045
1046
1047
1048
1049
1050
1051
1052
1053
1054
1055
1056
1057
1058
1059
1060
1061
1062
1063
1064
1065
1066
1067
1068
1069
1070
1071
1072
1073
1074
1075
1076
1077
1078
1079
1080
1081
1082
1083
1084
1085
1086
1087
1088
1089
1090
1091
1092
1093
1094
1095
1096
1097
1098
1099
1100
1101
1102
1103
1104
1105
1106
1107
1108
1109
1110
1111
1112
1113
1114
1115
1116
-0.2113048214910725 0.1558206367764492 0
0.239677251310351 0.1037638036798325 0
-0.03149996943174069 0.2594255883144427 0
-0.03883953119966493 -0.2644543787394464 0
-0.2076768365860083 -0.151616726134999 0
0.239960291075792 -0.100126341928417 0
0.1338805114203925 0.2274706935668129 0
0.1330207480500973 -0.2269088190365555 0
-0.2630198803862938 0.001642730491994955 0
0.2004429442687715 -0.1744919115846545 0
-0.2532434554206187 0.08597371734208632 0
0.05119231766640217 -0.2557781497839351 0
-0.1502598310565374 0.2188657812294003 0
-0.2460959783356662 -0.08371104802049492 0
0.2627827473070961 -0.0182823812962395 0
0.05261477125270157 0.2561317343790385 0
-0.1457590952489185 -0.2147894806853913 0
0.1980889942744206 0.1710738381137333 0
0.1693064393311577 -0.2023865035773329 0
0.1329698198391003 -0.1835236906102191 0
0.09745492421254048 -0.2019671401444843 0
0.09990158968232374 -0.1645838167033734 0
0.06789779881971537 -0.1782069044074984 0
0.07200412129297792 -0.1457204910432698 0
0.09954373732972327 -0.1322696942887767 0
0.07017913768463675 -0.1150195361651446 0
0.04678836671552711 -0.1292822545792053 0
0.01137291265398825 -0.02919370402934554 0
0.0974359610942743 -0.1029764986923149 0
0.07554138033780232 -0.08824180730542409 0
0.09770708833492725 -0.07659042422588858 0
0.07714472333730737 -0.06461338317534057 0
0.0977790439809208 -0.05252977542336232 0
0.02880387564273169 -0.01294642310725098 0
0.05818409834102217 -0.07429024484338274 0
0.1195917484605959 -0.06481094143472288 0
0.1187849597536472 -0.03946625033440628 0
0.09578736406781176 -0.02646688644612554 0
0.1167623510195021 -0.01471042235260569 0
0.09675698307427705 -0.002511175841644724 0
0.115616039604613 0.008823733061362676 0
0.09329901497806092 0.02149684780373188 0
0.02882642664739152 0.01142713950234103 0
0.1138134909192366 0.03168667435092663 0
0.09406096449727595 0.04389809491609119 0
0.1145067797529817 0.05344542766319666 0
0.09224330010285456 0.06576353672564783 0
0.1367606456695782 0.01990566645800333 0
0.07356663662203541 0.05137368876819921 0
0.06805806641317363 0.073141883423069 0
0.01891317438734115 0.02451238385689931 0
0.08994248273555769 0.08968147791654631 0
0.06718390160689711 0.09905098816697858 0
0.04788787505711962 0.08490606729088068 0
0.04523820403359823 0.1085452774161234 0
0.02630926830207451 0.09462568106258284 0
0.00395541207227694 0.03070153242998186 0
0.02346603061592975 0.1177291632580706 0
0.005907780002100918 0.104178798706445 0
0.00149883540901501 0.1264605503602741 0
-0.01701782391856726 0.1087093856256255 0
-0.02157750616472198 0.1363817188824436 0
-0.04196332516800708 0.1202505139962217 0
-0.03844968250723752 0.09486548905241413 0
-0.01181787306655337 0.02853106419783764 0
-0.06115836015874593 0.1039101451641201 0
-0.05671113905946727 0.08047677554179639 0
-0.07909395611484431 0.08812701831865014 0
-0.07406029365363745 0.06589193036602928 0
-0.02451017937296265 0.018887719207194 0
-0.09699364495566243 0.07265738958678131 0
-0.08969999695972858 0.04736683589947365 0
-0.1148055596560031 0.05867751310809698 0
-0.1105901266215747 0.03323665233731209 0
-0.0908636073090001 0.02452586733237358 0
-0.1071656823686038 0.009819451462637159 0
-0.03105249799754949 0.005032487529015706 0
-0.1319755517052994 0.01702263402587125 0
-0.1249343395995443 -0.007702731154331236 0
-0.01882599625439594 -0.02453451598774235 0
-0.0990743980742521 -0.01443366878282906 0
-0.02928621524282724 -0.01139424856800223 0
-0.1173046828033263 -0.03204148809349942 0
-0.09302954943318284 -0.03855017665053623 0
-0.1103177708960967 -0.05591917254377629 0
-0.08574493910449407 -0.06265288751902676 0
-0.1039665918886202 -0.08163975572575388 0
-0.078404983791012 -0.08739190425672795 0
-0.004036533013986395 -0.0306605122421383 0
-0.102107672574686 0.09710662274076354 0
0.04260475888027541 0.1330499793391355 0
0.08801976683462076 0.1154469546047825 0
0.113569315026117 0.1045806603050798 0
-0.04650095975446706 0.14751950765387 0
0.1430600130380174 -0.05133476389714428 0
0.1441122012862527 -0.07856598495099705 0
-0.1423091460123983 -0.02642722384744364 0
0.05937681670402698 -0.05482579646381341 0
0.04325310813969857 -0.06286585436059708 0
-0.1308177660346613 -0.07473886064219928 0
-0.002619081039053504 0.152955193159526 0
-0.06033550786290534 -0.0659820711273794 0
-0.05241205875187117 -0.09300282439201107 0
-0.07030550265945111 -0.1128258527621336 0
-0.12351125149454 -0.1033413175933346 0
-0.04238847422952799 -0.118797546452814 0
-0.06091684650585742 -0.1407174178895324 0
-0.03186922006150529 -0.1458151899588242 0
-0.03751436463247593 -0.07398872028040052 0
0.008903126654534334 0.08076471544202672 0
0.08064966514651717 0.008479133417520381 0
-0.0369869000422027 0.07197309984525119 0
-0.07910195513142941 -0.0245401762835011 0
0.04277337986456513 -0.04565425692602343 0
0.02919662193178638 -0.05396948150691296 0
0.02823988706672109 -0.06984668838675599 0
0.01589132834288502 -0.05982012841675596 0
0.01297609084343172 -0.07636308807616293 0
0.1110035307203308 0.1338361424585761 0
-0.04216673601164699 -0.05422115656873833 0
-0.02491775882655748 -0.05589457820021333 0
-0.05145336878178725 -0.1702169502722055 0
-0.01977588596644996 -0.1732406162593026 0
0.05715548788051444 -0.03833720370753742 0
-0.1534393698151363 -0.09531077655619707 0
0.1697633485622465 -0.06493862693550123 0
0.1684572649932357 -0.03393293229188579 0
0.1393812766996424 0.1207940361568058 0
-0.01731570278171894 -0.1215856616331094 0
-0.1448291613717091 -0.1268693393340315 0
-0.08162881362357383 -0.1653204561412721 0
-0.07315043513237192 -0.1978131757290225 0
0.04549246385753027 -0.03174224597010755 0
0.05657080981776187 -0.02371704749700558 0
0.1709439999888195 -0.0983832581068739 0
0.03118522980043796 -0.09085597080446176 0
-0.0324058678980686 -0.04190959184631948 0
-0.04510709092003843 -0.0377603109662094 0
0.1974650053299395 -0.04797126538978045 0
0.1958647860109402 -0.01431921646368168 0
0.1409947870063414 0.08876202899661556 0
0.1695733812285467 0.1066052038267053 0
0.1677703060948346 0.07056077609009315 0
-0.01409068627837804 -0.04815207539159446 0
0.1370110928759324 0.1535320008481836 0
0.1062004546539034 0.1671654748132896 0
-0.009683270481980371 -0.06046349840569825 0
0.04416525160677297 -0.01762428384517167 0
0.05626811604725941 -0.01023426534431465 0
0.04474382612544265 -0.003635868333175139 0
0.01739322335055436 -0.04546885423654162 0
0.06900791818049121 -0.0165636735038179 0
-0.03541265572235024 -0.03044939839308664 0
-0.04635379450023919 -0.02418490288177374 0
0.1244309164311902 -0.1173086640127389 0
0.05610118789314819 0.003370556100935835 0
0.04637965058623525 0.008159383758298078 0
0.05434363632296036 0.01566259828220821 0
0.0437588774501931 0.02049270610335902 0
0.05564698627771295 0.02767882080382715 0
0.04421245179369319 0.03520393128405572 0
0.01831133198007788 -0.02582205593359112 0
0.02500168610482 -0.02145306664917221 0
0.02660590710475729 -0.0309352537866519 0
0.003824323659874649 -0.03097617643931724 0
-0.0001655508732546279 -0.03903259930025706 0
-0.1586836788034261 -0.05807938779582547 0
-0.1845432289258439 -0.08468427571846346 0
-0.1918866387194887 -0.0521072795689188 0
0.03338475460814302 -0.004287864199303918 0
0.03151294096520122 0.004355549708425145 0
-0.01879746373137296 0.02450060525356584 0
-0.02631563464989265 0.02720769154981185 0
-0.03275013175071046 0.02080771049623699 0
-0.03555664817362857 0.03017219231749444 0
-0.04303345907703215 0.02274704433230333 0
-0.02764335296642152 0.03722323581400718 0
-0.03851468408584911 0.04114478026486464 0
-0.02921042946930491 0.04878787647235795 0
-0.01678754674331145 0.04380020479693967 0
-0.01901005747740777 0.05673578805140168 0
-0.00699802734958781 0.05256349174042561 0
-0.0546876081144575 0.06020854642087171 0
-0.06755756302132297 0.04669223651144857 0
-0.004033751164213428 0.0306187642613829 0
-2.187671626657336e-17 0.0375633297585472 0
0.009148863725039109 0.03727460781928207 0
-0.03116520463795232 -0.003353126945869573 0
-0.038646593853778 0.0009437740131104959 0
-0.03751988472535115 -0.008571766426787562 0
-0.04728401077486841 -0.005429304403262979 0
-0.04865862370230416 0.005918164988180058 0
-0.05868720828871909 -0.001810880252621273 0
-0.06105237139878246 0.01154041105799023 0
-0.07247911173986935 0.002344970504976776 0
0.02453451598774233 0.01882599625439597 0
0.02717872510349378 0.02641033474243596 0
0.02041685252485815 0.0344685263440027 0
-0.0248214744624012 -0.01845704797982679 0
-0.02109444672332239 0.08645456712751168 0
-0.009777490611171856 0.06368787072748719 0
0.003400704344608399 0.06178427553763608 0
0.01071520573313481 -0.09588743975196086 0
-0.0118345159877423 -0.02857104900172878 0
-0.07269260415511601 -0.04472239689278377 0
-0.01917793949781362 -0.03191438417396173 0
0.05349552826428659 -0.09312339456342716 0
-0.005895333924667398 -0.08231446942938928 0
0.07791730889582769 0.02373404927147477 0
0.029661627802981 0.0735426281888929 0
0.04630823338181313 0.06536574350833554 0
0.02803387696139465 0.0561363319252519 0
0.0271498369845349 -0.1138844298133013 0
0.04360369669231932 -0.1579622008463332 0
0.03374228513882385 -0.1909389989926022 0
0.02285523984584945 -0.1387956160681387 0
0.01862542125502575 -0.03518897653995633 0
-0.02876448141429851 0.01283746174691181 0
-0.03877963939972519 0.01234268038729463 0
0.03398918178333456 -0.0184858418812518 0
0.00483049927229318 -0.0506944509110011 0
0.1620786118599987 -0.0007314085605426849 0
0.1928552204159248 0.0188368933619209 0
0.03323626245069446 0.03642004863562561 0
0.03285424154302703 0.01907546551690199 0
0.07853846751635746 -0.0422831328357304 0
0.01191799343163106 0.02881656301168834 0
0.01779495018233925 0.04424926508527343 0
-0.1132123610408717 -0.1336240869942975 0
-0.1369342936251605 -0.1638176574279424 0
-0.009718612819509889 0.03627035682150103 0
0.2253934464102408 0.005797194576026661 0
0.2236373938262828 0.03995917513948351 0
0.02865140540547774 -0.04144066434900293 0
-0.108435263394631 -0.1896005030917136 0
-0.09945870723320958 -0.2227079444670937 0
0.06042110297305159 -0.2146638742848124 0
0.02001226699530696 -0.2265685368973204 0
-0.1765937568283106 -0.1833138757807671 0
0.2608363561145473 0.02485829393173692 0
0.009313471553080261 -0.03842579357606981 0
0.1979659423015498 0.08835000227322801 0
0.2006537329033647 0.1259380142509379 0
0.09292587810324607 -0.2445759326907123 0
0.004714558274906733 -0.2638323680471873 0
0.0564521371839665 0.04266302466125555 0
0.003903931392746075 0.04640031146752175 0
-0.01851341399617697 0.03292219307227719 0
0.03705870716348714 -0.01153143004246837 0
-0.02592672831693855 -0.09483601975124613 0
0.1292734847138676 -0.1472119788617418 0
0.1435387567284678 0.05817571811380594 0
-0.06775796301114095 0.1302033258131753 0
-0.07377472631343725 0.1592948156256005 0
-0.04938186313685778 0.1792465164587262 0
-0.08003691125413402 0.1924654680138892 0
-0.1073448153316985 0.1701255748484053 0
-0.0497282348366712 0.219911234261886 0
-0.02112284387774443 0.1957725309104461 0
-0.08674138440000707 0.2242622808624251 0
-0.01030192844779606 -0.03734821886011478 0
0.08378871286695905 0.1443793891178091 0
0.07043070051145503 0.1748938405624028 0
0.1000929055307995 0.2017667774861646 0
0.06447585918679904 0.2142972760057537 0
0.03831904732214565 0.1917496138981767 0
0.1338330276488288 0.1891307278791197 0
0.09434503096947919 0.2434452394508351 0
0.02859532833739349 0.2266484706035307 0
0.01138304038402486 0.2636166721170211 0
-0.09597649313772898 0.1392907379969068 0
-0.1309526973990308 0.1408275920541772 0
0.1406780355465192 -0.0253885856940411 0
-0.2605861724433522 0.04502296714161081 0
-0.2253704573527644 0.02316080643798481 0
-0.2260165583450959 -0.01377507018797679 0
-0.1898416777449382 0.004315070921727659 0
-0.1926048748386775 0.04186269892158669 0
-0.1623190771785581 0.02630909697711835 0
-0.1638461135673404 0.05970324211507914 0
-0.1920084739200361 0.0775861965233397 0
-0.1627933783308129 0.09299041453774476 0
-0.1929589635514294 0.1163830149024758 0
-0.258740049988192 -0.04019887022946045 0
-0.236610324031202 0.1236312506892294 0
-0.1689040348039865 0.1502550324084059 0
-0.1820456134075624 0.1906462783174679 0
0.2251097183089101 -0.1405295059107249 0
0.1874484641937765 -0.1348860597786607 0
-0.2400889680621582 -0.1253570308455772 0
-0.1369979851112649 0.04524772890504607 0
-0.1533830724373231 -0.001101019605279206 0
-0.1718147234935665 -0.02353005317707922 0
0.03621169617695147 0.02775567031965928 0
0.1546673370072104 -0.1262390931852092 0
0.2584970284836006 -0.06096576237384048 0
-0.003738959838002645 -0.1438484492540447 0
0.04205640898341551 0.04819457755078895 0
-0.0547605403884959 -0.01449210711096198 0
0.1121747799512251 0.07949358940376702 0
-0.06024662719257345 -0.02899652221136191 0
0.1713921590586081 0.207236182469147 0
-0.03501844780881545 -0.01917041174512512 0
-0.1384514819388138 0.07653723486679863 0
-0.1317680696810729 0.1054375170898909 0
0.1602956996625176 0.03665681325210317 0
-0.1771399144738046 -0.1183378416059892 0
-0.05919468162442802 -0.2328139062039465 0
0.1213341307778401 -0.09069052212017623 0
0.1675277106643596 0.1411330242827412 0
0.1999137793288594 -0.08082946103106609 0
-0.04036568295160867 -0.2009397930181946 0
0.2564336367223842 0.06449940659599875 0
-0.1145585844170124 0.2046673804403672 0
-0.00308808529907066 -0.1980083154215369 0
0.0372748129745981 0.01106488626866906 0
-0.1318866089099818 -0.04944122658454882 0
0.02012242313567396 0.1439500115165487 0
-0.1423442627359713 0.1792312732163706 0
0.03949777133259638 0.1602036186655605 0
0.06865272511577386 -0.001110960600636112 0
-0.09589818509751118 -0.1086726671029922 0
0.1343791367400422 -0.002420203417564693 0
0.01789112297841444 0.0632847239246124 0
0.162351414892314 -0.1614565395996364 0
0.2274963608353932 -0.03238659713169625 0
0.01344819565834053 -0.1671800546622789 0
0.06440010559138908 0.1248696347925261 0
-0.08625598018715963 0.1129175015111001 0
-0.02473770340785153 0.1650706214773735 0
0.06860942547450263 -0.0289341814058361 0
-0.1220789978899407 0.2415683367943964 0
-0.007859548623083199 0.2292068062326639 0
-0.2237557989689431 0.06147074673044452 0
0.00592276492022072 -0.1183608367330871 0
-0.05149208558804792 0.04418114226714852 0
-0.05871764319908368 0.0279715197294587 0
-0.02016277328180702 -0.07340929502790122 0
0.04287157032243328 -0.07819643059172494 0
-0.07447083211149935 0.01760069413282094 0
-0.08900033695191106 0.00696774479089635 0
0.03497315392774521 -0.02794790071556266 0
-0.02154183474488531 0.07024250359839099 0
0.226746169836039 -0.0641271716597664 0
-0.02669141190219968 -0.02652215183145088 0
-0.005210037776741625 -0.04705818021680537 0
-0.07080200578374393 0.2601867402922877 0
-0.0680052822605338 -0.01261040159777061 0
-0.07626192852012693 0.03283143072111509 0
-0.04546290402472829 0.03324333578225393 0
0.1945014256377846 0.05456084400427239 0
0.00362386281039243 -0.0659311270478015 0
-0.04088978446107232 0.05328425815832902 0
-0.210672493310473 -0.07519552179041837 0
0.01368270113065956 0.0539285950901983 0
-0.08153221683159914 -0.008454306273645528 0
0.2314605228602589 0.1461527226006246 0
-0.211036236615659 -0.1064837406859904 0
0.08177689726760666 -0.009476767543941611 0
0.01628622361528069 0.1733015643167256 0
-0.1679902538933137 -0.1488551251910348 0
0.1628148883219447 0.1737768505253471 0
-0.04449030091682651 -0.01447890340680938 0
-0.08235834569693228 -0.2574949187861099 0
0.007832373383287966 0.199204541293462 0
-0.08781414733263429 -0.1358653247718653 0
-0.00649995887399387 -0.1025968854597585 0
0.2093992775952897 -0.1103256755143685 0
-0.007222763047125089 0.07697413559949605 0
-0.05145562758367003 0.01620764608015256 0
-0.2197154031784458 0.09300898523751516 0
-0.02952780123897461 0.06020470522514617 0
0.0802283064896156 -0.02426733870039589 0
-0.1572273484466256 0.1216890858998951 0
-0.05561528463244612 -0.0464751117553508 0
-0.1171036702144122 0.08121045602626557 0
-0.00592005110393262 0.04331953891698706 0
0.03731387892617756 -0.03742716309793134 0
0.03865919705192404 0.003131217440582644 0
-0.0194601926340931 -0.2311028830546054 0
0.06649427090726177 0.01635134085757776 0
0.04493889971917762 -0.1101378384009375 0
-0.2221882676832091 -0.04639423206092537 0
-0.1104061026922015 0.1189941157909352 0
0.06014440983653498 0.1474792924954868 0
0.06756510426895763 0.03410253918731852 0
0.05851323343887276 0.0566104849571635 0
-0.02697862467448667 -0.03430547140311015 0
-0.1239636942202104 -0.2440678042433744 0
0.132793248753374 0.04068279921623576 0
-0.1981648195084978 -0.02573866046999495 0
0.1447268690598001 -0.1038906194043952 0
-0.02120524835200124 -0.04073183077073204 0
-0.006665421872445437 0.09322167772691477 0
0.2244839915255983 0.07300140390880563 0
0.02781281452558414 0.04468427922295231 0
0.08052304943909581 0.03664360064403722 0
-0.1093049213614897 -0.1603968425077467 0
-0.004872206265216159 0.1772608902315067 0
2 8 0 1817
1117
1118
1119
1120
1121
1122
1123
1124
1125
1126
1127
1128
1129
1130
1131
1132
1133
1134
1135
1136
1137
1138
1139
1140
1141
1142
1143
1144
1145
1146
1147
1148
1149
1150
1151
1152
1153
1154
1155
1156
1157
1158
1159
1160
1161
1162
1163
1164
1165
1166
1167
1168
1169
1170
1171
1172
1173
1174
1175
1176
1177
1178
1179
1180
1181
1182
1183
1184
1185
1186
1187
1188
1189
1190
1191
1192
1193
1194
1195
1196
1197
1198
1199
1200
1201
1202
1203
1204
1205
1206
1207
1208
1209
1210
1211
1212
1213
1214
1215
1216
1217
1218
1219
1220
1221
1222
1223
1224
1225
1226
1227
1228
1229
1230
1231
1232
1233
1234
1235
1236
1237
1238
1239
1240
1241
1242
1243
1244
1245
1246
1247
1248
1249
1250
1251
1252
1253
1254
1255
1256
1257
1258
1259
1260
1261
1262
1263
1264
1265
1266
1267
1268
1269
1270
1271
1272
1273
1274
1275
1276
1277
1278
1279
1280
1281
1282
1283
1284
1285
1286
1287
1288
1289
1290
1291
1292
1293
1294
1295
1296
1297
1298
1299
1300
1301
1302
1303
1304
1305
1306
1307
1308
1309
1310
1311
1312
1313
1314
1315
1316
1317
1318
1319
1320
1321
1322
1323
1324
1325
1326
1327
1328
1329
1330
1331
1332
1333
1334
1335
1336
1337
1338
1339
1340
1341
1342
1343
1344
1345
1346
1347
1348
1349
1350
1351
1352
1353
1354
1355
1356
1357
1358
1359
1360
1361
1362
1363
1364
1365
1366
1367
1368
1369
1370
1371
1372
1373
1374
1375
1376
1377
1378
1379
1380
1381
1382
1383
1384
1385
1386
1387
1388
1389
1390
1391
1392
1393
1394
1395
1396
1397
1398
1399
1400
1401
1402
1403
1404
1405
1406
1407
1408
1409
1410
1411
1412
1413
1414
1415
1416
1417
1418
1419
1420
1421
1422
1423
1424
1425
1426
1427
1428
1429
1430
1431
1432
1433
1434
1435
1436
1437
1438
1439
1440
1441
1442
1443
1444
1445
1446
1447
1448
1449
1450
1451
1452
1453
1454
1455
1456
1457
1458
1459
1460
1461
1462
1463
1464
1465
1466
1467
1468
1469
1470
1471
1472
1473
1474
1475
1476
1477
1478
1479
1480
1481
1482
1483
1484
1485
1486
1487
1488
1489
1490
1491
1492
1493
1494
1495
1496
1497
1498
1499
1500
1501
1502
1503
1504
1505
1506
1507
1508
1509
1510
1511
1512
1513
1514
1515
1516
1517
1518
1519
1520
1521
1522
1523
1524
1525
1526
1527
1528
1529
1530
1531
1532
1533
1534
1535
1536
1537
1538
1539
1540
1541
1542
1543
1544
1545
1546
1547
1548
1549
1550
1551
1552
1553
1554
1555
1556
1557
1558
1559
1560
1561
1562
1563
1564
1565
1566
1567
1568
1569
1570
1571
1572
1573
1574
1575
1576
1577
1578
1579
1580
1581
1582
1583
1584
1585
1586
1587
1588
1589
1590
1591
1592
1593
1594
1595
1596
1597
1598
1599
1600
1601
1602
1603
1604
1605
1606
1607
1608
1609
1610
1611
1612
1613
1614
1615
1616
1617
1618
1619
1620
1621
1622
1623
1624
1625
1626
1627
1628
1629
1630
1631
1632
1633
1634
1635
1636
1637
1638
1639
1640
1641
1642
1643
1644
1645
1646
1647
1648
1649
1650
1651
1652
1653
1654
1655
1656
1657
1658
1659
1660
1661
1662
1663
1664
1665
1666
1667
1668
1669
1670
1671
1672
1673
1674
1675
1676
1677
1678
1679
1680
1681
1682
1683
1684
1685
1686
1687
1688
1689
1690
1691
1692
1693
1694
1695
1696
1697
1698
1699
1700
1701
1702
1703
1704
1705
1706
1707
1708
1709
1710
1711
1712
1713
1714
1715
1716
1717
1718
1719
1720
1721
1722
1723
1724
1725
1726
1727
1728
1729
1730
1731
1732
1733
1734
1735
1736
1737
1738
1739
1740
1741
1742
1743
1744
1745
1746
1747
1748
1749
1750
1751
1752
1753
1754
1755
1756
1757
1758
1759
1760
1761
1762
1763
1764
1765
1766
1767
1768
1769
1770
1771
1772
1773
1774
1775
1776
1777
1778
1779
1780
1781
1782
1783
1784
1785
1786
1787
1788
1789
1790
1791
1792
1793
1794
1795
1796
1797
1798
1799
1800
1801
1802
1803
1804
1805
1806
1807
1808
1809
1810
1811
1812
1813
1814
1815
1816
1817
1818
1819
1820
1821
1822
1823
1824
1825
1826
1827
1828
1829
1830
1831
1832
1833
1834
1835
1836
1837
1838
1839
1840
1841
1842
1843
1844
1845
1846
1847
1848
1849
1850
1851
1852
1853
1854
1855
1856
1857
1858
1859
1860
1861
1862
1863
1864
1865
1866
1867
1868
1869
1870
1871
1872
1873
1874
1875
1876
1877
1878
1879
1880
1881
1882
1883
1884
1885
1886
1887
1888
1889
1890
1891
1892
1893
1894
1895
1896
1897
1898
1899
1900
1901
1902
1903
1904
1905
1906
1907
1908
1909
1910
1911
1912
1913
1914
1915
1916
1917
1918
1919
1920
1921
1922
1923
1924
1925
1926
1927
1928
1929
1930
1931
1932
1933
1934
1935
1936
1937
1938
1939
1940
1941
1942
1943
1944
1945
1946
1947
1948
1949
1950
1951
1952
1953
1954
1955
1956
1957
1958
1959
1960
1961
1962
1963
1964
1965
1966
1967
1968
1969
1970
1971
1972
1973
1974
1975
1976
1977
1978
1979
1980
1981
1982
1983
1984
1985
1986
1987
1988
1989
1990
1991
1992
1993
1994
1995
1996
1997
1998
1999
2000
2001
2002
2003
2004
2005
2006
2007
2008
2009
2010
2011
2012
2013
2014
2015
2016
2017
2018
2019
2020
2021
2022
2023
2024
2025
2026
2027
2028
2029
2030
2031
2032
2033
2034
2035
2036
2037
2038
2039
2040
2041
2042
2043
2044
2045
2046
2047
2048
2049
2050
2051
2052
2053
2054
2055
2056
2057
2058
2059
2060
2061
2062
2063
2064
2065
2066
2067
2068
2069
2070
2071
2072
2073
2074
2075
2076
2077
2078
2079
2080
2081
2082
2083
2084
2085
2086
2087
2088
2089
2090
2091
2092
2093
2094
2095
2096
2097
2098
2099
2100
2101
2102
2103
2104
2105
2106
2107
2108
2109
2110
2111
2112
2113
2114
2115
2116
2117
2118
2119
2120
2121
2122
2123
2124
2125
2126
2127
2128
2129
2130
2131
2132
2133
2134
2135
2136
2137
2138
2139
2140
2141
2142
2143
2144
2145
2146
2147
2148
2149
2150
2151
2152
2153
2154
2155
2156
2157
2158
2159
2160
2161
2162
2163
2164
2165
2166
2167
2168
2169
2170
2171
2172
2173
2174
2175
2176
2177
2178
2179
2180
2181
2182
2183
2184
2185
2186
2187
2188
2189
2190
2191
2192
2193
2194
2195
2196
2197
2198
2199
2200
2201
2202
2203
2204
2205
2206
2207
2208
2209
2210
2211
2212
2213
2214
2215
2216
2217
2218
2219
2220
2221
2222
2223
2224
2225
2226
2227
2228
2229
2230
2231
2232
2233
2234
2235
2236
2237
2238
2239
2240
2241
2242
2243
2244
2245
2246
2247
2248
2249
2250
2251
2252
2253
2254
2255
2256
2257
2258
2259
2260
2261
2262
2263
2264
2265
2266
2267
2268
2269
2270
2271
2272
2273
2274
2275
2276
2277
2278
2279
2280
2281
2282
2283
2284
2285
2286
2287
2288
2289
2290
2291
2292
2293
2294
2295
2296
2297
2298
2299
2300
2301
2302
2303
2304
2305
2306
2307
2308
2309
2310
2311
2312
2313
2314
2315
2316
2317
2318
2319
2320
2321
2322
2323
2324
2325
2326
2327
2328
2329
2330
2331
2332
2333
2334
2335
2336
2337
2338
2339
2340
2341
2342
2343
2344
2345
2346
2347
2348
2349
2350
2351
2352
2353
2354
2355
2356
2357
2358
2359
2360
2361
2362
2363
2364
2365
2366
2367
2368
2369
2370
2371
2372
2373
2374
2375
2376
2377
2378
2379
2380
2381
2382
2383
2384
2385
2386
2387
2388
2389
2390
2391
2392
2393
2394
2395
2396
2397
2398
2399
2400
2401
2402
2403
2404
2405
2406
2407
2408
2409
2410
2411
2412
2413
2414
2415
2416
2417
2418
2419
2420
2421
2422
2423
2424
2425
2426
2427
2428
2429
2430
2431
2432
2433
2434
2435
2436
2437
2438
2439
2440
2441
2442
2443
2444
2445
2446
2447
2448
2449
2450
2451
2452
2453
2454
2455
2456
2457
2458
2459
2460
2461
2462
2463
2464
2465
2466
2467
2468
2469
2470
2471
2472
2473
2474
2475
2476
2477
2478
2479
2480
2481
2482
2483
2484
2485
2486
2487
2488
2489
2490
2491
2492
2493
2494
2495
2496
2497
2498
2499
2500
2501
2502
2503
2504
2505
2506
2507
2508
2509
2510
2511
2512
2513
2514
2515
2516
2517
2518
2519
2520
2521
2522
2523
2524
2525
2526
2527
2528
2529
2530
2531
2532
2533
2534
2535
2536
2537
2538
2539
2540
2541
2542
2543
2544
2545
2546
2547
2548
2549
2550
2551
2552
2553
2554
2555
2556
2557
2558
2559
2560
2561
2562
2563
2564
2565
2566
2567
2568
2569
2570
2571
2572
2573
2574
2575
2576
2577
2578
2579
2580
2581
2582
2583
2584
2585
2586
2587
2588
2589
2590
2591
2592
2593
2594
2595
2596
2597
2598
2599
2600
2601
2602
2603
2604
2605
2606
2607
2608
2609
2610
2611
2612
2613
2614
2615
2616
2617
2618
2619
2620
2621
2622
2623
2624
2625
2626
2627
2628
2629
2630
2631
2632
2633
2634
2635
2636
2637
2638
2639
2640
2641
2642
2643
2644
2645
2646
2647
2648
2649
2650
2651
2652
2653
2654
2655
2656
2657
2658
2659
2660
2661
2662
2663
2664
2665
2666
2667
2668
2669
2670
2671
2672
2673
2674
2675
2676
2677
2678
2679
2680
2681
2682
2683
2684
2685
2686
2687
2688
2689
2690
2691
2692
2693
2694
2695
2696
2697
2698
2699
2700
2701
2702
2703
2704
2705
2706
2707
2708
2709
2710
2711
2712
2713
2714
2715
2716
2717
2718
2719
2720
2721
2722
2723
2724
2725
2726
2727
2728
2729
2730
2731
2732
2733
2734
2735
2736
2737
2738
2739
2740
2741
2742
2743
2744
2745
2746
2747
2748
2749
2750
2751
2752
2753
2754
2755
2756
2757
2758
2759
2760
2761
2762
2763
2764
2765
2766
2767
2768
2769
2770
2771
2772
2773
2774
2775
2776
2777
2778
2779
2780
2781
2782
2783
2784
2785
2786
2787
2788
2789
2790
2791
2792
2793
2794
2795
2796
2797
2798
2799
2800
2801
2802
2803
2804
2805
2806
2807
2808
2809
2810
2811
2812
2813
2814
2815
2816
2817
2818
2819
2820
2821
2822
2823
2824
2825
2826
2827
2828
2829
2830
2831
2832
2833
2834
2835
2836
2837
2838
2839
2840
2841
2842
2843
2844
2845
2846
2847
2848
2849
2850
2851
2852
2853
2854
2855
2856
2857
2858
2859
2860
2861
2862
2863
2864
2865
2866
2867
2868
2869
2870
2871
2872
2873
2874
2875
2876
2877
2878
2879
2880
2881
2882
2883
2884
2885
2886
2887
2888
2889
2890
2891
2892
2893
2894
2895
2896
2897
2898
2899
2900
2901
2902
2903
2904
2905
2906
2907
2908
2909
2910
2911
2912
2913
2914
2915
2916
2917
2918
2919
2920
2921
2922
2923
2924
2925
2926
2927
2928
2929
2930
2931
2932
2933
0.02453451598774234 0.006574003745604029 0.0762
0.02453451598774234 0.006574003745604029 0.1524
0.02453451598774234 0.006574003745604029 0.2286
0.02453451598774234 0.006574003745604029 0.3048
0.02453451598774234 0.006574003745604029 0.381
0.02453451598774234 0.006574003745604029 0.4572
0.02453451598774234 0.006574003745604029 0.5334
0.02453451598774234 0.006574003745604029 0.6096
0.02453451598774234 0.006574003745604029 0.6858000000000001
0.02453451598774234 0.006574003745604029 0.762
0.02453451598774234 0.006574003745604029 0.8382000000000001
0.02453451598774234 0.006574003745604029 0.9144
0.02453451598774234 0.006574003745604029 0.9906
0.02453451598774234 0.006574003745604029 1.0668
0.02453451598774234 0.006574003745604029 1.143
0.02453451598774234 0.006574003745604029 1.2192
0.02453451598774234 0.006574003745604029 1.2954
0.02453451598774234 0.006574003745604029 1.3716
0.02453451598774234 0.006574003745604029 1.4478
0.02453451598774234 0.006574003745604029 1.524
0.02453451598774234 0.006574003745604029 1.6002
0.02453451598774234 0.006574003745604029 1.6764
0.02453451598774234 0.006574003745604029 1.7526
0.02453451598774234 0.006574003745604029 1.8288
0.02453451598774234 0.006574003745604029 1.905
0.02453451598774234 0.006574003745604029 1.9812
0.02453451598774234 0.006574003745604029 2.0574
0.02453451598774234 0.006574003745604029 2.1336
0.02453451598774234 0.006574003745604029 2.2098
0.02453451598774234 0.006574003745604029 2.286
0.02453451598774234 0.006574003745604029 2.3622
0.02453451598774234 0.006574003745604029 2.4384
0.02453451598774234 0.006574003745604029 2.5146
0.02453451598774234 0.006574003745604029 2.5908
0.02453451598774234 0.006574003745604029 2.667
0.02453451598774234 0.006574003745604029 2.7432
0.02453451598774234 0.006574003745604029 2.8194
0.02453451598774234 0.006574003745604029 2.8956
0.02453451598774234 0.006574003745604029 2.9718
0.02453451598774234 0.006574003745604029 3.048
0.02453451598774234 0.006574003745604029 3.1242
0.02453451598774234 0.006574003745604029 3.2004
0.02453451598774234 0.006574003745604029 3.2766
0.02453451598774234 0.006574003745604029 3.3528
0.02453451598774234 0.006574003745604029 3.429
0.02453451598774234 0.006574003745604029 3.5052
0.02453451598774234 0.006574003745604029 3.5814
0.02453451598774234 0.006574003745604029 3.6576
0.02453451598774234 0.006574003745604029 3.7338
0.02453451598774234 0.006574003745604029 3.81
0.02453451598774234 0.006574003745604029 3.8862
0.02453451598774234 0.006574003745604029 3.9624
0.02453451598774234 0.006574003745604029 4.0386
0.02453451598774234 0.006574003745604029 4.114800000000001
0.02453451598774234 0.006574003745604029 4.191
0.02453451598774234 0.006574003745604029 4.2672
0.02453451598774234 0.006574003745604029 4.3434
0.02453451598774234 0.006574003745604029 4.4196
0.02453451598774234 0.006574003745604029 4.4958
0.02453451598774234 0.006574003745604029 4.572
0.02453451598774234 0.006574003745604029 4.6482
0.02453451598774234 0.006574003745604029 4.7244
0.02453451598774234 0.006574003745604029 4.8006
0.02453451598774234 0.006574003745604029 4.8768
0.02453451598774234 0.006574003745604029 4.953
0.02453451598774234 0.006574003745604029 5.029199999999999
0.02453451598774234 0.006574003745604029 5.1054
0.02453451598774234 0.006574003745604029 5.1816
0.02453451598774234 0.006574003745604029 5.2578
0.02453451598774234 0.006574003745604029 5.334
0.02453451598774234 0.006574003745604029 5.4102
0.02453451598774234 0.006574003745604029 5.486400000000001
0.02453451598774234 0.006574003745604029 5.5626
0.02453451598774234 0.006574003745604029 5.638800000000001
0.02453451598774234 0.006574003745604029 5.715
0.02453451598774234 0.006574003745604029 5.7912
0.02453451598774234 0.006574003745604029 5.8674
0.02453451598774234 0.006574003745604029 5.9436
0.02453451598774234 0.006574003745604029 6.0198
0.02199704525612474 0.0127 0.0762
0.02199704525612474 0.0127 0.1524
0.02199704525612474 0.0127 0.2286
0.02199704525612474 0.0127 0.3048
0.02199704525612474 0.0127 0.381
0.02199704525612474 0.0127 0.4572
0.02199704525612474 0.0127 0.5334
0.02199704525612474 0.0127 0.6096
0.02199704525612474 0.0127 0.6858000000000001
0.02199704525612474 0.0127 0.762
0.02199704525612474 0.0127 0.8382000000000001
0.02199704525612474 0.0127 0.9144
0.02199704525612474 0.0127 0.9906
0.02199704525612474 0.0127 1.0668
0.02199704525612474 0.0127 1.143
0.02199704525612474 0.0127 1.2192
0.02199704525612474 0.0127 1.2954
0.02199704525612474 0.0127 1.3716
0.02199704525612474 0.0127 1.4478
0.02199704525612474 0.0127 1.524
0.02199704525612474 0.0127 1.6002
0.02199704525612474 0.0127 1.6764
0.02199704525612474 0.0127 1.7526
0.02199704525612474 0.0127 1.8288
0.02199704525612474 0.0127 1.905
0.02199704525612474 0.0127 1.9812
0.02199704525612474 0.0127 2.0574
0.02199704525612474 0.0127 2.1336
0.02199704525612474 0.0127 2.2098
0.02199704525612474 0.0127 2.286
0.02199704525612474 0.0127 2.3622
0.02199704525612474 0.0127 2.4384
0.02199704525612474 0.0127 2.5146
0.02199704525612474 0.0127 2.5908
0.02199704525612474 0.0127 2.667
0.02199704525612474 0.0127 2.7432
0.02199704525612474 0.0127 2.8194
0.02199704525612474 0.0127 2.8956
0.02199704525612474 0.0127 2.9718
0.02199704525612474 0.0127 3.048
0.02199704525612474 0.0127 3.1242
0.02199704525612474 0.0127 3.2004
0.02199704525612474 0.0127 3.2766
0.02199704525612474 0.0127 3.3528
0.02199704525612474 0.0127 3.429
0.02199704525612474 0.0127 3.5052
0.02199704525612474 0.0127 3.5814
0.02199704525612474 0.0127 3.6576
0.02199704525612474 0.0127 3.7338
0.02199704525612474 0.0127 3.81
0.02199704525612474 0.0127 3.8862
0.02199704525612474 0.0127 3.9624
0.02199704525612474 0.0127 4.0386
0.02199704525612474 0.0127 4.114800000000001
0.02199704525612474 0.0127 4.191
0.02199704525612474 0.0127 4.2672
0.02199704525612474 0.0127 4.3434
0.02199704525612474 0.0127 4.4196
0.02199704525612474 0.0127 4.4958
0.02199704525612474 0.0127 4.572
0.02199704525612474 0.0127 4.6482
0.02199704525612474 0.0127 4.7244
0.02199704525612474 0.0127 4.8006
0.02199704525612474 0.0127 4.8768
0.02199704525612474 0.0127 4.953
0.02199704525612474 0.0127 5.029199999999999
0.02199704525612474 0.0127 5.1054
0.02199704525612474 0.0127 5.1816
0.02199704525612474 0.0127 5.2578
0.02199704525612474 0.0127 5.334
0.02199704525612474 0.0127 5.4102
0.02199704525612474 0.0127 5.486400000000001
0.02199704525612474 0.0127 5.5626
0.02199704525612474 0.0127 5.638800000000001
0.02199704525612474 0.0127 5.715
0.02199704525612474 0.0127 5.7912
0.02199704525612474 0.0127 5.8674
0.02199704525612474 0.0127 5.9436
0.02199704525612474 0.0127 6.0198
0.0179605122421383 0.01796051224213831 0.0762
0.0179605122421383 0.01796051224213831 0.1524
0.0179605122421383 0.01796051224213831 0.2286
0.0179605122421383 0.01796051224213831 0.3048
0.0179605122421383 0.01796051224213831 0.381
0.0179605122421383 0.01796051224213831 0.4572
0.0179605122421383 0.01796051224213831 0.5334
0.0179605122421383 0.01796051224213831 0.6096
0.0179605122421383 0.01796051224213831 0.6858000000000001
0.0179605122421383 0.01796051224213831 0.762
0.0179605122421383 0.01796051224213831 0.8382000000000001
0.0179605122421383 0.01796051224213831 0.9144
0.0179605122421383 0.01796051224213831 0.9906
0.0179605122421383 0.01796051224213831 1.0668
0.0179605122421383 0.01796051224213831 1.143
0.0179605122421383 0.01796051224213831 1.2192
0.0179605122421383 0.01796051224213831 1.2954
0.0179605122421383 0.01796051224213831 1.3716
0.0179605122421383 0.01796051224213831 1.4478
0.0179605122421383 0.01796051224213831 1.524
0.0179605122421383 0.01796051224213831 1.6002
0.0179605122421383 0.01796051224213831 1.6764
0.0179605122421383 0.01796051224213831 1.7526
0.0179605122421383 0.01796051224213831 1.8288
0.0179605122421383 0.01796051224213831 1.905
0.0179605122421383 0.01796051224213831 1.9812
0.0179605122421383 0.01796051224213831 2.0574
0.0179605122421383 0.01796051224213831 2.1336
0.0179605122421383 0.01796051224213831 2.2098
0.0179605122421383 0.01796051224213831 2.286
0.0179605122421383 0.01796051224213831 2.3622
0.0179605122421383 0.01796051224213831 2.4384
0.0179605122421383 0.01796051224213831 2.5146
0.0179605122421383 0.01796051224213831 2.5908
0.0179605122421383 0.01796051224213831 2.667
0.0179605122421383 0.01796051224213831 2.7432
0.0179605122421383 0.01796051224213831 2.8194
0.0179605122421383 0.01796051224213831 2.8956
0.0179605122421383 0.01796051224213831 2.9718
0.0179605122421383 0.01796051224213831 3.048
0.0179605122421383 0.01796051224213831 3.1242
0.0179605122421383 0.01796051224213831 3.2004
0.0179605122421383 0.01796051224213831 3.2766
0.0179605122421383 0.01796051224213831 3.3528
0.0179605122421383 0.01796051224213831 3.429
0.0179605122421383 0.01796051224213831 3.5052
0.0179605122421383 0.01796051224213831 3.5814
0.0179605122421383 0.01796051224213831 3.6576
0.0179605122421383 0.01796051224213831 3.7338
0.0179605122421383 0.01796051224213831 3.81
0.0179605122421383 0.01796051224213831 3.8862
0.0179605122421383 0.01796051224213831 3.9624
0.0179605122421383 0.01796051224213831 4.0386
0.0179605122421383 0.01796051224213831 4.114800000000001
0.0179605122421383 0.01796051224213831 4.191
0.0179605122421383 0.01796051224213831 4.2672
0.0179605122421383 0.01796051224213831 4.3434
0.0179605122421383 0.01796051224213831 4.4196
0.0179605122421383 0.01796051224213831 4.4958
0.0179605122421383 0.01796051224213831 4.572
0.0179605122421383 0.01796051224213831 4.6482
0.0179605122421383 0.01796051224213831 4.7244
0.0179605122421383 0.01796051224213831 4.8006
0.0179605122421383 0.01796051224213831 4.8768
0.0179605122421383 0.01796051224213831 4.953
0.0179605122421383 0.01796051224213831 5.029199999999999
0.0179605122421383 0.01796051224213831 5.1054
0.0179605122421383 0.01796051224213831 5.1816
0.0179605122421383 0.01796051224213831 5.2578
0.0179605122421383 0.01796051224213831 5.334
0.0179605122421383 0.01796051224213831 5.4102
0.0179605122421383 0.01796051224213831 5.486400000000001
0.0179605122421383 0.01796051224213831 5.5626
0.0179605122421383 0.01796051224213831 5.638800000000001
0.0179605122421383 0.01796051224213831 5.715
0.0179605122421383 0.01796051224213831 5.7912
0.0179605122421383 0.01796051224213831 5.8674
0.0179605122421383 0.01796051224213831 5.9436
0.0179605122421383 0.01796051224213831 6.0198
0.01269999999999999 0.02199704525612475 0.0762
0.01269999999999999 0.02199704525612475 0.1524
0.01269999999999999 0.02199704525612475 0.2286
0.01269999999999999 0.02199704525612475 0.3048
0.01269999999999999 0.02199704525612475 0.381
0.01269999999999999 0.02199704525612475 0.4572
0.01269999999999999 0.02199704525612475 0.5334
0.01269999999999999 0.02199704525612475 0.6096
0.01269999999999999 0.02199704525612475 0.6858000000000001
0.01269999999999999 0.02199704525612475 0.762
0.01269999999999999 0.02199704525612475 0.8382000000000001
0.01269999999999999 0.02199704525612475 0.9144
0.01269999999999999 0.02199704525612475 0.9906
0.01269999999999999 0.02199704525612475 1.0668
0.01269999999999999 0.02199704525612475 1.143
0.01269999999999999 0.02199704525612475 1.2192
0.01269999999999999 0.02199704525612475 1.2954
0.01269999999999999 0.02199704525612475 1.3716
0.01269999999999999 0.02199704525612475 1.4478
0.01269999999999999 0.02199704525612475 1.524
0.01269999999999999 0.02199704525612475 1.6002
0.01269999999999999 0.02199704525612475 1.6764
0.01269999999999999 0.02199704525612475 1.7526
0.01269999999999999 0.02199704525612475 1.8288
0.01269999999999999 0.02199704525612475 1.905
0.01269999999999999 0.02199704525612475 1.9812
0.01269999999999999 0.02199704525612475 2.0574
0.01269999999999999 0.02199704525612475 2.1336
0.01269999999999999 0.02199704525612475 2.2098
0.01269999999999999 0.02199704525612475 2.286
0.01269999999999999 0.02199704525612475 2.3622
0.01269999999999999 0.02199704525612475 2.4384
0.01269999999999999 0.02199704525612475 2.5146
0.01269999999999999 0.02199704525612475 2.5908
0.01269999999999999 0.02199704525612475 2.667
0.01269999999999999 0.02199704525612475 2.7432
0.01269999999999999 0.02199704525612475 2.8194
0.01269999999999999 0.02199704525612475 2.8956
0.01269999999999999 0.02199704525612475 2.9718
0.01269999999999999 0.02199704525612475 3.048
0.01269999999999999 0.02199704525612475 3.1242
0.01269999999999999 0.02199704525612475 3.2004
0.01269999999999999 0.02199704525612475 3.2766
0.01269999999999999 0.02199704525612475 3.3528
0.01269999999999999 0.02199704525612475 3.429
0.01269999999999999 0.02199704525612475 3.5052
0.01269999999999999 0.02199704525612475 3.5814
0.01269999999999999 0.02199704525612475 3.6576
0.01269999999999999 0.02199704525612475 3.7338
0.01269999999999999 0.02199704525612475 3.81
0.01269999999999999 0.02199704525612475 3.8862
0.01269999999999999 0.02199704525612475 3.9624
0.01269999999999999 0.02199704525612475 4.0386
0.01269999999999999 0.02199704525612475 4.114800000000001
0.01269999999999999 0.02199704525612475 4.191
0.01269999999999999 0.02199704525612475 4.2672
0.01269999999999999 0.02199704525612475 4.3434
0.01269999999999999 0.02199704525612475 4.4196
0.01269999999999999 0.02199704525612475 4.4958
0.01269999999999999 0.02199704525612475 4.572
0.01269999999999999 0.02199704525612475 4.6482
0.01269999999999999 0.02199704525612475 4.7244
0.01269999999999999 0.02199704525612475 4.8006
0.01269999999999999 0.02199704525612475 4.8768
0.01269999999999999 0.02199704525612475 4.953
0.01269999999999999 0.02199704525612475 5.029199999999999
0.01269999999999999 0.02199704525612475 5.1054
0.01269999999999999 0.02199704525612475 5.1816
0.01269999999999999 0.02199704525612475 5.2578
0.01269999999999999 0.02199704525612475 5.334
0.01269999999999999 0.02199704525612475 5.4102
0.01269999999999999 0.02199704525612475 5.486400000000001
0.01269999999999999 0.02199704525612475 5.5626
0.01269999999999999 0.02199704525612475 5.638800000000001
0.01269999999999999 0.02199704525612475 5.715
0.01269999999999999 0.02199704525612475 5.7912
0.01269999999999999 0.02199704525612475 5.8674
0.01269999999999999 0.02199704525612475 5.9436
0.01269999999999999 0.02199704525612475 6.0198
0.006574003745604021 0.02453451598774234 0.0762
0.006574003745604021 0.02453451598774234 0.1524
0.006574003745604021 0.02453451598774234 0.2286
0.006574003745604021 0.02453451598774234 0.3048
0.006574003745604021 0.02453451598774234 0.381
0.006574003745604021 0.02453451598774234 0.4572
0.006574003745604021 0.02453451598774234 0.5334
0.006574003745604021 0.02453451598774234 0.6096
0.006574003745604021 0.02453451598774234 0.6858000000000001
0.006574003745604021 0.02453451598774234 0.762
0.006574003745604021 0.02453451598774234 0.8382000000000001
0.006574003745604021 0.02453451598774234 0.9144
0.006574003745604021 0.02453451598774234 0.9906
0.006574003745604021 0.02453451598774234 1.0668
0.006574003745604021 0.02453451598774234 1.143
0.006574003745604021 0.02453451598774234 1.2192
0.006574003745604021 0.02453451598774234 1.2954
0.006574003745604021 0.02453451598774234 1.3716
0.006574003745604021 0.02453451598774234 1.4478
0.006574003745604021 0.02453451598774234 1.524
0.006574003745604021 0.02453451598774234 1.6002
0.006574003745604021 0.02453451598774234 1.6764
0.006574003745604021 0.02453451598774234 1.7526
0.006574003745604021 0.02453451598774234 1.8288
0.006574003745604021 0.02453451598774234 1.905
0.006574003745604021 0.02453451598774234 1.9812
0.006574003745604021 0.02453451598774234 2.0574
0.006574003745604021 0.02453451598774234 2.1336
0.006574003745604021 0.02453451598774234 2.2098
0.006574003745604021 0.02453451598774234 2.286
0.006574003745604021 0.02453451598774234 2.3622
0.006574003745604021 0.02453451598774234 2.4384
0.006574003745604021 0.02453451598774234 2.5146
0.006574003745604021 0.02453451598774234 2.5908
0.006574003745604021 0.02453451598774234 2.667
0.006574003745604021 0.02453451598774234 2.7432
0.006574003745604021 0.02453451598774234 2.8194
0.006574003745604021 0.02453451598774234 2.8956
0.006574003745604021 0.02453451598774234 2.9718
0.006574003745604021 0.02453451598774234 3.048
0.006574003745604021 0.02453451598774234 3.1242
0.006574003745604021 0.02453451598774234 3.2004
0.006574003745604021 0.02453451598774234 3.2766
0.006574003745604021 0.02453451598774234 3.3528
0.006574003745604021 0.02453451598774234 3.429
0.006574003745604021 0.02453451598774234 3.5052
0.006574003745604021 0.02453451598774234 3.5814
0.006574003745604021 0.02453451598774234 3.6576
0.006574003745604021 0.02453451598774234 3.7338
0.006574003745604021 0.02453451598774234 3.81
0.006574003745604021 0.02453451598774234 3.8862
0.006574003745604021 0.02453451598774234 3.9624
0.006574003745604021 0.02453451598774234 4.0386
0.006574003745604021 0.02453451598774234 4.114800000000001
0.006574003745604021 0.02453451598774234 4.191
0.006574003745604021 0.02453451598774234 4.2672
0.006574003745604021 0.02453451598774234 4.3434
0.006574003745604021 0.02453451598774234 4.4196
0.006574003745604021 0.02453451598774234 4.4958
0.006574003745604021 0.02453451598774234 4.572
0.006574003745604021 0.02453451598774234 4.6482
0.006574003745604021 0.02453451598774234 4.7244
0.006574003745604021 0.02453451598774234 4.8006
0.006574003745604021 0.02453451598774234 4.8768
0.006574003745604021 0.02453451598774234 4.953
0.006574003745604021 0.02453451598774234 5.029199999999999
0.006574003745604021 0.02453451598774234 5.1054
0.006574003745604021 0.02453451598774234 5.1816
0.006574003745604021 0.02453451598774234 5.2578
0.006574003745604021 0.02453451598774234 5.334
0.006574003745604021 0.02453451598774234 5.4102
0.006574003745604021 0.02453451598774234 5.486400000000001
0.006574003745604021 0.02453451598774234 5.5626
0.006574003745604021 0.02453451598774234 5.638800000000001
0.006574003745604021 0.02453451598774234 5.715
0.006574003745604021 0.02453451598774234 5.7912
0.006574003745604021 0.02453451598774234 5.8674
0.006574003745604021 0.02453451598774234 5.9436
0.006574003745604021 0.02453451598774234 6.0198
-9.724564495274451e-18 0.0254 0.0762
-9.724564495274451e-18 0.0254 0.1524
-9.724564495274451e-18 0.0254 0.2286
-9.724564495274451e-18 0.0254 0.3048
-9.724564495274451e-18 0.0254 0.381
-9.724564495274451e-18 0.0254 0.4572
-9.724564495274451e-18 0.0254 0.5334
-9.724564495274451e-18 0.0254 0.6096
-9.724564495274451e-18 0.0254 0.6858000000000001
-9.724564495274451e-18 0.0254 0.762
-9.724564495274451e-18 0.0254 0.8382000000000001
-9.724564495274451e-18 0.0254 0.9144
-9.724564495274451e-18 0.0254 0.9906
-9.724564495274451e-18 0.0254 1.0668
-9.724564495274451e-18 0.0254 1.143
-9.724564495274451e-18 0.0254 1.2192
-9.724564495274451e-18 0.0254 1.2954
-9.724564495274451e-18 0.0254 1.3716
-9.724564495274451e-18 0.0254 1.4478
-9.724564495274451e-18 0.0254 1.524
-9.724564495274451e-18 0.0254 1.6002
-9.724564495274451e-18 0.0254 1.6764
-9.724564495274451e-18 0.0254 1.7526
-9.724564495274451e-18 0.0254 1.8288
-9.724564495274451e-18 0.0254 1.905
-9.724564495274451e-18 0.0254 1.9812
-9.724564495274451e-18 0.0254 2.0574
-9.724564495274451e-18 0.0254 2.1336
-9.724564495274451e-18 0.0254 2.2098
-9.724564495274451e-18 0.0254 2.286
-9.724564495274451e-18 0.0254 2.3622
-9.724564495274451e-18 0.0254 2.4384
-9.724564495274451e-18 0.0254 2.5146
-9.724564495274451e-18 0.0254 2.5908
-9.724564495274451e-18 0.0254 2.667
-9.724564495274451e-18 0.0254 2.7432
-9.724564495274451e-18 0.0254 2.8194
-9.724564495274451e-18 0.0254 2.8956
-9.724564495274451e-18 0.0254 2.9718
-9.724564495274451e-18 0.0254 3.048
-9.724564495274451e-18 0.0254 3.1242
-9.724564495274451e-18 0.0254 3.2004
-9.724564495274451e-18 0.0254 3.2766
-9.724564495274451e-18 0.0254 3.3528
-9.724564495274451e-18 0.0254 3.429
-9.724564495274451e-18 0.0254 3.5052
-9.724564495274451e-18 0.0254 3.5814
-9.724564495274451e-18 0.0254 3.6576
-9.724564495274451e-18 0.0254 3.7338
-9.724564495274451e-18 0.0254 3.81
-9.724564495274451e-18 0.0254 3.8862
-9.724564495274451e-18 0.0254 3.9624
-9.724564495274451e-18 0.0254 4.0386
-9.724564495274451e-18 0.0254 4.114800000000001
-9.724564495274451e-18 0.0254 4.191
-9.724564495274451e-18 0.0254 4.2672
-9.724564495274451e-18 0.0254 4.3434
-9.724564495274451e-18 0.0254 4.4196
-9.724564495274451e-18 0.0254 4.4958
-9.724564495274451e-18 0.0254 4.572
-9.724564495274451e-18 0.0254 4.6482
-9.724564495274451e-18 0.0254 4.7244
-9.724564495274451e-18 0.0254 4.8006
-9.724564495274451e-18 0.0254 4.8768
-9.724564495274451e-18 0.0254 4.953
-9.724564495274451e-18 0.0254 5.029199999999999
-9.724564495274451e-18 0.0254 5.1054
-9.724564495274451e-18 0.0254 5.1816
-9.724564495274451e-18 0.0254 5.2578
-9.724564495274451e-18 0.0254 5.334
-9.724564495274451e-18 0.0254 5.4102
-9.724564495274451e-18 0.0254 5.486400000000001
-9.724564495274451e-18 0.0254 5.5626
-9.724564495274451e-18 0.0254 5.638800000000001
-9.724564495274451e-18 0.0254 5.715
-9.724564495274451e-18 0.0254 5.7912
-9.724564495274451e-18 0.0254 5.8674
-9.724564495274451e-18 0.0254 5.9436
-9.724564495274451e-18 0.0254 6.0198
-0.006574003745604045 0.02453451598774233 0.0762
-0.006574003745604045 0.02453451598774233 0.1524
-0.006574003745604045 0.02453451598774233 0.2286
-0.006574003745604045 0.02453451598774233 0.3048
-0.006574003745604045 0.02453451598774233 0.381
-0.006574003745604045 0.02453451598774233 0.4572
-0.006574003745604045 0.02453451598774233 0.5334
-0.006574003745604045 0.02453451598774233 0.6096
-0.006574003745604045 0.02453451598774233 0.6858000000000001
-0.006574003745604045 0.02453451598774233 0.762
-0.006574003745604045 0.02453451598774233 0.8382000000000001
-0.006574003745604045 0.02453451598774233 0.9144
-0.006574003745604045 0.02453451598774233 0.9906
-0.006574003745604045 0.02453451598774233 1.0668
-0.006574003745604045 0.02453451598774233 1.143
-0.006574003745604045 0.02453451598774233 1.2192
-0.006574003745604045 0.02453451598774233 1.2954
-0.006574003745604045 0.02453451598774233 1.3716
-0.006574003745604045 0.02453451598774233 1.4478
-0.006574003745604045 0.02453451598774233 1.524
-0.006574003745604045 0.02453451598774233 1.6002
-0.006574003745604045 0.02453451598774233 1.6764
-0.006574003745604045 0.02453451598774233 1.7526
-0.006574003745604045 0.02453451598774233 1.8288
-0.006574003745604045 0.02453451598774233 1.905
-0.006574003745604045 0.02453451598774233 1.9812
-0.006574003745604045 0.02453451598774233 2.0574
-0.006574003745604045 0.02453451598774233 2.1336
-0.006574003745604045 0.02453451598774233 2.2098
-0.006574003745604045 0.02453451598774233 2.286
-0.006574003745604045 0.02453451598774233 2.3622
-0.006574003745604045 0.02453451598774233 2.4384
-0.006574003745604045 0.02453451598774233 2.5146
-0.006574003745604045 0.02453451598774233 2.5908
-0.006574003745604045 0.02453451598774233 2.667
-0.006574003745604045 0.02453451598774233 2.7432
-0.006574003745604045 0.02453451598774233 2.8194
-0.006574003745604045 0.02453451598774233 2.8956
-0.006574003745604045 0.02453451598774233 2.9718
-0.006574003745604045 0.02453451598774233 3.048
-0.006574003745604045 0.02453451598774233 3.1242
-0.006574003745604045 0.02453451598774233 3.2004
-0.006574003745604045 0.02453451598774233 3.2766
-0.006574003745604045 0.02453451598774233 3.3528
-0.006574003745604045 0.02453451598774233 3.429
-0.006574003745604045 0.02453451598774233 3.5052
-0.006574003745604045 0.02453451598774233 3.5814
-0.006574003745604045 0.02453451598774233 3.6576
-0.006574003745604045 0.02453451598774233 3.7338
-0.006574003745604045 0.02453451598774233 3.81
-0.006574003745604045 0.02453451598774233 3.8862
-0.006574003745604045 0.02453451598774233 3.9624
-0.006574003745604045 0.02453451598774233 4.0386
-0.006574003745604045 0.02453451598774233 4.114800000000001
-0.006574003745604045 0.02453451598774233 4.191
-0.006574003745604045 0.02453451598774233 4.2672
-0.006574003745604045 0.02453451598774233 4.3434
-0.006574003745604045 0.02453451598774233 4.4196
-0.006574003745604045 0.02453451598774233 4.4958
-0.006574003745604045 0.02453451598774233 4.572
-0.006574003745604045 0.02453451598774233 4.6482
-0.006574003745604045 0.02453451598774233 4.7244
-0.006574003745604045 0.02453451598774233 4.8006
-0.006574003745604045 0.02453451598774233 4.8768
-0.006574003745604045 0.02453451598774233 4.953
-0.006574003745604045 0.02453451598774233 5.029199999999999
-0.006574003745604045 0.02453451598774233 5.1054
-0.006574003745604045 0.02453451598774233 5.1816
-0.006574003745604045 0.02453451598774233 5.2578
-0.006574003745604045 0.02453451598774233 5.334
-0.006574003745604045 0.02453451598774233 5.4102
-0.006574003745604045 0.02453451598774233 5.486400000000001
-0.006574003745604045 0.02453451598774233 5.5626
-0.006574003745604045 0.02453451598774233 5.638800000000001
-0.006574003745604045 0.02453451598774233 5.715
-0.006574003745604045 0.02453451598774233 5.7912
-0.006574003745604045 0.02453451598774233 5.8674
-0.006574003745604045 0.02453451598774233 5.9436
-0.006574003745604045 0.02453451598774233 6.0198
-0.01270000000000001 0.02199704525612473 0.0762
-0.01270000000000001 0.02199704525612473 0.1524
-0.01270000000000001 0.02199704525612473 0.2286
-0.01270000000000001 0.02199704525612473 0.3048
-0.01270000000000001 0.02199704525612473 0.381
-0.01270000000000001 0.02199704525612473 0.4572
-0.01270000000000001 0.02199704525612473 0.5334
-0.01270000000000001 0.02199704525612473 0.6096
-0.01270000000000001 0.02199704525612473 0.6858000000000001
-0.01270000000000001 0.02199704525612473 0.762
-0.01270000000000001 0.02199704525612473 0.8382000000000001
-0.01270000000000001 0.02199704525612473 0.9144
-0.01270000000000001 0.02199704525612473 0.9906
-0.01270000000000001 0.02199704525612473 1.0668
-0.01270000000000001 0.02199704525612473 1.143
-0.01270000000000001 0.02199704525612473 1.2192
-0.01270000000000001 0.02199704525612473 1.2954
-0.01270000000000001 0.02199704525612473 1.3716
-0.01270000000000001 0.02199704525612473 1.4478
-0.01270000000000001 0.02199704525612473 1.524
-0.01270000000000001 0.02199704525612473 1.6002
-0.01270000000000001 0.02199704525612473 1.6764
-0.01270000000000001 0.02199704525612473 1.7526
-0.01270000000000001 0.02199704525612473 1.8288
-0.01270000000000001 0.02199704525612473 1.905
-0.01270000000000001 0.02199704525612473 1.9812
-0.01270000000000001 0.02199704525612473 2.0574
-0.01270000000000001 0.02199704525612473 2.1336
-0.01270000000000001 0.02199704525612473 2.2098
-0.01270000000000001 0.02199704525612473 2.286
-0.01270000000000001 0.02199704525612473 2.3622
-0.01270000000000001 0.02199704525612473 2.4384
-0.01270000000000001 0.02199704525612473 2.5146
-0.01270000000000001 0.02199704525612473 2.5908
-0.01270000000000001 0.02199704525612473 2.667
-0.01270000000000001 0.02199704525612473 2.7432
-0.01270000000000001 0.02199704525612473 2.8194
-0.01270000000000001 0.02199704525612473 2.8956
-0.01270000000000001 0.02199704525612473 2.9718
-0.01270000000000001 0.02199704525612473 3.048
-0.01270000000000001 0.02199704525612473 3.1242
-0.01270000000000001 0.02199704525612473 3.2004
-0.01270000000000001 0.02199704525612473 3.2766
-0.01270000000000001 0.02199704525612473 3.3528
-0.01270000000000001 0.02199704525612473 3.429
-0.01270000000000001 0.02199704525612473 3.5052
-0.01270000000000001 0.02199704525612473 3.5814
-0.01270000000000001 0.02199704525612473 3.6576
-0.01270000000000001 0.02199704525612473 3.7338
-0.01270000000000001 0.02199704525612473 3.81
-0.01270000000000001 0.02199704525612473 3.8862
-0.01270000000000001 0.02199704525612473 3.9624
-0.01270000000000001 0.02199704525612473 4.0386
-0.01270000000000001 0.02199704525612473 4.114800000000001
-0.01270000000000001 0.02199704525612473 4.191
-0.01270000000000001 0.02199704525612473 4.2672
-0.01270000000000001 0.02199704525612473 4.3434
-0.01270000000000001 0.02199704525612473 4.4196
-0.01270000000000001 0.02199704525612473 4.4958
-0.01270000000000001 0.02199704525612473 4.572
-0.01270000000000001 0.02199704525612473 4.6482
-0.01270000000000001 0.02199704525612473 4.7244
-0.01270000000000001 0.02199704525612473 4.8006
-0.01270000000000001 0.02199704525612473 4.8768
-0.01270000000000001 0.02199704525612473 4.953
-0.01270000000000001 0.02199704525612473 5.029199999999999
-0.01270000000000001 0.02199704525612473 5.1054
-0.01270000000000001 0.02199704525612473 5.1816
-0.01270000000000001 0.02199704525612473 5.2578
-0.01270000000000001 0.02199704525612473 5.334
-0.01270000000000001 0.02199704525612473 5.4102
-0.01270000000000001 0.02199704525612473 5.486400000000001
-0.01270000000000001 0.02199704525612473 5.5626
-0.01270000000000001 0.02199704525612473 5.638800000000001
-0.01270000000000001 0.02199704525612473 5.715
-0.01270000000000001 0.02199704525612473 5.7912
-0.01270000000000001 0.02199704525612473 5.8674
-0.01270000000000001 0.02199704525612473 5.9436
-0.01270000000000001 0.02199704525612473 6.0198
-0.01796051224213832 0.01796051224213829 0.0762
-0.01796051224213832 0.01796051224213829 0.1524
-0.01796051224213832 0.01796051224213829 0.2286
-0.01796051224213832 0.01796051224213829 0.3048
-0.01796051224213832 0.01796051224213829 0.381
-0.01796051224213832 0.01796051224213829 0.4572
-0.01796051224213832 0.01796051224213829 0.5334
-0.01796051224213832 0.01796051224213829 0.6096
-0.01796051224213832 0.01796051224213829 0.6858000000000001
-0.01796051224213832 0.01796051224213829 0.762
-0.01796051224213832 0.01796051224213829 0.8382000000000001
-0.01796051224213832 0.01796051224213829 0.9144
-0.01796051224213832 0.01796051224213829 0.9906
-0.01796051224213832 0.01796051224213829 1.0668
-0.01796051224213832 0.01796051224213829 1.143
-0.01796051224213832 0.01796051224213829 1.2192
-0.01796051224213832 0.01796051224213829 1.2954
-0.01796051224213832 0.01796051224213829 1.3716
-0.01796051224213832 0.01796051224213829 1.4478
-0.01796051224213832 0.01796051224213829 1.524
-0.01796051224213832 0.01796051224213829 1.6002
-0.01796051224213832 0.01796051224213829 1.6764
-0.01796051224213832 0.01796051224213829 1.7526
-0.01796051224213832 0.01796051224213829 1.8288
-0.01796051224213832 0.01796051224213829 1.905
-0.01796051224213832 0.01796051224213829 1.9812
-0.01796051224213832 0.01796051224213829 2.0574
-0.01796051224213832 0.01796051224213829 2.1336
-0.01796051224213832 0.01796051224213829 2.2098
-0.01796051224213832 0.01796051224213829 2.286
-0.01796051224213832 0.01796051224213829 2.3622
-0.01796051224213832 0.01796051224213829 2.4384
-0.01796051224213832 0.01796051224213829 2.5146
-0.01796051224213832 0.01796051224213829 2.5908
-0.01796051224213832 0.01796051224213829 2.667
-0.01796051224213832 0.01796051224213829 2.7432
-0.01796051224213832 0.01796051224213829 2.8194
-0.01796051224213832 0.01796051224213829 2.8956
-0.01796051224213832 0.01796051224213829 2.9718
-0.01796051224213832 0.01796051224213829 3.048
-0.01796051224213832 0.01796051224213829 3.1242
-0.01796051224213832 0.01796051224213829 3.2004
-0.01796051224213832 0.01796051224213829 3.2766
-0.01796051224213832 0.01796051224213829 3.3528
-0.01796051224213832 0.01796051224213829 3.429
-0.01796051224213832 0.01796051224213829 3.5052
-0.01796051224213832 0.01796051224213829 3.5814
-0.01796051224213832 0.01796051224213829 3.6576
-0.01796051224213832 0.01796051224213829 3.7338
-0.01796051224213832 0.01796051224213829 3.81
-0.01796051224213832 0.01796051224213829 3.8862
-0.01796051224213832 0.01796051224213829 3.9624
-0.01796051224213832 0.01796051224213829 4.0386
-0.01796051224213832 0.01796051224213829 4.114800000000001
-0.01796051224213832 0.01796051224213829 4.191
-0.01796051224213832 0.01796051224213829 4.2672
-0.01796051224213832 0.01796051224213829 4.3434
-0.01796051224213832 0.01796051224213829 4.4196
-0.01796051224213832 0.01796051224213829 4.4958
-0.01796051224213832 0.01796051224213829 4.572
-0.01796051224213832 0.01796051224213829 4.6482
-0.01796051224213832 0.01796051224213829 4.7244
-0.01796051224213832 0.01796051224213829 4.8006
-0.01796051224213832 0.01796051224213829 4.8768
-0.01796051224213832 0.01796051224213829 4.953
-0.01796051224213832 0.01796051224213829 5.029199999999999
-0.01796051224213832 0.01796051224213829 5.1054
-0.01796051224213832 0.01796051224213829 5.1816
-0.01796051224213832 0.01796051224213829 5.2578
-0.01796051224213832 0.01796051224213829 5.334
-0.01796051224213832 0.01796051224213829 5.4102
-0.01796051224213832 0.01796051224213829 5.486400000000001
-0.01796051224213832 0.01796051224213829 5.5626
-0.01796051224213832 0.01796051224213829 5.638800000000001
-0.01796051224213832 0.01796051224213829 5.715
-0.01796051224213832 0.01796051224213829 5.7912
-0.01796051224213832 0.01796051224213829 5.8674
-0.01796051224213832 0.01796051224213829 5.9436
-0.01796051224213832 0.01796051224213829 6.0198
-0.02199704525612475 0.01269999999999999 0.0762
-0.02199704525612475 0.01269999999999999 0.1524
-0.02199704525612475 0.01269999999999999 0.2286
-0.02199704525612475 0.01269999999999999 0.3048
-0.02199704525612475 0.01269999999999999 0.381
-0.02199704525612475 0.01269999999999999 0.4572
-0.02199704525612475 0.01269999999999999 0.5334
-0.02199704525612475 0.01269999999999999 0.6096
-0.02199704525612475 0.01269999999999999 0.6858000000000001
-0.02199704525612475 0.01269999999999999 0.762
-0.02199704525612475 0.01269999999999999 0.8382000000000001
-0.02199704525612475 0.01269999999999999 0.9144
-0.02199704525612475 0.01269999999999999 0.9906
-0.02199704525612475 0.01269999999999999 1.0668
-0.02199704525612475 0.01269999999999999 1.143
-0.02199704525612475 0.01269999999999999 1.2192
-0.02199704525612475 0.01269999999999999 1.2954
-0.02199704525612475 0.01269999999999999 1.3716
-0.02199704525612475 0.01269999999999999 1.4478
-0.02199704525612475 0.01269999999999999 1.524
-0.02199704525612475 0.01269999999999999 1.6002
-0.02199704525612475 0.01269999999999999 1.6764
-0.02199704525612475 0.01269999999999999 1.7526
-0.02199704525612475 0.01269999999999999 1.8288
-0.02199704525612475 0.01269999999999999 1.905
-0.02199704525612475 0.01269999999999999 1.9812
-0.02199704525612475 0.01269999999999999 2.0574
-0.02199704525612475 0.01269999999999999 2.1336
-0.02199704525612475 0.01269999999999999 2.2098
-0.02199704525612475 0.01269999999999999 2.286
-0.02199704525612475 0.01269999999999999 2.3622
-0.02199704525612475 0.01269999999999999 2.4384
-0.02199704525612475 0.01269999999999999 2.5146
-0.02199704525612475 0.01269999999999999 2.5908
-0.02199704525612475 0.01269999999999999 2.667
-0.02199704525612475 0.01269999999999999 2.7432
-0.02199704525612475 0.01269999999999999 2.8194
-0.02199704525612475 0.01269999999999999 2.8956
-0.02199704525612475 0.01269999999999999 2.9718
-0.02199704525612475 0.01269999999999999 3.048
-0.02199704525612475 0.01269999999999999 3.1242
-0.02199704525612475 0.01269999999999999 3.2004
-0.02199704525612475 0.01269999999999999 3.2766
-0.02199704525612475 0.01269999999999999 3.3528
-0.02199704525612475 0.01269999999999999 3.429
-0.02199704525612475 0.01269999999999999 3.5052
-0.02199704525612475 0.01269999999999999 3.5814
-0.02199704525612475 0.01269999999999999 3.6576
-0.02199704525612475 0.01269999999999999 3.7338
-0.02199704525612475 0.01269999999999999 3.81
-0.02199704525612475 0.01269999999999999 3.8862
-0.02199704525612475 0.01269999999999999 3.9624
-0.02199704525612475 0.01269999999999999 4.0386
-0.02199704525612475 0.01269999999999999 4.114800000000001
-0.02199704525612475 0.01269999999999999 4.191
-0.02199704525612475 0.01269999999999999 4.2672
-0.02199704525612475 0.01269999999999999 4.3434
-0.02199704525612475 0.01269999999999999 4.4196
-0.02199704525612475 0.01269999999999999 4.4958
-0.02199704525612475 0.01269999999999999 4.572
-0.02199704525612475 0.01269999999999999 4.6482
-0.02199704525612475 0.01269999999999999 4.7244
-0.02199704525612475 0.01269999999999999 4.8006
-0.02199704525612475 0.01269999999999999 4.8768
-0.02199704525612475 0.01269999999999999 4.953
-0.02199704525612475 0.01269999999999999 5.029199999999999
-0.02199704525612475 0.01269999999999999 5.1054
-0.02199704525612475 0.01269999999999999 5.1816
-0.02199704525612475 0.01269999999999999 5.2578
-0.02199704525612475 0.01269999999999999 5.334
-0.02199704525612475 0.01269999999999999 5.4102
-0.02199704525612475 0.01269999999999999 5.486400000000001
-0.02199704525612475 0.01269999999999999 5.5626
-0.02199704525612475 0.01269999999999999 5.638800000000001
-0.02199704525612475 0.01269999999999999 5.715
-0.02199704525612475 0.01269999999999999 5.7912
-0.02199704525612475 0.01269999999999999 5.8674
-0.02199704525612475 0.01269999999999999 5.9436
-0.02199704525612475 0.01269999999999999 6.0198
-0.02453451598774234 0.006574003745604022 0.0762
-0.02453451598774234 0.006574003745604022 0.1524
-0.02453451598774234 0.006574003745604022 0.2286
-0.02453451598774234 0.006574003745604022 0.3048
-0.02453451598774234 0.006574003745604022 0.381
-0.02453451598774234 0.006574003745604022 0.4572
-0.02453451598774234 0.006574003745604022 0.5334
-0.02453451598774234 0.006574003745604022 0.6096
-0.02453451598774234 0.006574003745604022 0.6858000000000001
-0.02453451598774234 0.006574003745604022 0.762
-0.02453451598774234 0.006574003745604022 0.8382000000000001
-0.02453451598774234 0.006574003745604022 0.9144
-0.02453451598774234 0.006574003745604022 0.9906
-0.02453451598774234 0.006574003745604022 1.0668
-0.02453451598774234 0.006574003745604022 1.143
-0.02453451598774234 0.006574003745604022 1.2192
-0.02453451598774234 0.006574003745604022 1.2954
-0.02453451598774234 0.006574003745604022 1.3716
-0.02453451598774234 0.006574003745604022 1.4478
-0.02453451598774234 0.006574003745604022 1.524
-0.02453451598774234 0.006574003745604022 1.6002
-0.02453451598774234 0.006574003745604022 1.6764
-0.02453451598774234 0.006574003745604022 1.7526
-0.02453451598774234 0.006574003745604022 1.8288
-0.02453451598774234 0.006574003745604022 1.905
-0.02453451598774234 0.006574003745604022 1.9812
-0.02453451598774234 0.006574003745604022 2.0574
-0.02453451598774234 0.006574003745604022 2.1336
-0.02453451598774234 0.006574003745604022 2.2098
-0.02453451598774234 0.006574003745604022 2.286
-0.02453451598774234 0.006574003745604022 2.3622
-0.02453451598774234 0.006574003745604022 2.4384
-0.02453451598774234 0.006574003745604022 2.5146
-0.02453451598774234 0.006574003745604022 2.5908
-0.02453451598774234 0.006574003745604022 2.667
-0.02453451598774234 0.006574003745604022 2.7432
-0.02453451598774234 0.006574003745604022 2.8194
-0.02453451598774234 0.006574003745604022 2.8956
-0.02453451598774234 0.006574003745604022 2.9718
-0.02453451598774234 0.006574003745604022 3.048
-0.02453451598774234 0.006574003745604022 3.1242
-0.02453451598774234 0.006574003745604022 3.2004
-0.02453451598774234 0.006574003745604022 3.2766
-0.02453451598774234 0.006574003745604022 3.3528
-0.02453451598774234 0.006574003745604022 3.429
-0.02453451598774234 0.006574003745604022 3.5052
-0.02453451598774234 0.006574003745604022 3.5814
-0.02453451598774234 0.006574003745604022 3.6576
-0.02453451598774234 0.006574003745604022 3.7338
-0.02453451598774234 0.006574003745604022 3.81
-0.02453451598774234 0.006574003745604022 3.8862
-0.02453451598774234 0.006574003745604022 3.9624
-0.02453451598774234 0.006574003745604022 4.0386
-0.02453451598774234 0.006574003745604022 4.114800000000001
-0.02453451598774234 0.006574003745604022 4.191
-0.02453451598774234 0.006574003745604022 4.2672
-0.02453451598774234 0.006574003745604022 4.3434
-0.02453451598774234 0.006574003745604022 4.4196
-0.02453451598774234 0.006574003745604022 4.4958
-0.02453451598774234 0.006574003745604022 4.572
-0.02453451598774234 0.006574003745604022 4.6482
-0.02453451598774234 0.006574003745604022 4.7244
-0.02453451598774234 0.006574003745604022 4.8006
-0.02453451598774234 0.006574003745604022 4.8768
-0.02453451598774234 0.006574003745604022 4.953
-0.02453451598774234 0.006574003745604022 5.029199999999999
-0.02453451598774234 0.006574003745604022 5.1054
-0.02453451598774234 0.006574003745604022 5.1816
-0.02453451598774234 0.006574003745604022 5.2578
-0.02453451598774234 0.006574003745604022 5.334
-0.02453451598774234 0.006574003745604022 5.4102
-0.02453451598774234 0.006574003745604022 5.486400000000001
-0.02453451598774234 0.006574003745604022 5.5626
-0.02453451598774234 0.006574003745604022 5.638800000000001
-0.02453451598774234 0.006574003745604022 5.715
-0.02453451598774234 0.006574003745604022 5.7912
-0.02453451598774234 0.006574003745604022 5.8674
-0.02453451598774234 0.006574003745604022 5.9436
-0.02453451598774234 0.006574003745604022 6.0198
-0.0254 3.110602869834277e-18 0.0762
-0.0254 3.110602869834277e-18 0.1524
-0.0254 3.110602869834277e-18 0.2286
-0.0254 3.110602869834277e-18 0.3048
-0.0254 3.110602869834277e-18 0.381
-0.0254 3.110602869834277e-18 0.4572
-0.0254 3.110602869834277e-18 0.5334
-0.0254 3.110602869834277e-18 0.6096
-0.0254 3.110602869834277e-18 0.6858000000000001
-0.0254 3.110602869834277e-18 0.762
-0.0254 3.110602869834277e-18 0.8382000000000001
-0.0254 3.110602869834277e-18 0.9144
-0.0254 3.110602869834277e-18 0.9906
-0.0254 3.110602869834277e-18 1.0668
-0.0254 3.110602869834277e-18 1.143
-0.0254 3.110602869834277e-18 1.2192
-0.0254 3.110602869834277e-18 1.2954
-0.0254 3.110602869834277e-18 1.3716
-0.0254 3.110602869834277e-18 1.4478
-0.0254 3.110602869834277e-18 1.524
-0.0254 3.110602869834277e-18 1.6002
-0.0254 3.110602869834277e-18 1.6764
-0.0254 3.110602869834277e-18 1.7526
-0.0254 3.110602869834277e-18 1.8288
-0.0254 3.110602869834277e-18 1.905
-0.0254 3.110602869834277e-18 1.9812
-0.0254 3.110602869834277e-18 2.0574
-0.0254 3.110602869834277e-18 2.1336
-0.0254 3.110602869834277e-18 2.2098
-0.0254 3.110602869834277e-18 2.286
-0.0254 3.110602869834277e-18 2.3622
-0.0254 3.110602869834277e-18 2.4384
-0.0254 3.110602869834277e-18 2.5146
-0.0254 3.110602869834277e-18 2.5908
-0.0254 3.110602869834277e-18 2.667
-0.0254 3.110602869834277e-18 2.7432
-0.0254 3.110602869834277e-18 2.8194
-0.0254 3.110602869834277e-18 2.8956
-0.0254 3.110602869834277e-18 2.9718
-0.0254 3.110602869834277e-18 3.048
-0.0254 3.110602869834277e-18 3.1242
-0.0254 3.110602869834277e-18 3.2004
-0.0254 3.110602869834277e-18 3.2766
-0.0254 3.110602869834277e-18 3.3528
-0.0254 3.110602869834277e-18 3.429
-0.0254 3.110602869834277e-18 3.5052
-0.0254 3.110602869834277e-18 3.5814
-0.0254 3.110602869834277e-18 3.6576
-0.0254 3.110602869834277e-18 3.7338
-0.0254 3.110602869834277e-18 3.81
-0.0254 3.110602869834277e-18 3.8862
-0.0254 3.110602869834277e-18 3.9624
-0.0254 3.110602869834277e-18 4.0386
-0.0254 3.110602869834277e-18 4.114800000000001
-0.0254 3.110602869834277e-18 4.191
-0.0254 3.110602869834277e-18 4.2672
-0.0254 3.110602869834277e-18 4.3434
-0.0254 3.110602869834277e-18 4.4196
-0.0254 3.110602869834277e-18 4.4958
-0.0254 3.110602869834277e-18 4.572
-0.0254 3.110602869834277e-18 4.6482
-0.0254 3.110602869834277e-18 4.7244
-0.0254 3.110602869834277e-18 4.8006
-0.0254 3.110602869834277e-18 4.8768
-0.0254 3.110602869834277e-18 4.953
-0.0254 3.110602869834277e-18 5.029199999999999
-0.0254 3.110602869834277e-18 5.1054
-0.0254 3.110602869834277e-18 5.1816
-0.0254 3.110602869834277e-18 5.2578
-0.0254 3.110602869834277e-18 5.334
-0.0254 3.110602869834277e-18 5.4102
-0.0254 3.110602869834277e-18 5.486400000000001
-0.0254 3.110602869834277e-18 5.5626
-0.0254 3.110602869834277e-18 5.638800000000001
-0.0254 3.110602869834277e-18 5.715
-0.0254 3.110602869834277e-18 5.7912
-0.0254 3.110602869834277e-18 5.8674
-0.0254 3.110602869834277e-18 5.9436
-0.0254 3.110602869834277e-18 6.0198
-0.02453451598774233 -0.006574003745604038 0.0762
-0.02453451598774233 -0.006574003745604038 0.1524
-0.02453451598774233 -0.006574003745604038 0.2286
-0.02453451598774233 -0.006574003745604038 0.3048
-0.02453451598774233 -0.006574003745604038 0.381
-0.02453451598774233 -0.006574003745604038 0.4572
-0.02453451598774233 -0.006574003745604038 0.5334
-0.02453451598774233 -0.006574003745604038 0.6096
-0.02453451598774233 -0.006574003745604038 0.6858000000000001
-0.02453451598774233 -0.006574003745604038 0.762
-0.02453451598774233 -0.006574003745604038 0.8382000000000001
-0.02453451598774233 -0.006574003745604038 0.9144
-0.02453451598774233 -0.006574003745604038 0.9906
-0.02453451598774233 -0.006574003745604038 1.0668
-0.02453451598774233 -0.006574003745604038 1.143
-0.02453451598774233 -0.006574003745604038 1.2192
-0.02453451598774233 -0.006574003745604038 1.2954
-0.02453451598774233 -0.006574003745604038 1.3716
-0.02453451598774233 -0.006574003745604038 1.4478
-0.02453451598774233 -0.006574003745604038 1.524
-0.02453451598774233 -0.006574003745604038 1.6002
-0.02453451598774233 -0.006574003745604038 1.6764
-0.02453451598774233 -0.006574003745604038 1.7526
-0.02453451598774233 -0.006574003745604038 1.8288
-0.02453451598774233 -0.006574003745604038 1.905
-0.02453451598774233 -0.006574003745604038 1.9812
-0.02453451598774233 -0.006574003745604038 2.0574
-0.02453451598774233 -0.006574003745604038 2.1336
-0.02453451598774233 -0.006574003745604038 2.2098
-0.02453451598774233 -0.006574003745604038 2.286
-0.02453451598774233 -0.006574003745604038 2.3622
-0.02453451598774233 -0.006574003745604038 2.4384
-0.02453451598774233 -0.006574003745604038 2.5146
-0.02453451598774233 -0.006574003745604038 2.5908
-0.02453451598774233 -0.006574003745604038 2.667
-0.02453451598774233 -0.006574003745604038 2.7432
-0.02453451598774233 -0.006574003745604038 2.8194
-0.02453451598774233 -0.006574003745604038 2.8956
-0.02453451598774233 -0.006574003745604038 2.9718
-0.02453451598774233 -0.006574003745604038 3.048
-0.02453451598774233 -0.006574003745604038 3.1242
-0.02453451598774233 -0.006574003745604038 3.2004
-0.02453451598774233 -0.006574003745604038 3.2766
-0.02453451598774233 -0.006574003745604038 3.3528
-0.02453451598774233 -0.006574003745604038 3.429
-0.02453451598774233 -0.006574003745604038 3.5052
-0.02453451598774233 -0.006574003745604038 3.5814
-0.02453451598774233 -0.006574003745604038 3.6576
-0.02453451598774233 -0.006574003745604038 3.7338
-0.02453451598774233 -0.006574003745604038 3.81
-0.02453451598774233 -0.006574003745604038 3.8862
-0.02453451598774233 -0.006574003745604038 3.9624
-0.02453451598774233 -0.006574003745604038 4.0386
-0.02453451598774233 -0.006574003745604038 4.114800000000001
-0.02453451598774233 -0.006574003745604038 4.191
-0.02453451598774233 -0.006574003745604038 4.2672
-0.02453451598774233 -0.006574003745604038 4.3434
-0.02453451598774233 -0.006574003745604038 4.4196
-0.02453451598774233 -0.006574003745604038 4.4958
-0.02453451598774233 -0.006574003745604038 4.572
-0.02453451598774233 -0.006574003745604038 4.6482
-0.02453451598774233 -0.006574003745604038 4.7244
-0.02453451598774233 -0.006574003745604038 4.8006
-0.02453451598774233 -0.006574003745604038 4.8768
-0.02453451598774233 -0.006574003745604038 4.953
-0.02453451598774233 -0.006574003745604038 5.029199999999999
-0.02453451598774233 -0.006574003745604038 5.1054
-0.02453451598774233 -0.006574003745604038 5.1816
-0.02453451598774233 -0.006574003745604038 5.2578
-0.02453451598774233 -0.006574003745604038 5.334
-0.02453451598774233 -0.006574003745604038 5.4102
-0.02453451598774233 -0.006574003745604038 5.486400000000001
-0.02453451598774233 -0.006574003745604038 5.5626
-0.02453451598774233 -0.006574003745604038 5.638800000000001
-0.02453451598774233 -0.006574003745604038 5.715
-0.02453451598774233 -0.006574003745604038 5.7912
-0.02453451598774233 -0.006574003745604038 5.8674
-0.02453451598774233 -0.006574003745604038 5.9436
-0.02453451598774233 -0.006574003745604038 6.0198
-0.02199704525612473 -0.01270000000000001 0.0762
-0.02199704525612473 -0.01270000000000001 0.1524
-0.02199704525612473 -0.01270000000000001 0.2286
-0.02199704525612473 -0.01270000000000001 0.3048
-0.02199704525612473 -0.01270000000000001 0.381
-0.02199704525612473 -0.01270000000000001 0.4572
-0.02199704525612473 -0.01270000000000001 0.5334
-0.02199704525612473 -0.01270000000000001 0.6096
-0.02199704525612473 -0.01270000000000001 0.6858000000000001
-0.02199704525612473 -0.01270000000000001 0.762
-0.02199704525612473 -0.01270000000000001 0.8382000000000001
-0.02199704525612473 -0.01270000000000001 0.9144
-0.02199704525612473 -0.01270000000000001 0.9906
-0.02199704525612473 -0.01270000000000001 1.0668
-0.02199704525612473 -0.01270000000000001 1.143
-0.02199704525612473 -0.01270000000000001 1.2192
-0.02199704525612473 -0.01270000000000001 1.2954
-0.02199704525612473 -0.01270000000000001 1.3716
-0.02199704525612473 -0.01270000000000001 1.4478
-0.02199704525612473 -0.01270000000000001 1.524
-0.02199704525612473 -0.01270000000000001 1.6002
-0.02199704525612473 -0.01270000000000001 1.6764
-0.02199704525612473 -0.01270000000000001 1.7526
-0.02199704525612473 -0.01270000000000001 1.8288
-0.02199704525612473 -0.01270000000000001 1.905
-0.02199704525612473 -0.01270000000000001 1.9812
-0.02199704525612473 -0.01270000000000001 2.0574
-0.02199704525612473 -0.01270000000000001 2.1336
-0.02199704525612473 -0.01270000000000001 2.2098
-0.02199704525612473 -0.01270000000000001 2.286
-0.02199704525612473 -0.01270000000000001 2.3622
-0.02199704525612473 -0.01270000000000001 2.4384
-0.02199704525612473 -0.01270000000000001 2.5146
-0.02199704525612473 -0.01270000000000001 2.5908
-0.02199704525612473 -0.01270000000000001 2.667
-0.02199704525612473 -0.01270000000000001 2.7432
-0.02199704525612473 -0.01270000000000001 2.8194
-0.02199704525612473 -0.01270000000000001 2.8956
-0.02199704525612473 -0.01270000000000001 2.9718
-0.02199704525612473 -0.01270000000000001 3.048
-0.02199704525612473 -0.01270000000000001 3.1242
-0.02199704525612473 -0.01270000000000001 3.2004
-0.02199704525612473 -0.01270000000000001 3.2766
-0.02199704525612473 -0.01270000000000001 3.3528
-0.02199704525612473 -0.01270000000000001 3.429
-0.02199704525612473 -0.01270000000000001 3.5052
-0.02199704525612473 -0.01270000000000001 3.5814
-0.02199704525612473 -0.01270000000000001 3.6576
-0.02199704525612473 -0.01270000000000001 3.7338
-0.02199704525612473 -0.01270000000000001 3.81
-0.02199704525612473 -0.01270000000000001 3.8862
-0.02199704525612473 -0.01270000000000001 3.9624
-0.02199704525612473 -0.01270000000000001 4.0386
-0.02199704525612473 -0.01270000000000001 4.114800000000001
-0.02199704525612473 -0.01270000000000001 4.191
-0.02199704525612473 -0.01270000000000001 4.2672
-0.02199704525612473 -0.01270000000000001 4.3434
-0.02199704525612473 -0.01270000000000001 4.4196
-0.02199704525612473 -0.01270000000000001 4.4958
-0.02199704525612473 -0.01270000000000001 4.572
-0.02199704525612473 -0.01270000000000001 4.6482
-0.02199704525612473 -0.01270000000000001 4.7244
-0.02199704525612473 -0.01270000000000001 4.8006
-0.02199704525612473 -0.01270000000000001 4.8768
-0.02199704525612473 -0.01270000000000001 4.953
-0.02199704525612473 -0.01270000000000001 5.029199999999999
-0.02199704525612473 -0.01270000000000001 5.1054
-0.02199704525612473 -0.01270000000000001 5.1816
-0.02199704525612473 -0.01270000000000001 5.2578
-0.02199704525612473 -0.01270000000000001 5.334
-0.02199704525612473 -0.01270000000000001 5.4102
-0.02199704525612473 -0.01270000000000001 5.486400000000001
-0.02199704525612473 -0.01270000000000001 5.5626
-0.02199704525612473 -0.01270000000000001 5.638800000000001
-0.02199704525612473 -0.01270000000000001 5.715
-0.02199704525612473 -0.01270000000000001 5.7912
-0.02199704525612473 -0.01270000000000001 5.8674
-0.02199704525612473 -0.01270000000000001 5.9436
-0.02199704525612473 -0.01270000000000001 6.0198
-0.01796051224213829 -0.01796051224213833 0.0762
-0.01796051224213829 -0.01796051224213833 0.1524
-0.01796051224213829 -0.01796051224213833 0.2286
-0.01796051224213829 -0.01796051224213833 0.3048
-0.01796051224213829 -0.01796051224213833 0.381
-0.01796051224213829 -0.01796051224213833 0.4572
-0.01796051224213829 -0.01796051224213833 0.5334
-0.01796051224213829 -0.01796051224213833 0.6096
-0.01796051224213829 -0.01796051224213833 0.6858000000000001
-0.01796051224213829 -0.01796051224213833 0.762
-0.01796051224213829 -0.01796051224213833 0.8382000000000001
-0.01796051224213829 -0.01796051224213833 0.9144
-0.01796051224213829 -0.01796051224213833 0.9906
-0.01796051224213829 -0.01796051224213833 1.0668
-0.01796051224213829 -0.01796051224213833 1.143
-0.01796051224213829 -0.01796051224213833 1.2192
-0.01796051224213829 -0.01796051224213833 1.2954
-0.01796051224213829 -0.01796051224213833 1.3716
-0.01796051224213829 -0.01796051224213833 1.4478
-0.01796051224213829 -0.01796051224213833 1.524
-0.01796051224213829 -0.01796051224213833 1.6002
-0.01796051224213829 -0.01796051224213833 1.6764
-0.01796051224213829 -0.01796051224213833 1.7526
-0.01796051224213829 -0.01796051224213833 1.8288
-0.01796051224213829 -0.01796051224213833 1.905
-0.01796051224213829 -0.01796051224213833 1.9812
-0.01796051224213829 -0.01796051224213833 2.0574
-0.01796051224213829 -0.01796051224213833 2.1336
-0.01796051224213829 -0.01796051224213833 2.2098
-0.01796051224213829 -0.01796051224213833 2.286
-0.01796051224213829 -0.01796051224213833 2.3622
-0.01796051224213829 -0.01796051224213833 2.4384
-0.01796051224213829 -0.01796051224213833 2.5146
-0.01796051224213829 -0.01796051224213833 2.5908
-0.01796051224213829 -0.01796051224213833 2.667
-0.01796051224213829 -0.01796051224213833 2.7432
-0.01796051224213829 -0.01796051224213833 2.8194
-0.01796051224213829 -0.01796051224213833 2.8956
-0.01796051224213829 -0.01796051224213833 2.9718
-0.01796051224213829 -0.01796051224213833 3.048
-0.01796051224213829 -0.01796051224213833 3.1242
-0.01796051224213829 -0.01796051224213833 3.2004
-0.01796051224213829 -0.01796051224213833 3.2766
-0.01796051224213829 -0.01796051224213833 3.3528
-0.01796051224213829 -0.01796051224213833 3.429
-0.01796051224213829 -0.01796051224213833 3.5052
-0.01796051224213829 -0.01796051224213833 3.5814
-0.01796051224213829 -0.01796051224213833 3.6576
-0.01796051224213829 -0.01796051224213833 3.7338
-0.01796051224213829 -0.01796051224213833 3.81
-0.01796051224213829 -0.01796051224213833 3.8862
-0.01796051224213829 -0.01796051224213833 3.9624
-0.01796051224213829 -0.01796051224213833 4.0386
-0.01796051224213829 -0.01796051224213833 4.114800000000001
-0.01796051224213829 -0.01796051224213833 4.191
-0.01796051224213829 -0.01796051224213833 4.2672
-0.01796051224213829 -0.01796051224213833 4.3434
-0.01796051224213829 -0.01796051224213833 4.4196
-0.01796051224213829 -0.01796051224213833 4.4958
-0.01796051224213829 -0.01796051224213833 4.572
-0.01796051224213829 -0.01796051224213833 4.6482
-0.01796051224213829 -0.01796051224213833 4.7244
-0.01796051224213829 -0.01796051224213833 4.8006
-0.01796051224213829 -0.01796051224213833 4.8768
-0.01796051224213829 -0.01796051224213833 4.953
-0.01796051224213829 -0.01796051224213833 5.029199999999999
-0.01796051224213829 -0.01796051224213833 5.1054
-0.01796051224213829 -0.01796051224213833 5.1816
-0.01796051224213829 -0.01796051224213833 5.2578
-0.01796051224213829 -0.01796051224213833 5.334
-0.01796051224213829 -0.01796051224213833 5.4102
-0.01796051224213829 -0.01796051224213833 5.486400000000001
-0.01796051224213829 -0.01796051224213833 5.5626
-0.01796051224213829 -0.01796051224213833 5.638800000000001
-0.01796051224213829 -0.01796051224213833 5.715
-0.01796051224213829 -0.01796051224213833 5.7912
-0.01796051224213829 -0.01796051224213833 5.8674
-0.01796051224213829 -0.01796051224213833 5.9436
-0.01796051224213829 -0.01796051224213833 6.0198
-0.01269999999999997 -0.02199704525612476 0.0762
-0.01269999999999997 -0.02199704525612476 0.1524
-0.01269999999999997 -0.02199704525612476 0.2286
-0.01269999999999997 -0.02199704525612476 0.3048
-0.01269999999999997 -0.02199704525612476 0.381
-0.01269999999999997 -0.02199704525612476 0.4572
-0.01269999999999997 -0.02199704525612476 0.5334
-0.01269999999999997 -0.02199704525612476 0.6096
-0.01269999999999997 -0.02199704525612476 0.6858000000000001
-0.01269999999999997 -0.02199704525612476 0.762
-0.01269999999999997 -0.02199704525612476 0.8382000000000001
-0.01269999999999997 -0.02199704525612476 0.9144
-0.01269999999999997 -0.02199704525612476 0.9906
-0.01269999999999997 -0.02199704525612476 1.0668
-0.01269999999999997 -0.02199704525612476 1.143
-0.01269999999999997 -0.02199704525612476 1.2192
-0.01269999999999997 -0.02199704525612476 1.2954
-0.01269999999999997 -0.02199704525612476 1.3716
-0.01269999999999997 -0.02199704525612476 1.4478
-0.01269999999999997 -0.02199704525612476 1.524
-0.01269999999999997 -0.02199704525612476 1.6002
-0.01269999999999997 -0.02199704525612476 1.6764
-0.01269999999999997 -0.02199704525612476 1.7526
-0.01269999999999997 -0.02199704525612476 1.8288
-0.01269999999999997 -0.02199704525612476 1.905
-0.01269999999999997 -0.02199704525612476 1.9812
-0.01269999999999997 -0.02199704525612476 2.0574
-0.01269999999999997 -0.02199704525612476 2.1336
-0.01269999999999997 -0.02199704525612476 2.2098
-0.01269999999999997 -0.02199704525612476 2.286
-0.01269999999999997 -0.02199704525612476 2.3622
-0.01269999999999997 -0.02199704525612476 2.4384
-0.01269999999999997 -0.02199704525612476 2.5146
-0.01269999999999997 -0.02199704525612476 2.5908
-0.01269999999999997 -0.02199704525612476 2.667
-0.01269999999999997 -0.02199704525612476 2.7432
-0.01269999999999997 -0.02199704525612476 2.8194
-0.01269999999999997 -0.02199704525612476 2.8956
-0.01269999999999997 -0.02199704525612476 2.9718
-0.01269999999999997 -0.02199704525612476 3.048
-0.01269999999999997 -0.02199704525612476 3.1242
-0.01269999999999997 -0.02199704525612476 3.2004
-0.01269999999999997 -0.02199704525612476 3.2766
-0.01269999999999997 -0.02199704525612476 3.3528
-0.01269999999999997 -0.02199704525612476 3.429
-0.01269999999999997 -0.02199704525612476 3.5052
-0.01269999999999997 -0.02199704525612476 3.5814
-0.01269999999999997 -0.02199704525612476 3.6576
-0.01269999999999997 -0.02199704525612476 3.7338
-0.01269999999999997 -0.02199704525612476 3.81
-0.01269999999999997 -0.02199704525612476 3.8862
-0.01269999999999997 -0.02199704525612476 3.9624
-0.01269999999999997 -0.02199704525612476 4.0386
-0.01269999999999997 -0.02199704525612476 4.114800000000001
-0.01269999999999997 -0.02199704525612476 4.191
-0.01269999999999997 -0.02199704525612476 4.2672
-0.01269999999999997 -0.02199704525612476 4.3434
-0.01269999999999997 -0.02199704525612476 4.4196
-0.01269999999999997 -0.02199704525612476 4.4958
-0.01269999999999997 -0.02199704525612476 4.572
-0.01269999999999997 -0.02199704525612476 4.6482
-0.01269999999999997 -0.02199704525612476 4.7244
-0.01269999999999997 -0.02199704525612476 4.8006
-0.01269999999999997 -0.02199704525612476 4.8768
-0.01269999999999997 -0.02199704525612476 4.953
-0.01269999999999997 -0.02199704525612476 5.029199999999999
-0.01269999999999997 -0.02199704525612476 5.1054
-0.01269999999999997 -0.02199704525612476 5.1816
-0.01269999999999997 -0.02199704525612476 5.2578
-0.01269999999999997 -0.02199704525612476 5.334
-0.01269999999999997 -0.02199704525612476 5.4102
-0.01269999999999997 -0.02199704525612476 5.486400000000001
-0.01269999999999997 -0.02199704525612476 5.5626
-0.01269999999999997 -0.02199704525612476 5.638800000000001
-0.01269999999999997 -0.02199704525612476 5.715
-0.01269999999999997 -0.02199704525612476 5.7912
-0.01269999999999997 -0.02199704525612476 5.8674
-0.01269999999999997 -0.02199704525612476 5.9436
-0.01269999999999997 -0.02199704525612476 6.0198
-0.006574003745604002 -0.02453451598774234 0.0762
-0.006574003745604002 -0.02453451598774234 0.1524
-0.006574003745604002 -0.02453451598774234 0.2286
-0.006574003745604002 -0.02453451598774234 0.3048
-0.006574003745604002 -0.02453451598774234 0.381
-0.006574003745604002 -0.02453451598774234 0.4572
-0.006574003745604002 -0.02453451598774234 0.5334
-0.006574003745604002 -0.02453451598774234 0.6096
-0.006574003745604002 -0.02453451598774234 0.6858000000000001
-0.006574003745604002 -0.02453451598774234 0.762
-0.006574003745604002 -0.02453451598774234 0.8382000000000001
-0.006574003745604002 -0.02453451598774234 0.9144
-0.006574003745604002 -0.02453451598774234 0.9906
-0.006574003745604002 -0.02453451598774234 1.0668
-0.006574003745604002 -0.02453451598774234 1.143
-0.006574003745604002 -0.02453451598774234 1.2192
-0.006574003745604002 -0.02453451598774234 1.2954
-0.006574003745604002 -0.02453451598774234 1.3716
-0.006574003745604002 -0.02453451598774234 1.4478
-0.006574003745604002 -0.02453451598774234 1.524
-0.006574003745604002 -0.02453451598774234 1.6002
-0.006574003745604002 -0.02453451598774234 1.6764
-0.006574003745604002 -0.02453451598774234 1.7526
-0.006574003745604002 -0.02453451598774234 1.8288
-0.006574003745604002 -0.02453451598774234 1.905
-0.006574003745604002 -0.02453451598774234 1.9812
-0.006574003745604002 -0.02453451598774234 2.0574
-0.006574003745604002 -0.02453451598774234 2.1336
-0.006574003745604002 -0.02453451598774234 2.2098
-0.006574003745604002 -0.02453451598774234 2.286
-0.006574003745604002 -0.02453451598774234 2.3622
-0.006574003745604002 -0.02453451598774234 2.4384
-0.006574003745604002 -0.02453451598774234 2.5146
-0.006574003745604002 -0.02453451598774234 2.5908
-0.006574003745604002 -0.02453451598774234 2.667
-0.006574003745604002 -0.02453451598774234 2.7432
-0.006574003745604002 -0.02453451598774234 2.8194
-0.006574003745604002 -0.02453451598774234 2.8956
-0.006574003745604002 -0.02453451598774234 2.9718
-0.006574003745604002 -0.02453451598774234 3.048
-0.006574003745604002 -0.02453451598774234 3.1242
-0.006574003745604002 -0.02453451598774234 3.2004
-0.006574003745604002 -0.02453451598774234 3.2766
-0.006574003745604002 -0.02453451598774234 3.3528
-0.006574003745604002 -0.02453451598774234 3.429
-0.006574003745604002 -0.02453451598774234 3.5052
-0.006574003745604002 -0.02453451598774234 3.5814
-0.006574003745604002 -0.02453451598774234 3.6576
-0.006574003745604002 -0.02453451598774234 3.7338
-0.006574003745604002 -0.02453451598774234 3.81
-0.006574003745604002 -0.02453451598774234 3.8862
-0.006574003745604002 -0.02453451598774234 3.9624
-0.006574003745604002 -0.02453451598774234 4.0386
-0.006574003745604002 -0.02453451598774234 4.114800000000001
-0.006574003745604002 -0.02453451598774234 4.191
-0.006574003745604002 -0.02453451598774234 4.2672
-0.006574003745604002 -0.02453451598774234 4.3434
-0.006574003745604002 -0.02453451598774234 4.4196
-0.006574003745604002 -0.02453451598774234 4.4958
-0.006574003745604002 -0.02453451598774234 4.572
-0.006574003745604002 -0.02453451598774234 4.6482
-0.006574003745604002 -0.02453451598774234 4.7244
-0.006574003745604002 -0.02453451598774234 4.8006
-0.006574003745604002 -0.02453451598774234 4.8768
-0.006574003745604002 -0.02453451598774234 4.953
-0.006574003745604002 -0.02453451598774234 5.029199999999999
-0.006574003745604002 -0.02453451598774234 5.1054
-0.006574003745604002 -0.02453451598774234 5.1816
-0.006574003745604002 -0.02453451598774234 5.2578
-0.006574003745604002 -0.02453451598774234 5.334
-0.006574003745604002 -0.02453451598774234 5.4102
-0.006574003745604002 -0.02453451598774234 5.486400000000001
-0.006574003745604002 -0.02453451598774234 5.5626
-0.006574003745604002 -0.02453451598774234 5.638800000000001
-0.006574003745604002 -0.02453451598774234 5.715
-0.006574003745604002 -0.02453451598774234 5.7912
-0.006574003745604002 -0.02453451598774234 5.8674
-0.006574003745604002 -0.02453451598774234 5.9436
-0.006574003745604002 -0.02453451598774234 6.0198
4.045355941601495e-17 -0.0254 0.0762
4.045355941601495e-17 -0.0254 0.1524
4.045355941601495e-17 -0.0254 0.2286
4.045355941601495e-17 -0.0254 0.3048
4.045355941601495e-17 -0.0254 0.381
4.045355941601495e-17 -0.0254 0.4572
4.045355941601495e-17 -0.0254 0.5334
4.045355941601495e-17 -0.0254 0.6096
4.045355941601495e-17 -0.0254 0.6858000000000001
4.045355941601495e-17 -0.0254 0.762
4.045355941601495e-17 -0.0254 0.8382000000000001
4.045355941601495e-17 -0.0254 0.9144
4.045355941601495e-17 -0.0254 0.9906
4.045355941601495e-17 -0.0254 1.0668
4.045355941601495e-17 -0.0254 1.143
4.045355941601495e-17 -0.0254 1.2192
4.045355941601495e-17 -0.0254 1.2954
4.045355941601495e-17 -0.0254 1.3716
4.045355941601495e-17 -0.0254 1.4478
4.045355941601495e-17 -0.0254 1.524
4.045355941601495e-17 -0.0254 1.6002
4.045355941601495e-17 -0.0254 1.6764
4.045355941601495e-17 -0.0254 1.7526
4.045355941601495e-17 -0.0254 1.8288
4.045355941601495e-17 -0.0254 1.905
4.045355941601495e-17 -0.0254 1.9812
4.045355941601495e-17 -0.0254 2.0574
4.045355941601495e-17 -0.0254 2.1336
4.045355941601495e-17 -0.0254 2.2098
4.045355941601495e-17 -0.0254 2.286
4.045355941601495e-17 -0.0254 2.3622
4.045355941601495e-17 -0.0254 2.4384
4.045355941601495e-17 -0.0254 2.5146
4.045355941601495e-17 -0.0254 2.5908
4.045355941601495e-17 -0.0254 2.667
4.045355941601495e-17 -0.0254 2.7432
4.045355941601495e-17 -0.0254 2.8194
4.045355941601495e-17 -0.0254 2.8956
4.045355941601495e-17 -0.0254 2.9718
4.045355941601495e-17 -0.0254 3.048
4.045355941601495e-17 -0.0254 3.1242
4.045355941601495e-17 -0.0254 3.2004
4.045355941601495e-17 -0.0254 3.2766
4.045355941601495e-17 -0.0254 3.3528
4.045355941601495e-17 -0.0254 3.429
4.045355941601495e-17 -0.0254 3.5052
4.045355941601495e-17 -0.0254 3.5814
4.045355941601495e-17 -0.0254 3.6576
4.045355941601495e-17 -0.0254 3.7338
4.045355941601495e-17 -0.0254 3.81
4.045355941601495e-17 -0.0254 3.8862
4.045355941601495e-17 -0.0254 3.9624
4.045355941601495e-17 -0.0254 4.0386
4.045355941601495e-17 -0.0254 4.114800000000001
4.045355941601495e-17 -0.0254 4.191
4.045355941601495e-17 -0.0254 4.2672
4.045355941601495e-17 -0.0254 4.3434
4.045355941601495e-17 -0.0254 4.4196
4.045355941601495e-17 -0.0254 4.4958
4.045355941601495e-17 -0.0254 4.572
4.045355941601495e-17 -0.0254 4.6482
4.045355941601495e-17 -0.0254 4.7244
4.045355941601495e-17 -0.0254 4.8006
4.045355941601495e-17 -0.0254 4.8768
4.045355941601495e-17 -0.0254 4.953
4.045355941601495e-17 -0.0254 5.029199999999999
4.045355941601495e-17 -0.0254 5.1054
4.045355941601495e-17 -0.0254 5.1816
4.045355941601495e-17 -0.0254 5.2578
4.045355941601495e-17 -0.0254 5.334
4.045355941601495e-17 -0.0254 5.4102
4.045355941601495e-17 -0.0254 5.486400000000001
4.045355941601495e-17 -0.0254 5.5626
4.045355941601495e-17 -0.0254 5.638800000000001
4.045355941601495e-17 -0.0254 5.715
4.045355941601495e-17 -0.0254 5.7912
4.045355941601495e-17 -0.0254 5.8674
4.045355941601495e-17 -0.0254 5.9436
4.045355941601495e-17 -0.0254 6.0198
0.006574003745604059 -0.02453451598774233 0.0762
0.006574003745604059 -0.02453451598774233 0.1524
0.006574003745604059 -0.02453451598774233 0.2286
0.006574003745604059 -0.02453451598774233 0.3048
0.006574003745604059 -0.02453451598774233 0.381
0.006574003745604059 -0.02453451598774233 0.4572
0.006574003745604059 -0.02453451598774233 0.5334
0.006574003745604059 -0.02453451598774233 0.6096
0.006574003745604059 -0.02453451598774233 0.6858000000000001
0.006574003745604059 -0.02453451598774233 0.762
0.006574003745604059 -0.02453451598774233 0.8382000000000001
0.006574003745604059 -0.02453451598774233 0.9144
0.006574003745604059 -0.02453451598774233 0.9906
0.006574003745604059 -0.02453451598774233 1.0668
0.006574003745604059 -0.02453451598774233 1.143
0.006574003745604059 -0.02453451598774233 1.2192
0.006574003745604059 -0.02453451598774233 1.2954
0.006574003745604059 -0.02453451598774233 1.3716
0.006574003745604059 -0.02453451598774233 1.4478
0.006574003745604059 -0.02453451598774233 1.524
0.006574003745604059 -0.02453451598774233 1.6002
0.006574003745604059 -0.02453451598774233 1.6764
0.006574003745604059 -0.02453451598774233 1.7526
0.006574003745604059 -0.02453451598774233 1.8288
0.006574003745604059 -0.02453451598774233 1.905
0.006574003745604059 -0.02453451598774233 1.9812
0.006574003745604059 -0.02453451598774233 2.0574
0.006574003745604059 -0.02453451598774233 2.1336
0.006574003745604059 -0.02453451598774233 2.2098
0.006574003745604059 -0.02453451598774233 2.286
0.006574003745604059 -0.02453451598774233 2.3622
0.006574003745604059 -0.02453451598774233 2.4384
0.006574003745604059 -0.02453451598774233 2.5146
0.006574003745604059 -0.02453451598774233 2.5908
0.006574003745604059 -0.02453451598774233 2.667
0.006574003745604059 -0.02453451598774233 2.7432
0.006574003745604059 -0.02453451598774233 2.8194
0.006574003745604059 -0.02453451598774233 2.8956
0.006574003745604059 -0.02453451598774233 2.9718
0.006574003745604059 -0.02453451598774233 3.048
0.006574003745604059 -0.02453451598774233 3.1242
0.006574003745604059 -0.02453451598774233 3.2004
0.006574003745604059 -0.02453451598774233 3.2766
0.006574003745604059 -0.02453451598774233 3.3528
0.006574003745604059 -0.02453451598774233 3.429
0.006574003745604059 -0.02453451598774233 3.5052
0.006574003745604059 -0.02453451598774233 3.5814
0.006574003745604059 -0.02453451598774233 3.6576
0.006574003745604059 -0.02453451598774233 3.7338
0.006574003745604059 -0.02453451598774233 3.81
0.006574003745604059 -0.02453451598774233 3.8862
0.006574003745604059 -0.02453451598774233 3.9624
0.006574003745604059 -0.02453451598774233 4.0386
0.006574003745604059 -0.02453451598774233 4.114800000000001
0.006574003745604059 -0.02453451598774233 4.191
0.006574003745604059 -0.02453451598774233 4.2672
0.006574003745604059 -0.02453451598774233 4.3434
0.006574003745604059 -0.02453451598774233 4.4196
0.006574003745604059 -0.02453451598774233 4.4958
0.006574003745604059 -0.02453451598774233 4.572
0.006574003745604059 -0.02453451598774233 4.6482
0.006574003745604059 -0.02453451598774233 4.7244
0.006574003745604059 -0.02453451598774233 4.8006
0.006574003745604059 -0.02453451598774233 4.8768
0.006574003745604059 -0.02453451598774233 4.953
0.006574003745604059 -0.02453451598774233 5.029199999999999
0.006574003745604059 -0.02453451598774233 5.1054
0.006574003745604059 -0.02453451598774233 5.1816
0.006574003745604059 -0.02453451598774233 5.2578
0.006574003745604059 -0.02453451598774233 5.334
0.006574003745604059 -0.02453451598774233 5.4102
0.006574003745604059 -0.02453451598774233 5.486400000000001
0.006574003745604059 -0.02453451598774233 5.5626
0.006574003745604059 -0.02453451598774233 5.638800000000001
0.006574003745604059 -0.02453451598774233 5.715
0.006574003745604059 -0.02453451598774233 5.7912
0.006574003745604059 -0.02453451598774233 5.8674
0.006574003745604059 -0.02453451598774233 5.9436
0.006574003745604059 -0.02453451598774233 6.0198
0.01270000000000002 -0.02199704525612473 0.0762
0.01270000000000002 -0.02199704525612473 0.1524
0.01270000000000002 -0.02199704525612473 0.2286
0.01270000000000002 -0.02199704525612473 0.3048
0.01270000000000002 -0.02199704525612473 0.381
0.01270000000000002 -0.02199704525612473 0.4572
0.01270000000000002 -0.02199704525612473 0.5334
0.01270000000000002 -0.02199704525612473 0.6096
0.01270000000000002 -0.02199704525612473 0.6858000000000001
0.01270000000000002 -0.02199704525612473 0.762
0.01270000000000002 -0.02199704525612473 0.8382000000000001
0.01270000000000002 -0.02199704525612473 0.9144
0.01270000000000002 -0.02199704525612473 0.9906
0.01270000000000002 -0.02199704525612473 1.0668
0.01270000000000002 -0.02199704525612473 1.143
0.01270000000000002 -0.02199704525612473 1.2192
0.01270000000000002 -0.02199704525612473 1.2954
0.01270000000000002 -0.02199704525612473 1.3716
0.01270000000000002 -0.02199704525612473 1.4478
0.01270000000000002 -0.02199704525612473 1.524
0.01270000000000002 -0.02199704525612473 1.6002
0.01270000000000002 -0.02199704525612473 1.6764
0.01270000000000002 -0.02199704525612473 1.7526
0.01270000000000002 -0.02199704525612473 1.8288
0.01270000000000002 -0.02199704525612473 1.905
0.01270000000000002 -0.02199704525612473 1.9812
0.01270000000000002 -0.02199704525612473 2.0574
0.01270000000000002 -0.02199704525612473 2.1336
0.01270000000000002 -0.02199704525612473 2.2098
0.01270000000000002 -0.02199704525612473 2.286
0.01270000000000002 -0.02199704525612473 2.3622
0.01270000000000002 -0.02199704525612473 2.4384
0.01270000000000002 -0.02199704525612473 2.5146
0.01270000000000002 -0.02199704525612473 2.5908
0.01270000000000002 -0.02199704525612473 2.667
0.01270000000000002 -0.02199704525612473 2.7432
0.01270000000000002 -0.02199704525612473 2.8194
0.01270000000000002 -0.02199704525612473 2.8956
0.01270000000000002 -0.02199704525612473 2.9718
0.01270000000000002 -0.02199704525612473 3.048
0.01270000000000002 -0.02199704525612473 3.1242
0.01270000000000002 -0.02199704525612473 3.2004
0.01270000000000002 -0.02199704525612473 3.2766
0.01270000000000002 -0.02199704525612473 3.3528
0.01270000000000002 -0.02199704525612473 3.429
0.01270000000000002 -0.02199704525612473 3.5052
0.01270000000000002 -0.02199704525612473 3.5814
0.01270000000000002 -0.02199704525612473 3.6576
0.01270000000000002 -0.02199704525612473 3.7338
0.01270000000000002 -0.02199704525612473 3.81
0.01270000000000002 -0.02199704525612473 3.8862
0.01270000000000002 -0.02199704525612473 3.9624
0.01270000000000002 -0.02199704525612473 4.0386
0.01270000000000002 -0.02199704525612473 4.114800000000001
0.01270000000000002 -0.02199704525612473 4.191
0.01270000000000002 -0.02199704525612473 4.2672
0.01270000000000002 -0.02199704525612473 4.3434
0.01270000000000002 -0.02199704525612473 4.4196
0.01270000000000002 -0.02199704525612473 4.4958
0.01270000000000002 -0.02199704525612473 4.572
0.01270000000000002 -0.02199704525612473 4.6482
0.01270000000000002 -0.02199704525612473 4.7244
0.01270000000000002 -0.02199704525612473 4.8006
0.01270000000000002 -0.02199704525612473 4.8768
0.01270000000000002 -0.02199704525612473 4.953
0.01270000000000002 -0.02199704525612473 5.029199999999999
0.01270000000000002 -0.02199704525612473 5.1054
0.01270000000000002 -0.02199704525612473 5.1816
0.01270000000000002 -0.02199704525612473 5.2578
0.01270000000000002 -0.02199704525612473 5.334
0.01270000000000002 -0.02199704525612473 5.4102
0.01270000000000002 -0.02199704525612473 5.486400000000001
0.01270000000000002 -0.02199704525612473 5.5626
0.01270000000000002 -0.02199704525612473 5.638800000000001
0.01270000000000002 -0.02199704525612473 5.715
0.01270000000000002 -0.02199704525612473 5.7912
0.01270000000000002 -0.02199704525612473 5.8674
0.01270000000000002 -0.02199704525612473 5.9436
0.01270000000000002 -0.02199704525612473 6.0198
0.01796051224213832 -0.01796051224213829 0.0762
0.01796051224213832 -0.01796051224213829 0.1524
0.01796051224213832 -0.01796051224213829 0.2286
0.01796051224213832 -0.01796051224213829 0.3048
0.01796051224213832 -0.01796051224213829 0.381
0.01796051224213832 -0.01796051224213829 0.4572
0.01796051224213832 -0.01796051224213829 0.5334
0.01796051224213832 -0.01796051224213829 0.6096
0.01796051224213832 -0.01796051224213829 0.6858000000000001
0.01796051224213832 -0.01796051224213829 0.762
0.01796051224213832 -0.01796051224213829 0.8382000000000001
0.01796051224213832 -0.01796051224213829 0.9144
0.01796051224213832 -0.01796051224213829 0.9906
0.01796051224213832 -0.01796051224213829 1.0668
0.01796051224213832 -0.01796051224213829 1.143
0.01796051224213832 -0.01796051224213829 1.2192
0.01796051224213832 -0.01796051224213829 1.2954
0.01796051224213832 -0.01796051224213829 1.3716
0.01796051224213832 -0.01796051224213829 1.4478
0.01796051224213832 -0.01796051224213829 1.524
0.01796051224213832 -0.01796051224213829 1.6002
0.01796051224213832 -0.01796051224213829 1.6764
0.01796051224213832 -0.01796051224213829 1.7526
0.01796051224213832 -0.01796051224213829 1.8288
0.01796051224213832 -0.01796051224213829 1.905
0.01796051224213832 -0.01796051224213829 1.9812
0.01796051224213832 -0.01796051224213829 2.0574
0.01796051224213832 -0.01796051224213829 2.1336
0.01796051224213832 -0.01796051224213829 2.2098
0.01796051224213832 -0.01796051224213829 2.286
0.01796051224213832 -0.01796051224213829 2.3622
0.01796051224213832 -0.01796051224213829 2.4384
0.01796051224213832 -0.01796051224213829 2.5146
0.01796051224213832 -0.01796051224213829 2.5908
0.01796051224213832 -0.01796051224213829 2.667
0.01796051224213832 -0.01796051224213829 2.7432
0.01796051224213832 -0.01796051224213829 2.8194
0.01796051224213832 -0.01796051224213829 2.8956
0.01796051224213832 -0.01796051224213829 2.9718
0.01796051224213832 -0.01796051224213829 3.048
0.01796051224213832 -0.01796051224213829 3.1242
0.01796051224213832 -0.01796051224213829 3.2004
0.01796051224213832 -0.01796051224213829 3.2766
0.01796051224213832 -0.01796051224213829 3.3528
0.01796051224213832 -0.01796051224213829 3.429
0.01796051224213832 -0.01796051224213829 3.5052
0.01796051224213832 -0.01796051224213829 3.5814
0.01796051224213832 -0.01796051224213829 3.6576
0.01796051224213832 -0.01796051224213829 3.7338
0.01796051224213832 -0.01796051224213829 3.81
0.01796051224213832 -0.01796051224213829 3.8862
0.01796051224213832 -0.01796051224213829 3.9624
0.01796051224213832 -0.01796051224213829 4.0386
0.01796051224213832 -0.01796051224213829 4.114800000000001
0.01796051224213832 -0.01796051224213829 4.191
0.01796051224213832 -0.01796051224213829 4.2672
0.01796051224213832 -0.01796051224213829 4.3434
0.01796051224213832 -0.01796051224213829 4.4196
0.01796051224213832 -0.01796051224213829 4.4958
0.01796051224213832 -0.01796051224213829 4.572
0.01796051224213832 -0.01796051224213829 4.6482
0.01796051224213832 -0.01796051224213829 4.7244
0.01796051224213832 -0.01796051224213829 4.8006
0.01796051224213832 -0.01796051224213829 4.8768
0.01796051224213832 -0.01796051224213829 4.953
0.01796051224213832 -0.01796051224213829 5.029199999999999
0.01796051224213832 -0.01796051224213829 5.1054
0.01796051224213832 -0.01796051224213829 5.1816
0.01796051224213832 -0.01796051224213829 5.2578
0.01796051224213832 -0.01796051224213829 5.334
0.01796051224213832 -0.01796051224213829 5.4102
0.01796051224213832 -0.01796051224213829 5.486400000000001
0.01796051224213832 -0.01796051224213829 5.5626
0.01796051224213832 -0.01796051224213829 5.638800000000001
0.01796051224213832 -0.01796051224213829 5.715
0.01796051224213832 -0.01796051224213829 5.7912
0.01796051224213832 -0.01796051224213829 5.8674
0.01796051224213832 -0.01796051224213829 5.9436
0.01796051224213832 -0.01796051224213829 6.0198
0.02199704525612475 -0.01269999999999999 0.0762
0.02199704525612475 -0.01269999999999999 0.1524
0.02199704525612475 -0.01269999999999999 0.2286
0.02199704525612475 -0.01269999999999999 0.3048
0.02199704525612475 -0.01269999999999999 0.381
0.02199704525612475 -0.01269999999999999 0.4572
0.02199704525612475 -0.01269999999999999 0.5334
0.02199704525612475 -0.01269999999999999 0.6096
0.02199704525612475 -0.01269999999999999 0.6858000000000001
0.02199704525612475 -0.01269999999999999 0.762
0.02199704525612475 -0.01269999999999999 0.8382000000000001
0.02199704525612475 -0.01269999999999999 0.9144
0.02199704525612475 -0.01269999999999999 0.9906
0.02199704525612475 -0.01269999999999999 1.0668
0.02199704525612475 -0.01269999999999999 1.143
0.02199704525612475 -0.01269999999999999 1.2192
0.02199704525612475 -0.01269999999999999 1.2954
0.02199704525612475 -0.01269999999999999 1.3716
0.02199704525612475 -0.01269999999999999 1.4478
0.02199704525612475 -0.01269999999999999 1.524
0.02199704525612475 -0.01269999999999999 1.6002
0.02199704525612475 -0.01269999999999999 1.6764
0.02199704525612475 -0.01269999999999999 1.7526
0.02199704525612475 -0.01269999999999999 1.8288
0.02199704525612475 -0.01269999999999999 1.905
0.02199704525612475 -0.01269999999999999 1.9812
0.02199704525612475 -0.01269999999999999 2.0574
0.02199704525612475 -0.01269999999999999 2.1336
0.02199704525612475 -0.01269999999999999 2.2098
0.02199704525612475 -0.01269999999999999 2.286
0.02199704525612475 -0.01269999999999999 2.3622
0.02199704525612475 -0.01269999999999999 2.4384
0.02199704525612475 -0.01269999999999999 2.5146
0.02199704525612475 -0.01269999999999999 2.5908
0.02199704525612475 -0.01269999999999999 2.667
0.02199704525612475 -0.01269999999999999 2.7432
0.02199704525612475 -0.01269999999999999 2.8194
0.02199704525612475 -0.01269999999999999 2.8956
0.02199704525612475 -0.01269999999999999 2.9718
0.02199704525612475 -0.01269999999999999 3.048
0.02199704525612475 -0.01269999999999999 3.1242
0.02199704525612475 -0.01269999999999999 3.2004
0.02199704525612475 -0.01269999999999999 3.2766
0.02199704525612475 -0.01269999999999999 3.3528
0.02199704525612475 -0.01269999999999999 3.429
0.02199704525612475 -0.01269999999999999 3.5052
0.02199704525612475 -0.01269999999999999 3.5814
0.02199704525612475 -0.01269999999999999 3.6576
0.02199704525612475 -0.01269999999999999 3.7338
0.02199704525612475 -0.01269999999999999 3.81
0.02199704525612475 -0.01269999999999999 3.8862
0.02199704525612475 -0.01269999999999999 3.9624
0.02199704525612475 -0.01269999999999999 4.0386
0.02199704525612475 -0.01269999999999999 4.114800000000001
0.02199704525612475 -0.01269999999999999 4.191
0.02199704525612475 -0.01269999999999999 4.2672
0.02199704525612475 -0.01269999999999999 4.3434
0.02199704525612475 -0.01269999999999999 4.4196
0.02199704525612475 -0.01269999999999999 4.4958
0.02199704525612475 -0.01269999999999999 4.572
0.02199704525612475 -0.01269999999999999 4.6482
0.02199704525612475 -0.01269999999999999 4.7244
0.02199704525612475 -0.01269999999999999 4.8006
0.02199704525612475 -0.01269999999999999 4.8768
0.02199704525612475 -0.01269999999999999 4.953
0.02199704525612475 -0.01269999999999999 5.029199999999999
0.02199704525612475 -0.01269999999999999 5.1054
0.02199704525612475 -0.01269999999999999 5.1816
0.02199704525612475 -0.01269999999999999 5.2578
0.02199704525612475 -0.01269999999999999 5.334
0.02199704525612475 -0.01269999999999999 5.4102
0.02199704525612475 -0.01269999999999999 5.486400000000001
0.02199704525612475 -0.01269999999999999 5.5626
0.02199704525612475 -0.01269999999999999 5.638800000000001
0.02199704525612475 -0.01269999999999999 5.715
0.02199704525612475 -0.01269999999999999 5.7912
0.02199704525612475 -0.01269999999999999 5.8674
0.02199704525612475 -0.01269999999999999 5.9436
0.02199704525612475 -0.01269999999999999 6.0198
0.02453451598774234 -0.006574003745604025 0.0762
0.02453451598774234 -0.006574003745604025 0.1524
0.02453451598774234 -0.006574003745604025 0.2286
0.02453451598774234 -0.006574003745604025 0.3048
0.02453451598774234 -0.006574003745604025 0.381
0.02453451598774234 -0.006574003745604025 0.4572
0.02453451598774234 -0.006574003745604025 0.5334
0.02453451598774234 -0.006574003745604025 0.6096
0.02453451598774234 -0.006574003745604025 0.6858000000000001
0.02453451598774234 -0.006574003745604025 0.762
0.02453451598774234 -0.006574003745604025 0.8382000000000001
0.02453451598774234 -0.006574003745604025 0.9144
0.02453451598774234 -0.006574003745604025 0.9906
0.02453451598774234 -0.006574003745604025 1.0668
0.02453451598774234 -0.006574003745604025 1.143
0.02453451598774234 -0.006574003745604025 1.2192
0.02453451598774234 -0.006574003745604025 1.2954
0.02453451598774234 -0.006574003745604025 1.3716
0.02453451598774234 -0.006574003745604025 1.4478
0.02453451598774234 -0.006574003745604025 1.524
0.02453451598774234 -0.006574003745604025 1.6002
0.02453451598774234 -0.006574003745604025 1.6764
0.02453451598774234 -0.006574003745604025 1.7526
0.02453451598774234 -0.006574003745604025 1.8288
0.02453451598774234 -0.006574003745604025 1.905
0.02453451598774234 -0.006574003745604025 1.9812
0.02453451598774234 -0.006574003745604025 2.0574
0.02453451598774234 -0.006574003745604025 2.1336
0.02453451598774234 -0.006574003745604025 2.2098
0.02453451598774234 -0.006574003745604025 2.286
0.02453451598774234 -0.006574003745604025 2.3622
0.02453451598774234 -0.006574003745604025 2.4384
0.02453451598774234 -0.006574003745604025 2.5146
0.02453451598774234 -0.006574003745604025 2.5908
0.02453451598774234 -0.006574003745604025 2.667
0.02453451598774234 -0.006574003745604025 2.7432
0.02453451598774234 -0.006574003745604025 2.8194
0.02453451598774234 -0.006574003745604025 2.8956
0.02453451598774234 -0.006574003745604025 2.9718
0.02453451598774234 -0.006574003745604025 3.048
0.02453451598774234 -0.006574003745604025 3.1242
0.02453451598774234 -0.006574003745604025 3.2004
0.02453451598774234 -0.006574003745604025 3.2766
0.02453451598774234 -0.006574003745604025 3.3528
0.02453451598774234 -0.006574003745604025 3.429
0.02453451598774234 -0.006574003745604025 3.5052
0.02453451598774234 -0.006574003745604025 3.5814
0.02453451598774234 -0.006574003745604025 3.6576
0.02453451598774234 -0.006574003745604025 3.7338
0.02453451598774234 -0.006574003745604025 3.81
0.02453451598774234 -0.006574003745604025 3.8862
0.02453451598774234 -0.006574003745604025 3.9624
0.02453451598774234 -0.006574003745604025 4.0386
0.02453451598774234 -0.006574003745604025 4.114800000000001
0.02453451598774234 -0.006574003745604025 4.191
0.02453451598774234 -0.006574003745604025 4.2672
0.02453451598774234 -0.006574003745604025 4.3434
0.02453451598774234 -0.006574003745604025 4.4196
0.02453451598774234 -0.006574003745604025 4.4958
0.02453451598774234 -0.006574003745604025 4.572
0.02453451598774234 -0.006574003745604025 4.6482
0.02453451598774234 -0.006574003745604025 4.7244
0.02453451598774234 -0.006574003745604025 4.8006
0.02453451598774234 -0.006574003745604025 4.8768
0.02453451598774234 -0.006574003745604025 4.953
0.02453451598774234 -0.006574003745604025 5.029199999999999
0.02453451598774234 -0.006574003745604025 5.1054
0.02453451598774234 -0.006574003745604025 5.1816
0.02453451598774234 -0.006574003745604025 5.2578
0.02453451598774234 -0.006574003745604025 5.334
0.02453451598774234 -0.006574003745604025 5.4102
0.02453451598774234 -0.006574003745604025 5.486400000000001
0.02453451598774234 -0.006574003745604025 5.5626
0.02453451598774234 -0.006574003745604025 5.638800000000001
0.02453451598774234 -0.006574003745604025 5.715
0.02453451598774234 -0.006574003745604025 5.7912
0.02453451598774234 -0.006574003745604025 5.8674
0.02453451598774234 -0.006574003745604025 5.9436
0.02453451598774234 -0.006574003745604025 6.0198
2 9 0 50
2934
2935
2936
2937
2938
2939
2940
2941
2942
2943
2944
2945
2946
2947
2948
2949
2950
2951
2952
2953
2954
2955
2956
2957
2958
2959
2960
2961
2962
2963
2964
2965
2966
2967
2968
2969
2970
2971
2972
2973
2974
2975
2976
2977
2978
2979
2980
2981
2982
2983
-0.007482491788041454 -0.01860527212481064 6.096
0.007389352593320722 0.01818551780674162 6.096
-0.01796051224213831 0.007439487757861689 6.096
0.01804731261706756 -0.007625485410839205 6.096
-0.007439487757861704 0.0179605122421383 6.096
0.007129332286117084 -0.01774255273916397 6.096
-0.0179605122421383 -0.007439487757861697 6.096
0.01796051224213831 0.007439487757861693 6.096
-0.01655096223508329 -0.01270000000000001 6.096
-0.01201535851964456 -0.008351518298244315 6.096
-0.01362442228229266 -0.002531468827799476 6.096
-0.007342876328008215 -0.00362915334852729 6.096
-0.00923219103151255 0.002440127636140026 6.096
-0.002911669845505688 0.001312910018320657 6.096
-0.0008158283952942358 -0.004939297563716849 6.096
0.003565420547201584 4.560735250260028e-05 6.096
0.001433868742453842 0.006323494528724774 6.096
0.005646698094351909 -0.006066816388676022 6.096
0.009603133967789479 -0.001279426059289887 6.096
0.001559238793064055 -0.01173339620816601 6.096
-0.00554798555325405 -0.009572425657477466 6.096
-0.005072228835484813 0.007344346430288418 6.096
-0.001568334015731018 0.01293519401831543 6.096
0.005881095152779171 0.0114986882862377 6.096
0.007692194333366603 0.004999365587040444 6.096
-0.01212282616156392 0.008503551685712018 6.096
0.01244328790841343 0.009258582588300307 6.096
0.01173964358087523 -0.007141179680853196 6.096
0.00834200100595117 -0.01202781890318863 6.096
0.00106154398537096 -0.01890770333707617 6.096
0.01503629864596293 -0.01245785541492572 6.096
-0.0195229403895239 -0.001728766648165685 6.096
0.01369924809127208 0.003148368036639762 6.096
0.0195711598783426 0.001806742297965766 6.096
0.01219831093262457 0.01523287814991497 6.096
-0.01102480530362516 -0.01444891207480454 6.096
-0.007848352460845191 0.01227354050536347 6.096
-0.001417560823816688 0.01945787993554919 6.096
-0.01254582033292747 0.0151490442242426 6.096
-0.0152098244948076 0.002926607439184433 6.096
0.01542745042144062 -0.002571915883790572 6.096
0.01659870056851871 0.01251218659687279 6.096
-0.00362385488168027 -0.01499027633852448 6.096
-0.02063406302159311 0.00312228387499073 6.096
0.02064380834812814 -0.003088474513810143 6.096
0.00283270723455577 0.01618772435937179 6.096
0.003170965013783473 0.0207846147715731 6.096
-0.01685353922812654 0.01227635635684212 6.096
0.01218349740954573 -0.01685592230282748 6.096
-0.00349422220868513 -0.02064473138612321 6.096
$EndNodes
$Elements
6 3964 1 3964
2 2 2 122
1 250 260 236 
2 236 259 250 
3 62 260 61 
4 236 260 62 
5 59 266 58 
6 253 268 235 
7 235 267 253 
8 234 261 65 
9 254 265 232 
10 257 265 254 
11 231 266 59 
12 65 261 64 
13 50 268 49 
14 235 268 50 
15 266 273 251 
16 51 269 235 
17 231 273 266 
18 58 266 239 
19 52 269 51 
20 238 264 44 
21 44 264 2 
22 245 251 250 
23 242 251 245 
24 244 252 243 
25 247 255 254 
26 246 255 247 
27 63 236 62 
28 57 237 56 
29 66 234 65 
30 45 238 44 
31 48 232 47 
32 51 235 50 
33 60 231 59 
34 54 233 53 
35 247 254 253 
36 249 255 246 
37 247 253 252 
38 245 250 248 
39 248 249 246 
40 247 252 244 
41 246 247 244 
42 245 248 246 
43 245 246 244 
44 242 245 244 
45 242 244 243 
46 240 251 242 
47 242 243 241 
48 252 256 243 
49 240 242 241 
50 240 266 251 
51 240 241 237 
52 56 262 55 
53 237 262 56 
54 255 257 254 
55 250 259 248 
56 258 261 234 
57 253 267 252 
58 263 271 264 
59 257 263 238 
60 255 263 257 
61 248 258 249 
62 233 270 256 
63 256 270 243 
64 250 273 260 
65 232 265 47 
66 47 265 46 
67 259 261 258 
68 260 280 61 
69 241 262 237 
70 249 263 255 
71 241 270 262 
72 256 278 233 
73 259 279 261 
74 248 259 258 
75 239 240 237 
76 236 279 259 
77 263 264 238 
78 270 274 262 
79 235 269 267 
80 249 271 263 
81 251 273 250 
82 232 276 254 
83 58 239 57 
84 57 239 237 
85 243 270 241 
86 252 267 256 
87 46 272 45 
88 55 274 54 
89 269 278 256 
90 2 275 66 
91 53 278 52 
92 61 280 60 
93 64 279 63 
94 49 277 48 
95 254 276 253 
96 45 272 238 
97 239 266 240 
98 54 274 233 
99 267 269 256 
100 66 275 234 
101 268 277 49 
102 48 277 232 
103 238 272 257 
104 233 278 53 
105 63 279 236 
106 60 280 231 
107 261 279 64 
108 271 275 264 
109 264 275 2 
110 253 276 268 
111 258 271 249 
112 234 271 258 
113 262 274 55 
114 52 278 269 
115 265 272 46 
116 233 274 270 
117 257 272 265 
118 273 280 260 
119 231 280 273 
120 234 275 271 
121 232 277 276 
122 276 277 268 
2 3 2 861
123 65 443 314 
124 595 660 518 
125 377 573 447 
126 487 619 416 
127 505 596 439 
128 578 676 504 
129 44 451 323 
130 441 578 504 
131 416 662 487 
132 30 519 29 
133 495 607 595 
134 500 622 428 
135 297 515 510 
136 450 659 451 
137 482 604 390 
138 518 660 525 
139 401 417 400 
140 378 506 404 
141 364 485 393 
142 485 581 393 
143 601 661 436 
144 482 649 481 
145 447 597 377 
146 450 529 430 
147 467 507 478 
148 430 659 450 
149 497 514 444 
150 532 580 326 
151 493 496 307 
152 510 519 297 
153 29 519 285 
154 390 649 482 
155 401 673 417 
156 389 400 382 
157 530 618 389 
158 334 491 330 
159 424 673 401 
160 307 662 493 
161 595 607 403 
162 493 662 416 
163 312 506 378 
164 297 519 30 
165 491 667 330 
166 538 613 283 
167 431 514 497 
168 389 401 400 
169 540 627 612 
170 532 586 423 
171 439 596 437 
172 352 629 464 
173 490 492 491 
174 64 443 65 
175 312 378 315 
176 383 530 389 
177 428 622 413 
178 417 433 418 
179 498 499 357 
180 378 394 379 
181 617 650 456 
182 436 661 438 
183 447 573 449 
184 492 635 508 
185 382 485 366 
186 347 392 344 
187 2 451 44 
188 352 464 349 
189 312 315 310 
190 539 613 538 
191 349 464 463 
192 378 379 315 
193 587 638 285 
194 433 583 434 
195 456 630 617 
196 421 580 532 
197 490 491 334 
198 434 581 418 
199 344 480 341 
200 488 632 427 
201 347 463 392 
202 297 516 515 
203 283 627 538 
204 1 520 295 
205 395 431 397 
206 417 668 433 
207 322 391 320 
208 488 618 530 
209 349 463 347 
210 364 393 361 
211 390 490 336 
212 394 395 379 
213 443 500 314 
214 302 304 303 
215 336 490 334 
216 495 595 518 
217 339 390 336 
218 305 306 304 
219 444 658 622 
220 390 604 490 
221 56 468 362 
222 311 312 310 
223 612 627 17 
224 417 418 400 
225 493 615 496 
226 579 628 581 
227 443 622 500 
228 300 302 301 
229 404 413 394 
230 639 653 318 
231 353 584 571 
232 58 479 360 
233 444 622 443 
234 501 521 446 
235 394 514 395 
236 309 310 306 
237 508 527 467 
238 296 548 13 
239 306 307 304 
240 357 499 469 
241 285 641 587 
242 299 605 300 
243 366 485 364 
244 13 548 12 
245 633 652 392 
246 478 508 467 
247 414 428 413 
248 322 489 391 
249 281 565 563 
250 310 487 306 
251 451 596 323 
252 617 620 474 
253 571 584 560 
254 20 567 19 
255 355 629 352 
256 514 658 444 
257 556 557 555 
258 429 430 428 
259 400 655 382 
260 463 633 392 
261 302 305 304 
262 557 572 559 
263 487 662 306 
264 395 514 431 
265 358 571 559 
266 431 521 501 
267 391 661 601 
268 552 599 566 
269 392 480 344 
270 496 615 577 
271 368 382 366 
272 346 347 344 
273 383 389 382 
274 6 520 1 
275 318 506 313 
276 302 303 301 
277 508 676 492 
278 559 571 560 
279 583 625 479 
280 19 567 293 
281 354 355 352 
282 382 655 485 
283 282 523 522 
284 284 644 33 
285 327 329 325 
286 631 675 522 
287 502 553 407 
288 501 626 427 
289 506 611 404 
290 37 524 36 
291 328 603 502 
292 460 528 511 
293 586 631 423 
294 319 320 318 
295 297 669 516 
296 480 674 341 
297 26 564 25 
298 300 301 288 
299 320 639 318 
300 557 573 572 
301 36 524 292 
302 423 631 522 
303 302 531 305 
304 557 558 555 
305 579 581 434 
306 469 499 472 
307 502 586 328 
308 457 528 460 
309 294 564 26 
310 517 524 301 
311 286 624 591 
312 525 660 284 
313 281 567 20 
314 289 556 555 
315 445 521 308 
316 343 344 341 
317 436 437 430 
318 12 287 11 
319 38 288 37 
320 25 289 24 
321 8 282 7 
322 42 286 41 
323 21 281 20 
324 16 283 15 
325 29 285 28 
326 34 284 33 
327 591 648 286 
328 557 559 558 
329 563 566 281 
330 538 627 540 
331 577 615 409 
332 333 334 330 
333 25 564 289 
334 305 309 306 
335 317 318 313 
336 378 404 394 
337 12 548 287 
338 288 524 37 
339 433 434 418 
340 398 632 488 
341 469 470 468 
342 306 662 307 
343 292 524 517 
344 305 531 435 
345 502 603 553 
346 431 501 397 
347 546 600 543 
348 299 300 288 
349 295 520 512 
350 474 650 617 
351 321 322 320 
352 430 529 428 
353 454 498 350 
354 283 550 15 
355 34 525 284 
356 437 659 430 
357 600 665 543 
358 313 506 312 
359 359 361 356 
360 309 311 310 
361 23 291 22 
362 40 290 39 
363 14 296 13 
364 10 298 9 
365 27 294 26 
366 36 292 35 
367 566 599 567 
368 559 572 358 
369 282 637 523 
370 7 593 6 
371 581 655 418 
372 63 442 64 
373 427 618 488 
374 335 336 334 
375 517 518 292 
376 499 650 472 
377 1 295 43 
378 31 297 30 
379 19 293 18 
380 532 670 586 
381 386 530 383 
382 555 614 554 
383 289 555 554 
384 583 643 434 
385 413 658 394 
386 348 349 347 
387 66 450 2 
388 35 525 34 
389 588 644 284 
390 388 409 386 
391 304 494 303 
392 462 527 482 
393 298 590 523 
394 604 635 492 
395 292 525 35 
396 363 364 361 
397 420 502 407 
398 57 479 58 
399 55 468 56 
400 311 313 312 
401 327 330 329 
402 343 346 344 
403 315 487 310 
404 586 670 328 
405 456 650 499 
406 404 414 413 
407 559 560 558 
408 535 610 539 
409 518 525 292 
410 354 356 355 
411 287 582 11 
412 361 621 356 
413 338 339 336 
414 545 548 296 
415 409 530 386 
416 490 604 492 
417 368 383 382 
418 489 661 391 
419 300 531 302 
420 290 605 299 
421 394 658 514 
422 6 593 520 
423 15 550 14 
424 464 616 463 
425 308 521 497 
426 317 319 318 
427 414 429 428 
428 282 593 7 
429 14 550 296 
430 468 470 362 
431 337 507 467 
432 545 546 543 
433 351 352 349 
434 303 517 301 
435 324 325 322 
436 442 443 64 
437 497 521 431 
438 469 471 470 
439 478 507 331 
440 457 460 459 
441 585 664 552 
442 393 636 361 
443 569 648 415 
444 289 554 24 
445 21 565 281 
446 285 570 28 
447 661 666 440 
448 359 363 361 
449 38 299 288 
450 286 568 41 
451 319 321 320 
452 285 638 570 
453 581 628 393 
454 42 576 286 
455 323 596 505 
456 330 667 329 
457 453 528 457 
458 438 439 437 
459 450 451 2 
460 551 609 533 
461 429 436 430 
462 333 335 334 
463 403 607 577 
464 492 578 491 
465 508 635 527 
466 478 676 508 
467 329 677 325 
468 511 657 460 
469 295 606 576 
470 523 637 298 
471 346 348 347 
472 545 549 546 
473 504 676 478 
474 365 366 364 
475 617 630 616 
476 315 619 487 
477 23 554 291 
478 291 565 22 
479 27 570 294 
480 460 462 461 
481 454 499 498 
482 290 299 39 
483 40 568 290 
484 606 624 576 
485 513 675 631 
486 296 549 545 
487 401 427 424 
488 395 397 396 
489 547 582 287 
490 585 656 370 
491 289 564 556 
492 535 539 538 
493 358 572 359 
494 560 562 561 
495 392 623 480 
496 295 576 43 
497 301 524 288 
498 420 503 502 
499 322 677 489 
500 610 679 539 
501 307 496 494 
502 439 574 505 
503 340 341 339 
504 542 608 372 
505 433 625 583 
506 494 495 303 
507 294 638 634 
508 552 654 585 
509 325 677 322 
510 391 639 320 
511 399 542 372 
512 570 638 294 
513 554 614 291 
514 8 637 282 
515 534 551 533 
516 373 421 408 
517 452 528 453 
518 486 673 541 
519 479 625 360 
520 446 626 501 
521 307 494 304 
522 335 338 336 
523 353 354 352 
524 511 528 345 
525 421 532 423 
526 326 327 325 
527 421 423 422 
528 438 661 440 
529 348 351 349 
530 321 324 322 
531 410 509 385 
532 10 582 298 
533 361 636 621 
534 373 580 421 
535 440 441 439 
536 363 365 364 
537 460 657 462 
538 294 663 564 
539 427 632 501 
540 462 482 481 
541 492 676 578 
542 426 542 399 
543 415 575 569 
544 380 447 405 
545 415 648 591 
546 338 340 339 
547 367 368 366 
548 343 533 346 
549 298 637 9 
550 537 551 534 
551 425 426 399 
552 384 386 383 
553 332 333 330 
554 398 488 483 
555 62 445 308 
556 359 572 377 
557 406 407 375 
558 568 569 290 
559 395 396 379 
560 560 561 558 
561 339 674 390 
562 52 452 350 
563 345 452 51 
564 504 574 441 
565 436 438 437 
566 466 511 465 
567 50 465 345 
568 644 669 32 
569 350 498 53 
570 337 465 49 
571 316 317 313 
572 358 359 356 
573 54 498 357 
574 427 626 424 
575 560 584 562 
576 476 505 477 
577 318 653 506 
578 565 651 563 
579 323 476 45 
580 387 388 386 
581 447 449 448 
582 536 537 534 
583 342 343 341 
584 531 575 435 
585 402 403 388 
586 351 353 352 
587 419 420 407 
588 562 563 561 
589 46 476 331 
590 305 435 309 
591 566 567 281 
592 360 625 486 
593 541 626 446 
594 324 326 325 
595 24 554 23 
596 22 565 21 
597 28 570 27 
598 388 577 409 
599 617 629 620 
600 584 585 562 
601 39 299 38 
602 41 568 40 
603 62 308 63 
604 537 552 551 
605 365 367 366 
606 421 422 408 
607 317 553 319 
608 584 656 585 
609 43 576 42 
610 512 513 503 
611 403 577 388 
612 423 522 422 
613 410 510 509 
614 452 453 350 
615 544 545 543 
616 48 507 337 
617 11 582 10 
618 345 528 452 
619 389 618 401 
620 428 529 500 
621 331 507 47 
622 298 642 590 
623 426 543 542 
624 552 664 551 
625 509 602 385 
626 387 411 402 
627 300 605 531 
628 456 499 454 
629 407 553 375 
630 519 641 285 
631 495 518 517 
632 544 548 545 
633 337 466 465 
634 384 387 386 
635 311 316 313 
636 65 314 66 
637 425 547 426 
638 387 402 388 
639 296 550 549 
640 530 647 488 
641 516 669 644 
642 447 448 405 
643 52 350 53 
644 50 345 51 
645 354 358 356 
646 327 332 330 
647 558 614 555 
648 535 538 536 
649 360 484 59 
650 44 323 45 
651 411 515 412 
652 326 670 532 
653 54 357 55 
654 48 337 49 
655 460 461 459 
656 496 607 494 
657 476 477 331 
658 16 627 283 
659 522 523 422 
660 287 548 544 
661 340 342 341 
662 464 617 616 
663 356 621 355 
664 405 410 385 
665 503 586 502 
666 441 574 439 
667 374 535 534 
668 380 597 447 
669 516 588 412 
670 46 331 47 
671 56 362 57 
672 512 606 295 
673 512 520 513 
674 314 529 450 
675 600 640 598 
676 465 511 345 
677 500 529 314 
678 323 505 476 
679 406 419 407 
680 515 516 412 
681 566 654 552 
682 18 612 17 
683 359 377 363 
684 58 360 59 
685 342 374 343 
686 426 544 543 
687 556 671 557 
688 17 627 16 
689 551 664 609 
690 332 373 372 
691 373 408 399 
692 368 384 383 
693 411 412 402 
694 316 375 317 
695 572 573 377 
696 420 512 503 
697 426 547 544 
698 332 372 333 
699 538 540 536 
700 379 619 315 
701 486 541 484 
702 598 640 381 
703 380 405 385 
704 495 517 303 
705 376 415 406 
706 51 452 52 
707 505 574 477 
708 438 440 439 
709 32 669 31 
710 526 666 329 
711 348 370 351 
712 369 445 61 
713 335 371 338 
714 49 465 50 
715 408 425 399 
716 53 498 54 
717 353 571 354 
718 316 376 375 
719 535 536 534 
720 462 481 461 
721 567 599 293 
722 376 406 375 
723 544 547 287 
724 373 399 372 
725 365 380 367 
726 374 533 343 
727 634 663 294 
728 45 476 46 
729 543 665 542 
730 563 654 566 
731 510 641 519 
732 576 624 286 
733 481 649 623 
734 483 493 416 
735 369 541 446 
736 293 612 18 
737 453 457 455 
738 469 472 471 
739 340 381 342 
740 367 602 368 
741 494 607 495 
742 360 486 484 
743 562 654 563 
744 526 578 441 
745 440 526 441 
746 60 484 369 
747 380 385 367 
748 321 328 324 
749 588 592 412 
750 61 445 62 
751 308 442 63 
752 283 613 550 
753 326 580 327 
754 414 432 429 
755 537 599 552 
756 457 459 458 
757 375 553 317 
758 33 644 32 
759 354 571 358 
760 47 507 48 
761 402 592 403 
762 397 398 396 
763 419 606 420 
764 374 534 533 
765 60 369 61 
766 536 594 537 
767 541 673 424 
768 398 483 416 
769 453 454 350 
770 424 626 541 
771 405 587 410 
772 59 484 60 
773 398 416 396 
774 31 669 297 
775 314 450 66 
776 513 631 503 
777 472 474 473 
778 531 605 575 
779 484 541 369 
780 370 664 585 
781 341 674 339 
782 369 446 445 
783 327 580 332 
784 448 587 405 
785 520 593 513 
786 420 606 512 
787 309 589 311 
788 446 521 445 
789 470 643 583 
790 594 599 537 
791 353 656 584 
792 435 589 309 
793 390 674 649 
794 368 602 384 
795 357 468 55 
796 362 479 57 
797 442 497 444 
798 396 619 379 
799 533 609 346 
800 473 579 471 
801 577 607 496 
802 550 613 549 
803 561 614 558 
804 412 592 402 
805 616 630 458 
806 489 666 661 
807 592 595 403 
808 332 580 373 
809 422 590 408 
810 415 591 406 
811 549 645 546 
812 385 602 367 
813 311 589 316 
814 455 456 454 
815 374 610 535 
816 406 591 419 
817 474 475 473 
818 286 648 568 
819 429 601 436 
820 523 590 422 
821 9 637 8 
822 442 444 443 
823 462 657 527 
824 372 608 333 
825 540 594 536 
826 337 467 466 
827 363 597 365 
828 553 603 319 
829 387 646 411 
830 646 678 411 
831 477 478 331 
832 408 590 425 
833 319 603 321 
834 458 633 616 
835 569 605 290 
836 557 671 573 
837 527 635 482 
838 472 473 471 
839 573 671 449 
840 416 619 396 
841 397 632 398 
842 457 458 455 
843 338 598 340 
844 362 583 479 
845 316 589 376 
846 333 608 335 
847 410 641 510 
848 522 675 282 
849 547 642 582 
850 474 620 475 
851 568 648 569 
852 371 600 598 
853 308 497 442 
854 564 663 556 
855 509 678 646 
856 346 609 348 
857 542 665 608 
858 485 655 581 
859 470 583 362 
860 515 678 510 
861 620 621 475 
862 377 597 363 
863 483 615 493 
864 666 677 329 
865 609 664 370 
866 575 605 569 
867 365 597 380 
868 466 657 511 
869 467 527 466 
870 453 455 454 
871 409 647 530 
872 321 603 328 
873 340 598 381 
874 371 598 338 
875 335 608 371 
876 449 634 448 
877 506 653 611 
878 342 610 374 
879 527 657 466 
880 291 651 565 
881 404 611 414 
882 401 618 427 
883 539 645 613 
884 432 601 429 
885 348 609 370 
886 509 646 602 
887 419 624 606 
888 477 574 504 
889 351 656 353 
890 381 610 342 
891 623 649 480 
892 477 504 478 
893 526 667 578 
894 459 633 458 
895 329 667 526 
896 591 624 419 
897 481 623 461 
898 293 599 594 
899 602 646 384 
900 464 629 617 
901 425 642 547 
902 471 643 470 
903 625 668 486 
904 590 642 425 
905 355 621 620 
906 601 639 391 
907 435 672 589 
908 418 655 400 
909 540 612 594 
910 582 642 298 
911 414 611 432 
912 482 635 604 
913 472 650 474 
914 473 628 579 
915 357 469 468 
916 579 643 471 
917 384 646 387 
918 324 670 326 
919 501 632 397 
920 585 654 562 
921 448 638 587 
922 563 651 561 
923 561 651 614 
924 594 612 293 
925 411 678 515 
926 516 644 588 
927 587 641 410 
928 488 647 483 
929 589 672 376 
930 613 645 549 
931 475 628 473 
932 634 638 448 
933 483 647 615 
934 370 656 351 
935 461 652 459 
936 575 672 435 
937 459 652 633 
938 588 660 592 
939 503 631 586 
940 376 672 415 
941 621 636 475 
942 608 665 371 
943 455 630 456 
944 434 643 579 
945 432 639 601 
946 578 667 491 
947 546 645 640 
948 615 647 409 
949 451 659 596 
950 510 678 509 
951 284 660 588 
952 623 652 461 
953 458 630 455 
954 592 660 595 
955 371 665 600 
956 616 633 463 
957 282 675 593 
958 328 670 324 
959 593 675 513 
960 415 672 575 
961 432 653 639 
962 611 653 432 
963 546 640 600 
964 440 666 526 
965 645 679 640 
966 614 651 291 
967 433 668 625 
968 381 679 610 
969 640 679 381 
970 475 636 628 
971 449 663 634 
972 620 629 355 
973 449 671 663 
974 539 679 645 
975 628 636 393 
976 663 671 556 
977 392 652 623 
978 622 658 413 
979 596 659 437 
980 668 673 486 
981 649 674 480 
982 417 673 668 
983 489 677 666 
2 6 3 78
984 1 6 680 90 
985 90 680 91 4 
986 6 7 681 680 
987 680 681 92 91 
988 7 8 682 681 
989 681 682 93 92 
990 8 9 683 682 
991 682 683 94 93 
992 9 10 684 683 
993 683 684 95 94 
994 10 11 685 684 
995 684 685 96 95 
996 11 12 686 685 
997 685 686 97 96 
998 12 13 687 686 
999 686 687 98 97 
1000 13 14 688 687 
1001 687 688 99 98 
1002 14 15 689 688 
1003 688 689 100 99 
1004 15 16 690 689 
1005 689 690 101 100 
1006 16 17 691 690 
1007 690 691 102 101 
1008 17 18 692 691 
1009 691 692 103 102 
1010 18 19 693 692 
1011 692 693 104 103 
1012 19 20 694 693 
1013 693 694 105 104 
1014 20 21 695 694 
1015 694 695 106 105 
1016 21 22 696 695 
1017 695 696 107 106 
1018 22 23 697 696 
1019 696 697 108 107 
1020 23 24 698 697 
1021 697 698 109 108 
1022 24 25 699 698 
1023 698 699 110 109 
1024 25 26 700 699 
1025 699 700 111 110 
1026 26 27 701 700 
1027 700 701 112 111 
1028 27 28 702 701 
1029 701 702 113 112 
1030 28 29 703 702 
1031 702 703 114 113 
1032 29 30 704 703 
1033 703 704 115 114 
1034 30 31 705 704 
1035 704 705 116 115 
1036 31 32 706 705 
1037 705 706 117 116 
1038 32 33 707 706 
1039 706 707 118 117 
1040 33 34 708 707 
1041 707 708 119 118 
1042 34 35 709 708 
1043 708 709 120 119 
1044 35 36 710 709 
1045 709 710 121 120 
1046 36 37 711 710 
1047 710 711 122 121 
1048 37 38 712 711 
1049 711 712 123 122 
1050 38 39 713 712 
1051 712 713 124 123 
1052 39 40 714 713 
1053 713 714 125 124 
1054 40 41 715 714 
1055 714 715 126 125 
1056 41 42 716 715 
1057 715 716 127 126 
1058 42 43 717 716 
1059 716 717 128 127 
1060 43 1 90 717 
1061 717 90 4 128 
2 7 2 861
1062 88 880 751 
1063 1032 1097 955 
1064 814 1010 884 
1065 924 1056 853 
1066 942 1033 876 
1067 1015 1113 941 
1068 67 888 760 
1069 878 1015 941 
1070 853 1099 924 
1071 115 956 114 
1072 932 1044 1032 
1073 937 1059 865 
1074 734 952 947 
1075 887 1096 888 
1076 919 1041 827 
1077 955 1097 962 
1078 838 854 837 
1079 815 943 841 
1080 801 922 830 
1081 922 1018 830 
1082 1038 1098 873 
1083 919 1086 918 
1084 884 1034 814 
1085 887 966 867 
1086 904 944 915 
1087 867 1096 887 
1088 934 951 881 
1089 969 1017 763 
1090 930 933 744 
1091 947 956 734 
1092 114 956 722 
1093 827 1086 919 
1094 838 1110 854 
1095 826 837 819 
1096 967 1055 826 
1097 771 928 767 
1098 861 1110 838 
1099 744 1099 930 
1100 1032 1044 840 
1101 930 1099 853 
1102 749 943 815 
1103 734 956 115 
1104 928 1104 767 
1105 975 1050 720 
1106 868 951 934 
1107 826 838 837 
1108 977 1064 1049 
1109 969 1023 860 
1110 876 1033 874 
1111 789 1066 901 
1112 927 929 928 
1113 87 880 88 
1114 749 815 752 
1115 820 967 826 
1116 865 1059 850 
1117 854 870 855 
1118 935 936 794 
1119 815 831 816 
1120 1054 1087 893 
1121 873 1098 875 
1122 884 1010 886 
1123 929 1072 945 
1124 819 922 803 
1125 784 829 781 
1126 3 888 67 
1127 789 901 786 
1128 749 752 747 
1129 976 1050 975 
1130 786 901 900 
1131 815 816 752 
1132 1024 1075 722 
1133 870 1020 871 
1134 893 1067 1054 
1135 858 1017 969 
1136 927 928 771 
1137 871 1018 855 
1138 781 917 778 
1139 925 1069 864 
1140 784 900 829 
1141 734 953 952 
1142 720 1064 975 
1143 4 957 732 
1144 832 868 834 
1145 854 1105 870 
1146 759 828 757 
1147 925 1055 967 
1148 786 900 784 
1149 801 830 798 
1150 827 927 773 
1151 831 832 816 
1152 880 937 751 
1153 739 741 740 
1154 773 927 771 
1155 932 1032 955 
1156 776 827 773 
1157 742 743 741 
1158 881 1095 1059 
1159 827 1041 927 
1160 79 905 799 
1161 748 749 747 
1162 1049 1064 102 
1163 854 855 837 
1164 930 1052 933 
1165 1016 1065 1018 
1166 880 1059 937 
1167 737 739 738 
1168 841 850 831 
1169 1076 1090 755 
1170 790 1021 1008 
1171 81 916 797 
1172 881 1059 880 
1173 938 958 883 
1174 831 951 832 
1175 746 747 743 
1176 945 964 904 
1177 733 985 98 
1178 743 744 741 
1179 794 936 906 
1180 722 1078 1024 
1181 736 1042 737 
1182 803 922 801 
1183 98 985 97 
1184 1070 1089 829 
1185 915 945 904 
1186 851 865 850 
1187 759 926 828 
1188 718 1002 1000 
1189 747 924 743 
1190 888 1033 760 
1191 1054 1057 911 
1192 1008 1021 997 
1193 105 1004 104 
1194 792 1066 789 
1195 951 1095 881 
1196 993 994 992 
1197 866 867 865 
1198 837 1092 819 
1199 900 1070 829 
1200 739 742 741 
1201 994 1009 996 
1202 924 1099 743 
1203 832 951 868 
1204 795 1008 996 
1205 868 958 938 
1206 828 1098 1038 
1207 989 1036 1003 
1208 829 917 781 
1209 933 1052 1014 
1210 805 819 803 
1211 783 784 781 
1212 820 826 819 
1213 91 957 4 
1214 755 943 750 
1215 739 740 738 
1216 945 1113 929 
1217 996 1008 997 
1218 1020 1062 916 
1219 104 1004 730 
1220 791 792 789 
1221 819 1092 922 
1222 719 960 959 
1223 721 1081 118 
1224 764 766 762 
1225 1068 1112 959 
1226 939 990 844 
1227 938 1063 864 
1228 943 1048 841 
1229 122 961 121 
1230 765 1040 939 
1231 897 965 948 
1232 1023 1068 860 
1233 756 757 755 
1234 734 1106 953 
1235 917 1111 778 
1236 111 1001 110 
1237 737 738 725 
1238 757 1076 755 
1239 994 1010 1009 
1240 121 961 729 
1241 860 1068 959 
1242 739 968 742 
1243 994 995 992 
1244 1016 1018 871 
1245 906 936 909 
1246 939 1023 765 
1247 894 965 897 
1248 731 1001 111 
1249 954 961 738 
1250 723 1061 1028 
1251 962 1097 721 
1252 718 1004 105 
1253 726 993 992 
1254 882 958 745 
1255 780 781 778 
1256 873 874 867 
1257 97 724 96 
1258 123 725 122 
1259 110 726 109 
1260 93 719 92 
1261 127 723 126 
1262 106 718 105 
1263 101 720 100 
1264 114 722 113 
1265 119 721 118 
1266 1028 1085 723 
1267 994 996 995 
1268 1000 1003 718 
1269 975 1064 977 
1270 1014 1052 846 
1271 770 771 767 
1272 110 1001 726 
1273 742 746 743 
1274 754 755 750 
1275 815 841 831 
1276 97 985 724 
1277 725 961 122 
1278 870 871 855 
1279 835 1069 925 
1280 906 907 905 
1281 743 1099 744 
1282 729 961 954 
1283 742 968 872 
1284 939 1040 990 
1285 868 938 834 
1286 983 1037 980 
1287 736 737 725 
1288 732 957 949 
1289 911 1087 1054 
1290 758 759 757 
1291 867 966 865 
1292 891 935 787 
1293 720 987 100 
1294 119 962 721 
1295 874 1096 867 
1296 1037 1102 980 
1297 750 943 749 
1298 796 798 793 
1299 746 748 747 
1300 108 728 107 
1301 125 727 124 
1302 99 733 98 
1303 95 735 94 
1304 112 731 111 
1305 121 729 120 
1306 1003 1036 1004 
1307 996 1009 795 
1308 719 1074 960 
1309 92 1030 91 
1310 1018 1092 855 
1311 86 879 87 
1312 864 1055 925 
1313 772 773 771 
1314 954 955 729 
1315 936 1087 909 
1316 4 732 128 
1317 116 734 115 
1318 104 730 103 
1319 969 1107 1023 
1320 823 967 820 
1321 992 1051 991 
1322 726 992 991 
1323 1020 1080 871 
1324 850 1095 831 
1325 785 786 784 
1326 89 887 3 
1327 120 962 119 
1328 1025 1081 721 
1329 825 846 823 
1330 741 931 740 
1331 899 964 919 
1332 735 1027 960 
1333 1041 1072 929 
1334 729 962 120 
1335 800 801 798 
1336 857 939 844 
1337 80 916 81 
1338 78 905 79 
1339 748 750 749 
1340 764 767 766 
1341 780 783 781 
1342 752 924 747 
1343 1023 1107 765 
1344 893 1087 936 
1345 841 851 850 
1346 996 997 995 
1347 972 1047 976 
1348 955 962 729 
1349 791 793 792 
1350 724 1019 96 
1351 798 1058 793 
1352 775 776 773 
1353 982 985 733 
1354 846 967 823 
1355 927 1041 929 
1356 805 820 819 
1357 926 1098 828 
1358 737 968 739 
1359 727 1042 736 
1360 831 1095 951 
1361 91 1030 957 
1362 100 987 99 
1363 901 1053 900 
1364 745 958 934 
1365 754 756 755 
1366 851 866 865 
1367 719 1030 92 
1368 99 987 733 
1369 905 907 799 
1370 774 944 904 
1371 982 983 980 
1372 788 789 786 
1373 740 954 738 
1374 761 762 759 
1375 879 880 87 
1376 934 958 868 
1377 906 908 907 
1378 915 944 768 
1379 894 897 896 
1380 1022 1101 989 
1381 830 1073 798 
1382 1006 1085 852 
1383 726 991 109 
1384 106 1002 718 
1385 722 1007 113 
1386 1098 1103 877 
1387 796 800 798 
1388 123 736 725 
1389 723 1005 126 
1390 756 758 757 
1391 722 1075 1007 
1392 1018 1065 830 
1393 127 1013 723 
1394 760 1033 942 
1395 767 1104 766 
1396 890 965 894 
1397 875 876 874 
1398 887 888 3 
1399 988 1046 970 
1400 866 873 867 
1401 770 772 771 
1402 840 1044 1014 
1403 929 1015 928 
1404 945 1072 964 
1405 915 1113 945 
1406 766 1114 762 
1407 948 1094 897 
1408 732 1043 1013 
1409 960 1074 735 
1410 783 785 784 
1411 982 986 983 
1412 941 1113 915 
1413 802 803 801 
1414 1054 1067 1053 
1415 752 1056 924 
1416 108 991 728 
1417 728 1002 107 
1418 112 1007 731 
1419 897 899 898 
1420 891 936 935 
1421 727 736 124 
1422 125 1005 727 
1423 1043 1061 1013 
1424 950 1112 1068 
1425 733 986 982 
1426 838 864 861 
1427 832 834 833 
1428 984 1019 724 
1429 1022 1093 807 
1430 726 1001 993 
1431 972 976 975 
1432 795 1009 796 
1433 997 999 998 
1434 829 1060 917 
1435 732 1013 128 
1436 738 961 725 
1437 857 940 939 
1438 759 1114 926 
1439 1047 1116 976 
1440 744 933 931 
1441 876 1011 942 
1442 777 778 776 
1443 979 1045 809 
1444 870 1062 1020 
1445 931 932 740 
1446 731 1075 1071 
1447 989 1091 1022 
1448 762 1114 759 
1449 828 1076 757 
1450 836 979 809 
1451 1007 1075 731 
1452 991 1051 728 
1453 93 1074 719 
1454 971 988 970 
1455 810 858 845 
1456 889 965 890 
1457 923 1110 978 
1458 916 1062 797 
1459 883 1063 938 
1460 744 931 741 
1461 772 775 773 
1462 790 791 789 
1463 948 965 782 
1464 858 969 860 
1465 763 764 762 
1466 858 860 859 
1467 875 1098 877 
1468 785 788 786 
1469 758 761 759 
1470 847 946 822 
1471 95 1019 735 
1472 798 1073 1058 
1473 810 1017 858 
1474 877 878 876 
1475 800 802 801 
1476 897 1094 899 
1477 731 1100 1001 
1478 864 1069 938 
1479 899 919 918 
1480 929 1113 1015 
1481 863 979 836 
1482 852 1012 1006 
1483 817 884 842 
1484 852 1085 1028 
1485 775 777 776 
1486 804 805 803 
1487 780 970 783 
1488 735 1074 94 
1489 974 988 971 
1490 862 863 836 
1491 821 823 820 
1492 769 770 767 
1493 835 925 920 
1494 85 882 745 
1495 796 1009 814 
1496 843 844 812 
1497 1005 1006 727 
1498 832 833 816 
1499 997 998 995 
1500 776 1111 827 
1501 75 889 787 
1502 782 889 74 
1503 941 1011 878 
1504 873 875 874 
1505 903 948 902 
1506 73 902 782 
1507 1081 1106 117 
1508 787 935 76 
1509 774 902 72 
1510 753 754 750 
1511 795 796 793 
1512 77 935 794 
1513 864 1063 861 
1514 997 1021 999 
1515 913 942 914 
1516 755 1090 943 
1517 1002 1088 1000 
1518 760 913 68 
1519 824 825 823 
1520 884 886 885 
1521 973 974 971 
1522 779 780 778 
1523 968 1012 872 
1524 839 840 825 
1525 788 790 789 
1526 856 857 844 
1527 999 1000 998 
1528 69 913 768 
1529 742 872 746 
1530 1003 1004 718 
1531 797 1062 923 
1532 978 1063 883 
1533 761 763 762 
1534 109 991 108 
1535 107 1002 106 
1536 113 1007 112 
1537 825 1014 846 
1538 1054 1066 1057 
1539 1021 1022 999 
1540 124 736 123 
1541 126 1005 125 
1542 85 745 86 
1543 974 989 988 
1544 802 804 803 
1545 858 859 845 
1546 754 990 756 
1547 1021 1093 1022 
1548 128 1013 127 
1549 949 950 940 
1550 840 1014 825 
1551 860 959 859 
1552 847 947 946 
1553 889 890 787 
1554 981 982 980 
1555 71 944 774 
1556 96 1019 95 
1557 782 965 889 
1558 826 1055 838 
1559 865 966 937 
1560 768 944 70 
1561 735 1079 1027 
1562 863 980 979 
1563 989 1101 988 
1564 946 1039 822 
1565 824 848 839 
1566 737 1042 968 
1567 893 936 891 
1568 844 990 812 
1569 956 1078 722 
1570 932 955 954 
1571 981 985 982 
1572 774 903 902 
1573 821 824 823 
1574 748 753 750 
1575 88 751 89 
1576 862 984 863 
1577 824 839 825 
1578 733 987 986 
1579 967 1084 925 
1580 953 1106 1081 
1581 884 885 842 
1582 75 787 76 
1583 73 782 74 
1584 791 795 793 
1585 764 769 767 
1586 995 1051 992 
1587 972 975 973 
1588 797 921 82 
1589 67 760 68 
1590 848 952 849 
1591 763 1107 969 
1592 77 794 78 
1593 71 774 72 
1594 897 898 896 
1595 933 1044 931 
1596 913 914 768 
1597 101 1064 720 
1598 959 960 859 
1599 724 985 981 
1600 777 779 778 
1601 901 1054 1053 
1602 793 1058 792 
1603 842 847 822 
1604 940 1023 939 
1605 878 1011 876 
1606 811 972 971 
1607 817 1034 884 
1608 953 1025 849 
1609 69 768 70 
1610 79 799 80 
1611 949 1043 732 
1612 949 957 950 
1613 751 966 887 
1614 1037 1077 1035 
1615 902 948 782 
1616 937 966 751 
1617 760 942 913 
1618 843 856 844 
1619 952 953 849 
1620 1003 1091 989 
1621 103 1049 102 
1622 796 814 800 
1623 81 797 82 
1624 779 811 780 
1625 863 981 980 
1626 993 1108 994 
1627 102 1064 101 
1628 988 1101 1046 
1629 769 810 809 
1630 810 845 836 
1631 805 821 820 
1632 848 849 839 
1633 753 812 754 
1634 1009 1010 814 
1635 857 949 940 
1636 863 984 981 
1637 769 809 770 
1638 975 977 973 
1639 816 1056 752 
1640 923 978 921 
1641 1035 1077 818 
1642 817 842 822 
1643 932 954 740 
1644 813 852 843 
1645 74 889 75 
1646 942 1011 914 
1647 875 877 876 
1648 117 1106 116 
1649 963 1103 766 
1650 785 807 788 
1651 806 882 84 
1652 772 808 775 
1653 72 902 73 
1654 845 862 836 
1655 76 935 77 
1656 790 1008 791 
1657 753 813 812 
1658 972 973 971 
1659 899 918 898 
1660 1004 1036 730 
1661 813 843 812 
1662 981 984 724 
1663 810 836 809 
1664 802 817 804 
1665 811 970 780 
1666 1071 1100 731 
1667 68 913 69 
1668 980 1102 979 
1669 1000 1091 1003 
1670 947 1078 956 
1671 1013 1061 723 
1672 918 1086 1060 
1673 920 930 853 
1674 806 978 883 
1675 730 1049 103 
1676 890 894 892 
1677 906 909 908 
1678 777 818 779 
1679 804 1039 805 
1680 931 1044 932 
1681 797 923 921 
1682 999 1091 1000 
1683 963 1015 878 
1684 877 963 878 
1685 83 921 806 
1686 817 822 804 
1687 758 765 761 
1688 1025 1029 849 
1689 84 882 85 
1690 745 879 86 
1691 720 1050 987 
1692 763 1017 764 
1693 851 869 866 
1694 974 1036 989 
1695 894 896 895 
1696 812 990 754 
1697 118 1081 117 
1698 791 1008 795 
1699 70 944 71 
1700 839 1029 840 
1701 834 835 833 
1702 856 1043 857 
1703 811 971 970 
1704 83 806 84 
1705 973 1031 974 
1706 978 1110 861 
1707 835 920 853 
1708 890 891 787 
1709 861 1063 978 
1710 842 1024 847 
1711 82 921 83 
1712 835 853 833 
1713 116 1106 734 
1714 751 887 89 
1715 950 1068 940 
1716 909 911 910 
1717 968 1042 1012 
1718 921 978 806 
1719 807 1101 1022 
1720 778 1111 776 
1721 806 883 882 
1722 764 1017 769 
1723 885 1024 842 
1724 957 1030 950 
1725 857 1043 949 
1726 746 1026 748 
1727 883 958 882 
1728 907 1080 1020 
1729 1031 1036 974 
1730 790 1093 1021 
1731 872 1026 746 
1732 827 1111 1086 
1733 805 1039 821 
1734 794 905 78 
1735 799 916 80 
1736 879 934 881 
1737 833 1056 816 
1738 970 1046 783 
1739 910 1016 908 
1740 1014 1044 933 
1741 987 1050 986 
1742 998 1051 995 
1743 849 1029 839 
1744 1053 1067 895 
1745 926 1103 1098 
1746 1029 1032 840 
1747 769 1017 810 
1748 859 1027 845 
1749 852 1028 843 
1750 986 1082 983 
1751 822 1039 804 
1752 748 1026 753 
1753 892 893 891 
1754 811 1047 972 
1755 843 1028 856 
1756 911 912 910 
1757 723 1085 1005 
1758 866 1038 873 
1759 960 1027 859 
1760 94 1074 93 
1761 879 881 880 
1762 899 1094 964 
1763 809 1045 770 
1764 977 1031 973 
1765 774 904 903 
1766 800 1034 802 
1767 990 1040 756 
1768 824 1083 848 
1769 1083 1115 848 
1770 914 915 768 
1771 845 1027 862 
1772 756 1040 758 
1773 895 1070 1053 
1774 1006 1042 727 
1775 994 1108 1010 
1776 964 1072 919 
1777 909 910 908 
1778 1010 1108 886 
1779 853 1056 833 
1780 834 1069 835 
1781 894 895 892 
1782 775 1035 777 
1783 799 1020 916 
1784 753 1026 813 
1785 770 1045 772 
1786 847 1078 947 
1787 959 1112 719 
1788 984 1079 1019 
1789 911 1057 912 
1790 1005 1085 1006 
1791 808 1037 1035 
1792 745 934 879 
1793 1001 1100 993 
1794 946 1115 1083 
1795 783 1046 785 
1796 979 1102 1045 
1797 922 1092 1018 
1798 907 1020 799 
1799 952 1115 947 
1800 1057 1058 912 
1801 814 1034 800 
1802 920 1052 930 
1803 1103 1114 766 
1804 1046 1101 807 
1805 1012 1042 1006 
1806 802 1034 817 
1807 903 1094 948 
1808 904 964 903 
1809 890 892 891 
1810 846 1084 967 
1811 758 1040 765 
1812 777 1035 818 
1813 808 1035 775 
1814 772 1045 808 
1815 886 1071 885 
1816 943 1090 1048 
1817 779 1047 811 
1818 964 1094 903 
1819 728 1088 1002 
1820 841 1048 851 
1821 838 1055 864 
1822 976 1082 1050 
1823 869 1038 866 
1824 785 1046 807 
1825 946 1083 1039 
1826 856 1061 1043 
1827 914 1011 941 
1828 788 1093 790 
1829 818 1047 779 
1830 1060 1086 917 
1831 914 941 915 
1832 963 1104 1015 
1833 896 1070 895 
1834 766 1104 963 
1835 1028 1061 856 
1836 918 1060 898 
1837 730 1036 1031 
1838 1039 1083 821 
1839 901 1066 1054 
1840 862 1079 984 
1841 908 1080 907 
1842 1062 1105 923 
1843 1027 1079 862 
1844 792 1058 1057 
1845 1038 1076 828 
1846 872 1109 1026 
1847 855 1092 837 
1848 977 1049 1031 
1849 1019 1079 735 
1850 851 1048 869 
1851 919 1072 1041 
1852 909 1087 911 
1853 910 1065 1016 
1854 794 906 905 
1855 1016 1080 908 
1856 821 1083 824 
1857 761 1107 763 
1858 938 1069 834 
1859 1022 1091 999 
1860 885 1075 1024 
1861 1000 1088 998 
1862 998 1088 1051 
1863 1031 1049 730 
1864 848 1115 952 
1865 953 1081 1025 
1866 1024 1078 847 
1867 925 1084 920 
1868 1026 1109 813 
1869 1050 1082 986 
1870 912 1065 910 
1871 1071 1075 885 
1872 920 1084 1052 
1873 807 1093 788 
1874 898 1089 896 
1875 1012 1109 872 
1876 896 1089 1070 
1877 1025 1097 1029 
1878 940 1068 1023 
1879 813 1109 852 
1880 1058 1073 912 
1881 1045 1102 808 
1882 892 1067 893 
1883 871 1080 1016 
1884 869 1076 1038 
1885 1015 1104 928 
1886 983 1082 1077 
1887 1052 1084 846 
1888 888 1096 1033 
1889 947 1115 946 
1890 721 1097 1025 
1891 1060 1089 898 
1892 895 1067 892 
1893 1029 1097 1032 
1894 808 1102 1037 
1895 1053 1070 900 
1896 719 1112 1030 
1897 765 1107 761 
1898 1030 1112 950 
1899 852 1109 1012 
1900 869 1090 1076 
1901 1048 1090 869 
1902 983 1077 1037 
1903 877 1103 963 
1904 1082 1116 1077 
1905 1051 1088 728 
1906 870 1105 1062 
1907 818 1116 1047 
1908 1077 1116 818 
1909 912 1073 1065 
1910 886 1100 1071 
1911 1057 1066 792 
1912 886 1108 1100 
1913 976 1116 1082 
1914 1065 1073 830 
1915 1100 1108 993 
1916 829 1089 1060 
1917 1059 1095 850 
1918 1033 1096 874 
1919 1105 1110 923 
1920 1086 1111 917 
1921 854 1110 1105 
1922 926 1114 1103 
2 8 3 1920
1923 3 67 1117 129 
1924 129 1117 1118 130 
1925 130 1118 1119 131 
1926 131 1119 1120 132 
1927 132 1120 1121 133 
1928 133 1121 1122 134 
1929 134 1122 1123 135 
1930 135 1123 1124 136 
1931 136 1124 1125 137 
1932 137 1125 1126 138 
1933 138 1126 1127 139 
1934 139 1127 1128 140 
1935 140 1128 1129 141 
1936 141 1129 1130 142 
1937 142 1130 1131 143 
1938 143 1131 1132 144 
1939 144 1132 1133 145 
1940 145 1133 1134 146 
1941 146 1134 1135 147 
1942 147 1135 1136 148 
1943 148 1136 1137 149 
1944 149 1137 1138 150 
1945 150 1138 1139 151 
1946 151 1139 1140 152 
1947 152 1140 1141 153 
1948 153 1141 1142 154 
1949 154 1142 1143 155 
1950 155 1143 1144 156 
1951 156 1144 1145 157 
1952 157 1145 1146 158 
1953 158 1146 1147 159 
1954 159 1147 1148 160 
1955 160 1148 1149 161 
1956 161 1149 1150 162 
1957 162 1150 1151 163 
1958 163 1151 1152 164 
1959 164 1152 1153 165 
1960 165 1153 1154 166 
1961 166 1154 1155 167 
1962 167 1155 1156 168 
1963 168 1156 1157 169 
1964 169 1157 1158 170 
1965 170 1158 1159 171 
1966 171 1159 1160 172 
1967 172 1160 1161 173 
1968 173 1161 1162 174 
1969 174 1162 1163 175 
1970 175 1163 1164 176 
1971 176 1164 1165 177 
1972 177 1165 1166 178 
1973 178 1166 1167 179 
1974 179 1167 1168 180 
1975 180 1168 1169 181 
1976 181 1169 1170 182 
1977 182 1170 1171 183 
1978 183 1171 1172 184 
1979 184 1172 1173 185 
1980 185 1173 1174 186 
1981 186 1174 1175 187 
1982 187 1175 1176 188 
1983 188 1176 1177 189 
1984 189 1177 1178 190 
1985 190 1178 1179 191 
1986 191 1179 1180 192 
1987 192 1180 1181 193 
1988 193 1181 1182 194 
1989 194 1182 1183 195 
1990 195 1183 1184 196 
1991 196 1184 1185 197 
1992 197 1185 1186 198 
1993 198 1186 1187 199 
1994 199 1187 1188 200 
1995 200 1188 1189 201 
1996 201 1189 1190 202 
1997 202 1190 1191 203 
1998 203 1191 1192 204 
1999 204 1192 1193 205 
2000 205 1193 1194 206 
2001 206 1194 1195 207 
2002 207 1195 208 5 
2003 67 68 1196 1117 
2004 1117 1196 1197 1118 
2005 1118 1197 1198 1119 
2006 1119 1198 1199 1120 
2007 1120 1199 1200 1121 
2008 1121 1200 1201 1122 
2009 1122 1201 1202 1123 
2010 1123 1202 1203 1124 
2011 1124 1203 1204 1125 
2012 1125 1204 1205 1126 
2013 1126 1205 1206 1127 
2014 1127 1206 1207 1128 
2015 1128 1207 1208 1129 
2016 1129 1208 1209 1130 
2017 1130 1209 1210 1131 
2018 1131 1210 1211 1132 
2019 1132 1211 1212 1133 
2020 1133 1212 1213 1134 
2021 1134 1213 1214 1135 
2022 1135 1214 1215 1136 
2023 1136 1215 1216 1137 
2024 1137 1216 1217 1138 
2025 1138 1217 1218 1139 
2026 1139 1218 1219 1140 
2027 1140 1219 1220 1141 
2028 1141 1220 1221 1142 
2029 1142 1221 1222 1143 
2030 1143 1222 1223 1144 
2031 1144 1223 1224 1145 
2032 1145 1224 1225 1146 
2033 1146 1225 1226 1147 
2034 1147 1226 1227 1148 
2035 1148 1227 1228 1149 
2036 1149 1228 1229 1150 
2037 1150 1229 1230 1151 
2038 1151 1230 1231 1152 
2039 1152 1231 1232 1153 
2040 1153 1232 1233 1154 
2041 1154 1233 1234 1155 
2042 1155 1234 1235 1156 
2043 1156 1235 1236 1157 
2044 1157 1236 1237 1158 
2045 1158 1237 1238 1159 
2046 1159 1238 1239 1160 
2047 1160 1239 1240 1161 
2048 1161 1240 1241 1162 
2049 1162 1241 1242 1163 
2050 1163 1242 1243 1164 
2051 1164 1243 1244 1165 
2052 1165 1244 1245 1166 
2053 1166 1245 1246 1167 
2054 1167 1246 1247 1168 
2055 1168 1247 1248 1169 
2056 1169 1248 1249 1170 
2057 1170 1249 1250 1171 
2058 1171 1250 1251 1172 
2059 1172 1251 1252 1173 
2060 1173 1252 1253 1174 
2061 1174 1253 1254 1175 
2062 1175 1254 1255 1176 
2063 1176 1255 1256 1177 
2064 1177 1256 1257 1178 
2065 1178 1257 1258 1179 
2066 1179 1258 1259 1180 
2067 1180 1259 1260 1181 
2068 1181 1260 1261 1182 
2069 1182 1261 1262 1183 
2070 1183 1262 1263 1184 
2071 1184 1263 1264 1185 
2072 1185 1264 1265 1186 
2073 1186 1265 1266 1187 
2074 1187 1266 1267 1188 
2075 1188 1267 1268 1189 
2076 1189 1268 1269 1190 
2077 1190 1269 1270 1191 
2078 1191 1270 1271 1192 
2079 1192 1271 1272 1193 
2080 1193 1272 1273 1194 
2081 1194 1273 1274 1195 
2082 1195 1274 209 208 
2083 68 69 1275 1196 
2084 1196 1275 1276 1197 
2085 1197 1276 1277 1198 
2086 1198 1277 1278 1199 
2087 1199 1278 1279 1200 
2088 1200 1279 1280 1201 
2089 1201 1280 1281 1202 
2090 1202 1281 1282 1203 
2091 1203 1282 1283 1204 
2092 1204 1283 1284 1205 
2093 1205 1284 1285 1206 
2094 1206 1285 1286 1207 
2095 1207 1286 1287 1208 
2096 1208 1287 1288 1209 
2097 1209 1288 1289 1210 
2098 1210 1289 1290 1211 
2099 1211 1290 1291 1212 
2100 1212 1291 1292 1213 
2101 1213 1292 1293 1214 
2102 1214 1293 1294 1215 
2103 1215 1294 1295 1216 
2104 1216 1295 1296 1217 
2105 1217 1296 1297 1218 
2106 1218 1297 1298 1219 
2107 1219 1298 1299 1220 
2108 1220 1299 1300 1221 
2109 1221 1300 1301 1222 
2110 1222 1301 1302 1223 
2111 1223 1302 1303 1224 
2112 1224 1303 1304 1225 
2113 1225 1304 1305 1226 
2114 1226 1305 1306 1227 
2115 1227 1306 1307 1228 
2116 1228 1307 1308 1229 
2117 1229 1308 1309 1230 
2118 1230 1309 1310 1231 
2119 1231 1310 1311 1232 
2120 1232 1311 1312 1233 
2121 1233 1312 1313 1234 
2122 1234 1313 1314 1235 
2123 1235 1314 1315 1236 
2124 1236 1315 1316 1237 
2125 1237 1316 1317 1238 
2126 1238 1317 1318 1239 
2127 1239 1318 1319 1240 
2128 1240 1319 1320 1241 
2129 1241 1320 1321 1242 
2130 1242 1321 1322 1243 
2131 1243 1322 1323 1244 
2132 1244 1323 1324 1245 
2133 1245 1324 1325 1246 
2134 1246 1325 1326 1247 
2135 1247 1326 1327 1248 
2136 1248 1327 1328 1249 
2137 1249 1328 1329 1250 
2138 1250 1329 1330 1251 
2139 1251 1330 1331 1252 
2140 1252 1331 1332 1253 
2141 1253 1332 1333 1254 
2142 1254 1333 1334 1255 
2143 1255 1334 1335 1256 
2144 1256 1335 1336 1257 
2145 1257 1336 1337 1258 
2146 1258 1337 1338 1259 
2147 1259 1338 1339 1260 
2148 1260 1339 1340 1261 
2149 1261 1340 1341 1262 
2150 1262 1341 1342 1263 
2151 1263 1342 1343 1264 
2152 1264 1343 1344 1265 
2153 1265 1344 1345 1266 
2154 1266 1345 1346 1267 
2155 1267 1346 1347 1268 
2156 1268 1347 1348 1269 
2157 1269 1348 1349 1270 
2158 1270 1349 1350 1271 
2159 1271 1350 1351 1272 
2160 1272 1351 1352 1273 
2161 1273 1352 1353 1274 
2162 1274 1353 210 209 
2163 69 70 1354 1275 
2164 1275 1354 1355 1276 
2165 1276 1355 1356 1277 
2166 1277 1356 1357 1278 
2167 1278 1357 1358 1279 
2168 1279 1358 1359 1280 
2169 1280 1359 1360 1281 
2170 1281 1360 1361 1282 
2171 1282 1361 1362 1283 
2172 1283 1362 1363 1284 
2173 1284 1363 1364 1285 
2174 1285 1364 1365 1286 
2175 1286 1365 1366 1287 
2176 1287 1366 1367 1288 
2177 1288 1367 1368 1289 
2178 1289 1368 1369 1290 
2179 1290 1369 1370 1291 
2180 1291 1370 1371 1292 
2181 1292 1371 1372 1293 
2182 1293 1372 1373 1294 
2183 1294 1373 1374 1295 
2184 1295 1374 1375 1296 
2185 1296 1375 1376 1297 
2186 1297 1376 1377 1298 
2187 1298 1377 1378 1299 
2188 1299 1378 1379 1300 
2189 1300 1379 1380 1301 
2190 1301 1380 1381 1302 
2191 1302 1381 1382 1303 
2192 1303 1382 1383 1304 
2193 1304 1383 1384 1305 
2194 1305 1384 1385 1306 
2195 1306 1385 1386 1307 
2196 1307 1386 1387 1308 
2197 1308 1387 1388 1309 
2198 1309 1388 1389 1310 
2199 1310 1389 1390 1311 
2200 1311 1390 1391 1312 
2201 1312 1391 1392 1313 
2202 1313 1392 1393 1314 
2203 1314 1393 1394 1315 
2204 1315 1394 1395 1316 
2205 1316 1395 1396 1317 
2206 1317 1396 1397 1318 
2207 1318 1397 1398 1319 
2208 1319 1398 1399 1320 
2209 1320 1399 1400 1321 
2210 1321 1400 1401 1322 
2211 1322 1401 1402 1323 
2212 1323 1402 1403 1324 
2213 1324 1403 1404 1325 
2214 1325 1404 1405 1326 
2215 1326 1405 1406 1327 
2216 1327 1406 1407 1328 
2217 1328 1407 1408 1329 
2218 1329 1408 1409 1330 
2219 1330 1409 1410 1331 
2220 1331 1410 1411 1332 
2221 1332 1411 1412 1333 
2222 1333 1412 1413 1334 
2223 1334 1413 1414 1335 
2224 1335 1414 1415 1336 
2225 1336 1415 1416 1337 
2226 1337 1416 1417 1338 
2227 1338 1417 1418 1339 
2228 1339 1418 1419 1340 
2229 1340 1419 1420 1341 
2230 1341 1420 1421 1342 
2231 1342 1421 1422 1343 
2232 1343 1422 1423 1344 
2233 1344 1423 1424 1345 
2234 1345 1424 1425 1346 
2235 1346 1425 1426 1347 
2236 1347 1426 1427 1348 
2237 1348 1427 1428 1349 
2238 1349 1428 1429 1350 
2239 1350 1429 1430 1351 
2240 1351 1430 1431 1352 
2241 1352 1431 1432 1353 
2242 1353 1432 211 210 
2243 70 71 1433 1354 
2244 1354 1433 1434 1355 
2245 1355 1434 1435 1356 
2246 1356 1435 1436 1357 
2247 1357 1436 1437 1358 
2248 1358 1437 1438 1359 
2249 1359 1438 1439 1360 
2250 1360 1439 1440 1361 
2251 1361 1440 1441 1362 
2252 1362 1441 1442 1363 
2253 1363 1442 1443 1364 
2254 1364 1443 1444 1365 
2255 1365 1444 1445 1366 
2256 1366 1445 1446 1367 
2257 1367 1446 1447 1368 
2258 1368 1447 1448 1369 
2259 1369 1448 1449 1370 
2260 1370 1449 1450 1371 
2261 1371 1450 1451 1372 
2262 1372 1451 1452 1373 
2263 1373 1452 1453 1374 
2264 1374 1453 1454 1375 
2265 1375 1454 1455 1376 
2266 1376 1455 1456 1377 
2267 1377 1456 1457 1378 
2268 1378 1457 1458 1379 
2269 1379 1458 1459 1380 
2270 1380 1459 1460 1381 
2271 1381 1460 1461 1382 
2272 1382 1461 1462 1383 
2273 1383 1462 1463 1384 
2274 1384 1463 1464 1385 
2275 1385 1464 1465 1386 
2276 1386 1465 1466 1387 
2277 1387 1466 1467 1388 
2278 1388 1467 1468 1389 
2279 1389 1468 1469 1390 
2280 1390 1469 1470 1391 
2281 1391 1470 1471 1392 
2282 1392 1471 1472 1393 
2283 1393 1472 1473 1394 
2284 1394 1473 1474 1395 
2285 1395 1474 1475 1396 
2286 1396 1475 1476 1397 
2287 1397 1476 1477 1398 
2288 1398 1477 1478 1399 
2289 1399 1478 1479 1400 
2290 1400 1479 1480 1401 
2291 1401 1480 1481 1402 
2292 1402 1481 1482 1403 
2293 1403 1482 1483 1404 
2294 1404 1483 1484 1405 
2295 1405 1484 1485 1406 
2296 1406 1485 1486 1407 
2297 1407 1486 1487 1408 
2298 1408 1487 1488 1409 
2299 1409 1488 1489 1410 
2300 1410 1489 1490 1411 
2301 1411 1490 1491 1412 
2302 1412 1491 1492 1413 
2303 1413 1492 1493 1414 
2304 1414 1493 1494 1415 
2305 1415 1494 1495 1416 
2306 1416 1495 1496 1417 
2307 1417 1496 1497 1418 
2308 1418 1497 1498 1419 
2309 1419 1498 1499 1420 
2310 1420 1499 1500 1421 
2311 1421 1500 1501 1422 
2312 1422 1501 1502 1423 
2313 1423 1502 1503 1424 
2314 1424 1503 1504 1425 
2315 1425 1504 1505 1426 
2316 1426 1505 1506 1427 
2317 1427 1506 1507 1428 
2318 1428 1507 1508 1429 
2319 1429 1508 1509 1430 
2320 1430 1509 1510 1431 
2321 1431 1510 1511 1432 
2322 1432 1511 212 211 
2323 71 72 1512 1433 
2324 1433 1512 1513 1434 
2325 1434 1513 1514 1435 
2326 1435 1514 1515 1436 
2327 1436 1515 1516 1437 
2328 1437 1516 1517 1438 
2329 1438 1517 1518 1439 
2330 1439 1518 1519 1440 
2331 1440 1519 1520 1441 
2332 1441 1520 1521 1442 
2333 1442 1521 1522 1443 
2334 1443 1522 1523 1444 
2335 1444 1523 1524 1445 
2336 1445 1524 1525 1446 
2337 1446 1525 1526 1447 
2338 1447 1526 1527 1448 
2339 1448 1527 1528 1449 
2340 1449 1528 1529 1450 
2341 1450 1529 1530 1451 
2342 1451 1530 1531 1452 
2343 1452 1531 1532 1453 
2344 1453 1532 1533 1454 
2345 1454 1533 1534 1455 
2346 1455 1534 1535 1456 
2347 1456 1535 1536 1457 
2348 1457 1536 1537 1458 
2349 1458 1537 1538 1459 
2350 1459 1538 1539 1460 
2351 1460 1539 1540 1461 
2352 1461 1540 1541 1462 
2353 1462 1541 1542 1463 
2354 1463 1542 1543 1464 
2355 1464 1543 1544 1465 
2356 1465 1544 1545 1466 
2357 1466 1545 1546 1467 
2358 1467 1546 1547 1468 
2359 1468 1547 1548 1469 
2360 1469 1548 1549 1470 
2361 1470 1549 1550 1471 
2362 1471 1550 1551 1472 
2363 1472 1551 1552 1473 
2364 1473 1552 1553 1474 
2365 1474 1553 1554 1475 
2366 1475 1554 1555 1476 
2367 1476 1555 1556 1477 
2368 1477 1556 1557 1478 
2369 1478 1557 1558 1479 
2370 1479 1558 1559 1480 
2371 1480 1559 1560 1481 
2372 1481 1560 1561 1482 
2373 1482 1561 1562 1483 
2374 1483 1562 1563 1484 
2375 1484 1563 1564 1485 
2376 1485 1564 1565 1486 
2377 1486 1565 1566 1487 
2378 1487 1566 1567 1488 
2379 1488 1567 1568 1489 
2380 1489 1568 1569 1490 
2381 1490 1569 1570 1491 
2382 1491 1570 1571 1492 
2383 1492 1571 1572 1493 
2384 1493 1572 1573 1494 
2385 1494 1573 1574 1495 
2386 1495 1574 1575 1496 
2387 1496 1575 1576 1497 
2388 1497 1576 1577 1498 
2389 1498 1577 1578 1499 
2390 1499 1578 1579 1500 
2391 1500 1579 1580 1501 
2392 1501 1580 1581 1502 
2393 1502 1581 1582 1503 
2394 1503 1582 1583 1504 
2395 1504 1583 1584 1505 
2396 1505 1584 1585 1506 
2397 1506 1585 1586 1507 
2398 1507 1586 1587 1508 
2399 1508 1587 1588 1509 
2400 1509 1588 1589 1510 
2401 1510 1589 1590 1511 
2402 1511 1590 213 212 
2403 72 73 1591 1512 
2404 1512 1591 1592 1513 
2405 1513 1592 1593 1514 
2406 1514 1593 1594 1515 
2407 1515 1594 1595 1516 
2408 1516 1595 1596 1517 
2409 1517 1596 1597 1518 
2410 1518 1597 1598 1519 
2411 1519 1598 1599 1520 
2412 1520 1599 1600 1521 
2413 1521 1600 1601 1522 
2414 1522 1601 1602 1523 
2415 1523 1602 1603 1524 
2416 1524 1603 1604 1525 
2417 1525 1604 1605 1526 
2418 1526 1605 1606 1527 
2419 1527 1606 1607 1528 
2420 1528 1607 1608 1529 
2421 1529 1608 1609 1530 
2422 1530 1609 1610 1531 
2423 1531 1610 1611 1532 
2424 1532 1611 1612 1533 
2425 1533 1612 1613 1534 
2426 1534 1613 1614 1535 
2427 1535 1614 1615 1536 
2428 1536 1615 1616 1537 
2429 1537 1616 1617 1538 
2430 1538 1617 1618 1539 
2431 1539 1618 1619 1540 
2432 1540 1619 1620 1541 
2433 1541 1620 1621 1542 
2434 1542 1621 1622 1543 
2435 1543 1622 1623 1544 
2436 1544 1623 1624 1545 
2437 1545 1624 1625 1546 
2438 1546 1625 1626 1547 
2439 1547 1626 1627 1548 
2440 1548 1627 1628 1549 
2441 1549 1628 1629 1550 
2442 1550 1629 1630 1551 
2443 1551 1630 1631 1552 
2444 1552 1631 1632 1553 
2445 1553 1632 1633 1554 
2446 1554 1633 1634 1555 
2447 1555 1634 1635 1556 
2448 1556 1635 1636 1557 
2449 1557 1636 1637 1558 
2450 1558 1637 1638 1559 
2451 1559 1638 1639 1560 
2452 1560 1639 1640 1561 
2453 1561 1640 1641 1562 
2454 1562 1641 1642 1563 
2455 1563 1642 1643 1564 
2456 1564 1643 1644 1565 
2457 1565 1644 1645 1566 
2458 1566 1645 1646 1567 
2459 1567 1646 1647 1568 
2460 1568 1647 1648 1569 
2461 1569 1648 1649 1570 
2462 1570 1649 1650 1571 
2463 1571 1650 1651 1572 
2464 1572 1651 1652 1573 
2465 1573 1652 1653 1574 
2466 1574 1653 1654 1575 
2467 1575 1654 1655 1576 
2468 1576 1655 1656 1577 
2469 1577 1656 1657 1578 
2470 1578 1657 1658 1579 
2471 1579 1658 1659 1580 
2472 1580 1659 1660 1581 
2473 1581 1660 1661 1582 
2474 1582 1661 1662 1583 
2475 1583 1662 1663 1584 
2476 1584 1663 1664 1585 
2477 1585 1664 1665 1586 
2478 1586 1665 1666 1587 
2479 1587 1666 1667 1588 
2480 1588 1667 1668 1589 
2481 1589 1668 1669 1590 
2482 1590 1669 214 213 
2483 73 74 1670 1591 
2484 1591 1670 1671 1592 
2485 1592 1671 1672 1593 
2486 1593 1672 1673 1594 
2487 1594 1673 1674 1595 
2488 1595 1674 1675 1596 
2489 1596 1675 1676 1597 
2490 1597 1676 1677 1598 
2491 1598 1677 1678 1599 
2492 1599 1678 1679 1600 
2493 1600 1679 1680 1601 
2494 1601 1680 1681 1602 
2495 1602 1681 1682 1603 
2496 1603 1682 1683 1604 
2497 1604 1683 1684 1605 
2498 1605 1684 1685 1606 
2499 1606 1685 1686 1607 
2500 1607 1686 1687 1608 
2501 1608 1687 1688 1609 
2502 1609 1688 1689 1610 
2503 1610 1689 1690 1611 
2504 1611 1690 1691 1612 
2505 1612 1691 1692 1613 
2506 1613 1692 1693 1614 
2507 1614 1693 1694 1615 
2508 1615 1694 1695 1616 
2509 1616 1695 1696 1617 
2510 1617 1696 1697 1618 
2511 1618 1697 1698 1619 
2512 1619 1698 1699 1620 
2513 1620 1699 1700 1621 
2514 1621 1700 1701 1622 
2515 1622 1701 1702 1623 
2516 1623 1702 1703 1624 
2517 1624 1703 1704 1625 
2518 1625 1704 1705 1626 
2519 1626 1705 1706 1627 
2520 1627 1706 1707 1628 
2521 1628 1707 1708 1629 
2522 1629 1708 1709 1630 
2523 1630 1709 1710 1631 
2524 1631 1710 1711 1632 
2525 1632 1711 1712 1633 
2526 1633 1712 1713 1634 
2527 1634 1713 1714 1635 
2528 1635 1714 1715 1636 
2529 1636 1715 1716 1637 
2530 1637 1716 1717 1638 
2531 1638 1717 1718 1639 
2532 1639 1718 1719 1640 
2533 1640 1719 1720 1641 
2534 1641 1720 1721 1642 
2535 1642 1721 1722 1643 
2536 1643 1722 1723 1644 
2537 1644 1723 1724 1645 
2538 1645 1724 1725 1646 
2539 1646 1725 1726 1647 
2540 1647 1726 1727 1648 
2541 1648 1727 1728 1649 
2542 1649 1728 1729 1650 
2543 1650 1729 1730 1651 
2544 1651 1730 1731 1652 
2545 1652 1731 1732 1653 
2546 1653 1732 1733 1654 
2547 1654 1733 1734 1655 
2548 1655 1734 1735 1656 
2549 1656 1735 1736 1657 
2550 1657 1736 1737 1658 
2551 1658 1737 1738 1659 
2552 1659 1738 1739 1660 
2553 1660 1739 1740 1661 
2554 1661 1740 1741 1662 
2555 1662 1741 1742 1663 
2556 1663 1742 1743 1664 
2557 1664 1743 1744 1665 
2558 1665 1744 1745 1666 
2559 1666 1745 1746 1667 
2560 1667 1746 1747 1668 
2561 1668 1747 1748 1669 
2562 1669 1748 215 214 
2563 74 75 1749 1670 
2564 1670 1749 1750 1671 
2565 1671 1750 1751 1672 
2566 1672 1751 1752 1673 
2567 1673 1752 1753 1674 
2568 1674 1753 1754 1675 
2569 1675 1754 1755 1676 
2570 1676 1755 1756 1677 
2571 1677 1756 1757 1678 
2572 1678 1757 1758 1679 
2573 1679 1758 1759 1680 
2574 1680 1759 1760 1681 
2575 1681 1760 1761 1682 
2576 1682 1761 1762 1683 
2577 1683 1762 1763 1684 
2578 1684 1763 1764 1685 
2579 1685 1764 1765 1686 
2580 1686 1765 1766 1687 
2581 1687 1766 1767 1688 
2582 1688 1767 1768 1689 
2583 1689 1768 1769 1690 
2584 1690 1769 1770 1691 
2585 1691 1770 1771 1692 
2586 1692 1771 1772 1693 
2587 1693 1772 1773 1694 
2588 1694 1773 1774 1695 
2589 1695 1774 1775 1696 
2590 1696 1775 1776 1697 
2591 1697 1776 1777 1698 
2592 1698 1777 1778 1699 
2593 1699 1778 1779 1700 
2594 1700 1779 1780 1701 
2595 1701 1780 1781 1702 
2596 1702 1781 1782 1703 
2597 1703 1782 1783 1704 
2598 1704 1783 1784 1705 
2599 1705 1784 1785 1706 
2600 1706 1785 1786 1707 
2601 1707 1786 1787 1708 
2602 1708 1787 1788 1709 
2603 1709 1788 1789 1710 
2604 1710 1789 1790 1711 
2605 1711 1790 1791 1712 
2606 1712 1791 1792 1713 
2607 1713 1792 1793 1714 
2608 1714 1793 1794 1715 
2609 1715 1794 1795 1716 
2610 1716 1795 1796 1717 
2611 1717 1796 1797 1718 
2612 1718 1797 1798 1719 
2613 1719 1798 1799 1720 
2614 1720 1799 1800 1721 
2615 1721 1800 1801 1722 
2616 1722 1801 1802 1723 
2617 1723 1802 1803 1724 
2618 1724 1803 1804 1725 
2619 1725 1804 1805 1726 
2620 1726 1805 1806 1727 
2621 1727 1806 1807 1728 
2622 1728 1807 1808 1729 
2623 1729 1808 1809 1730 
2624 1730 1809 1810 1731 
2625 1731 1810 1811 1732 
2626 1732 1811 1812 1733 
2627 1733 1812 1813 1734 
2628 1734 1813 1814 1735 
2629 1735 1814 1815 1736 
2630 1736 1815 1816 1737 
2631 1737 1816 1817 1738 
2632 1738 1817 1818 1739 
2633 1739 1818 1819 1740 
2634 1740 1819 1820 1741 
2635 1741 1820 1821 1742 
2636 1742 1821 1822 1743 
2637 1743 1822 1823 1744 
2638 1744 1823 1824 1745 
2639 1745 1824 1825 1746 
2640 1746 1825 1826 1747 
2641 1747 1826 1827 1748 
2642 1748 1827 216 215 
2643 75 76 1828 1749 
2644 1749 1828 1829 1750 
2645 1750 1829 1830 1751 
2646 1751 1830 1831 1752 
2647 1752 1831 1832 1753 
2648 1753 1832 1833 1754 
2649 1754 1833 1834 1755 
2650 1755 1834 1835 1756 
2651 1756 1835 1836 1757 
2652 1757 1836 1837 1758 
2653 1758 1837 1838 1759 
2654 1759 1838 1839 1760 
2655 1760 1839 1840 1761 
2656 1761 1840 1841 1762 
2657 1762 1841 1842 1763 
2658 1763 1842 1843 1764 
2659 1764 1843 1844 1765 
2660 1765 1844 1845 1766 
2661 1766 1845 1846 1767 
2662 1767 1846 1847 1768 
2663 1768 1847 1848 1769 
2664 1769 1848 1849 1770 
2665 1770 1849 1850 1771 
2666 1771 1850 1851 1772 
2667 1772 1851 1852 1773 
2668 1773 1852 1853 1774 
2669 1774 1853 1854 1775 
2670 1775 1854 1855 1776 
2671 1776 1855 1856 1777 
2672 1777 1856 1857 1778 
2673 1778 1857 1858 1779 
2674 1779 1858 1859 1780 
2675 1780 1859 1860 1781 
2676 1781 1860 1861 1782 
2677 1782 1861 1862 1783 
2678 1783 1862 1863 1784 
2679 1784 1863 1864 1785 
2680 1785 1864 1865 1786 
2681 1786 1865 1866 1787 
2682 1787 1866 1867 1788 
2683 1788 1867 1868 1789 
2684 1789 1868 1869 1790 
2685 1790 1869 1870 1791 
2686 1791 1870 1871 1792 
2687 1792 1871 1872 1793 
2688 1793 1872 1873 1794 
2689 1794 1873 1874 1795 
2690 1795 1874 1875 1796 
2691 1796 1875 1876 1797 
2692 1797 1876 1877 1798 
2693 1798 1877 1878 1799 
2694 1799 1878 1879 1800 
2695 1800 1879 1880 1801 
2696 1801 1880 1881 1802 
2697 1802 1881 1882 1803 
2698 1803 1882 1883 1804 
2699 1804 1883 1884 1805 
2700 1805 1884 1885 1806 
2701 1806 1885 1886 1807 
2702 1807 1886 1887 1808 
2703 1808 1887 1888 1809 
2704 1809 1888 1889 1810 
2705 1810 1889 1890 1811 
2706 1811 1890 1891 1812 
2707 1812 1891 1892 1813 
2708 1813 1892 1893 1814 
2709 1814 1893 1894 1815 
2710 1815 1894 1895 1816 
2711 1816 1895 1896 1817 
2712 1817 1896 1897 1818 
2713 1818 1897 1898 1819 
2714 1819 1898 1899 1820 
2715 1820 1899 1900 1821 
2716 1821 1900 1901 1822 
2717 1822 1901 1902 1823 
2718 1823 1902 1903 1824 
2719 1824 1903 1904 1825 
2720 1825 1904 1905 1826 
2721 1826 1905 1906 1827 
2722 1827 1906 217 216 
2723 76 77 1907 1828 
2724 1828 1907 1908 1829 
2725 1829 1908 1909 1830 
2726 1830 1909 1910 1831 
2727 1831 1910 1911 1832 
2728 1832 1911 1912 1833 
2729 1833 1912 1913 1834 
2730 1834 1913 1914 1835 
2731 1835 1914 1915 1836 
2732 1836 1915 1916 1837 
2733 1837 1916 1917 1838 
2734 1838 1917 1918 1839 
2735 1839 1918 1919 1840 
2736 1840 1919 1920 1841 
2737 1841 1920 1921 1842 
2738 1842 1921 1922 1843 
2739 1843 1922 1923 1844 
2740 1844 1923 1924 1845 
2741 1845 1924 1925 1846 
2742 1846 1925 1926 1847 
2743 1847 1926 1927 1848 
2744 1848 1927 1928 1849 
2745 1849 1928 1929 1850 
2746 1850 1929 1930 1851 
2747 1851 1930 1931 1852 
2748 1852 1931 1932 1853 
2749 1853 1932 1933 1854 
2750 1854 1933 1934 1855 
2751 1855 1934 1935 1856 
2752 1856 1935 1936 1857 
2753 1857 1936 1937 1858 
2754 1858 1937 1938 1859 
2755 1859 1938 1939 1860 
2756 1860 1939 1940 1861 
2757 1861 1940 1941 1862 
2758 1862 1941 1942 1863 
2759 1863 1942 1943 1864 
2760 1864 1943 1944 1865 
2761 1865 1944 1945 1866 
2762 1866 1945 1946 1867 
2763 1867 1946 1947 1868 
2764 1868 1947 1948 1869 
2765 1869 1948 1949 1870 
2766 1870 1949 1950 1871 
2767 1871 1950 1951 1872 
2768 1872 1951 1952 1873 
2769 1873 1952 1953 1874 
2770 1874 1953 1954 1875 
2771 1875 1954 1955 1876 
2772 1876 1955 1956 1877 
2773 1877 1956 1957 1878 
2774 1878 1957 1958 1879 
2775 1879 1958 1959 1880 
2776 1880 1959 1960 1881 
2777 1881 1960 1961 1882 
2778 1882 1961 1962 1883 
2779 1883 1962 1963 1884 
2780 1884 1963 1964 1885 
2781 1885 1964 1965 1886 
2782 1886 1965 1966 1887 
2783 1887 1966 1967 1888 
2784 1888 1967 1968 1889 
2785 1889 1968 1969 1890 
2786 1890 1969 1970 1891 
2787 1891 1970 1971 1892 
2788 1892 1971 1972 1893 
2789 1893 1972 1973 1894 
2790 1894 1973 1974 1895 
2791 1895 1974 1975 1896 
2792 1896 1975 1976 1897 
2793 1897 1976 1977 1898 
2794 1898 1977 1978 1899 
2795 1899 1978 1979 1900 
2796 1900 1979 1980 1901 
2797 1901 1980 1981 1902 
2798 1902 1981 1982 1903 
2799 1903 1982 1983 1904 
2800 1904 1983 1984 1905 
2801 1905 1984 1985 1906 
2802 1906 1985 218 217 
2803 77 78 1986 1907 
2804 1907 1986 1987 1908 
2805 1908 1987 1988 1909 
2806 1909 1988 1989 1910 
2807 1910 1989 1990 1911 
2808 1911 1990 1991 1912 
2809 1912 1991 1992 1913 
2810 1913 1992 1993 1914 
2811 1914 1993 1994 1915 
2812 1915 1994 1995 1916 
2813 1916 1995 1996 1917 
2814 1917 1996 1997 1918 
2815 1918 1997 1998 1919 
2816 1919 1998 1999 1920 
2817 1920 1999 2000 1921 
2818 1921 2000 2001 1922 
2819 1922 2001 2002 1923 
2820 1923 2002 2003 1924 
2821 1924 2003 2004 1925 
2822 1925 2004 2005 1926 
2823 1926 2005 2006 1927 
2824 1927 2006 2007 1928 
2825 1928 2007 2008 1929 
2826 1929 2008 2009 1930 
2827 1930 2009 2010 1931 
2828 1931 2010 2011 1932 
2829 1932 2011 2012 1933 
2830 1933 2012 2013 1934 
2831 1934 2013 2014 1935 
2832 1935 2014 2015 1936 
2833 1936 2015 2016 1937 
2834 1937 2016 2017 1938 
2835 1938 2017 2018 1939 
2836 1939 2018 2019 1940 
2837 1940 2019 2020 1941 
2838 1941 2020 2021 1942 
2839 1942 2021 2022 1943 
2840 1943 2022 2023 1944 
2841 1944 2023 2024 1945 
2842 1945 2024 2025 1946 
2843 1946 2025 2026 1947 
2844 1947 2026 2027 1948 
2845 1948 2027 2028 1949 
2846 1949 2028 2029 1950 
2847 1950 2029 2030 1951 
2848 1951 2030 2031 1952 
2849 1952 2031 2032 1953 
2850 1953 2032 2033 1954 
2851 1954 2033 2034 1955 
2852 1955 2034 2035 1956 
2853 1956 2035 2036 1957 
2854 1957 2036 2037 1958 
2855 1958 2037 2038 1959 
2856 1959 2038 2039 1960 
2857 1960 2039 2040 1961 
2858 1961 2040 2041 1962 
2859 1962 2041 2042 1963 
2860 1963 2042 2043 1964 
2861 1964 2043 2044 1965 
2862 1965 2044 2045 1966 
2863 1966 2045 2046 1967 
2864 1967 2046 2047 1968 
2865 1968 2047 2048 1969 
2866 1969 2048 2049 1970 
2867 1970 2049 2050 1971 
2868 1971 2050 2051 1972 
2869 1972 2051 2052 1973 
2870 1973 2052 2053 1974 
2871 1974 2053 2054 1975 
2872 1975 2054 2055 1976 
2873 1976 2055 2056 1977 
2874 1977 2056 2057 1978 
2875 1978 2057 2058 1979 
2876 1979 2058 2059 1980 
2877 1980 2059 2060 1981 
2878 1981 2060 2061 1982 
2879 1982 2061 2062 1983 
2880 1983 2062 2063 1984 
2881 1984 2063 2064 1985 
2882 1985 2064 219 218 
2883 78 79 2065 1986 
2884 1986 2065 2066 1987 
2885 1987 2066 2067 1988 
2886 1988 2067 2068 1989 
2887 1989 2068 2069 1990 
2888 1990 2069 2070 1991 
2889 1991 2070 2071 1992 
2890 1992 2071 2072 1993 
2891 1993 2072 2073 1994 
2892 1994 2073 2074 1995 
2893 1995 2074 2075 1996 
2894 1996 2075 2076 1997 
2895 1997 2076 2077 1998 
2896 1998 2077 2078 1999 
2897 1999 2078 2079 2000 
2898 2000 2079 2080 2001 
2899 2001 2080 2081 2002 
2900 2002 2081 2082 2003 
2901 2003 2082 2083 2004 
2902 2004 2083 2084 2005 
2903 2005 2084 2085 2006 
2904 2006 2085 2086 2007 
2905 2007 2086 2087 2008 
2906 2008 2087 2088 2009 
2907 2009 2088 2089 2010 
2908 2010 2089 2090 2011 
2909 2011 2090 2091 2012 
2910 2012 2091 2092 2013 
2911 2013 2092 2093 2014 
2912 2014 2093 2094 2015 
2913 2015 2094 2095 2016 
2914 2016 2095 2096 2017 
2915 2017 2096 2097 2018 
2916 2018 2097 2098 2019 
2917 2019 2098 2099 2020 
2918 2020 2099 2100 2021 
2919 2021 2100 2101 2022 
2920 2022 2101 2102 2023 
2921 2023 2102 2103 2024 
2922 2024 2103 2104 2025 
2923 2025 2104 2105 2026 
2924 2026 2105 2106 2027 
2925 2027 2106 2107 2028 
2926 2028 2107 2108 2029 
2927 2029 2108 2109 2030 
2928 2030 2109 2110 2031 
2929 2031 2110 2111 2032 
2930 2032 2111 2112 2033 
2931 2033 2112 2113 2034 
2932 2034 2113 2114 2035 
2933 2035 2114 2115 2036 
2934 2036 2115 2116 2037 
2935 2037 2116 2117 2038 
2936 2038 2117 2118 2039 
2937 2039 2118 2119 2040 
2938 2040 2119 2120 2041 
2939 2041 2120 2121 2042 
2940 2042 2121 2122 2043 
2941 2043 2122 2123 2044 
2942 2044 2123 2124 2045 
2943 2045 2124 2125 2046 
2944 2046 2125 2126 2047 
2945 2047 2126 2127 2048 
2946 2048 2127 2128 2049 
2947 2049 2128 2129 2050 
2948 2050 2129 2130 2051 
2949 2051 2130 2131 2052 
2950 2052 2131 2132 2053 
2951 2053 2132 2133 2054 
2952 2054 2133 2134 2055 
2953 2055 2134 2135 2056 
2954 2056 2135 2136 2057 
2955 2057 2136 2137 2058 
2956 2058 2137 2138 2059 
2957 2059 2138 2139 2060 
2958 2060 2139 2140 2061 
2959 2061 2140 2141 2062 
2960 2062 2141 2142 2063 
2961 2063 2142 2143 2064 
2962 2064 2143 220 219 
2963 79 80 2144 2065 
2964 2065 2144 2145 2066 
2965 2066 2145 2146 2067 
2966 2067 2146 2147 2068 
2967 2068 2147 2148 2069 
2968 2069 2148 2149 2070 
2969 2070 2149 2150 2071 
2970 2071 2150 2151 2072 
2971 2072 2151 2152 2073 
2972 2073 2152 2153 2074 
2973 2074 2153 2154 2075 
2974 2075 2154 2155 2076 
2975 2076 2155 2156 2077 
2976 2077 2156 2157 2078 
2977 2078 2157 2158 2079 
2978 2079 2158 2159 2080 
2979 2080 2159 2160 2081 
2980 2081 2160 2161 2082 
2981 2082 2161 2162 2083 
2982 2083 2162 2163 2084 
2983 2084 2163 2164 2085 
2984 2085 2164 2165 2086 
2985 2086 2165 2166 2087 
2986 2087 2166 2167 2088 
2987 2088 2167 2168 2089 
2988 2089 2168 2169 2090 
2989 2090 2169 2170 2091 
2990 2091 2170 2171 2092 
2991 2092 2171 2172 2093 
2992 2093 2172 2173 2094 
2993 2094 2173 2174 2095 
2994 2095 2174 2175 2096 
2995 2096 2175 2176 2097 
2996 2097 2176 2177 2098 
2997 2098 2177 2178 2099 
2998 2099 2178 2179 2100 
2999 2100 2179 2180 2101 
3000 2101 2180 2181 2102 
3001 2102 2181 2182 2103 
3002 2103 2182 2183 2104 
3003 2104 2183 2184 2105 
3004 2105 2184 2185 2106 
3005 2106 2185 2186 2107 
3006 2107 2186 2187 2108 
3007 2108 2187 2188 2109 
3008 2109 2188 2189 2110 
3009 2110 2189 2190 2111 
3010 2111 2190 2191 2112 
3011 2112 2191 2192 2113 
3012 2113 2192 2193 2114 
3013 2114 2193 2194 2115 
3014 2115 2194 2195 2116 
3015 2116 2195 2196 2117 
3016 2117 2196 2197 2118 
3017 2118 2197 2198 2119 
3018 2119 2198 2199 2120 
3019 2120 2199 2200 2121 
3020 2121 2200 2201 2122 
3021 2122 2201 2202 2123 
3022 2123 2202 2203 2124 
3023 2124 2203 2204 2125 
3024 2125 2204 2205 2126 
3025 2126 2205 2206 2127 
3026 2127 2206 2207 2128 
3027 2128 2207 2208 2129 
3028 2129 2208 2209 2130 
3029 2130 2209 2210 2131 
3030 2131 2210 2211 2132 
3031 2132 2211 2212 2133 
3032 2133 2212 2213 2134 
3033 2134 2213 2214 2135 
3034 2135 2214 2215 2136 
3035 2136 2215 2216 2137 
3036 2137 2216 2217 2138 
3037 2138 2217 2218 2139 
3038 2139 2218 2219 2140 
3039 2140 2219 2220 2141 
3040 2141 2220 2221 2142 
3041 2142 2221 2222 2143 
3042 2143 2222 221 220 
3043 80 81 2223 2144 
3044 2144 2223 2224 2145 
3045 2145 2224 2225 2146 
3046 2146 2225 2226 2147 
3047 2147 2226 2227 2148 
3048 2148 2227 2228 2149 
3049 2149 2228 2229 2150 
3050 2150 2229 2230 2151 
3051 2151 2230 2231 2152 
3052 2152 2231 2232 2153 
3053 2153 2232 2233 2154 
3054 2154 2233 2234 2155 
3055 2155 2234 2235 2156 
3056 2156 2235 2236 2157 
3057 2157 2236 2237 2158 
3058 2158 2237 2238 2159 
3059 2159 2238 2239 2160 
3060 2160 2239 2240 2161 
3061 2161 2240 2241 2162 
3062 2162 2241 2242 2163 
3063 2163 2242 2243 2164 
3064 2164 2243 2244 2165 
3065 2165 2244 2245 2166 
3066 2166 2245 2246 2167 
3067 2167 2246 2247 2168 
3068 2168 2247 2248 2169 
3069 2169 2248 2249 2170 
3070 2170 2249 2250 2171 
3071 2171 2250 2251 2172 
3072 2172 2251 2252 2173 
3073 2173 2252 2253 2174 
3074 2174 2253 2254 2175 
3075 2175 2254 2255 2176 
3076 2176 2255 2256 2177 
3077 2177 2256 2257 2178 
3078 2178 2257 2258 2179 
3079 2179 2258 2259 2180 
3080 2180 2259 2260 2181 
3081 2181 2260 2261 2182 
3082 2182 2261 2262 2183 
3083 2183 2262 2263 2184 
3084 2184 2263 2264 2185 
3085 2185 2264 2265 2186 
3086 2186 2265 2266 2187 
3087 2187 2266 2267 2188 
3088 2188 2267 2268 2189 
3089 2189 2268 2269 2190 
3090 2190 2269 2270 2191 
3091 2191 2270 2271 2192 
3092 2192 2271 2272 2193 
3093 2193 2272 2273 2194 
3094 2194 2273 2274 2195 
3095 2195 2274 2275 2196 
3096 2196 2275 2276 2197 
3097 2197 2276 2277 2198 
3098 2198 2277 2278 2199 
3099 2199 2278 2279 2200 
3100 2200 2279 2280 2201 
3101 2201 2280 2281 2202 
3102 2202 2281 2282 2203 
3103 2203 2282 2283 2204 
3104 2204 2283 2284 2205 
3105 2205 2284 2285 2206 
3106 2206 2285 2286 2207 
3107 2207 2286 2287 2208 
3108 2208 2287 2288 2209 
3109 2209 2288 2289 2210 
3110 2210 2289 2290 2211 
3111 2211 2290 2291 2212 
3112 2212 2291 2292 2213 
3113 2213 2292 2293 2214 
3114 2214 2293 2294 2215 
3115 2215 2294 2295 2216 
3116 2216 2295 2296 2217 
3117 2217 2296 2297 2218 
3118 2218 2297 2298 2219 
3119 2219 2298 2299 2220 
3120 2220 2299 2300 2221 
3121 2221 2300 2301 2222 
3122 2222 2301 222 221 
3123 81 82 2302 2223 
3124 2223 2302 2303 2224 
3125 2224 2303 2304 2225 
3126 2225 2304 2305 2226 
3127 2226 2305 2306 2227 
3128 2227 2306 2307 2228 
3129 2228 2307 2308 2229 
3130 2229 2308 2309 2230 
3131 2230 2309 2310 2231 
3132 2231 2310 2311 2232 
3133 2232 2311 2312 2233 
3134 2233 2312 2313 2234 
3135 2234 2313 2314 2235 
3136 2235 2314 2315 2236 
3137 2236 2315 2316 2237 
3138 2237 2316 2317 2238 
3139 2238 2317 2318 2239 
3140 2239 2318 2319 2240 
3141 2240 2319 2320 2241 
3142 2241 2320 2321 2242 
3143 2242 2321 2322 2243 
3144 2243 2322 2323 2244 
3145 2244 2323 2324 2245 
3146 2245 2324 2325 2246 
3147 2246 2325 2326 2247 
3148 2247 2326 2327 2248 
3149 2248 2327 2328 2249 
3150 2249 2328 2329 2250 
3151 2250 2329 2330 2251 
3152 2251 2330 2331 2252 
3153 2252 2331 2332 2253 
3154 2253 2332 2333 2254 
3155 2254 2333 2334 2255 
3156 2255 2334 2335 2256 
3157 2256 2335 2336 2257 
3158 2257 2336 2337 2258 
3159 2258 2337 2338 2259 
3160 2259 2338 2339 2260 
3161 2260 2339 2340 2261 
3162 2261 2340 2341 2262 
3163 2262 2341 2342 2263 
3164 2263 2342 2343 2264 
3165 2264 2343 2344 2265 
3166 2265 2344 2345 2266 
3167 2266 2345 2346 2267 
3168 2267 2346 2347 2268 
3169 2268 2347 2348 2269 
3170 2269 2348 2349 2270 
3171 2270 2349 2350 2271 
3172 2271 2350 2351 2272 
3173 2272 2351 2352 2273 
3174 2273 2352 2353 2274 
3175 2274 2353 2354 2275 
3176 2275 2354 2355 2276 
3177 2276 2355 2356 2277 
3178 2277 2356 2357 2278 
3179 2278 2357 2358 2279 
3180 2279 2358 2359 2280 
3181 2280 2359 2360 2281 
3182 2281 2360 2361 2282 
3183 2282 2361 2362 2283 
3184 2283 2362 2363 2284 
3185 2284 2363 2364 2285 
3186 2285 2364 2365 2286 
3187 2286 2365 2366 2287 
3188 2287 2366 2367 2288 
3189 2288 2367 2368 2289 
3190 2289 2368 2369 2290 
3191 2290 2369 2370 2291 
3192 2291 2370 2371 2292 
3193 2292 2371 2372 2293 
3194 2293 2372 2373 2294 
3195 2294 2373 2374 2295 
3196 2295 2374 2375 2296 
3197 2296 2375 2376 2297 
3198 2297 2376 2377 2298 
3199 2298 2377 2378 2299 
3200 2299 2378 2379 2300 
3201 2300 2379 2380 2301 
3202 2301 2380 223 222 
3203 82 83 2381 2302 
3204 2302 2381 2382 2303 
3205 2303 2382 2383 2304 
3206 2304 2383 2384 2305 
3207 2305 2384 2385 2306 
3208 2306 2385 2386 2307 
3209 2307 2386 2387 2308 
3210 2308 2387 2388 2309 
3211 2309 2388 2389 2310 
3212 2310 2389 2390 2311 
3213 2311 2390 2391 2312 
3214 2312 2391 2392 2313 
3215 2313 2392 2393 2314 
3216 2314 2393 2394 2315 
3217 2315 2394 2395 2316 
3218 2316 2395 2396 2317 
3219 2317 2396 2397 2318 
3220 2318 2397 2398 2319 
3221 2319 2398 2399 2320 
3222 2320 2399 2400 2321 
3223 2321 2400 2401 2322 
3224 2322 2401 2402 2323 
3225 2323 2402 2403 2324 
3226 2324 2403 2404 2325 
3227 2325 2404 2405 2326 
3228 2326 2405 2406 2327 
3229 2327 2406 2407 2328 
3230 2328 2407 2408 2329 
3231 2329 2408 2409 2330 
3232 2330 2409 2410 2331 
3233 2331 2410 2411 2332 
3234 2332 2411 2412 2333 
3235 2333 2412 2413 2334 
3236 2334 2413 2414 2335 
3237 2335 2414 2415 2336 
3238 2336 2415 2416 2337 
3239 2337 2416 2417 2338 
3240 2338 2417 2418 2339 
3241 2339 2418 2419 2340 
3242 2340 2419 2420 2341 
3243 2341 2420 2421 2342 
3244 2342 2421 2422 2343 
3245 2343 2422 2423 2344 
3246 2344 2423 2424 2345 
3247 2345 2424 2425 2346 
3248 2346 2425 2426 2347 
3249 2347 2426 2427 2348 
3250 2348 2427 2428 2349 
3251 2349 2428 2429 2350 
3252 2350 2429 2430 2351 
3253 2351 2430 2431 2352 
3254 2352 2431 2432 2353 
3255 2353 2432 2433 2354 
3256 2354 2433 2434 2355 
3257 2355 2434 2435 2356 
3258 2356 2435 2436 2357 
3259 2357 2436 2437 2358 
3260 2358 2437 2438 2359 
3261 2359 2438 2439 2360 
3262 2360 2439 2440 2361 
3263 2361 2440 2441 2362 
3264 2362 2441 2442 2363 
3265 2363 2442 2443 2364 
3266 2364 2443 2444 2365 
3267 2365 2444 2445 2366 
3268 2366 2445 2446 2367 
3269 2367 2446 2447 2368 
3270 2368 2447 2448 2369 
3271 2369 2448 2449 2370 
3272 2370 2449 2450 2371 
3273 2371 2450 2451 2372 
3274 2372 2451 2452 2373 
3275 2373 2452 2453 2374 
3276 2374 2453 2454 2375 
3277 2375 2454 2455 2376 
3278 2376 2455 2456 2377 
3279 2377 2456 2457 2378 
3280 2378 2457 2458 2379 
3281 2379 2458 2459 2380 
3282 2380 2459 224 223 
3283 83 84 2460 2381 
3284 2381 2460 2461 2382 
3285 2382 2461 2462 2383 
3286 2383 2462 2463 2384 
3287 2384 2463 2464 2385 
3288 2385 2464 2465 2386 
3289 2386 2465 2466 2387 
3290 2387 2466 2467 2388 
3291 2388 2467 2468 2389 
3292 2389 2468 2469 2390 
3293 2390 2469 2470 2391 
3294 2391 2470 2471 2392 
3295 2392 2471 2472 2393 
3296 2393 2472 2473 2394 
3297 2394 2473 2474 2395 
3298 2395 2474 2475 2396 
3299 2396 2475 2476 2397 
3300 2397 2476 2477 2398 
3301 2398 2477 2478 2399 
3302 2399 2478 2479 2400 
3303 2400 2479 2480 2401 
3304 2401 2480 2481 2402 
3305 2402 2481 2482 2403 
3306 2403 2482 2483 2404 
3307 2404 2483 2484 2405 
3308 2405 2484 2485 2406 
3309 2406 2485 2486 2407 
3310 2407 2486 2487 2408 
3311 2408 2487 2488 2409 
3312 2409 2488 2489 2410 
3313 2410 2489 2490 2411 
3314 2411 2490 2491 2412 
3315 2412 2491 2492 2413 
3316 2413 2492 2493 2414 
3317 2414 2493 2494 2415 
3318 2415 2494 2495 2416 
3319 2416 2495 2496 2417 
3320 2417 2496 2497 2418 
3321 2418 2497 2498 2419 
3322 2419 2498 2499 2420 
3323 2420 2499 2500 2421 
3324 2421 2500 2501 2422 
3325 2422 2501 2502 2423 
3326 2423 2502 2503 2424 
3327 2424 2503 2504 2425 
3328 2425 2504 2505 2426 
3329 2426 2505 2506 2427 
3330 2427 2506 2507 2428 
3331 2428 2507 2508 2429 
3332 2429 2508 2509 2430 
3333 2430 2509 2510 2431 
3334 2431 2510 2511 2432 
3335 2432 2511 2512 2433 
3336 2433 2512 2513 2434 
3337 2434 2513 2514 2435 
3338 2435 2514 2515 2436 
3339 2436 2515 2516 2437 
3340 2437 2516 2517 2438 
3341 2438 2517 2518 2439 
3342 2439 2518 2519 2440 
3343 2440 2519 2520 2441 
3344 2441 2520 2521 2442 
3345 2442 2521 2522 2443 
3346 2443 2522 2523 2444 
3347 2444 2523 2524 2445 
3348 2445 2524 2525 2446 
3349 2446 2525 2526 2447 
3350 2447 2526 2527 2448 
3351 2448 2527 2528 2449 
3352 2449 2528 2529 2450 
3353 2450 2529 2530 2451 
3354 2451 2530 2531 2452 
3355 2452 2531 2532 2453 
3356 2453 2532 2533 2454 
3357 2454 2533 2534 2455 
3358 2455 2534 2535 2456 
3359 2456 2535 2536 2457 
3360 2457 2536 2537 2458 
3361 2458 2537 2538 2459 
3362 2459 2538 225 224 
3363 84 85 2539 2460 
3364 2460 2539 2540 2461 
3365 2461 2540 2541 2462 
3366 2462 2541 2542 2463 
3367 2463 2542 2543 2464 
3368 2464 2543 2544 2465 
3369 2465 2544 2545 2466 
3370 2466 2545 2546 2467 
3371 2467 2546 2547 2468 
3372 2468 2547 2548 2469 
3373 2469 2548 2549 2470 
3374 2470 2549 2550 2471 
3375 2471 2550 2551 2472 
3376 2472 2551 2552 2473 
3377 2473 2552 2553 2474 
3378 2474 2553 2554 2475 
3379 2475 2554 2555 2476 
3380 2476 2555 2556 2477 
3381 2477 2556 2557 2478 
3382 2478 2557 2558 2479 
3383 2479 2558 2559 2480 
3384 2480 2559 2560 2481 
3385 2481 2560 2561 2482 
3386 2482 2561 2562 2483 
3387 2483 2562 2563 2484 
3388 2484 2563 2564 2485 
3389 2485 2564 2565 2486 
3390 2486 2565 2566 2487 
3391 2487 2566 2567 2488 
3392 2488 2567 2568 2489 
3393 2489 2568 2569 2490 
3394 2490 2569 2570 2491 
3395 2491 2570 2571 2492 
3396 2492 2571 2572 2493 
3397 2493 2572 2573 2494 
3398 2494 2573 2574 2495 
3399 2495 2574 2575 2496 
3400 2496 2575 2576 2497 
3401 2497 2576 2577 2498 
3402 2498 2577 2578 2499 
3403 2499 2578 2579 2500 
3404 2500 2579 2580 2501 
3405 2501 2580 2581 2502 
3406 2502 2581 2582 2503 
3407 2503 2582 2583 2504 
3408 2504 2583 2584 2505 
3409 2505 2584 2585 2506 
3410 2506 2585 2586 2507 
3411 2507 2586 2587 2508 
3412 2508 2587 2588 2509 
3413 2509 2588 2589 2510 
3414 2510 2589 2590 2511 
3415 2511 2590 2591 2512 
3416 2512 2591 2592 2513 
3417 2513 2592 2593 2514 
3418 2514 2593 2594 2515 
3419 2515 2594 2595 2516 
3420 2516 2595 2596 2517 
3421 2517 2596 2597 2518 
3422 2518 2597 2598 2519 
3423 2519 2598 2599 2520 
3424 2520 2599 2600 2521 
3425 2521 2600 2601 2522 
3426 2522 2601 2602 2523 
3427 2523 2602 2603 2524 
3428 2524 2603 2604 2525 
3429 2525 2604 2605 2526 
3430 2526 2605 2606 2527 
3431 2527 2606 2607 2528 
3432 2528 2607 2608 2529 
3433 2529 2608 2609 2530 
3434 2530 2609 2610 2531 
3435 2531 2610 2611 2532 
3436 2532 2611 2612 2533 
3437 2533 2612 2613 2534 
3438 2534 2613 2614 2535 
3439 2535 2614 2615 2536 
3440 2536 2615 2616 2537 
3441 2537 2616 2617 2538 
3442 2538 2617 226 225 
3443 85 86 2618 2539 
3444 2539 2618 2619 2540 
3445 2540 2619 2620 2541 
3446 2541 2620 2621 2542 
3447 2542 2621 2622 2543 
3448 2543 2622 2623 2544 
3449 2544 2623 2624 2545 
3450 2545 2624 2625 2546 
3451 2546 2625 2626 2547 
3452 2547 2626 2627 2548 
3453 2548 2627 2628 2549 
3454 2549 2628 2629 2550 
3455 2550 2629 2630 2551 
3456 2551 2630 2631 2552 
3457 2552 2631 2632 2553 
3458 2553 2632 2633 2554 
3459 2554 2633 2634 2555 
3460 2555 2634 2635 2556 
3461 2556 2635 2636 2557 
3462 2557 2636 2637 2558 
3463 2558 2637 2638 2559 
3464 2559 2638 2639 2560 
3465 2560 2639 2640 2561 
3466 2561 2640 2641 2562 
3467 2562 2641 2642 2563 
3468 2563 2642 2643 2564 
3469 2564 2643 2644 2565 
3470 2565 2644 2645 2566 
3471 2566 2645 2646 2567 
3472 2567 2646 2647 2568 
3473 2568 2647 2648 2569 
3474 2569 2648 2649 2570 
3475 2570 2649 2650 2571 
3476 2571 2650 2651 2572 
3477 2572 2651 2652 2573 
3478 2573 2652 2653 2574 
3479 2574 2653 2654 2575 
3480 2575 2654 2655 2576 
3481 2576 2655 2656 2577 
3482 2577 2656 2657 2578 
3483 2578 2657 2658 2579 
3484 2579 2658 2659 2580 
3485 2580 2659 2660 2581 
3486 2581 2660 2661 2582 
3487 2582 2661 2662 2583 
3488 2583 2662 2663 2584 
3489 2584 2663 2664 2585 
3490 2585 2664 2665 2586 
3491 2586 2665 2666 2587 
3492 2587 2666 2667 2588 
3493 2588 2667 2668 2589 
3494 2589 2668 2669 2590 
3495 2590 2669 2670 2591 
3496 2591 2670 2671 2592 
3497 2592 2671 2672 2593 
3498 2593 2672 2673 2594 
3499 2594 2673 2674 2595 
3500 2595 2674 2675 2596 
3501 2596 2675 2676 2597 
3502 2597 2676 2677 2598 
3503 2598 2677 2678 2599 
3504 2599 2678 2679 2600 
3505 2600 2679 2680 2601 
3506 2601 2680 2681 2602 
3507 2602 2681 2682 2603 
3508 2603 2682 2683 2604 
3509 2604 2683 2684 2605 
3510 2605 2684 2685 2606 
3511 2606 2685 2686 2607 
3512 2607 2686 2687 2608 
3513 2608 2687 2688 2609 
3514 2609 2688 2689 2610 
3515 2610 2689 2690 2611 
3516 2611 2690 2691 2612 
3517 2612 2691 2692 2613 
3518 2613 2692 2693 2614 
3519 2614 2693 2694 2615 
3520 2615 2694 2695 2616 
3521 2616 2695 2696 2617 
3522 2617 2696 227 226 
3523 86 87 2697 2618 
3524 2618 2697 2698 2619 
3525 2619 2698 2699 2620 
3526 2620 2699 2700 2621 
3527 2621 2700 2701 2622 
3528 2622 2701 2702 2623 
3529 2623 2702 2703 2624 
3530 2624 2703 2704 2625 
3531 2625 2704 2705 2626 
3532 2626 2705 2706 2627 
3533 2627 2706 2707 2628 
3534 2628 2707 2708 2629 
3535 2629 2708 2709 2630 
3536 2630 2709 2710 2631 
3537 2631 2710 2711 2632 
3538 2632 2711 2712 2633 
3539 2633 2712 2713 2634 
3540 2634 2713 2714 2635 
3541 2635 2714 2715 2636 
3542 2636 2715 2716 2637 
3543 2637 2716 2717 2638 
3544 2638 2717 2718 2639 
3545 2639 2718 2719 2640 
3546 2640 2719 2720 2641 
3547 2641 2720 2721 2642 
3548 2642 2721 2722 2643 
3549 2643 2722 2723 2644 
3550 2644 2723 2724 2645 
3551 2645 2724 2725 2646 
3552 2646 2725 2726 2647 
3553 2647 2726 2727 2648 
3554 2648 2727 2728 2649 
3555 2649 2728 2729 2650 
3556 2650 2729 2730 2651 
3557 2651 2730 2731 2652 
3558 2652 2731 2732 2653 
3559 2653 2732 2733 2654 
3560 2654 2733 2734 2655 
3561 2655 2734 2735 2656 
3562 2656 2735 2736 2657 
3563 2657 2736 2737 2658 
3564 2658 2737 2738 2659 
3565 2659 2738 2739 2660 
3566 2660 2739 2740 2661 
3567 2661 2740 2741 2662 
3568 2662 2741 2742 2663 
3569 2663 2742 2743 2664 
3570 2664 2743 2744 2665 
3571 2665 2744 2745 2666 
3572 2666 2745 2746 2667 
3573 2667 2746 2747 2668 
3574 2668 2747 2748 2669 
3575 2669 2748 2749 2670 
3576 2670 2749 2750 2671 
3577 2671 2750 2751 2672 
3578 2672 2751 2752 2673 
3579 2673 2752 2753 2674 
3580 2674 2753 2754 2675 
3581 2675 2754 2755 2676 
3582 2676 2755 2756 2677 
3583 2677 2756 2757 2678 
3584 2678 2757 2758 2679 
3585 2679 2758 2759 2680 
3586 2680 2759 2760 2681 
3587 2681 2760 2761 2682 
3588 2682 2761 2762 2683 
3589 2683 2762 2763 2684 
3590 2684 2763 2764 2685 
3591 2685 2764 2765 2686 
3592 2686 2765 2766 2687 
3593 2687 2766 2767 2688 
3594 2688 2767 2768 2689 
3595 2689 2768 2769 2690 
3596 2690 2769 2770 2691 
3597 2691 2770 2771 2692 
3598 2692 2771 2772 2693 
3599 2693 2772 2773 2694 
3600 2694 2773 2774 2695 
3601 2695 2774 2775 2696 
3602 2696 2775 228 227 
3603 87 88 2776 2697 
3604 2697 2776 2777 2698 
3605 2698 2777 2778 2699 
3606 2699 2778 2779 2700 
3607 2700 2779 2780 2701 
3608 2701 2780 2781 2702 
3609 2702 2781 2782 2703 
3610 2703 2782 2783 2704 
3611 2704 2783 2784 2705 
3612 2705 2784 2785 2706 
3613 2706 2785 2786 2707 
3614 2707 2786 2787 2708 
3615 2708 2787 2788 2709 
3616 2709 2788 2789 2710 
3617 2710 2789 2790 2711 
3618 2711 2790 2791 2712 
3619 2712 2791 2792 2713 
3620 2713 2792 2793 2714 
3621 2714 2793 2794 2715 
3622 2715 2794 2795 2716 
3623 2716 2795 2796 2717 
3624 2717 2796 2797 2718 
3625 2718 2797 2798 2719 
3626 2719 2798 2799 2720 
3627 2720 2799 2800 2721 
3628 2721 2800 2801 2722 
3629 2722 2801 2802 2723 
3630 2723 2802 2803 2724 
3631 2724 2803 2804 2725 
3632 2725 2804 2805 2726 
3633 2726 2805 2806 2727 
3634 2727 2806 2807 2728 
3635 2728 2807 2808 2729 
3636 2729 2808 2809 2730 
3637 2730 2809 2810 2731 
3638 2731 2810 2811 2732 
3639 2732 2811 2812 2733 
3640 2733 2812 2813 2734 
3641 2734 2813 2814 2735 
3642 2735 2814 2815 2736 
3643 2736 2815 2816 2737 
3644 2737 2816 2817 2738 
3645 2738 2817 2818 2739 
3646 2739 2818 2819 2740 
3647 2740 2819 2820 2741 
3648 2741 2820 2821 2742 
3649 2742 2821 2822 2743 
3650 2743 2822 2823 2744 
3651 2744 2823 2824 2745 
3652 2745 2824 2825 2746 
3653 2746 2825 2826 2747 
3654 2747 2826 2827 2748 
3655 2748 2827 2828 2749 
3656 2749 2828 2829 2750 
3657 2750 2829 2830 2751 
3658 2751 2830 2831 2752 
3659 2752 2831 2832 2753 
3660 2753 2832 2833 2754 
3661 2754 2833 2834 2755 
3662 2755 2834 2835 2756 
3663 2756 2835 2836 2757 
3664 2757 2836 2837 2758 
3665 2758 2837 2838 2759 
3666 2759 2838 2839 2760 
3667 2760 2839 2840 2761 
3668 2761 2840 2841 2762 
3669 2762 2841 2842 2763 
3670 2763 2842 2843 2764 
3671 2764 2843 2844 2765 
3672 2765 2844 2845 2766 
3673 2766 2845 2846 2767 
3674 2767 2846 2847 2768 
3675 2768 2847 2848 2769 
3676 2769 2848 2849 2770 
3677 2770 2849 2850 2771 
3678 2771 2850 2851 2772 
3679 2772 2851 2852 2773 
3680 2773 2852 2853 2774 
3681 2774 2853 2854 2775 
3682 2775 2854 229 228 
3683 88 89 2855 2776 
3684 2776 2855 2856 2777 
3685 2777 2856 2857 2778 
3686 2778 2857 2858 2779 
3687 2779 2858 2859 2780 
3688 2780 2859 2860 2781 
3689 2781 2860 2861 2782 
3690 2782 2861 2862 2783 
3691 2783 2862 2863 2784 
3692 2784 2863 2864 2785 
3693 2785 2864 2865 2786 
3694 2786 2865 2866 2787 
3695 2787 2866 2867 2788 
3696 2788 2867 2868 2789 
3697 2789 2868 2869 2790 
3698 2790 2869 2870 2791 
3699 2791 2870 2871 2792 
3700 2792 2871 2872 2793 
3701 2793 2872 2873 2794 
3702 2794 2873 2874 2795 
3703 2795 2874 2875 2796 
3704 2796 2875 2876 2797 
3705 2797 2876 2877 2798 
3706 2798 2877 2878 2799 
3707 2799 2878 2879 2800 
3708 2800 2879 2880 2801 
3709 2801 2880 2881 2802 
3710 2802 2881 2882 2803 
3711 2803 2882 2883 2804 
3712 2804 2883 2884 2805 
3713 2805 2884 2885 2806 
3714 2806 2885 2886 2807 
3715 2807 2886 2887 2808 
3716 2808 2887 2888 2809 
3717 2809 2888 2889 2810 
3718 2810 2889 2890 2811 
3719 2811 2890 2891 2812 
3720 2812 2891 2892 2813 
3721 2813 2892 2893 2814 
3722 2814 2893 2894 2815 
3723 2815 2894 2895 2816 
3724 2816 2895 2896 2817 
3725 2817 2896 2897 2818 
3726 2818 2897 2898 2819 
3727 2819 2898 2899 2820 
3728 2820 2899 2900 2821 
3729 2821 2900 2901 2822 
3730 2822 2901 2902 2823 
3731 2823 2902 2903 2824 
3732 2824 2903 2904 2825 
3733 2825 2904 2905 2826 
3734 2826 2905 2906 2827 
3735 2827 2906 2907 2828 
3736 2828 2907 2908 2829 
3737 2829 2908 2909 2830 
3738 2830 2909 2910 2831 
3739 2831 2910 2911 2832 
3740 2832 2911 2912 2833 
3741 2833 2912 2913 2834 
3742 2834 2913 2914 2835 
3743 2835 2914 2915 2836 
3744 2836 2915 2916 2837 
3745 2837 2916 2917 2838 
3746 2838 2917 2918 2839 
3747 2839 2918 2919 2840 
3748 2840 2919 2920 2841 
3749 2841 2920 2921 2842 
3750 2842 2921 2922 2843 
3751 2843 2922 2923 2844 
3752 2844 2923 2924 2845 
3753 2845 2924 2925 2846 
3754 2846 2925 2926 2847 
3755 2847 2926 2927 2848 
3756 2848 2927 2928 2849 
3757 2849 2928 2929 2850 
3758 2850 2929 2930 2851 
3759 2851 2930 2931 2852 
3760 2852 2931 2932 2853 
3761 2853 2932 2933 2854 
3762 2854 2933 230 229 
3763 89 3 129 2855 
3764 2855 129 130 2856 
3765 2856 130 131 2857 
3766 2857 131 132 2858 
3767 2858 132 133 2859 
3768 2859 133 134 2860 
3769 2860 134 135 2861 
3770 2861 135 136 2862 
3771 2862 136 137 2863 
3772 2863 137 138 2864 
3773 2864 138 139 2865 
3774 2865 139 140 2866 
3775 2866 140 141 2867 
3776 2867 141 142 2868 
3777 2868 142 143 2869 
3778 2869 143 144 2870 
3779 2870 144 145 2871 
3780 2871 145 146 2872 
3781 2872 146 147 2873 
3782 2873 147 148 2874 
3783 2874 148 149 2875 
3784 2875 149 150 2876 
3785 2876 150 151 2877 
3786 2877 151 152 2878 
3787 2878 152 153 2879 
3788 2879 153 154 2880 
3789 2880 154 155 2881 
3790 2881 155 156 2882 
3791 2882 156 157 2883 
3792 2883 157 158 2884 
3793 2884 158 159 2885 
3794 2885 159 160 2886 
3795 2886 160 161 2887 
3796 2887 161 162 2888 
3797 2888 162 163 2889 
3798 2889 163 164 2890 
3799 2890 164 165 2891 
3800 2891 165 166 2892 
3801 2892 166 167 2893 
3802 2893 167 168 2894 
3803 2894 168 169 2895 
3804 2895 169 170 2896 
3805 2896 170 171 2897 
3806 2897 171 172 2898 
3807 2898 172 173 2899 
3808 2899 173 174 2900 
3809 2900 174 175 2901 
3810 2901 175 176 2902 
3811 2902 176 177 2903 
3812 2903 177 178 2904 
3813 2904 178 179 2905 
3814 2905 179 180 2906 
3815 2906 180 181 2907 
3816 2907 181 182 2908 
3817 2908 182 183 2909 
3818 2909 183 184 2910 
3819 2910 184 185 2911 
3820 2911 185 186 2912 
3821 2912 186 187 2913 
3822 2913 187 188 2914 
3823 2914 188 189 2915 
3824 2915 189 190 2916 
3825 2916 190 191 2917 
3826 2917 191 192 2918 
3827 2918 192 193 2919 
3828 2919 193 194 2920 
3829 2920 194 195 2921 
3830 2921 195 196 2922 
3831 2922 196 197 2923 
3832 2923 197 198 2924 
3833 2924 198 199 2925 
3834 2925 199 200 2926 
3835 2926 200 201 2927 
3836 2927 201 202 2928 
3837 2928 202 203 2929 
3838 2929 203 204 2930 
3839 2930 204 205 2931 
3840 2931 205 206 2932 
3841 2932 206 207 2933 
3842 2933 207 5 230 
2 9 2 122
3843 2953 2963 2939 
3844 2939 2962 2953 
3845 226 2963 225 
3846 2939 2963 226 
3847 223 2969 222 
3848 2956 2971 2938 
3849 2938 2970 2956 
3850 2937 2964 229 
3851 2957 2968 2935 
3852 2960 2968 2957 
3853 2934 2969 223 
3854 229 2964 228 
3855 214 2971 213 
3856 2938 2971 214 
3857 2969 2976 2954 
3858 215 2972 2938 
3859 2934 2976 2969 
3860 222 2969 2942 
3861 216 2972 215 
3862 2941 2967 208 
3863 208 2967 5 
3864 2948 2954 2953 
3865 2945 2954 2948 
3866 2947 2955 2946 
3867 2950 2958 2957 
3868 2949 2958 2950 
3869 227 2939 226 
3870 221 2940 220 
3871 230 2937 229 
3872 209 2941 208 
3873 212 2935 211 
3874 215 2938 214 
3875 224 2934 223 
3876 218 2936 217 
3877 2950 2957 2956 
3878 2952 2958 2949 
3879 2950 2956 2955 
3880 2948 2953 2951 
3881 2951 2952 2949 
3882 2950 2955 2947 
3883 2949 2950 2947 
3884 2948 2951 2949 
3885 2948 2949 2947 
3886 2945 2948 2947 
3887 2945 2947 2946 
3888 2943 2954 2945 
3889 2945 2946 2944 
3890 2955 2959 2946 
3891 2943 2945 2944 
3892 2943 2969 2954 
3893 2943 2944 2940 
3894 220 2965 219 
3895 2940 2965 220 
3896 2958 2960 2957 
3897 2953 2962 2951 
3898 2961 2964 2937 
3899 2956 2970 2955 
3900 2966 2974 2967 
3901 2960 2966 2941 
3902 2958 2966 2960 
3903 2951 2961 2952 
3904 2936 2973 2959 
3905 2959 2973 2946 
3906 2953 2976 2963 
3907 2935 2968 211 
3908 211 2968 210 
3909 2962 2964 2961 
3910 2963 2983 225 
3911 2944 2965 2940 
3912 2952 2966 2958 
3913 2944 2973 2965 
3914 2959 2981 2936 
3915 2962 2982 2964 
3916 2951 2962 2961 
3917 2942 2943 2940 
3918 2939 2982 2962 
3919 2966 2967 2941 
3920 2973 2977 2965 
3921 2938 2972 2970 
3922 2952 2974 2966 
3923 2954 2976 2953 
3924 2935 2979 2957 
3925 222 2942 221 
3926 221 2942 2940 
3927 2946 2973 2944 
3928 2955 2970 2959 
3929 210 2975 209 
3930 219 2977 218 
3931 2972 2981 2959 
3932 5 2978 230 
3933 217 2981 216 
3934 225 2983 224 
3935 228 2982 227 
3936 213 2980 212 
3937 2957 2979 2956 
3938 209 2975 2941 
3939 2942 2969 2943 
3940 218 2977 2936 
3941 2970 2972 2959 
3942 230 2978 2937 
3943 2971 2980 213 
3944 212 2980 2935 
3945 2941 2975 2960 
3946 2936 2981 217 
3947 227 2982 2939 
3948 224 2983 2934 
3949 2964 2982 228 
3950 2974 2978 2967 
3951 2967 2978 5 
3952 2956 2979 2971 
3953 2961 2974 2952 
3954 2937 2974 2961 
3955 2965 2977 219 
3956 216 2981 2972 
3957 2968 2975 210 
3958 2936 2977 2973 
3959 2960 2975 2968 
3960 2976 2983 2963 
3961 2934 2983 2976 
3962 2937 2978 2974 
3963 2935 2980 2979 
3964 2979 2980 2971 
$EndElements
