$MeshFormat
4.1 0 8
$EndMeshFormat
$Entities
2 3 3 1
1 0.0445 -1.089935651241144e-17 6.096 0 
2 0.0445 -1.089935651241144e-17 0 0 
1 -0.0445001 -0.0445001 6.0959999 0.0445001 0.0445001 6.0960001 0 2 1 -1 
2 0.0444999 -1.000000000108994e-07 -9.999999983634211e-08 0.0445001 9.999999998910064e-08 6.0960001 0 2 2 -1 
3 -0.0445001 -0.0445001 -1e-07 0.0445001 0.0445001 1e-07 0 2 2 -2 
1 -0.0445001 -0.0445001 -9.999999983634211e-08 0.0445001 0.0445001 6.0960001 0 4 -1 -2 3 2 
2 -0.0445001 -0.0445001 6.0959999 0.0445001 0.0445001 6.0960001 0 1 1 
3 -0.0445001 -0.0445001 -1e-07 0.0445001 0.0445001 1e-07 0 1 3 
1 -0.0445001 -0.0445001 -9.999999983634211e-08 0.0445001 0.0445001 6.0960001 0 3 1 2 -3 
$EndEntities
$Nodes
9 2316 1 2316
0 1 0 1
1
0.0445 -1.089935651241144e-17 6.096
0 2 0 1
2
0.0445 -1.089935651241144e-17 0
1 1 0 9
3
4
5
6
7
8
9
10
11
0.03600125624968514 0.02615644372701509 6.096
0.01375125624968507 0.04232201497513436 6.096
-0.0137512562496853 0.04232201497513428 6.096
-0.03600125624968527 0.02615644372701489 6.096
-0.0445 -2.316939598037277e-16 6.096
-0.03600125624968502 -0.02615644372701524 6.096
-0.01375125624968494 -0.0423220149751344 6.096
0.01375125624968534 -0.04232201497513428 6.096
0.03600125624968523 -0.02615644372701496 6.096
1 2 0 203
12
13
14
15
16
17
18
19
20
21
22
23
24
25
26
27
28
29
30
31
32
33
34
35
36
37
38
39
40
41
42
43
44
45
46
47
48
49
50
51
52
53
54
55
56
57
58
59
60
61
62
63
64
65
66
67
68
69
70
71
72
73
74
75
76
77
78
79
80
81
82
83
84
85
86
87
88
89
90
91
92
93
94
95
96
97
98
99
100
101
102
103
104
105
106
107
108
109
110
111
112
113
114
115
116
117
118
119
120
121
122
123
124
125
126
127
128
129
130
131
132
133
134
135
136
137
138
139
140
141
142
143
144
145
146
147
148
149
150
151
152
153
154
155
156
157
158
159
160
161
162
163
164
165
166
167
168
169
170
171
172
173
174
175
176
177
178
179
180
181
182
183
184
185
186
187
188
189
190
191
192
193
194
195
196
197
198
199
200
201
202
203
204
205
206
207
208
209
210
211
212
213
214
0.0445 -1.089935651241144e-17 0.02988235294117653
0.0445 -1.089935651241144e-17 0.05976470588235305
0.0445 -1.089935651241144e-17 0.08964705882352958
0.0445 -1.089935651241144e-17 0.1195294117647061
0.0445 -1.089935651241144e-17 0.1494117647058826
0.0445 -1.089935651241144e-17 0.1792941176470592
0.0445 -1.089935651241144e-17 0.2091764705882357
0.0445 -1.089935651241144e-17 0.2390588235294122
0.0445 -1.089935651241144e-17 0.2689411764705887
0.0445 -1.089935651241144e-17 0.2988235294117653
0.0445 -1.089935651241144e-17 0.3287058823529418
0.0445 -1.089935651241144e-17 0.3585882352941184
0.0445 -1.089935651241144e-17 0.3884705882352949
0.0445 -1.089935651241144e-17 0.4183529411764714
0.0445 -1.089935651241144e-17 0.448235294117648
0.0445 -1.089935651241144e-17 0.4781176470588245
0.0445 -1.089935651241144e-17 0.508000000000001
0.0445 -1.089935651241144e-17 0.5378823529411776
0.0445 -1.089935651241144e-17 0.5677647058823541
0.0445 -1.089935651241144e-17 0.5976470588235305
0.0445 -1.089935651241144e-17 0.627529411764707
0.0445 -1.089935651241144e-17 0.6574117647058836
0.0445 -1.089935651241144e-17 0.6872941176470601
0.0445 -1.089935651241144e-17 0.7171764705882365
0.0445 -1.089935651241144e-17 0.747058823529413
0.0445 -1.089935651241144e-17 0.7769411764705896
0.0445 -1.089935651241144e-17 0.806823529411766
0.0445 -1.089935651241144e-17 0.8367058823529425
0.0445 -1.089935651241144e-17 0.866588235294119
0.0445 -1.089935651241144e-17 0.8964705882352956
0.0445 -1.089935651241144e-17 0.926352941176472
0.0445 -1.089935651241144e-17 0.9562352941176486
0.0445 -1.089935651241144e-17 0.9861176470588251
0.0445 -1.089935651241144e-17 1.016000000000002
0.0445 -1.089935651241144e-17 1.045882352941178
0.0445 -1.089935651241144e-17 1.075764705882355
0.0445 -1.089935651241144e-17 1.105647058823531
0.0445 -1.089935651241144e-17 1.135529411764708
0.0445 -1.089935651241144e-17 1.165411764705885
0.0445 -1.089935651241144e-17 1.195294117647061
0.0445 -1.089935651241144e-17 1.225176470588238
0.0445 -1.089935651241144e-17 1.255058823529414
0.0445 -1.089935651241144e-17 1.284941176470591
0.0445 -1.089935651241144e-17 1.314823529411768
0.0445 -1.089935651241144e-17 1.344705882352944
0.0445 -1.089935651241144e-17 1.374588235294121
0.0445 -1.089935651241144e-17 1.404470588235297
0.0445 -1.089935651241144e-17 1.434352941176474
0.0445 -1.089935651241144e-17 1.46423529411765
0.0445 -1.089935651241144e-17 1.494117647058827
0.0445 -1.089935651241144e-17 1.524000000000003
0.0445 -1.089935651241144e-17 1.55388235294118
0.0445 -1.089935651241144e-17 1.583764705882357
0.0445 -1.089935651241144e-17 1.613647058823533
0.0445 -1.089935651241144e-17 1.64352941176471
0.0445 -1.089935651241144e-17 1.673411764705886
0.0445 -1.089935651241144e-17 1.703294117647063
0.0445 -1.089935651241144e-17 1.733176470588239
0.0445 -1.089935651241144e-17 1.763058823529416
0.0445 -1.089935651241144e-17 1.792941176470593
0.0445 -1.089935651241144e-17 1.822823529411769
0.0445 -1.089935651241144e-17 1.852705882352946
0.0445 -1.089935651241144e-17 1.882588235294122
0.0445 -1.089935651241144e-17 1.912470588235299
0.0445 -1.089935651241144e-17 1.942352941176475
0.0445 -1.089935651241144e-17 1.972235294117652
0.0445 -1.089935651241144e-17 2.002117647058828
0.0445 -1.089935651241144e-17 2.032000000000004
0.0445 -1.089935651241144e-17 2.061882352941181
0.0445 -1.089935651241144e-17 2.091764705882357
0.0445 -1.089935651241144e-17 2.121647058823534
0.0445 -1.089935651241144e-17 2.15152941176471
0.0445 -1.089935651241144e-17 2.181411764705886
0.0445 -1.089935651241144e-17 2.211294117647063
0.0445 -1.089935651241144e-17 2.24117647058824
0.0445 -1.089935651241144e-17 2.271058823529416
0.0445 -1.089935651241144e-17 2.300941176470593
0.0445 -1.089935651241144e-17 2.330823529411769
0.0445 -1.089935651241144e-17 2.360705882352946
0.0445 -1.089935651241144e-17 2.390588235294122
0.0445 -1.089935651241144e-17 2.420470588235299
0.0445 -1.089935651241144e-17 2.450352941176475
0.0445 -1.089935651241144e-17 2.480235294117651
0.0445 -1.089935651241144e-17 2.510117647058828
0.0445 -1.089935651241144e-17 2.540000000000004
0.0445 -1.089935651241144e-17 2.569882352941181
0.0445 -1.089935651241144e-17 2.599764705882357
0.0445 -1.089935651241144e-17 2.629647058823533
0.0445 -1.089935651241144e-17 2.65952941176471
0.0445 -1.089935651241144e-17 2.689411764705886
0.0445 -1.089935651241144e-17 2.719294117647062
0.0445 -1.089935651241144e-17 2.749176470588239
0.0445 -1.089935651241144e-17 2.779058823529415
0.0445 -1.089935651241144e-17 2.808941176470592
0.0445 -1.089935651241144e-17 2.838823529411768
0.0445 -1.089935651241144e-17 2.868705882352945
0.0445 -1.089935651241144e-17 2.898588235294121
0.0445 -1.089935651241144e-17 2.928470588235298
0.0445 -1.089935651241144e-17 2.958352941176474
0.0445 -1.089935651241144e-17 2.988235294117651
0.0445 -1.089935651241144e-17 3.018117647058827
0.0445 -1.089935651241144e-17 3.048000000000004
0.0445 -1.089935651241144e-17 3.07788235294118
0.0445 -1.089935651241144e-17 3.107764705882357
0.0445 -1.089935651241144e-17 3.137647058823533
0.0445 -1.089935651241144e-17 3.167529411764709
0.0445 -1.089935651241144e-17 3.197411764705886
0.0445 -1.089935651241144e-17 3.227294117647062
0.0445 -1.089935651241144e-17 3.257176470588238
0.0445 -1.089935651241144e-17 3.287058823529415
0.0445 -1.089935651241144e-17 3.316941176470591
0.0445 -1.089935651241144e-17 3.346823529411768
0.0445 -1.089935651241144e-17 3.376705882352944
0.0445 -1.089935651241144e-17 3.406588235294121
0.0445 -1.089935651241144e-17 3.436470588235297
0.0445 -1.089935651241144e-17 3.466352941176473
0.0445 -1.089935651241144e-17 3.49623529411765
0.0445 -1.089935651241144e-17 3.526117647058826
0.0445 -1.089935651241144e-17 3.556000000000003
0.0445 -1.089935651241144e-17 3.585882352941179
0.0445 -1.089935651241144e-17 3.615764705882356
0.0445 -1.089935651241144e-17 3.645647058823533
0.0445 -1.089935651241144e-17 3.675529411764709
0.0445 -1.089935651241144e-17 3.705411764705885
0.0445 -1.089935651241144e-17 3.735294117647062
0.0445 -1.089935651241144e-17 3.765176470588238
0.0445 -1.089935651241144e-17 3.795058823529414
0.0445 -1.089935651241144e-17 3.824941176470591
0.0445 -1.089935651241144e-17 3.854823529411767
0.0445 -1.089935651241144e-17 3.884705882352943
0.0445 -1.089935651241144e-17 3.91458823529412
0.0445 -1.089935651241144e-17 3.944470588235296
0.0445 -1.089935651241144e-17 3.974352941176473
0.0445 -1.089935651241144e-17 4.00423529411765
0.0445 -1.089935651241144e-17 4.034117647058826
0.0445 -1.089935651241144e-17 4.064000000000003
0.0445 -1.089935651241144e-17 4.093882352941179
0.0445 -1.089935651241144e-17 4.123764705882356
0.0445 -1.089935651241144e-17 4.153647058823532
0.0445 -1.089935651241144e-17 4.183529411764709
0.0445 -1.089935651241144e-17 4.213411764705885
0.0445 -1.089935651241144e-17 4.243294117647062
0.0445 -1.089935651241144e-17 4.273176470588238
0.0445 -1.089935651241144e-17 4.303058823529414
0.0445 -1.089935651241144e-17 4.332941176470591
0.0445 -1.089935651241144e-17 4.362823529411767
0.0445 -1.089935651241144e-17 4.392705882352943
0.0445 -1.089935651241144e-17 4.422588235294119
0.0445 -1.089935651241144e-17 4.452470588235296
0.0445 -1.089935651241144e-17 4.482352941176472
0.0445 -1.089935651241144e-17 4.512235294117649
0.0445 -1.089935651241144e-17 4.542117647058825
0.0445 -1.089935651241144e-17 4.572000000000002
0.0445 -1.089935651241144e-17 4.601882352941178
0.0445 -1.089935651241144e-17 4.631764705882355
0.0445 -1.089935651241144e-17 4.661647058823531
0.0445 -1.089935651241144e-17 4.691529411764708
0.0445 -1.089935651241144e-17 4.721411764705884
0.0445 -1.089935651241144e-17 4.751294117647061
0.0445 -1.089935651241144e-17 4.781176470588237
0.0445 -1.089935651241144e-17 4.811058823529414
0.0445 -1.089935651241144e-17 4.84094117647059
0.0445 -1.089935651241144e-17 4.870823529411766
0.0445 -1.089935651241144e-17 4.900705882352942
0.0445 -1.089935651241144e-17 4.930588235294119
0.0445 -1.089935651241144e-17 4.960470588235295
0.0445 -1.089935651241144e-17 4.990352941176472
0.0445 -1.089935651241144e-17 5.020235294117648
0.0445 -1.089935651241144e-17 5.050117647058824
0.0445 -1.089935651241144e-17 5.080000000000001
0.0445 -1.089935651241144e-17 5.109882352941177
0.0445 -1.089935651241144e-17 5.139764705882354
0.0445 -1.089935651241144e-17 5.16964705882353
0.0445 -1.089935651241144e-17 5.199529411764707
0.0445 -1.089935651241144e-17 5.229411764705883
0.0445 -1.089935651241144e-17 5.25929411764706
0.0445 -1.089935651241144e-17 5.289176470588236
0.0445 -1.089935651241144e-17 5.319058823529413
0.0445 -1.089935651241144e-17 5.348941176470589
0.0445 -1.089935651241144e-17 5.378823529411765
0.0445 -1.089935651241144e-17 5.408705882352942
0.0445 -1.089935651241144e-17 5.438588235294119
0.0445 -1.089935651241144e-17 5.468470588235295
0.0445 -1.089935651241144e-17 5.498352941176472
0.0445 -1.089935651241144e-17 5.528235294117648
0.0445 -1.089935651241144e-17 5.558117647058824
0.0445 -1.089935651241144e-17 5.588000000000001
0.0445 -1.089935651241144e-17 5.617882352941177
0.0445 -1.089935651241144e-17 5.647764705882354
0.0445 -1.089935651241144e-17 5.67764705882353
0.0445 -1.089935651241144e-17 5.707529411764707
0.0445 -1.089935651241144e-17 5.737411764705883
0.0445 -1.089935651241144e-17 5.76729411764706
0.0445 -1.089935651241144e-17 5.797176470588236
0.0445 -1.089935651241144e-17 5.827058823529413
0.0445 -1.089935651241144e-17 5.856941176470589
0.0445 -1.089935651241144e-17 5.886823529411765
0.0445 -1.089935651241144e-17 5.916705882352941
0.0445 -1.089935651241144e-17 5.946588235294118
0.0445 -1.089935651241144e-17 5.976470588235294
0.0445 -1.089935651241144e-17 6.006352941176471
0.0445 -1.089935651241144e-17 6.036235294117647
0.0445 -1.089935651241144e-17 6.066117647058824
1 3 0 9
215
216
217
218
219
220
221
222
223
0.03600125624968514 0.02615644372701509 0
0.01375125624968507 0.04232201497513436 0
-0.0137512562496853 0.04232201497513428 0
-0.03600125624968527 0.02615644372701489 0
-0.0445 -2.316939598037277e-16 0
-0.03600125624968502 -0.02615644372701524 0
-0.01375125624968494 -0.0423220149751344 0
0.01375125624968534 -0.04232201497513428 0
0.03600125624968523 -0.02615644372701496 0
2 1 0 2083
224
225
226
227
228
229
230
231
232
233
234
235
236
237
238
239
240
241
242
243
244
245
246
247
248
249
250
251
252
253
254
255
256
257
258
259
260
261
262
263
264
265
266
267
268
269
270
271
272
273
274
275
276
277
278
279
280
281
282
283
284
285
286
287
288
289
290
291
292
293
294
295
296
297
298
299
300
301
302
303
304
305
306
307
308
309
310
311
312
313
314
315
316
317
318
319
320
321
322
323
324
325
326
327
328
329
330
331
332
333
334
335
336
337
338
339
340
341
342
343
344
345
346
347
348
349
350
351
352
353
354
355
356
357
358
359
360
361
362
363
364
365
366
367
368
369
370
371
372
373
374
375
376
377
378
379
380
381
382
383
384
385
386
387
388
389
390
391
392
393
394
395
396
397
398
399
400
401
402
403
404
405
406
407
408
409
410
411
412
413
414
415
416
417
418
419
420
421
422
423
424
425
426
427
428
429
430
431
432
433
434
435
436
437
438
439
440
441
442
443
444
445
446
447
448
449
450
451
452
453
454
455
456
457
458
459
460
461
462
463
464
465
466
467
468
469
470
471
472
473
474
475
476
477
478
479
480
481
482
483
484
485
486
487
488
489
490
491
492
493
494
495
496
497
498
499
500
501
502
503
504
505
506
507
508
509
510
511
512
513
514
515
516
517
518
519
520
521
522
523
524
525
526
527
528
529
530
531
532
533
534
535
536
537
538
539
540
541
542
543
544
545
546
547
548
549
550
551
552
553
554
555
556
557
558
559
560
561
562
563
564
565
566
567
568
569
570
571
572
573
574
575
576
577
578
579
580
581
582
583
584
585
586
587
588
589
590
591
592
593
594
595
596
597
598
599
600
601
602
603
604
605
606
607
608
609
610
611
612
613
614
615
616
617
618
619
620
621
622
623
624
625
626
627
628
629
630
631
632
633
634
635
636
637
638
639
640
641
642
643
644
645
646
647
648
649
650
651
652
653
654
655
656
657
658
659
660
661
662
663
664
665
666
667
668
669
670
671
672
673
674
675
676
677
678
679
680
681
682
683
684
685
686
687
688
689
690
691
692
693
694
695
696
697
698
699
700
701
702
703
704
705
706
707
708
709
710
711
712
713
714
715
716
717
718
719
720
721
722
723
724
725
726
727
728
729
730
731
732
733
734
735
736
737
738
739
740
741
742
743
744
745
746
747
748
749
750
751
752
753
754
755
756
757
758
759
760
761
762
763
764
765
766
767
768
769
770
771
772
773
774
775
776
777
778
779
780
781
782
783
784
785
786
787
788
789
790
791
792
793
794
795
796
797
798
799
800
801
802
803
804
805
806
807
808
809
810
811
812
813
814
815
816
817
818
819
820
821
822
823
824
825
826
827
828
829
830
831
832
833
834
835
836
837
838
839
840
841
842
843
844
845
846
847
848
849
850
851
852
853
854
855
856
857
858
859
860
861
862
863
864
865
866
867
868
869
870
871
872
873
874
875
876
877
878
879
880
881
882
883
884
885
886
887
888
889
890
891
892
893
894
895
896
897
898
899
900
901
902
903
904
905
906
907
908
909
910
911
912
913
914
915
916
917
918
919
920
921
922
923
924
925
926
927
928
929
930
931
932
933
934
935
936
937
938
939
940
941
942
943
944
945
946
947
948
949
950
951
952
953
954
955
956
957
958
959
960
961
962
963
964
965
966
967
968
969
970
971
972
973
974
975
976
977
978
979
980
981
982
983
984
985
986
987
988
989
990
991
992
993
994
995
996
997
998
999
1000
1001
1002
1003
1004
1005
1006
1007
1008
1009
1010
1011
1012
1013
1014
1015
1016
1017
1018
1019
1020
1021
1022
1023
1024
1025
1026
1027
1028
1029
1030
1031
1032
1033
1034
1035
1036
1037
1038
1039
1040
1041
1042
1043
1044
1045
1046
1047
1048
1049
1050
1051
1052
1053
1054
1055
1056
1057
1058
1059
1060
1061
1062
1063
1064
1065
1066
1067
1068
1069
1070
1071
1072
1073
1074
1075
1076
1077
1078
1079
1080
1081
1082
1083
1084
1085
1086
1087
1088
1089
1090
1091
1092
1093
1094
1095
1096
1097
1098
1099
1100
1101
1102
1103
1104
1105
1106
1107
1108
1109
1110
1111
1112
1113
1114
1115
1116
1117
1118
1119
1120
1121
1122
1123
1124
1125
1126
1127
1128
1129
1130
1131
1132
1133
1134
1135
1136
1137
1138
1139
1140
1141
1142
1143
1144
1145
1146
1147
1148
1149
1150
1151
1152
1153
1154
1155
1156
1157
1158
1159
1160
1161
1162
1163
1164
1165
1166
1167
1168
1169
1170
1171
1172
1173
1174
1175
1176
1177
1178
1179
1180
1181
1182
1183
1184
1185
1186
1187
1188
1189
1190
1191
1192
1193
1194
1195
1196
1197
1198
1199
1200
1201
1202
1203
1204
1205
1206
1207
1208
1209
1210
1211
1212
1213
1214
1215
1216
1217
1218
1219
1220
1221
1222
1223
1224
1225
1226
1227
1228
1229
1230
1231
1232
1233
1234
1235
1236
1237
1238
1239
1240
1241
1242
1243
1244
1245
1246
1247
1248
1249
1250
1251
1252
1253
1254
1255
1256
1257
1258
1259
1260
1261
1262
1263
1264
1265
1266
1267
1268
1269
1270
1271
1272
1273
1274
1275
1276
1277
1278
1279
1280
1281
1282
1283
1284
1285
1286
1287
1288
1289
1290
1291
1292
1293
1294
1295
1296
1297
1298
1299
1300
1301
1302
1303
1304
1305
1306
1307
1308
1309
1310
1311
1312
1313
1314
1315
1316
1317
1318
1319
1320
1321
1322
1323
1324
1325
1326
1327
1328
1329
1330
1331
1332
1333
1334
1335
1336
1337
1338
1339
1340
1341
1342
1343
1344
1345
1346
1347
1348
1349
1350
1351
1352
1353
1354
1355
1356
1357
1358
1359
1360
1361
1362
1363
1364
1365
1366
1367
1368
1369
1370
1371
1372
1373
1374
1375
1376
1377
1378
1379
1380
1381
1382
1383
1384
1385
1386
1387
1388
1389
1390
1391
1392
1393
1394
1395
1396
1397
1398
1399
1400
1401
1402
1403
1404
1405
1406
1407
1408
1409
1410
1411
1412
1413
1414
1415
1416
1417
1418
1419
1420
1421
1422
1423
1424
1425
1426
1427
1428
1429
1430
1431
1432
1433
1434
1435
1436
1437
1438
1439
1440
1441
1442
1443
1444
1445
1446
1447
1448
1449
1450
1451
1452
1453
1454
1455
1456
1457
1458
1459
1460
1461
1462
1463
1464
1465
1466
1467
1468
1469
1470
1471
1472
1473
1474
1475
1476
1477
1478
1479
1480
1481
1482
1483
1484
1485
1486
1487
1488
1489
1490
1491
1492
1493
1494
1495
1496
1497
1498
1499
1500
1501
1502
1503
1504
1505
1506
1507
1508
1509
1510
1511
1512
1513
1514
1515
1516
1517
1518
1519
1520
1521
1522
1523
1524
1525
1526
1527
1528
1529
1530
1531
1532
1533
1534
1535
1536
1537
1538
1539
1540
1541
1542
1543
1544
1545
1546
1547
1548
1549
1550
1551
1552
1553
1554
1555
1556
1557
1558
1559
1560
1561
1562
1563
1564
1565
1566
1567
1568
1569
1570
1571
1572
1573
1574
1575
1576
1577
1578
1579
1580
1581
1582
1583
1584
1585
1586
1587
1588
1589
1590
1591
1592
1593
1594
1595
1596
1597
1598
1599
1600
1601
1602
1603
1604
1605
1606
1607
1608
1609
1610
1611
1612
1613
1614
1615
1616
1617
1618
1619
1620
1621
1622
1623
1624
1625
1626
1627
1628
1629
1630
1631
1632
1633
1634
1635
1636
1637
1638
1639
1640
1641
1642
1643
1644
1645
1646
1647
1648
1649
1650
1651
1652
1653
1654
1655
1656
1657
1658
1659
1660
1661
1662
1663
1664
1665
1666
1667
1668
1669
1670
1671
1672
1673
1674
1675
1676
1677
1678
1679
1680
1681
1682
1683
1684
1685
1686
1687
1688
1689
1690
1691
1692
1693
1694
1695
1696
1697
1698
1699
1700
1701
1702
1703
1704
1705
1706
1707
1708
1709
1710
1711
1712
1713
1714
1715
1716
1717
1718
1719
1720
1721
1722
1723
1724
1725
1726
1727
1728
1729
1730
1731
1732
1733
1734
1735
1736
1737
1738
1739
1740
1741
1742
1743
1744
1745
1746
1747
1748
1749
1750
1751
1752
1753
1754
1755
1756
1757
1758
1759
1760
1761
1762
1763
1764
1765
1766
1767
1768
1769
1770
1771
1772
1773
1774
1775
1776
1777
1778
1779
1780
1781
1782
1783
1784
1785
1786
1787
1788
1789
1790
1791
1792
1793
1794
1795
1796
1797
1798
1799
1800
1801
1802
1803
1804
1805
1806
1807
1808
1809
1810
1811
1812
1813
1814
1815
1816
1817
1818
1819
1820
1821
1822
1823
1824
1825
1826
1827
1828
1829
1830
1831
1832
1833
1834
1835
1836
1837
1838
1839
1840
1841
1842
1843
1844
1845
1846
1847
1848
1849
1850
1851
1852
1853
1854
1855
1856
1857
1858
1859
1860
1861
1862
1863
1864
1865
1866
1867
1868
1869
1870
1871
1872
1873
1874
1875
1876
1877
1878
1879
1880
1881
1882
1883
1884
1885
1886
1887
1888
1889
1890
1891
1892
1893
1894
1895
1896
1897
1898
1899
1900
1901
1902
1903
1904
1905
1906
1907
1908
1909
1910
1911
1912
1913
1914
1915
1916
1917
1918
1919
1920
1921
1922
1923
1924
1925
1926
1927
1928
1929
1930
1931
1932
1933
1934
1935
1936
1937
1938
1939
1940
1941
1942
1943
1944
1945
1946
1947
1948
1949
1950
1951
1952
1953
1954
1955
1956
1957
1958
1959
1960
1961
1962
1963
1964
1965
1966
1967
1968
1969
1970
1971
1972
1973
1974
1975
1976
1977
1978
1979
1980
1981
1982
1983
1984
1985
1986
1987
1988
1989
1990
1991
1992
1993
1994
1995
1996
1997
1998
1999
2000
2001
2002
2003
2004
2005
2006
2007
2008
2009
2010
2011
2012
2013
2014
2015
2016
2017
2018
2019
2020
2021
2022
2023
2024
2025
2026
2027
2028
2029
2030
2031
2032
2033
2034
2035
2036
2037
2038
2039
2040
2041
2042
2043
2044
2045
2046
2047
2048
2049
2050
2051
2052
2053
2054
2055
2056
2057
2058
2059
2060
2061
2062
2063
2064
2065
2066
2067
2068
2069
2070
2071
2072
2073
2074
2075
2076
2077
2078
2079
2080
2081
2082
2083
2084
2085
2086
2087
2088
2089
2090
2091
2092
2093
2094
2095
2096
2097
2098
2099
2100
2101
2102
2103
2104
2105
2106
2107
2108
2109
2110
2111
2112
2113
2114
2115
2116
2117
2118
2119
2120
2121
2122
2123
2124
2125
2126
2127
2128
2129
2130
2131
2132
2133
2134
2135
2136
2137
2138
2139
2140
2141
2142
2143
2144
2145
2146
2147
2148
2149
2150
2151
2152
2153
2154
2155
2156
2157
2158
2159
2160
2161
2162
2163
2164
2165
2166
2167
2168
2169
2170
2171
2172
2173
2174
2175
2176
2177
2178
2179
2180
2181
2182
2183
2184
2185
2186
2187
2188
2189
2190
2191
2192
2193
2194
2195
2196
2197
2198
2199
2200
2201
2202
2203
2204
2205
2206
2207
2208
2209
2210
2211
2212
2213
2214
2215
2216
2217
2218
2219
2220
2221
2222
2223
2224
2225
2226
2227
2228
2229
2230
2231
2232
2233
2234
2235
2236
2237
2238
2239
2240
2241
2242
2243
2244
2245
2246
2247
2248
2249
2250
2251
2252
2253
2254
2255
2256
2257
2258
2259
2260
2261
2262
2263
2264
2265
2266
2267
2268
2269
2270
2271
2272
2273
2274
2275
2276
2277
2278
2279
2280
2281
2282
2283
2284
2285
2286
2287
2288
2289
2290
2291
2292
2293
2294
2295
2296
2297
2298
2299
2300
2301
2302
2303
2304
2305
2306
0.03695480441999945 -0.02479097477469551 3.063179544074925
0.036975098168702 -0.02476069698968205 2.106705882352946
0.0370084579419404 -0.02471080817698257 3.989234812865917
0.03700845913717573 -0.02471080638692299 1.449234810104316
0.03703394504639467 -0.02467259439744064 4.646880766066285
0.03700845904841497 -0.0247108065198567 5.094881869132919
0.0370790645327868 -0.02460473477551488 1.001208315532459
0.03694389137974337 -0.02480723462463567 2.584923894016321
0.03697509816880831 -0.02476069698952331 3.541058823529414
0.03700969679517578 -0.02470895269187173 0.6724557323925926
0.03700819502057126 -0.02471120193999807 5.423751123835275
0.03699164381185093 -0.02473597154140403 4.318220004663307
0.03700969676188576 -0.02470895274173437 1.77810279129356
0.03695144334692431 -0.02479598424299877 0.4631425867465652
0.03700845844140773 -0.02471080742894891 5.632764223476618
0.0369438925470214 -0.02480723288628009 2.345865534342984
0.03694389003341492 -0.02480723662963985 2.823982177879436
0.03694733402062922 -0.02480210694211391 3.302363858047024
0.03688812427826043 -0.02489008411459498 3.749117459700671
0.03700845907278655 -0.02471080648335628 4.885705398488271
0.03703204768370677 -0.02467544213082449 1.210424016314619
0.0370348898479252 -0.02467117617690829 0.3137647058823533
0.03694731333385853 -0.02480213775886424 5.781871061330177
0.03695103196130488 -0.02479659728661627 4.168861846015338
0.03700841967369925 -0.02471086548980732 1.628715227194113
0.0369548026175 -0.02479097746160112 1.927173365845807
0.03718966010454942 -0.02443724987203112 4.467573574963396
0.03707446482125438 -0.02461166508421508 0.8519785070966468
0.03700969587085043 -0.02470895407634966 5.244455734544317
0.03694389198446289 -0.02480723372406401 2.46539472295333
0.0370339438467906 -0.02467259619806479 3.421507435895183
0.03694389072988705 -0.02480723559242677 2.704453046151977
0.036934823187376 -0.02482073399634412 1.329636997947586
0.0369473339398894 -0.02480210706239083 3.182834448559498
0.03660222960927688 -0.02530863069448395 3.869128825981268
0.0369438930702227 -0.02480723210710842 2.226336329464498
0.03694389556753155 -0.02480722838801874 2.943511315874143
0.03703518257310695 -0.0246707367497737 4.766094963376952
0.03707495360493428 -0.02461092877548448 5.901318587793018
0.03702319705215275 -0.02468871969214823 0.1941042098040001
0.03697509816882003 -0.0247606969895058 4.975411764705884
0.03703204747949032 -0.02467544243730544 3.630894597037187
0.03708372816624789 -0.02459770528508366 1.120578022593682
0.03697509816880831 -0.02476069698952331 4.078941176470591
0.0369450665123203 -0.02480548448227184 4.556925511415599
0.03695124000813781 -0.02479628725960794 5.513563677230212
0.03697509816880824 -0.0247606969895234 1.538941176470592
0.03697509816880831 -0.02476069698952331 0.5528235294117658
0.03697509816880828 -0.02476069698952333 0.7620000000000013
0.03697509816880853 -0.02476069698952297 5.334000000000001
0.03709466483779236 -0.02458120909499472 2.013753655313398
-0.04232201497513426 -0.01375125624968538 6.072281915621936
0.03697509816881226 0.0247606969895174 5.961529411764706
-0.04232201497513426 -0.01375125624968538 0.0237180843780643
0.03697509816881223 0.02476069698951745 0.1344705882352944
0.03697509816832862 -0.02476069699023962 5.991411764705882
0.03694821319690957 -0.02480079719597169 0.1042139738922625
0.03707830606856381 -0.02460587773451505 4.227850830233089
0.03671098634413266 -0.0251506159296528 4.407351151698259
0.03694733302104619 -0.02480210843117797 1.868010945066797
0.03697509816882003 -0.0247606969895058 1.718235294117651
0.03694390777753987 -0.02480721020438673 2.405636025422615
0.03694390841346173 -0.02480720925734596 2.525165668887081
0.03694390984646058 -0.02480720712326546 2.764225011889746
0.03695481147110916 -0.02479096426391637 3.481055829863477
0.03694390910163087 -0.02480720823249638 2.644695330565665
0.036975098168789 -0.02476069698955214 0.9114117647058838
0.03694390718972494 -0.02480721107978465 2.286106398845044
0.03694693600492581 -0.02480269984997433 3.242083464755994
0.03703208996743582 -0.0246753786727527 3.361788884512316
0.0369439105500511 -0.02480720607544959 2.883754713963733
0.03703518249170011 -0.02467073687197992 4.825859669069653
0.03703051949785049 -0.02467773542526369 5.184655598960585
0.03695480261709159 -0.02479097746220991 1.269761601135534
0.03677540223032211 -0.02505633234928887 3.809003653521462
0.0369548108593522 -0.02479096517583583 3.690232292818207
0.03697509816880853 -0.02476069698952297 5.842000000000001
0.03695480383261492 -0.0247909756502835 5.035414848378392
0.03703394461765318 -0.02467259504098823 5.572883940808751
0.0369439066463126 -0.02480721188905637 2.166576787923807
0.03694733389705576 -0.02480210712619946 0.6129521011288697
0.03666945935782417 -0.02521112354507194 1.060872101682822
0.03714223915563455 -0.02450926499317447 0.372769958004867
0.03703333554976641 -0.02467350923679904 0.2540001163238902
0.03694352620795123 -0.02480777844391595 3.003282766051302
0.03697509816880831 -0.02476069698952331 3.929529411764708
0.03703394535638766 -0.02467259393213637 1.389354527333638
0.03697509816880831 -0.02476069698952331 3.122705882352945
0.03695102233590621 -0.02479661163004656 5.722744363086324
0.03703518276997572 -0.02467073645423851 4.706483160732018
0.03697221396276536 0.02476500342603445 5.901798646813468
0.03697509816881681 0.0247606969895106 0.1942352941176474
0.03691983819449698 0.02484301808742572 5.842282851303271
0.03697509816880924 0.02476069698952192 0.2540000000000004
0.03686440149086347 0.02492520617207455 5.782463641025545
0.03695733145414177 0.02478720742215031 0.3137100982875588
0.03672642704872352 0.02512806312143435 5.722545240436264
0.0369582506109906 0.02478583691899899 0.3734763799589731
0.03695823255954529 0.02478586383555285 0.4332409513724563
0.03680661900391238 0.02501045376439293 5.662687543284853
0.03681945882687972 0.02499154760505457 5.602948260280021
0.03695822508705797 0.0247858749777844 0.4930058163988954
0.03695822352790736 0.02478587730263415 0.55277037393121
0.03676767679544597 0.02506766728408577 5.543234559876239
0.03677151200544153 0.02506204111467518 5.483497543462176
0.03695822252087685 0.02478587880421735 0.6125352293723331
0.03677173808799605 0.0250617093987585 5.423742571121604
0.03695822261775576 0.02478587865976122 0.6722997878093063
0.03677096409585955 0.0250628449993413 5.363978554204062
0.03695822217749927 0.02478587931622763 0.7320646404384982
0.03677032295501258 0.02506378562356602 5.30421196274142
0.03695822247545358 0.02478587887194799 0.7918292008184208
0.03677002882805488 0.02506421712290278 5.244445655390665
0.03695822211881843 0.02478587940372663 0.8515940512037762
0.03676996446564647 0.02506431154440703 5.184680203951626
0.03695822244655562 0.02478587891503773 0.9113586136798899
0.03676998835961633 0.02506427649132684 5.124915329670924
0.03695822211031127 0.02478587941641167 0.9711234619238616
0.03697509816879752 0.02476069698953941 5.065058823529412
0.03695822243945287 0.02478587892562864 1.03088802649986
0.0369582221108089 0.02478587941566964 1.090652872648714
0.03695822243622672 0.02478587893043915 1.150417439299783
0.03695178091713007 0.02479548118211101 5.005444258259844
0.0369170190436911 0.02484720718567276 4.945701005005458
0.03697509816880949 0.02476069698952154 4.885764705882353
0.03695822235820991 0.02478587904677002 4.825946884258441
0.036958222192071 0.02478587929449973 4.766182250979165
0.03695823053063783 0.02478586686085903 4.706417483839289
0.03697509816880926 0.02476069698952189 4.646705882352943
0.03696981485973504 0.02476858472414026 4.586721746106191
0.03695178091712071 0.02479548118212497 4.527326611201107
0.03697509816880926 0.02476069698952189 4.467411764705885
0.03697509816880926 0.02476069698952189 4.407647058823532
0.03697509816879041 0.02476069698955003 4.347882352941179
0.03695822211274275 0.02478587941278608 1.210182283387361
0.03695822243361686 0.02478587893433071 1.269946852083899
0.03695822211501586 0.02478587940939664 1.329711694140571
0.03695822243122154 0.02478587893790238 1.389476264852786
0.03695822211730714 0.02478587940598011 1.449241104908541
0.0369277828299 0.02483120728574716 4.288293104381547
0.0369016482538681 0.0248700292751696 4.228531128696721
0.03683705065809706 0.02496561032325849 4.168758571743183
0.03676373462054548 0.02507344844153084 4.108946333603209
0.03676245240221728 0.02507532838019691 4.04913522353476
0.03676585324228249 0.02507034174810839 3.989366908908236
0.03676874482821537 0.02506610068912964 3.929610782297295
0.03677009580103992 0.02506411887105441 3.869853363202031
0.03677040490227219 0.02506366540079397 3.810092079596836
0.03677030533023806 0.02506381148032091 3.750328179433185
0.03677015360610988 0.02506403406842331 3.690563239685041
0.03677006330907122 0.02506416653804579 3.63079815737864
0.0367700323985323 0.02506421188489447 3.571033224202797
0.03677003128760284 0.02506421351466485 3.511268439197657
0.03677003807830449 0.02506420355247775 3.451503729532933
0.03677004349448185 0.0250641956067597 3.391739040321753
0.03677004591893777 0.02506419204999849 3.331974347996125
0.03677004641746185 0.02506419131864622 3.272209648262803
0.0367700461963516 0.02506419164302271 3.212444943689237
0.03677004590584722 0.02506419206920279 3.152680237279835
0.0367700457404676 0.02506419231182046 3.092915530675216
0.03677004568696968 0.02506419239030379 3.033150824376098
0.03677004568730499 0.02506419238981187 2.973386118356396
0.03677004570076803 0.02506419237006113 2.913621412473147
0.03677004571088349 0.0250641923552214 2.853856706623792
0.0367700457152287 0.02506419234884682 2.794092000766814
0.03677004571602027 0.02506419234768555 2.734327294895479
0.03677004571555757 0.02506419234836436 2.674562589015125
0.03677004571503208 0.02506419234913528 2.614797883131541
0.03677004571476774 0.02506419234952307 2.555033177247795
0.03677004571470821 0.0250641923496104 2.495268471364741
0.03677004571473666 0.02506419234956866 2.435503765482177
0.03677004571479794 0.02506419234947875 2.37573905959969
0.03677004571486928 0.02506419234937409 2.315974353717355
0.03677004571492943 0.02506419234928586 2.256209647835088
0.0367700457149884 0.02506419234919935 2.196444941952655
0.0367700457148699 0.02506419234937319 2.136680236072274
0.03677004571462637 0.02506419234973046 2.076915530189219
0.03697509816882855 0.02476069698949306 2.017058823529416
0.03697509816879758 0.02476069698953933 1.957294117647063
0.03695054487026941 0.02479732311742957 1.897688874107045
0.03695822242889114 0.02478587894137723 1.509005677606915
0.03695822211962317 0.02478587940252669 1.568770515691154
0.0369582224266171 0.02478587894476806 1.628535090346453
0.03695822212189485 0.02478587939913937 1.688299926488213
0.03695822242437755 0.02478587894810745 1.748064503071665
0.03697509816880926 0.02476069698952189 1.807882352941181
0.03697509816881474 0.0247606969895137 0.07470588235294132
0.03697509816881477 0.02476069698951365 6.021294117647059
-0.0002629290109941599 -0.04449922323294168 0.02378479111163546
1.894451809989693e-16 -0.0445 6.07228191562183
-0.02615644372701519 0.03600125624968505 0.02371808437806943
-0.02520065825285745 0.03667665229574105 6.071703530132815
0.02592554786820467 0.03616788586209357 0.02441733630551771
0.02620593899893516 0.0359652437943091 6.074791200774386
0.03697509816880921 -0.02476069698952196 0.04482352941176479
0.03697509816880926 -0.02476069698952189 6.051176470588235
0.03703131735741679 -0.02467653814404042 0.0748736653620069
0.01741218213219389 -0.04095199523094458 0.08962452470614178
0.0172369160520171 -0.04102607372166773 0.1187852847751907
-0.007750504832854908 -0.0438198548016295 0.1041620316192328
-0.007962380497660085 -0.04378185122639839 0.1332243080216864
-0.007729535486867197 -0.04382355851773405 0.07677684008387878
-0.03009717196983767 -0.03277819762308504 0.08932228402636092
0.01702078892501715 -0.04111621023842073 0.1481353917641472
-0.008261832965767057 -0.04372633206713964 0.1625906362100518
-0.03064525304826446 -0.03226636740644719 0.1476099775228716
-0.03088502578419969 -0.0320369346584426 0.1769700484520245
-0.04333837196377947 -0.0101012630660276 0.1618352691034551
-0.04341555044285406 -0.009764219361730558 0.1912527589276171
-0.0310885520805246 -0.03183947125089406 0.2062736368512426
-0.04348884188962624 -0.009432424454989806 0.2207143355625001
-0.04173072208877914 0.01545305257705028 0.1762939316987422
-0.04185943082377711 0.01510092881611652 0.1468971955123264
-0.02659338024664955 0.03567971590493833 0.1612846149558383
-0.026885919412144 0.03545979889062681 0.1318994450314138
-0.03128517329072298 -0.03164629413010998 0.2356927149903257
-0.04355890730355148 -0.009103383685235323 0.250140805753362
-0.03148556918151484 -0.03144692247766136 0.2651562629222904
-0.04360327491291754 -0.008888442882110185 0.2796603978417089
-0.04158106630968615 0.01585133825736751 0.2311114537240745
-0.02625448340197049 0.03592982189345859 0.1907301335520905
-0.03168998086625498 -0.03124092048414056 0.2946883380865111
-0.04368616420164737 -0.00847166201796933 0.3092105118130212
-0.03190006945594877 -0.03102636892557109 0.324243305245824
-0.04374493040677997 -0.008162785290939388 0.3387879899599717
-0.04117898570141867 0.01686834718051405 0.294171035667274
-0.03211106857507274 -0.03080794175155126 0.3538120487015691
-0.04380134207064078 -0.007854453056114982 0.3683610304165937
-0.03232046472705489 -0.03058819314420517 0.3833871186574666
-0.04385517399733135 -0.007548093379376781 0.3979476155857143
-0.03254426160062228 -0.03034997589571138 0.4128931823062513
-0.04390683364810027 -0.007241543965070546 0.4275310496362894
-0.04065056007233915 0.01810474981338174 0.4122366067707595
-0.0405462925704408 0.01833707061643754 0.4421093676875616
-0.04395283587741206 -0.006956882802899549 0.4571610991347204
-0.04042525963893693 0.01860237573872048 0.4717494197731362
-0.04399620462684444 -0.006677123514870124 0.4868040918376061
-0.04030313445047095 0.01886550697615258 0.5013927249607057
-0.04403724868794746 -0.006400838069805347 0.5164427606303573
-0.03299910885052387 -0.02985479551213301 0.501982801017119
-0.04017940843629442 0.01912760146253138 0.5310356571381624
-0.04407697486811274 -0.006121297777085989 0.5461082373995589
-0.04005406797603046 0.01938869873332221 0.5606815869958616
-0.04411759969469545 -0.005821288274824401 0.5757434265848808
-0.03992701849413471 0.01964899982617498 0.5903267421714062
-0.04415230967338345 -0.005551896118052847 0.6053832199014862
-0.03979844681666655 0.01990812977104991 0.6199736590376952
-0.0441862507870038 -0.005274963638548224 0.6350714137430136
-0.03966803356804854 0.02016673282522912 0.6496231507262534
-0.04422259375816419 -0.004961068564369762 0.6646847756859368
-0.03953591267875368 0.02042453447836606 0.6792705576934821
-0.0442539178288613 -0.004673409547256848 0.694330994461416
-0.03940224448133268 0.02068122650698667 0.7089177261401151
-0.04428351149032218 -0.004384131622853413 0.7239781232146714
-0.03926688033775013 0.02093709885683334 0.7385669351473672
-0.04431096985988896 -0.004097310102495595 0.7536227621491279
-0.03440968440309735 -0.02821743466864483 0.7093970594578438
-0.03912985560957414 0.02119208342692806 0.7682166831295618
-0.04433663951719059 -0.003809513922102574 0.7832747150179741
-0.03899117381468271 0.0214461736576295 0.7978669591792636
-0.04435701543793503 -0.003564432835500372 0.8129152759254671
-0.03495196301895426 -0.02754288077020365 0.7983463310801709
-0.03885122697562214 0.02169866729752521 0.8275177457137483
-0.04437765173820711 -0.003297578839452202 0.8426730264720983
-0.03870908584850853 0.02195123396925094 0.857173679014672
-0.04440235487565376 -0.002946333568438328 0.8722347758958985
-0.03856524969552714 0.02220296187272418 0.886821819978846
-0.04442067640077437 -0.002655844140322744 0.9018848159275278
-0.03841991656977758 0.02245350776095641 0.9164737710909202
-0.04443694956086137 -0.002368018945334445 0.9315319888263419
-0.03827310292568746 0.02270285427957757 0.9461261183702661
-0.04445839939434237 -0.001923726408078386 0.960980524028094
-0.03812417607404187 0.02295206305924269 0.9757728822819175
-0.04444281062649808 -0.002255345564925414 0.9901155590149575
-0.03593196171921342 -0.02625155475412802 0.941916007355367
-0.03798241802842253 0.02318589917846973 1.005408879463357
-0.04447428130442153 -0.001512713606464022 1.020773283287595
-0.03782274084870545 0.02344547450344453 1.035087767588667
-0.04448333883586595 -0.001217606674398646 1.050264410321569
-0.03774840817206286 0.02356496722839516 1.064821112078243
-0.04449030092130719 -0.0009290446337675311 1.079874244725212
-0.0375144686655619 0.0239356353736552 1.094398088140153
-0.04449545336831941 -0.0006361049816755018 1.109465870926851
-0.03666097980397845 -0.02522345257517861 1.09491252702887
-0.03682764480015722 -0.02497948315064689 1.124494734880854
-0.04449682406604252 -0.0005316465326313996 1.139177974073523
-0.03697601801703101 -0.02475932332686413 1.154108796515334
-0.04449923958496727 -0.0002601468040980006 1.169246605823274
-0.03712196883837413 -0.02453995577752291 1.183739809899869
-0.04449978439474512 0.0001385237207077027 1.198539287875233
-0.03727101341894151 -0.02431299156264161 1.213351262464152
-0.04449798755618731 0.0004232061547272186 1.228028382062967
-0.01754597851559463 -0.0408948485500349 1.168830281327482
-0.03741891007108415 -0.02408474972035451 1.242940738882267
-0.04449456456809377 0.0006955026209403008 1.257593876175957
-0.03756295521248051 -0.02385947182368425 1.272553137745143
-0.04448951494478483 0.0009659502977726662 1.287157147784093
-0.03770690276648801 -0.02363132420662497 1.302165451924134
-0.04448287175294895 0.001234552797856915 1.316758415323613
-0.03784808430226839 -0.02340454047078012 1.33177414043481
-0.04447462074118636 0.001502700877631764 1.346366404516279
-0.03798895907237884 -0.02317518044367993 1.361387019502293
-0.04446475884330867 0.001770655530136622 1.375978784715439
-0.03812720793677479 -0.02294702627675179 1.39099798232917
-0.04445328016554781 0.002038598176030105 1.405593474666922
-0.03833611426401259 -0.02259629047291989 1.420549014700244
-0.04444018662290097 0.002306471964220129 1.435208637403564
-0.03852860561833783 -0.0222664893754401 1.449898714467617
-0.04442540363966913 0.002575560415224876 1.464813560750266
-0.0385344612706079 -0.02225635402719905 1.479854508297031
-0.04440911108341812 0.002842684080341954 1.494433096778335
-0.0387227812280446 -0.02192706578557644 1.50932427334614
-0.04439115188715673 0.003110568136431156 1.524047588017005
-0.03887709480197178 -0.02165228624784225 1.538674565001913
-0.04437172979615606 0.003376328612104684 1.553655323936348
-0.03892995184861789 -0.02155710669510852 1.568704972912229
-0.04435051135230741 0.003644467421839782 1.583291543166302
-0.0225014565461454 -0.03839185399667396 1.495465271214579
-0.03910052449947786 -0.02124615221318277 1.598208626442708
-0.04432768910251898 0.003912285627407624 1.612906258825844
-0.03924627449915932 -0.02097569874727983 1.627645293548706
-0.04430338540198197 0.004178521499699447 1.642516383346463
-0.03931277710059705 -0.02085079271008112 1.657559693032609
-0.04427736052037669 0.004445823360029846 1.672142447132919
-0.02283798305337877 -0.03819262402681418 1.586625731024882
-0.03947167074906804 -0.02054841133219709 1.687081887768122
-0.0442497046809142 0.004713134376599067 1.701761275722981
-0.03960336062088757 -0.02029344296889838 1.716594645560677
-0.04422054831580059 0.004979267682094022 1.731376931936735
-0.02209641292905534 -0.0386263968766008 1.67396273064418
-0.03968281002844239 -0.02013764107949469 1.7464186689039
-0.0441897277076849 0.005245756868237895 1.761006633849276
-0.03980420195705728 -0.01989662048092081 1.776037194786567
-0.0356407074673394 0.02664563700172201 1.479478236406052
-0.03536458182902082 0.02701104129904085 1.538730502960883
-0.0359289927715367 0.02625561803543889 1.420227328578287
-0.04415708244161688 0.005513807236769384 1.790630961627342
-0.03992290504030842 -0.01965735620938168 1.805653245172044
-0.04412330209923252 0.005777907221465458 1.820252424086066
-0.0400645140557175 -0.01936710390015024 1.835202704541483
-0.04408763676837245 0.00604402880370812 1.849870563124544
-0.04015607634096822 -0.01917653599841046 1.864903923883198
-0.04405088692164771 0.006306295379714337 1.879493815644846
-0.02257035959715531 -0.03835138677616624 1.820693080189998
-0.04031626108376803 -0.01883743857920845 1.894608198443265
-0.04401188311264443 0.006572985994121989 1.90912437065901
-0.0332995463497367 0.02951931931636868 1.864290738896902
-0.03635421126342743 0.02566361867340781 1.361042889373659
-0.03487525394379973 0.02763994685876731 1.597877950377196
-0.03665262488469517 0.0252355917121399 1.301799063714579
-0.03694083706841737 0.02481178261803535 1.242439479507656
-0.03708382162778281 0.0245975643810274 1.183272360839055
-0.03453898027456737 0.0280590242452058 1.657114887361154
-0.0341976577579482 0.02847402682920427 1.716353715790266
-0.03633314004112948 -0.02569344147349034 1.035567217567994
-0.03376105624103738 0.02899036187234494 1.775191593787917
-0.04095382325867284 0.01740788213704894 0.3528954080674591
-0.03548109432842935 -0.02685780976284363 0.887300313466352
-0.03404101242892407 -0.0286611142981887 0.6501002879339179
-0.03355764921296617 -0.02922557406278807 0.5904689210077195
-0.04038401163724302 -0.01869175230102892 1.92414938888784
-0.04397118216406093 0.006839966308028847 1.938743258838583
-0.04049594078845495 -0.01844800205057313 1.953770750065191
-0.04392908362344889 0.007105322793795796 1.968363938711187
-0.04060610313600119 -0.01820424093744186 1.983396745666788
-0.04388544371719814 0.007370063076028176 1.997986570451334
-0.0237123583600284 -0.03765599634859754 1.968806762638022
-0.0325007315587403 0.03039658612651596 1.924485872627531
-0.03260333655208859 0.03028650599972278 1.982982232210506
-0.03241534155791501 0.03048763079814022 2.012615007802151
-0.04384412970871544 0.0076119833214042 2.027644662126321
-0.03224388916808197 0.0306689030015168 2.042285505510788
-0.04380178833140115 0.007851964019984397 2.057326644583561
-0.04080790390947913 -0.01774725270329799 2.042590450656903
-0.04089864178063801 -0.0175371348999502 2.072274977356034
-0.04376232156127977 0.00806902791959154 2.086954303773939
-0.04098713969624434 -0.01732929252798715 2.101928272658631
-0.0243310772347854 -0.03725920933936881 2.057719142454464
-0.04372517546258954 0.008267952029720376 2.116584293097769
-0.04107485844483065 -0.01712033889083754 2.131581535136081
-0.04368449830797522 0.008480248084844566 2.146246450929738
-0.04116170277376133 -0.01691047677519853 2.16120731323204
-0.04363411604100949 0.00873578372670241 2.175834266167473
-0.04124703288874823 -0.01670126575665814 2.190831131522455
-0.04359452225364837 0.008931272556369402 2.205456181778417
-0.04133177323341877 -0.01649043727077142 2.220457311663575
-0.04354294322999613 0.009179438701213417 2.235089488592608
-0.04141477375233152 -0.01628086346122933 2.250082890049352
-0.04350206026999072 0.009371272713249522 2.264711356949771
-0.04149726418035837 -0.01606944509140082 2.27971118591342
-0.04344725638870919 0.009622157361723402 2.294346307938605
-0.04157810553541288 -0.01585910275160826 2.309338698023721
-0.04340512572682487 0.009810456698774317 2.323968209164311
-0.04165841670308485 -0.01564692678426474 2.338968415000159
-0.04334706500446479 0.01006389365497785 2.353604724287608
-0.04173712333837857 -0.01543575509772601 2.368597187189377
-0.04330372593036788 0.01024877166042762 2.383226699524759
-0.04181526258409252 -0.01522280575397952 2.398227864713241
-0.04324237901458825 0.01050460171347288 2.4128647376922
-0.04189183150948278 -0.01501081119663777 2.427857612044589
-0.04319786844698192 0.01068616683555163 2.442486807841924
-0.04196779437346223 -0.01479710226452436 2.4574890914473
-0.04313320882372206 0.01094423576907889 2.472126348204853
-0.042042217615136 -0.0145843045086678 2.487119723963726
-0.04308756046908416 0.01112259559738715 2.501748528542471
-0.04213862311449962 -0.01430337170090179 2.516771266224612
-0.04301956530293005 0.01138275015745037 2.53138955587804
-0.04218786342751484 -0.01415747786229441 2.546393286901983
-0.04296106956830601 0.01160157323586639 2.561021758666234
-0.04228087358185497 -0.01387723780711414 2.576041942707189
-0.04290103806472679 0.01182162987784945 2.590654895825266
-0.04232957874616208 -0.01372795553505558 2.605658496807727
-0.04284073745364703 0.01203832274146544 2.620287362178618
-0.04241876832322503 -0.01344983620497142 2.635306995959656
-0.04277848519810128 0.01225769979057369 2.649921280307362
-0.04246692558549273 -0.01329700083914499 2.664925303992313
-0.04271596122050721 0.01247383890420762 2.679554562982732
-0.04255229996776159 -0.01302120453159527 2.694573624896062
-0.04265149663464621 0.0126925109739863 2.709189261983147
-0.04259988932422026 -0.01286465815963192 2.724193708508226
-0.04258675336407934 0.01290807646038234 2.738823361131059
-0.04268148414344326 -0.01259130300298587 2.753841856909976
-0.04252008464104647 0.01312602004105751 2.768458841421937
-0.04272845579157061 -0.01243097203229885 2.783463710407949
-0.04245312684100813 0.01334099027138819 2.798093756676084
-0.04280628842828386 -0.01216024962714872 2.813111671954177
-0.04238426291365995 0.01355818045556813 2.827730018332677
-0.04285261126884941 -0.01199598713907614 2.842735309743968
-0.04231509506815369 0.01377253532843953 2.857365749670294
-0.04292672401184312 -0.01172801626921838 2.872383092353623
-0.04224404468039544 0.0139889488182906 2.887002793176904
-0.04297234249096388 -0.01155974830345797 2.902008506568774
-0.04217267192130634 0.01420266675726287 2.916639340166181
-0.04304276416089892 -0.01129470908829596 2.931656102409284
-0.04209944449607876 0.01441827913176823 2.94627716574947
-0.04308763664789905 -0.01112230048589888 2.961283300934858
-0.04202587173385203 0.01463133982278509 2.975914528216234
-0.04315441916012901 -0.01086029957928831 2.990930722891664
-0.04195047646904836 0.01484612825014723 3.005553136466832
-0.04319848138614651 -0.01068368877919764 3.020559692894715
-0.04187470929539214 0.01505850993380152 3.035191313872949
-0.04326145244568216 -0.01042577250327192 3.050206721932731
-0.04179716235665696 0.01527243330092682 3.064830701675337
-0.04330486481008528 -0.01024395840387093 3.079837682500841
-0.0417191998503148 0.01548413264763298 3.094469697188824
-0.04336445485302837 -0.009988696376387877 3.10948471342749
-0.04163950001002482 0.01569719844160552 3.124109871274075
-0.043406775483318 -0.009803154703503522 3.139117269805737
-0.04155935909631851 0.01590816367476924 3.153749678216361
-0.04346283565026969 -0.009551540045335406 3.16876410125206
-0.04147752273221286 0.01612033213053519 3.183390635809883
-0.0435042024299586 -0.009361323140089993 3.198398454861905
-0.04139520318288788 0.01633055888349901 3.21303125700806
-0.04355672770227511 -0.009113806661865289 3.228045027128883
-0.04133658623974328 0.0164783687919729 3.242689134665529
-0.04359713513587286 -0.008918509289362235 3.25768123772185
-0.04126236961219749 0.01666333862064863 3.272547950897108
-0.04364191298944507 -0.008696748278621488 3.287323228344647
-0.04118161935773856 0.01686191647098078 3.302347115491145
-0.04368878783060462 -0.008458121416272873 3.316972489345171
-0.04106300786406009 0.01714874296139921 3.33180687694054
-0.04373253693985499 -0.008228925373596357 3.346593705397759
-0.04096798298225075 0.01737453223445204 3.361312699004661
-0.04376947808485879 -0.008030117569442321 3.376251597063095
-0.04087779665489573 0.01758566861512508 3.390927239489824
-0.04381209650752457 -0.007794241439380346 3.405899097356581
-0.04078696063937076 0.01779533202282047 3.42053533705535
-0.04384886961892514 -0.007584631378155696 3.435539173649418
-0.04069570729557294 0.01800303884662396 3.450176787870032
-0.04388831788935157 -0.007352928181562966 3.465185347775511
-0.04060351108450468 0.01821002162575612 3.479818488931176
-0.04392372949640296 -0.007138346245932627 3.494828348249561
-0.04051019311761611 0.0184166841090748 3.509463373345719
-0.04396094977911259 -0.006905425006351188 3.524475388058844
-0.04041597647634916 0.01862253595682369 3.539108502743246
-0.04399777422131409 -0.006666773100253908 3.55410460193174
-0.04032061024445543 0.0188281276157433 3.568754285746114
-0.0440275046723794 -0.006467521343112026 3.583765106540623
-0.04022419660548444 0.01903323428751229 3.598400468281925
-0.04406010654029514 -0.006241555227492646 3.613409398483686
-0.04012669236065772 0.01923794584130887 3.628047158882264
-0.04409117766613338 -0.006018143568697969 3.643051652208523
-0.04002823693070553 0.01944197130486777 3.657694031978618
-0.04412137866847109 -0.005792576662710999 3.672698072448898
-0.03992862325568212 0.0196457385940514 3.68734147049882
-0.04415013398063446 -0.005569171346980309 3.70234298875692
-0.03982811737350644 0.01984870440311393 3.716989193885848
-0.04417802187203492 -0.005343443035534675 3.731991613303811
-0.03972643806148868 0.02005143682998064 3.746637372412123
-0.04420449672810198 -0.005119811423794929 3.761638222493802
-0.03962385829035393 0.02025339117742878 3.77628595405614
-0.04423008497268494 -0.004893831148402056 3.791288168186013
-0.03952011827606555 0.02045507886677022 3.805934913963501
-0.04425428340516099 -0.004669946498161732 3.820935865668763
-0.0394154804706736 0.02065598942839456 3.835584312542024
-0.04427757211728746 -0.004443715494764227 3.850586765914149
-0.03930968849031923 0.02085661503681899 3.865234066806285
-0.04429949265232829 -0.004219591300862149 3.880235343671746
-0.03920300513479288 0.02105645716642291 3.89488426939603
-0.04432023352958847 -0.003995860343247962 3.909897319249288
-0.03909519096051452 0.02125596489837391 3.924534989976008
-0.04434051534443786 -0.003764133232189175 3.939551509664193
-0.0389864539318335 0.02145475261616931 3.954185824670691
-0.04435530270518623 -0.003585682910032485 3.969188320032822
-0.03887697259942369 0.02165250566340208 3.983837291326021
-0.04437161812336497 -0.003377795895886734 3.998932691035875
-0.0387660116568493 0.02185054553600491 4.013492745925539
-0.04439189583348058 -0.003099932952405496 4.028541946162179
-0.03865403328335981 0.02204803190602081 4.043141154736322
-0.04440750717196817 -0.002867630863900623 4.058155217931894
-0.03537280194569466 -0.02700027560064268 4.043516571687256
-0.03854121265198814 0.02224466064731556 4.072793730692104
-0.04441961312016512 -0.002673568823661518 4.087818245206462
-0.03842752919733213 0.02244047681730908 4.102447382311825
-0.04443438013119253 -0.002415752958537373 4.117461174848323
-0.03831255863373925 0.0226362066375153 4.132100304872497
-0.04445396561135172 -0.002023596161480424 4.147133411978737
-0.03819502916426888 0.02283396039106334 4.161754228936561
-0.04445665568791548 -0.001963610207279425 4.176768730382672
-0.03578001611252006 -0.02645827747582606 4.132475515627242
-0.03807993831741912 0.02302538376969111 4.19140803102664
-0.04447278004981728 -0.001556224482706058 4.206467331875543
-0.03796011745221541 0.02322239184524305 4.221063600518479
-0.04445662059749834 -0.001964404502663765 4.236276765469273
-0.03784559583215447 0.02340856416163137 4.250718684986059
-0.04448144298869491 -0.001285001806801932 4.265733061207777
-0.0377238070016666 0.02360432979986956 4.280375062506262
-0.04448859438158764 -0.001007457170587764 4.295321492112999
-0.03642418883438285 -0.0255642028578483 4.286818172308681
-0.03760268899404767 0.0237968018947279 4.310028417289045
-0.04447370453974554 -0.001529576579128093 4.32537474389933
-0.0374221481969044 0.02407971811149218 4.339685584091738
-0.04449587273475177 -0.0006060607005686349 4.354700989218771
-0.03735837879173226 0.02417853457208375 4.369341471785032
-0.04449837342971028 -0.0003804761622670963 4.38436048593519
-0.03723469912863759 0.02436856952715597 4.398998444192337
-0.044499735852903 -0.0001533265204026916 4.414014939750267
-0.03682516444661125 -0.0249831395841283 4.369716951559873
-0.03711005074609943 0.0245579749495337 4.428655816316468
-0.04449994003324469 7.305503149111118e-05 4.443672514593024
-0.03326801448250705 -0.02955485091134281 3.598223731986852
-0.03182872106272006 -0.03109955812405637 3.331974488023953
-0.0321428050781694 -0.03077482870312696 3.391260871838985
-0.03267249626689792 -0.03021188487482272 3.448992283974141
-0.03146573435130098 -0.0314667691657939 3.272281700106542
-0.03276103265331953 -0.03011585528402159 3.509838433445711
-0.03348350511619232 -0.02931049104218356 3.657850874017128
-0.03116822767365259 -0.03176147955752938 3.212426561851077
-0.03381037173381509 -0.02893283192536185 3.717364548027084
-0.03406845187394881 -0.0286284925714302 3.776422796397312
-0.03430179771004269 -0.02834848627103941 3.835319414642342
-0.03089201884074098 -0.03203019156894482 3.153006726225702
-0.03467596245621123 -0.02788956126824926 3.895259657795219
-0.03495739897828578 -0.02753598112784334 3.954561224490242
-0.03165461447996278 -0.03127675466100872 3.095085429705213
-0.03713057695636544 -0.02452692917769006 4.189087131495511
-0.03146251415011684 -0.03146998893157888 3.036308027094188
-0.03707482093955375 -0.02461112862710742 4.429060820784514
-0.031287209251359 -0.03164428127263559 2.976898068412428
-0.03109207730877104 -0.03183602878226813 2.917690495598047
-0.03228842644962411 0.03062201034235365 2.101836154540375
-0.03089222526170362 -0.0320299924817375 2.858461229239817
-0.03203682823118842 0.03088513618045626 2.161090580850417
-0.03068901232072473 -0.03222475015851024 2.799232069578298
-0.03178111903571446 0.03114820175929499 2.220336212078516
-0.0304808008935476 -0.03242176393856305 2.739983095079574
-0.02412222207096209 -0.03739476437095425 2.028131936208339
-0.03152120250465074 0.03141120489030625 2.279581474747136
-0.03026922525833937 -0.03261938077676996 2.680735537734208
-0.03125724723507901 0.03167387717481309 2.338828480024377
-0.03005254133809249 -0.03281912185178393 2.621468256166329
-0.03098928670416148 0.03193609415015056 2.398079069564028
-0.02983238708781822 -0.03301936826534658 2.562203644390743
-0.03071733670992829 0.03219775186948448 2.457334309918216
-0.02710365946727136 -0.03529364876974597 2.502132872551023
-0.02964998369575698 0.03318325582038846 2.516385693727724
-0.03720097183671341 -0.02442002650293517 4.458669297240668
-0.04449916436348519 0.0002727103803120915 4.473286532280734
-0.03731599057364442 -0.02424390330593819 4.488263123151151
-0.0444961825466975 0.0005828711443990266 4.502889019520902
-0.03752231143269938 -0.02392333891302628 4.517908859831016
-0.04449475401519212 0.0006832752941130389 4.532512095551767
-0.0178529712408224 -0.04076176416538382 4.503239594121476
-0.03689022803060423 0.02488696598322145 4.487922632122081
-0.03724367856184678 -0.02435484360824011 4.547828870216955
-0.04449168592153102 0.0008601650189576737 4.562141415609996
-0.03764778705871934 -0.02372538997743397 4.577102407796287
-0.04448738757176359 0.001059408816130174 4.591789200343481
-0.03776536108929647 -0.02353778880428346 4.606695172167751
-0.04448101874266254 0.001299604407080653 4.62135297452483
-0.01873588968287934 -0.04036355333454893 4.59679678489128
-0.03665856032859816 0.02522696879600339 4.547148193907884
-0.03642363302293392 0.02556499476648953 4.606375440587648
-0.03796064092627648 -0.02322153613493953 4.636305892307976
-0.04447114131119779 0.00160237026915669 4.650983425317403
-0.0379723424438469 -0.02320239662895242 4.665944923604885
-0.04446163815626816 0.001847358238425825 4.680464278137412
-0.03418622584155201 0.02848775109955859 4.664971174288633
-0.03808183635967554 -0.0230222444491169 4.695554726763365
-0.04445874540200793 0.001915713256058527 4.71019711351968
-0.03818618214222461 -0.0228487525567775 4.725161890820977
-0.04444500166845639 0.002211747429275913 4.739803226488309
-0.03457487852460361 0.02801477779688612 4.724404313615128
-0.03829219590118541 -0.02267063592105964 4.754778065485596
-0.04443915462618873 0.002326270859054981 4.769428350977834
-0.03839512157974569 -0.02249588048680352 4.784390957082035
-0.04442284186310619 0.002619374124759608 4.799035234766847
-0.03442176003886227 0.02820270263338222 4.783672601721491
-0.03849954616662606 -0.02231669655132292 4.814009639002893
-0.04441577185030738 0.002736642275022808 4.828661037655904
-0.03860090806734336 -0.02214091001690098 4.843623924041099
-0.04440265896680109 0.002941747215169736 4.858277924465951
-0.03870288576222793 -0.0219621636838435 4.873243469938229
-0.04438858909957789 0.003146928303732814 4.887894840144587
-0.03880309443335953 -0.02178462444927116 4.902860994235385
-0.04436730619263596 0.003433968725671022 4.917503435181721
-0.03894247568830778 -0.02153447439027844 4.9323775258556
-0.04435763724095576 0.003556686435402323 4.947130758845222
-0.02044117943469667 -0.03952730933567998 4.917853190263616
-0.03867113264725963 -0.02201802670036646 4.962247690356809
-0.04433459951818572 0.003833182171784493 4.976746319596327
-0.03909987998657753 -0.02124733830472027 4.991728712015938
-0.04432288968790445 0.00396628916165387 5.006367793443188
-0.03927177733739 -0.02092791209754239 5.021352544416771
-0.04430380954348814 0.004174022033282712 5.035986760804238
-0.03929418110673333 -0.0208858165066928 5.050966838373023
-0.0442843586953986 0.004375565670547611 5.065606277434497
-0.03946177292185855 -0.02056741300853541 5.08058944378423
-0.04425577239767631 0.004655814588777325 5.095215689271678
-0.03948514531104378 -0.02052250715107091 5.110206414156137
-0.04424204721220224 0.004784481003543424 5.124846210862492
-0.03964501178095037 -0.02021195292118766 5.139875417141804
-0.04421857006140932 0.004996805151717972 5.154461279040467
-0.0398271548350005 -0.01985063570137987 5.169320961094388
-0.04418894802907382 0.005252320637947853 5.184057020135394
-0.0397652987833878 -0.01997425875140042 5.199068495599183
-0.04417149881292214 0.005397100390025946 5.213708828792755
-0.0399160290816247 -0.01967131470834858 5.228732233197454
-0.0441407019079373 0.005643441775602906 5.243321885676811
-0.03994784892889357 -0.01960661536202251 5.258311695135437
-0.04411975112387452 0.005804960014278542 5.272952385999996
-0.04009586748675692 -0.01930210896468127 5.28789194624162
-0.0440924641518707 0.006008710761552486 5.302574708194249
-0.0402072066320316 -0.01906909895220835 5.317436089155668
-0.04406391158542852 0.006214635612128688 5.332193364860767
-0.04026717083072927 -0.01894214753635041 5.347101288736311
-0.04403479657236169 0.0064176857846675 5.361814848685976
-0.04030275291507335 -0.01886632204396358 5.376802442947373
-0.04400495726841044 0.006619194498227934 5.391443849173921
-0.0404403932905306 -0.01856945315584729 5.406462584956567
-0.04397348689974921 0.006825133689356145 5.421068556705932
-0.04047507595659654 -0.01849373478526553 5.436049991175543
-0.04394192023587461 0.007025499696394059 5.450691755047806
-0.0406097300441905 -0.01819614865123858 5.465638474639703
-0.04390899385931103 0.00722843401180272 5.480316251394461
-0.04071243656713909 -0.01796517488828527 5.495182707608427
-0.04387478701875516 0.007433240481706025 5.509937254822151
-0.04072710723369567 -0.01793189160058286 5.524924030115264
-0.04384039124383479 0.007633485153420648 5.539561918530169
-0.04085372319759396 -0.01764152206852834 5.554580985435362
-0.04380459145718288 0.007836310820105366 5.569191910891798
-0.04089080500927573 -0.01755539990126659 5.58417519547147
-0.04376923875551937 0.008031421963907812 5.598819538713954
-0.04101296452200576 -0.01726808446576216 5.613831124215722
-0.04373185475942642 0.008232549987727539 5.628455614379638
-0.04105102939088057 -0.01717739753132178 5.643427784144799
-0.0436917718364515 0.008442693515191892 5.658070785513585
-0.0411711357603452 -0.01688749774842988 5.673024470274192
-0.04365459102447997 0.008632883787321188 5.68769402216124
-0.04126293145194256 -0.01666194730493077 5.702569715491362
-0.04361190498578765 0.008846001554975594 5.71732499387373
-0.04128484733232137 -0.01660756998320093 5.732309025343196
-0.04357455622366915 0.009028180874921342 5.746948742993147
-0.02836743457539758 -0.03428612920133356 5.685389309193504
-0.04139616812907763 -0.01632811269648569 5.761960849745317
-0.04352838760988517 0.009248214534903215 5.776579674627271
-0.04143647678524136 -0.01622554749850228 5.79156329882893
-0.04349067927358206 0.009423949083182698 5.806201922840479
-0.04154643415059668 -0.01594188851328894 5.821211628353288
-0.04344157831497888 0.009647760025184903 5.835830523818616
-0.04158525906526432 -0.01584033549123412 5.850810309319985
-0.04340414683216471 0.009814786690085847 5.865446425203682
-0.04168979617309154 -0.0155631261334631 5.880426348771012
-0.04335345484214375 0.0100363316630232 5.895054282536423
-0.04173408907473625 -0.01544395704157391 5.910011595924908
-0.04332039849375303 0.01017806830112863 5.92462836790027
-0.04181009387753362 -0.01523699609345048 5.939559835867331
-0.04329308631882649 0.01029362312262489 5.954179405333128
-0.04191078480791419 -0.01495781122974577 5.968751363994308
-0.0432776671801694 0.01035825870706501 5.983287021780982
-0.04201886144830776 -0.01465146008382496 5.997837871436372
-0.02679890776942614 -0.03552560403942192 5.954486174718727
-0.04322018396431123 0.01059555086303182 6.007816672894328
-0.02517924634817617 -0.03669135529437222 5.481930815010797
-0.02440584204326752 -0.03721027914648149 5.392339960724765
-0.03087546577174509 0.03204614818317168 5.997791489256293
-0.02357927482051535 -0.03773947269025642 5.303124592738888
-0.02234572087329105 -0.03848270726771915 5.124815901015751
-0.02223883257438261 -0.03854457582758667 5.214049281156993
-0.03072291527040516 0.03219242888145449 5.940812755100483
-0.03545288426785535 0.02689503666273863 4.843298922440908
-0.02231691298086958 -0.03849942070998335 5.064971961301534
-0.03520254012521449 0.02722188767761457 4.902533415981582
-0.03166576235104081 0.03126546808745082 5.882034125327477
-0.02556746923912051 -0.03642189611630107 5.541193884169924
-0.02577727743089246 -0.03627370905009304 5.600434901471434
-0.0318624520957657 0.03106499873563551 5.822484075519379
-0.03406288060138627 0.02863512118248677 4.961427076246785
-0.02098517154905356 -0.03924121016300074 5.006708212797437
-0.03201569192723366 0.03090704564367912 5.762638978462761
-0.03211480916356451 0.03080404246828382 5.703075884920102
-0.03219077373394395 0.03072464949206132 5.6436698537212
-0.0286189500131797 -0.03407646842240436 5.744637753587942
-0.03469281066736386 0.0278686003953992 5.021006751058184
-0.03226043526265428 0.03065149778826626 5.584252069336443
-0.032403552746327 0.03050016015394023 5.524995430937219
-0.0267818549079419 -0.03553846152677333 5.807680907172174
-0.03265486464208629 0.03023094135495987 5.465617972361152
-0.02905599956859701 -0.03370458261230497 5.864119413041613
-0.0329548519228965 0.02990364082749733 5.40608513157012
-0.03323017281174084 0.0295973920287217 5.346838317504319
-0.03443346844968571 0.02818840631402383 5.080245592680819
-0.03350263980659796 0.02928861768655799 5.28759295303928
-0.03321722679166841 0.02961192064474823 5.228632058399718
-0.03403891986887053 0.02866359946274387 5.169106572842059
-0.02677140918311534 -0.03554633103922552 2.443164705542965
-0.02933296040165422 0.03346382276541318 2.575677884860501
-0.02642024162060247 -0.03580811126978055 2.383875400267373
-0.02899120277487619 0.03376033414624344 2.634943879658424
-0.02015817940716249 -0.03967238085858536 4.859245400873639
-0.02864638846868037 0.03405340552281748 2.694211471624632
-0.02606676732634364 -0.03606623963146509 2.324586810748402
-0.01977842796970644 -0.03986306294111296 4.80007587273054
-0.02833332726960612 0.03431432012780369 2.753484218268138
-0.02571052588634744 -0.03632105255423441 2.265300297822517
-0.02353037126315117 0.03776998316412478 0.4566874029211587
-0.01942365357446563 -0.04003712879090043 4.74080584436653
-0.02798343511847582 0.03460025085125907 2.812752862843697
-0.02543539614223811 -0.03651425232819944 2.205861567677026
-0.02761983407274527 0.0348911846430301 2.872008691395789
-0.02311986813815458 0.03802264716289943 0.5155460057991226
-0.01897187503964722 -0.04025317325975693 4.680922405724562
-0.02507592302059952 -0.03676204679645799 2.14664572513606
-0.02728244598572273 0.03515562744477933 2.931295173597552
-0.02263533111046835 0.03831307590783417 0.5748683669748806
-0.02693311074614913 0.03542396851759647 2.990585776535929
-0.02214760391576898 0.03859706777451125 0.6341930442364078
-0.02651520436350432 0.03573785020900951 3.049850568243166
-0.02614994477561492 0.03600597711814373 3.109129342588728
-0.02165649680221964 0.0388747494687162 0.6935204678098573
-0.02578190350083357 0.03627042117033803 3.168409714685037
-0.02351570491214456 -0.03777911622159709 1.913255621895688
-0.02116201004333227 0.03914612791740588 0.7528501973806976
-0.01746489354224221 -0.04092954304115972 4.444030293375862
-0.01725486988685969 -0.04101852587779749 4.414456679810344
-0.02537745965390314 0.0365545420093662 3.227663922276085
-0.01478546808235692 0.0419718945675032 4.385378163542205
-0.01806752807289381 0.04066711729807258 4.324668677730546
-0.01856577456635216 0.04044208222571374 4.265377980898556
-0.01897568048651641 0.04025137948038104 4.206067879156199
-0.0206640524303282 0.03941125394042477 0.8121819043719558
-0.01938325736368903 0.04005670148643039 4.146759431839168
-0.01971216347761276 0.03989587210516734 4.087432106523114
-0.02481520237115183 0.03693853991806905 3.31658987700849
-0.02449555836238139 0.03715128020021877 3.375916030978207
-0.02011826273974444 0.03969263791101078 4.028126960330602
-0.02405646819731937 0.03743709841682928 3.435163409361452
-0.02052225366462099 0.0394852770602531 3.968823412676619
-0.02367330737795554 0.03768055888371132 3.494452572531699
-0.0209240943932225 0.03927381155201917 3.909521463508858
-0.02328767015419664 0.03792010573283438 3.553743333767704
-0.02132374329735081 0.03905826380919519 3.850221112774547
-0.02289959642067566 0.03815571364514335 3.613035693122207
-0.0217211589838606 0.03883865667602127 3.790922360421257
-0.02250912633200144 0.03838735770758387 3.672329650647615
-0.02211630029886093 0.03861501341564708 3.731625206396457
-0.02210782789151141 -0.03861986465433702 1.761450917657335
-0.02016265580506737 0.03967010601052615 0.8715157975830037
-0.01965796545753874 0.03992260505115133 0.9308513602881363
-0.01915008238274376 0.04016869856908644 0.9901881866727215
-0.008641352090753396 -0.04365291552741502 0.2212123343768609
-0.04196954414517511 0.01479213859609885 0.1175763663174092
-0.02724406085140564 0.03518538259455063 0.1026574332406836
-0.01841773367474757 0.04050971594921481 1.049674982434341
-0.01926834393414619 -0.04011210443289471 1.406037662936435
-0.01899219940687937 -0.04024358783321053 1.346415169608124
-0.01852575681882076 -0.04046042924006017 1.28716337480431
-0.01788555579719522 -0.04074747714675617 1.22831429238951
-0.009106134417811098 -0.04355833233681882 0.2802334889002289
-0.009676841812748017 -0.04343510944536749 0.339284880961618
-0.01024097840386303 -0.04330556963407375 0.3983803135700595
-0.01055518465410483 -0.04323005987640718 0.4280188568122572
-0.01696299855357024 -0.04114008604842209 1.109643425323616
-0.01675171524833354 -0.04122656954245343 1.082642822858989
-0.0421291007667794 -0.01433139450934721 6.026746053784581
-0.02785580908353495 -0.03470308200004218 6.012679365862335
-0.0309610105885072 0.03196350768201677 6.021558064751598
-0.01026835680526724 0.04329908600097376 1.997558324891665
-0.01053242307466489 0.04323561106514243 1.967849574814781
0.0002551012697807057 -0.04449926879558985 2.043113845804828
9.767817028362716e-05 -0.04449989279734334 2.072675350341959
-0.00878760672781618 0.04362370878315185 6.012120928601558
-0.009061724358857402 0.04356759290624271 5.984333823996009
-0.02939449672198507 -0.03340978243660394 0.06820445520891234
-0.04292156951785527 -0.01174686639593376 0.07501257772188559
-0.003994296242864489 0.04432037451922353 0.1122342869305533
0.01512076776037772 -0.04185226854468849 0.4134831836182796
-0.02754877741420181 -0.03494731553328186 6.035477290602313
-0.005253968174146445 -0.04418875217094341 6.027186765914585
-0.002369454398893353 0.0444368730431335 0.1756572045870217
-0.003946961145225089 0.04432461503180917 0.08780967816925038
-0.02747909493568613 0.03500213338520309 0.0736619052969389
-0.00349303726150559 0.0443626948086986 0.06652171373952466
-0.004812613549534274 -0.04423899581616697 5.998505201758464
-0.008705487823215376 0.04364017050562301 6.040877305687484
0.008795163892095141 -0.04362218577869735 1.095382380421979
-0.00218424307369178 0.04444636185555607 0.2013798382366558
0.007924848137147512 -0.04378866042713741 4.430017785668839
0.02423946732223162 -0.0373188722221675 2.060828168396943
0.0005948054034949597 -0.04449602461492457 2.013588529950583
0.01601346158237285 0.04151889989089148 1.984825338071049
0.01861481882830116 0.04041953141724338 0.1001046360468253
0.01642756982301459 0.04135680052554816 6.000095283277057
0.01486410383751744 -0.04194411063674493 0.4430532939834291
-0.01084047359656204 -0.04315940375169983 0.4575278544837633
0.007848821674669113 -0.04380235151586321 4.458960262771916
0.01953204743807372 -0.03998436097872314 6.007592205208589
0.01731072490495839 -0.04099498509897098 0.06461133274616621
0.009079370572327466 -0.04356391890097071 1.065856625060926
0.00847623363397711 -0.04368527742137201 4.406138488990697
0.03701614343929458 -0.02469929401585334 5.871664782374763
0.0172148425364059 -0.04103534082284135 5.887228456399335
0.01707424883105946 -0.0410940388238375 5.916145140338025
-0.007917212261894162 -0.04379004167616323 5.906826279076322
-0.007860868502866679 -0.04380019116831156 5.935067875773738
0.01713836039528088 -0.04106734229240392 5.946093365986007
0.03696282247583375 -0.02477901843536178 5.752311719329801
0.01736441205895004 -0.04097227347666944 5.767128108570015
0.01712704490667814 -0.041072062679693 5.796356283950831
-0.004426764445068138 -0.04427927005437059 5.784839152879874
0.03695664138601779 -0.0247882362717737 5.811780461728747
0.01690983263245559 -0.04116196740125938 5.826748998773478
0.01711426376528423 -0.04107739007985146 5.855937434466849
-0.007416947365631877 -0.04387754427694702 5.839819836321336
0.03703126869261574 -0.02467661117364573 3.959244127231668
0.01736441205891678 -0.04097227347668354 3.974186932099428
0.0170882588496424 -0.0410882149708115 4.003713183139371
-0.008167199424004018 -0.04374410650097391 3.988669732533608
-0.008491260708214838 -0.0436823590432697 4.018166976637294
0.0167870861793864 -0.04121217948138455 4.033178209470537
0.03697351837528125 -0.02476305592920105 3.092976723329412
0.01736441494840361 -0.04097227225209333 3.077881651899236
0.01717594017903977 -0.04105163917514192 3.048412126555748
-0.006520668918208541 -0.04401966466091159 3.062479468225146
0.03691774962208023 -0.02484612168611823 3.033266711066633
0.01720236964986956 -0.0410405711269866 3.018124774459017
0.01715099304667253 -0.04106206811052008 2.988617128010247
-0.006381882320998431 -0.04403999975069173 3.002765312608406
0.0368903726701419 -0.02488675158107315 2.973541997367597
0.01720106867580779 -0.04104111641281392 2.958353021380426
0.01715518810372445 -0.04106031564815145 2.928845962503505
-0.006210436432976772 -0.04406450362039671 2.942938696462283
0.03689288991306763 -0.02488301978985413 2.913777415642103
0.01720488317889825 -0.04103951747767588 2.898595099025779
0.01715147250594922 -0.04106186784448155 2.869088058391164
-0.006040626901777202 -0.04408810300561281 2.883091595344666
0.03689052480466765 -0.02488652606605028 2.854012515035401
0.01720116845328932 -0.04104107459413756 2.8388238615526
0.01715504482084818 -0.04106037551210035 2.809316793783966
-0.005874319538424192 -0.044110569821308 2.823272197935249
0.0368928011221487 -0.02488315143549112 2.794247997575057
0.01720474589811222 -0.0410395750292494 2.779065444700402
0.01715160524402832 -0.04106181239975922 2.749558403181249
-0.005713387360558303 -0.04413170294548141 2.763452502369247
0.03689060935162201 -0.02488640073747142 2.734483110481684
0.0172013012828549 -0.04104101892224966 2.719294683338532
0.01715491707604553 -0.04106042888370751 2.689787616511763
-0.005555758032479951 -0.04415182388853867 2.703658052022033
0.0368927197249693 -0.02488327211792816 2.674718579299707
0.01720461796646582 -0.04103962866094139 2.659535808056708
0.01715172822389525 -0.04106176103059433 2.630028765569581
-0.005403516213980448 -0.04417071442172121 2.643862081913228
0.03689068772075043 -0.02488628456580196 2.614953705407141
0.01720142444162299 -0.04104096730316106 2.599765488100186
0.01715479864507011 -0.04106047836359314 2.570258422151173
-0.005254572558652011 -0.04418868030645248 2.58408891946871
0.03689264426154436 -0.02488338400200298 2.555189161483661
0.01720449936081098 -0.04103967838255868 2.540006187805308
0.01715184223991896 -0.04106171340527489 2.510499144422667
0.03689076037741567 -0.02488617686138428 2.495424299831014
0.01726592353812608 -0.04101387429121496 2.480496172048059
0.01730128073056556 -0.04099897175640093 2.450525265161275
0.03694926056230293 -0.02479923676041352 2.435495981737954
0.01728563652990312 -0.04100556998452867 2.420595787760555
0.01726454049503752 -0.04101445649396331 2.390776115771881
0.03694864833146001 -0.02480014892048224 2.375731122992752
0.01727886478732495 -0.04100842391096422 2.360842030119217
0.01726745023302393 -0.04101323155336631 2.331018102292667
0.03694876857383567 -0.02479996977573023 2.315967082005737
0.01728275562588511 -0.04100678429206484 2.301083531394644
0.01726880662142226 -0.0410126604583502 2.27125244726587
0.03694866591723889 -0.02480012272018567 2.256201913214281
0.01720174262669101 -0.04104083394139404 2.241177812203185
0.0173515933021108 -0.04097770381412487 2.211167598628648
0.03695147410432247 -0.02479593840768252 2.196428560839848
0.01730163980193588 -0.04099882022892937 2.181300051104905
0.0173959803747629 -0.0409588801946643 2.151243519781925
0.03696684513288797 -0.02477301679087706 2.136703805717686
0.01720183361659671 -0.04104079580401582 2.121648560405273
0.03703126869260259 -0.02467661117366546 0.6426382257094735
0.01736441205899943 -0.04097227347664852 0.6276954208415586
0.01718057779090565 -0.04104969849792613 0.5975834537472648
-0.008167133478801273 -0.04374411881315525 0.6132126196586174
0.0369604118472598 -0.02478261398805497 0.5829797934305474
0.01719605069229514 -0.04104321917915328 0.5679270798513655
0.017248020553033 -0.04102140644836731 0.5381564356324156
-0.008213596739866732 -0.0437354184682718 0.552744064221941
-0.008097901313788746 -0.04375698794835104 0.5232446604509352
0.01733657188151949 -0.04098406123600865 0.5084835481399109
-0.008361738144506073 -0.04370733731540635 0.5824103471658442
0.03703126869260254 -0.02467661117366552 0.3434794213493519
0.01745600845398424 -0.0409333332243348 0.356999232184081
0.03703999536552963 -0.02466351036088624 0.2838831757036505
0.01736441494811544 -0.04097227225221546 0.298824230453711
0.03703126869260257 -0.02467661117366549 0.2239500095846458
0.03702110667093655 -0.02469185413975907 5.064973193075352
0.01736441494851228 -0.04097227225204728 5.050116946016723
0.01717595904166315 -0.04105163128304538 5.020647453995792
-0.007609384424183532 -0.04384458083600518 5.035687555097476
0.006000405208477465 -0.04409359519628759 4.990449438658494
0.03683368942928907 -0.02497056913701964 5.005716279711455
0.03703126869260259 -0.02467661117366546 1.030773538996412
0.01736441494836533 -0.04097227225210955 1.015999298958057
0.0171885749013861 -0.04104635054252009 0.9865015557796111
-0.008039980453692398 -0.04376766745331814 1.001347615117121
-0.00832069964457624 -0.04371516850504809 0.9719373851666701
0.01710922355117241 -0.04107948964478512 0.9559945762967956
0.03703126869261572 -0.02467661117364576 1.419244127231669
0.01736441205895306 -0.04097227347666816 1.434186932099428
0.0171488388265626 -0.04106296782869669 1.463588075967789
-0.007512107724682817 -0.04386135243620243 1.449967901589042
0.03703126869261589 -0.02467661117364549 5.602773538996373
0.01736441205895099 -0.04097227347666904 5.617716343864132
0.01708829002507498 -0.04108820200518542 5.647242598306277
-0.008167131188559957 -0.04374411924074882 5.63219914506404
-0.008159065250989245 -0.04374562440096266 5.657876157697178
0.01678714919443266 -0.04121215381321217 5.676707558678272
0.03703126869261701 -0.02467661117364382 4.437697049238928
0.03703126869261557 -0.02467661117364599 4.676755872768336
0.01736441205895299 -0.04097227347666819 4.661813067900577
0.01707305227521365 -0.04109453596292117 4.63232336116228
-0.006511152690311971 -0.04402107325637851 4.649246863101549
0.03703126869261432 -0.02467661117364786 1.35947942134932
0.01736441205903811 -0.04097227347663211 1.374422226217235
0.01746039690220548 -0.04093146149378804 1.404495354700109
0.03703126869261467 -0.02467661117364734 1.240285284533039
0.01754891070300452 -0.04089359036741545 1.255021113087036
0.01726393777873353 -0.04101471019490467 1.284620675403191
0.03695084923250404 -0.02479686958058929 1.299749083066268
0.01723102888276751 -0.04102854669180023 1.314093353235811
0.01753476980314808 -0.04089965584146896 1.343796226121555
0.0370312686926158 -0.02467661117364563 3.660755872768338
0.01736441494848738 -0.04097227225205783 3.675530112806811
0.01716632963382979 -0.04105565889012983 3.704949889446138
-0.008143900685247046 -0.04374845004830265 3.690475035453915
0.03692772125739832 -0.02483129885317906 3.719848622912163
0.01695332508194447 -0.04114407331154649 3.734457954809117
0.01656752539654785 -0.04130093343055023 3.763441936964007
-0.008628510196077185 -0.04365545569337459 3.74899260437412
0.03642206186985103 -0.02556723311484336 3.779747475861647
0.01584206460054634 -0.04158460038514397 3.794128427145513
0.01607030750533029 -0.04149693020795785 3.823627805745252
-0.009031608650379601 -0.04357384588473214 3.808042933323255
0.03608773296643954 -0.0260370030791363 3.839749800200864
0.01538490497840875 -0.04175589418040684 3.85410600759092
0.01580255919415204 -0.04159962887953834 3.883354322972457
-0.009973111075364614 -0.04336804186815955 3.871368092534113
0.03598573433584096 -0.02617779448903739 3.898538282871922
0.01540693465914321 -0.04174777077172973 3.913559885062448
0.01574094843352588 -0.04162298094097874 3.943158852694137
-0.01018227197109448 -0.04331941063203265 3.927729177475095
-0.009419933122127846 -0.04349154929379544 3.958554436889459
0.03698103790203344 -0.02475182489612364 3.212469091750016
0.01736441205901362 -0.04097227347664249 3.197577773782785
0.01707300169746328 -0.04109455697581391 3.168087978839913
-0.008167207032912649 -0.04374410508035959 3.183094973453988
0.03695553501063635 -0.02478988568101174 3.152880666457054
0.01711280764876462 -0.0410779967181505 3.13749366143365
0.01723916010291657 -0.04102513082180249 3.107986231519509
-0.008149191620013794 -0.04374746479443462 3.123431861081014
0.0370312989137216 -0.02467656582190077 0.8815778199049586
0.01736441494847152 -0.04097227225206455 0.8665875342520178
0.0172055170627522 -0.04103925173054868 0.837065717416869
-0.008113030285982701 -0.04375418539498509 0.8520224972971844
-0.008320678118788455 -0.04371517260223863 0.8225256302398816
0.01700488878729159 -0.04112278878349381 0.8076160451905413
0.03699274720353039 -0.02473432138417577 3.332162285854293
0.01736441205902042 -0.04097227347663961 3.317107185547475
0.01707299589778273 -0.04109455938532854 3.287617380490311
-0.008167222150485504 -0.04374410225784293 3.302624385389739
0.03683536910848915 -0.02496809128951116 3.27236010824696
0.0171128083282194 -0.04107799643509435 3.257023073090936
0.03703126869261589 -0.02467661117364549 5.214638225709511
0.01736441494851191 -0.04097227225204743 5.229412465747984
0.01719116403831728 -0.04104526621923248 5.258942966777756
-0.008113016546753542 -0.04375418794255132 5.243977502817542
-0.008017397242829374 -0.04377180989461907 5.269534837814174
0.01701426411973621 -0.04111891069160097 5.287932299697323
0.03710331927911849 -0.02456814397694287 1.092319409508335
0.03699663640705723 -0.02472850368631324 3.451201025373098
0.01736441494849317 -0.04097227225205537 3.466353642218575
0.01716835637359059 -0.04105481140413863 3.495751819923771
-0.007991922110999538 -0.04377646834740916 3.482955666082517
0.03696715791263144 -0.02477255004763478 3.510983819469848
0.01695332590086365 -0.04114407297411263 3.525281498441022
0.0166144586351747 -0.04128207558081435 3.554867791891416
-0.008628503027790007 -0.04365545711018748 3.539816153899669
-0.009056483271584967 -0.04356868268322445 3.569324058260982
0.016393345883465 -0.04137037842158421 3.584533715251927
0.03703126869261561 -0.02467661117364592 1.748285284533044
0.01736441205904779 -0.04097227347662802 1.733342479665112
0.01707306770898829 -0.04109452955083318 1.703852799841855
-0.004750955196571401 -0.04424565995349342 1.721257636003255
0.03703540166344511 -0.02467040785287683 4.736310232691446
0.01749891588742303 -0.04091500877141411 4.721838938331071
0.01769906640898272 -0.04082882619241483 4.691539020364974
0.03701057651913447 -0.02470763496818932 5.54322090116451
0.01736441205903738 -0.04097227347663242 5.557951637981935
0.01707303092783912 -0.04109454483185145 5.587441381949075
-0.006668814547516123 -0.04399746484208877 5.572479514598003
0.03696446009287913 -0.02477657543006995 1.89760092203989
0.01736441205904866 -0.04097227347662764 1.882754244370999
0.01707306770897066 -0.0410945295508405 1.85326456454774
-0.00487928043984818 -0.04423169251101878 1.869699951647925
0.0370354015358176 -0.02467040804447221 4.796005605939003
0.01749483726954259 -0.04091675291261788 4.781599210238176
0.01775441668464494 -0.04080478756454935 4.751714449871101
0.03703875979419773 -0.02466536585797424 3.391653845511637
0.01736441205901915 -0.04097227347664015 3.406422226217238
0.01707299643508302 -0.04109455916210372 3.435912030337389
-0.008167365442109484 -0.04374407550440443 3.420905025073014
0.03702237549557399 -0.02468995165375426 4.198425596317302
0.01727286269831638 -0.04101095236891129 4.213069043653043
0.01707301259492783 -0.0410945524483895 4.242735531563965
-0.008111957439421226 -0.04375438431175804 4.227750408074806
-0.009555090274357482 -0.04346205528790463 4.257904758322205
0.01708539157647315 -0.04108940732936629 4.27303391734116
-0.03103366026255363 -0.03189297619709392 4.23615647111802
-0.007655993420614061 -0.04383646615254831 4.20131308902623
0.03703126869261841 -0.02467661117364171 4.855714715466955
0.01757370687410916 -0.04088294053395485 4.841247470691638
0.01778365707705233 -0.04079205242404219 4.811177783369873
-0.005040375781706298 -0.04421362473241917 2.524102391002406
-0.04201732448710231 0.01465586718504069 0.09166973508531227
-0.007918148375399217 -0.04378987241709163 1.030931198078113
0.01725596481658028 -0.04101806526701306 5.737636345387041
0.01702380876653975 -0.04111495999122806 5.708114153941243
0.03694700305505572 -0.02480259996955365 5.692803177657516
0.01735564911038138 -0.04097598618651316 1.912051630713251
0.01732592287864423 -0.04098856421495235 1.941564899446254
0.01735965307094363 -0.0409742900518908 1.762679963167674
0.01730987060935737 -0.04099534582714611 1.792160167277297
0.01736441494841522 -0.04097227225208841 0.6574124657478282
0.0170860685812704 -0.04108912581737563 0.6866686128690163
-0.008112869152165015 -0.04375421527258658 0.6719775038250008
0.01725591782402226 -0.04101808503636647 5.528459791391037
0.01702381154199818 -0.04111495884203861 5.498937524983829
-0.006638487450275414 -0.04400205091098068 5.512494446968984
0.01720162543412585 -0.04104088306096781 4.183970259114094
0.01702382243902673 -0.0411149543300791 4.154231598821247
0.01736441494849455 -0.04097227225205479 3.227294818689135
-0.008171913872663651 -0.04374322603166995 3.24239239687599
0.01725588379247241 -0.04101809935309884 3.376930319223079
0.01731068894990005 -0.0409950002814954 3.347256386053178
-0.008251837768457546 -0.04372821941770619 3.362377491290116
0.017463407894216 -0.04093017694464848 1.226416869168001
0.01734316641819657 -0.04098127107095068 1.195445975117172
0.01736441205904106 -0.04097227347663087 4.870657520334869
0.01707306450150274 -0.04109453088340986 4.900147205751458
0.01736441205895266 -0.04097227347666833 5.079833990922957
0.01707306328795614 -0.04109453138758786 5.109323678455156
-0.006674525915750269 -0.04399659877535965 5.095005457221783
0.01736051800206426 -0.04097392359415928 5.19994161061786
0.01692826812160125 -0.04115438905394148 5.170431409769193
-0.00824800333745012 -0.04372894282903957 5.185575258586928
-0.008738661002551058 -0.04363353989630561 5.156078213898525
0.01647035677975746 -0.04133977923922063 5.140921505436819
0.01736441205902304 -0.0409722734766385 0.8963045791583776
0.01718388335472732 -0.04104831486006612 0.926307818185123
-0.008167078045116627 -0.04374412916272278 0.9107873809778351
-0.008491147390772584 -0.0436823810704977 0.9402846043542533
0.03690799699009624 -0.02486060655291915 0.9411015123098097
0.03712880984388382 -0.02452960414635174 0.9711012099318969
0.01736049888155765 -0.0409739316954504 3.646059223288719
0.01692192308080209 -0.04115699842368752 3.616539011650401
-0.008217210982567356 -0.04373473955184796 3.630915399565851
0.0173644120587734 -0.04097227347674431 0.2388928144525615
-0.03093160125589435 -0.03199196842562762 0.9868612576612843
-0.04328703030685794 -0.01031906038421919 0.1325080182511005
0.03703131735741699 -0.02467653814404012 5.961697194773771
0.01746241082475663 -0.04093060234332525 5.974369184282962
0.03709996398850361 -0.02457321045471543 5.931468268136783
0.03703126869260277 -0.0246766111736652 5.393932343356532
0.01725812596226424 -0.04101715602367649 5.408706255463206
0.01716573690324165 -0.04105590671960233 5.438232459294411
0.01740729860501799 -0.04095407129060234 5.379036958421196
-0.008192881850240174 -0.04373930368659296 5.423367290803813
-0.008307925801942168 -0.04371759793114694 5.452872180047196
0.01705874947802228 -0.04110047525572028 5.467716081615693
0.03695129691257185 -0.02479620246083979 5.483628440062086
0.03704593030798458 -0.02465459485807766 5.36423569911603
0.01719566793625776 -0.04104337954196702 5.349940910218974
-0.008134965097771042 -0.04375011248966163 5.364150890680786
-0.008174853806993081 -0.04374267670404145 5.334590611641391
0.03703126869260242 -0.02467661117366572 4.616991166885945
0.01692834643848399 -0.04115435683932706 4.60262457076216
0.03669364209042542 -0.02517591369026674 4.58733858461128
0.01703819226571111 -0.04110900149987423 4.571793362655578
0.01726255130010192 -0.04101529376478181 4.542276187463551
-0.008043245901460447 -0.04376706747508496 4.552833555876602
0.03693086154945843 -0.02482662814831553 1.478580234668335
0.01678107619002257 -0.04121462703828165 1.49212980057457
0.03692435565993057 -0.0248363032494563 1.508338446252818
0.0167002565103287 -0.04124744152658712 1.523938943238711
0.01693724718518876 -0.04115069449945912 1.55289562700703
-0.008263565881076615 -0.04372600460743133 1.539422879837637
0.03692472256212662 -0.02483575776395753 4.018399540176863
0.03692641483080057 -0.0248332415875099 4.048213902096291
0.015951792180296 -0.04154263263488061 4.062676212394337
0.01619559720790393 -0.04144819213282208 4.092640645339716
-0.009379910207373107 -0.0435001986719787 4.077871850221617
-0.009296935863668192 -0.04351800757786183 4.107402474715623
0.01618119985514502 -0.04145381491790417 4.12215282965238
-0.00928744148248203 -0.04352003481971806 4.13691003017808
-0.02709322537990951 -0.03530165914675154 4.161064476548817
-0.00967014595852537 -0.04343660066281448 4.049441250074363
0.03698496962028664 -0.02474594961173392 5.453649312432341
0.03693597807070276 -0.0248190153704889 0.4932379704495034
0.01725105478791741 -0.04102013053007355 0.478117647058981
-0.00796998192101289 -0.04378046811283232 0.4937418823108863
0.03703126869260257 -0.02467661117366549 0.1645205786506491
0.036938453832676 -0.02481533051263399 0.7018125269845968
0.01684668691157305 -0.0411878518510426 0.7165366857398044
0.03694320308802893 -0.02480825962450106 0.7316385185898562
0.01636583466424788 -0.04138126938292858 0.7459945879659634
-0.008834471227987984 -0.04361424214774175 0.7308417171463987
-0.009081076616514111 -0.04356356330105471 0.7603366078860605
-0.008911658108923038 -0.04359853609640656 0.7918534485908336
0.01579078331964133 -0.04160410030456298 0.7755699172762258
0.03702996454800247 -0.0246785681426958 0.4334578025368208
0.03717336854219831 -0.02446202508432 0.4032170994755712
0.03703126869261462 -0.0246766111736474 4.377932343356568
0.03694011742611684 -0.02481285401852635 4.348112698329497
0.01723089709984767 -0.04102860203729176 4.333005301583699
0.01713831037715672 -0.04106736316609872 4.30294319422249
-0.008240966829047201 -0.04373026944488844 4.318383637526921
-0.008042750715706931 -0.04376715847442001 4.339173356118751
-0.008800015291349042 -0.04362120735229623 4.286728428422225
-0.02938300710285367 -0.03341988769570674 4.329564312266621
0.03703126869261559 -0.02467661117364595 4.288285284533043
0.03705372499940998 -0.02464287855888795 4.257854908539502
0.03693066512532399 -0.02482692033662609 4.915049035135992
0.01674071054266391 -0.0412310394063349 4.929851325176863
0.03681535253910809 -0.02499759623286181 4.944974579049087
0.01608840419231486 -0.04148991745647013 4.959431018086332
-0.01289105923295087 -0.0425919075864483 4.965172288002867
0.03697109486988988 -0.02476667406257049 5.304048741597282
0.03697509816880831 -0.02476069698952331 5.124823529411765
0.03701697921235351 -0.02469804142016504 5.154694826944086
0.03697945980137005 -0.02475418253141994 5.662737670901727
0.03703126869261335 -0.02467661117364931 3.600991166885978
0.03701710864488888 -0.02469784742791349 3.571117804518833
0.03695258745438435 -0.02479427918746734 1.65827030827902
0.0172674903843631 -0.04101321464876811 1.643529411764692
0.01727572682809023 -0.04100974594606998 1.613971042062092
-0.005782930682627746 -0.04412264399058518 1.631533113275128
0.01713778067840347 -0.04106758421698238 1.67306700245131
0.03696030882874655 -0.02478276762760123 1.688222887346655
0.03699700879138845 -0.02472794654818563 5.27421922064781
0.03700131045460441 -0.02472150935201939 1.599084370336101
0.01715385809681978 -0.04106087130583289 1.583161220501303
0.03698210633083691 -0.02475022851075666 1.568801228407441
0.03699493353193112 -0.02473105119011318 1.180669847234023
0.03702911636807565 -0.02467984078148626 1.150833268996181
0.01724145305361009 -0.04102416722616267 1.135606080995877
0.01677807867362117 -0.04121584738934501 1.166307341149049
0.037004137051745 -0.02471727818866133 0.7916107701452603
0.03720885060075559 -0.02440801993138014 0.8215941842905041
0.03695100344972194 -0.0247966397735386 1.807749639924169
0.01697721058914742 -0.041134223228496 1.82250731800452
0.03694226833303214 -0.02480965155761463 1.837862462778596
0.03701458757360513 -0.0247016255893396 1.985683305985487
0.03691078748065479 -0.02485646329544766 1.956548009371696
0.01720389285884908 -0.0410399326327571 1.968476868903401
0.0371731587135262 -0.02446234394449949 4.498076315833551
0.03697580338775375 -0.0247596438550755 4.527585569049447
0.01724303373689921 -0.04102350286784583 4.512440868163799
0.03693859122633748 -0.02481512599632617 4.108610279157405
0.03691987125033869 -0.02484296896223183 4.138588511752021
0.03700209871619627 0.0247203295001678 5.931566562910584
0.01699766277177515 0.04112577610571026 5.942932924175734
0.01708668880588082 0.04108886790422665 5.914995723632858
0.01702929544142449 0.04111268778331914 5.886973887269955
-0.008002470541698344 0.04377454129090618 5.899898633988108
0.03701108799562357 0.02470686878947248 0.1642456106949878
0.01717338361005925 0.04105270874597373 0.1494115579073314
-0.0238868660363219 -0.0375455407600265 1.998596420708253
-0.004048281886747388 -0.04431547600743371 5.724635967505973
-0.03315379257122773 -0.02968292502675578 0.6203397135134611
0.03693461212237616 0.02482104807153847 5.872002925497148
0.01695199758603238 0.04114462027827152 5.857163823646204
0.01678758672021695 0.04121197559097593 5.827587753809378
-0.007421023801627765 0.04387685501190433 5.840164767405129
-0.03477214083242913 -0.02776955566676778 3.924998167639932
-0.03694570300749626 -0.02480453646577339 4.399336735296332
-0.01702316019436213 -0.0411152285290631 4.384890772711585
-0.03652902356372384 -0.02541417788323887 1.065284778763738
-0.02739966570495241 -0.03506434541320933 5.983902113029083
-0.0176924527018517 -0.0408316925609598 4.473541580727829
0.03677632718826074 0.02505497472642895 5.812196734076627
0.01676008198909785 0.04122316887041459 5.797425237730792
0.01663348362911411 0.04127441365252803 5.767883200130544
-0.007763051351006403 0.04381763382157505 5.780748596288562
0.03670760137095644 0.02515555607795138 5.752432379081833
0.01643247682003173 0.04135485105231453 5.737764736080223
0.01668954161058505 0.041251778153536 5.707776343653616
-0.008046637920408843 0.04376644397455473 5.72116871589946
0.03671156696741514 0.0251497684044405 5.692667891980744
0.01670535842087284 0.0412453754987171 5.677920593251351
0.01665171284424442 0.0412670626450784 5.64815213462663
-0.008303168299350029 0.04371850176061239 5.661484200340802
0.03673369982515407 0.0251174301463242 5.632903251984566
0.01650643584313251 0.04132538657721849 5.618178048057594
0.01666646908459127 0.04126110527182183 5.588214072116012
-0.0085703439313269 0.04366691201469104 5.601945203140885
0.03674990635882183 0.02509371201352695 5.57313854260206
0.01670198855351701 0.04124674021493319 5.558436461566944
0.01669149027174108 0.04125098971550104 5.528564688298276
-0.008747944769031658 0.04363167957250754 5.543095980403949
0.03675680356665905 0.02508360802520323 5.513373817275067
0.01671341744999492 0.04124211048360892 5.498694292964482
0.01674755511680957 0.04122825969658949 5.468682952926888
-0.009045209694222345 0.04357102456435407 5.483485211696528
0.03675804329825822 0.02508179126145846 5.453609097137297
0.01668177844968058 0.04125491810385487 5.438805282994771
0.0167470249720527 0.04122847504559735 5.408919553894189
-0.009249485115939298 0.04352811763779841 5.423551164000072
-0.009198548692038967 0.04353891020639111 5.453136402946249
0.0367572837058154 0.02508290442851859 5.393844385185852
0.01668057125908325 0.04125540622113235 5.379040924298467
0.01674595578592327 0.04122890933332948 5.349155554002608
-0.009347265473667366 0.04350722501108047 5.363747624855062
-0.009345796679207962 0.04350754054679378 5.393535794690549
0.03675640378217204 0.02508419384795789 5.334079678228886
0.01667937998403532 0.04125588786280283 5.31927709529251
0.01674527765685759 0.04122918476267444 5.289391059952552
-0.009362875808775168 0.04350386829454885 5.304009829035228
-0.009410680920552928 0.04349355221882367 5.333800645518009
0.03675592542607642 0.0250848947789842 5.274314973031653
0.01667877648111551 0.04125613184840513 5.259512970813711
0.01674502831374644 0.04122928603276838 5.229626340148346
-0.009146615634147868 0.04354984985555245 5.244374244403112
-0.009296267564110292 0.04351815034415492 5.274195485670845
0.03675578056520623 0.02508510703669426 5.214550267932259
0.0166786137396647 0.04125619764014939 5.199748488142607
0.01674500697948916 0.04122929469754314 5.169861571421022
-0.009338813358540025 0.04350904003829956 5.184539308030908
-0.009275600216982984 0.04352256013396621 5.214328793312945
0.03675578900555079 0.02508509466953298 5.154785562473228
0.01667863954003992 0.04125618720984062 5.139983807315593
0.0167450523963989 0.0412292762517347 5.110096821389499
-0.009142142822510442 0.04355078902399841 5.124732802735103
-0.008886010590621114 0.04360377066015472 5.095116926945785
-0.03246506064508541 0.03043468148857363 5.110291578487667
-0.01127346381515711 0.04304833345912874 5.06529055750559
-0.009348911916968284 0.04350687125005392 5.154719960408227
0.03675583116773708 0.02508503289152332 5.095020856718046
-0.04071665187977335 -0.01795561916786355 2.013067648785246
-0.03027650930917273 -0.0326126200120686 0.1183723559556115
-0.02035670550984512 -0.03957087995970573 4.889253349017963
-0.02002466165890387 -0.03973994118574441 4.830247746387514
-0.01966645775729364 -0.03991842230450228 4.771009716956765
-0.01928023204342934 -0.04010639166456539 4.711533751063197
-0.03434177614354261 -0.02830004260256171 3.865044072786021
-0.03410617561999935 -0.02858354044861766 3.805695084780331
-0.03392868219735609 -0.02879400153418784 3.746779368588835
-0.033635617998933 -0.02913580618122406 3.687502808115909
-0.03333291296013646 -0.02948163688793359 3.6279928052456
-0.02694102854193881 -0.03541794716104306 2.473143458420599
-0.02660813465274311 -0.03566871416664037 2.413900891131258
-0.02626560772061494 -0.03592169053742839 2.354540346961961
-0.0259207256063098 -0.03617134202711306 2.295181508262533
-0.02561281161704402 -0.03639002447195955 2.235526565805876
-0.02511524253572059 -0.03673519555374561 2.176129458135802
-0.02376515767942139 -0.03762269634771329 1.940734255138332
-0.0225047465239518 -0.0383899255520596 1.791285016241694
-0.01931961406751056 -0.04008743584070261 1.375882101598932
-0.01893563823765283 -0.04027023223837603 1.315781969505467
-0.01847205117301053 -0.04048497654021403 1.256951669885502
-0.03551993663798046 -0.02680641903040861 0.9147458326758202
-0.03412365224839049 -0.02856267419607125 0.6802528893194776
-0.0179850659646529 -0.04070365342628453 1.198226209793663
-0.009936354723501744 -0.04337647812822918 0.3689615311748362
0.03700209871619541 0.02472032950016908 0.2241981429717681
0.01727636781486884 0.04100947591868694 0.2432107258035929
0.01710692780129572 0.04108044572787953 0.2712413902698576
-0.008417689248176301 0.04369659606561061 0.2579448840579796
-0.008662575185233203 0.04364870892890398 0.2836670114967085
-0.02873766087877012 0.03397641604432117 0.2706762444610096
0.03694529384158333 0.02480514589675024 0.2837936199185999
0.0170360241124723 0.04110990005387099 0.2999215892735156
0.01699155615323757 0.04112829949671363 0.3291951587858067
-0.008861493073824139 0.04360875990558052 0.3134440374668154
-0.00884903400945208 0.043611289789452 0.3432820031923707
0.03694808825310483 0.02480098333616587 0.3435670151754182
0.01697271091619533 0.04113608007765523 0.3587112932242852
0.01695879734811195 0.04114181805056348 0.3885002270402003
-0.008772164239897559 0.04362681669052032 0.3732240991254777
-0.008974521128164213 0.04358563949880894 0.4030160732789508
0.03694822944445292 0.02480077299037395 0.4033316903768724
0.0170804504273523 0.04109146156075202 0.4183166972745456
0.01723071470474651 0.04102867863779715 0.4481806871473135
0.03694807659005966 0.02480100071156576 0.4630963873927567
0.01731071059838001 0.04099499114012752 0.4782960406800599
0.01697656289364061 0.04113449054404666 0.5079439834759737
0.03694822363500979 0.024800781645289 0.5228610876621939
0.01720305872380527 0.04104028229124779 0.537753080717283
0.01730340835391233 0.04099807384911829 0.5678560877396858
0.03694807586343578 0.02480100179407668 0.5826257936353536
0.01696169941841589 0.04114062168756459 0.5976470586142987
0.01713710807482317 0.04106786489253892 0.627464221163289
0.03694822206613367 0.02480078398260169 0.6423904979648501
0.01719672326360537 0.04104293738263593 0.6574186225001649
0.01731481242845949 0.04099325884297642 0.6874452560965728
0.03694807675217073 0.02480100047005565 0.7021552048126219
0.01696169923556285 0.04114062176295232 0.7171764687699013
0.01714682906899172 0.0410638070918757 0.7469997112833997
0.03694822092121848 0.02480078568829692 0.7619199095134895
0.01720939276585551 0.04103762664470887 0.7769666657444562
0.01733358101685805 0.04098532626601889 0.807015987712302
0.03694807778502069 0.0248009989313346 0.8216846164764376
0.01696170004276931 0.04114062143015246 0.8367058789547703
0.01710449664217587 0.04108145803909342 0.8665338801485751
0.03694821985223441 0.02480078728086976 0.8814493212451009
0.01720421419779616 0.04103979792635862 0.8964596075237801
0.01734302338207856 0.04098133160316629 0.9265252004569399
0.03694807882679216 0.02480099737932231 0.9412140282153182
0.01696170089870675 0.04114062107726147 0.9562352891640019
0.0171102058079544 0.04107908053023392 0.9860666469881396
0.03694821880994793 0.02480078883366837 1.000978733010545
0.01721383938667185 0.0410357616423756 1.015999768421345
0.01651640852708212 0.04132140183205948 1.046397892130698
0.03694807985800674 0.02480099584303735 1.060743439968896
0.01696170174986241 0.04114062072634191 1.075764699396228
0.01697642450291257 0.04113454765883429 1.1055912744145
-0.008474088190978307 0.04368569364599264 1.095181492068244
-0.008509482953249882 0.04367881294023854 1.122885286398549
0.0369482177847985 0.02480079036093608 1.120508144781932
0.01696181567997986 0.04114057375436552 1.135529200515679
0.01697631055197936 0.04113459468674456 1.165355775858085
-0.008814331477558047 0.0436183168015884 1.150254759647371
-0.02802254491169432 0.03456858366598312 1.136650486095173
-0.008556746160444495 0.04366957860050539 1.180025797383454
0.03694808087488834 0.02480099432810529 1.180272851725225
0.01697498575768991 0.04113514140642067 1.195219565945312
0.01697642363788971 0.04113454801583335 1.225120684716039
-0.00893344904368158 0.04359407629694594 1.209916464467574
0.03694821677513508 0.02480079186513258 1.240037556554139
0.01696981300281305 0.04113727563475195 1.254994639705351
0.01696529723349005 0.04113913817497074 1.284910979972683
-0.008707985381207057 0.04363967221005084 1.269984882833583
-0.008816241027601771 0.04361793087874791 1.239774761522308
0.03694808187697971 0.02480099283520729 1.299802263482002
0.01697208394390564 0.04113633876028614 1.314782022248781
0.01696639383194013 0.0411386859335529 1.344685775048387
-0.008405264905340453 0.04369898765270257 1.329916959258014
-0.008293875838878341 0.04372026559353533 1.29960057272748
0.03694821578038946 0.02480079334710442 1.359566968326487
0.01697254018380991 0.04113615052127456 1.374551256982334
0.01696653469772767 0.04113862783748144 1.404452604614628
-0.008419525744810032 0.04369624224384153 1.38968290985739
-0.008143667424456843 0.04374849346983094 1.359850816802356
0.03694808286436683 0.02480099136421531 1.419331675239028
0.01697264488969198 0.04113610732007116 1.434317019378705
0.01696664777561775 0.04113858120132639 1.464217700257605
-0.008404709733911993 0.04369909443327957 1.449407791228415
-0.00829634115622134 0.04371979784284905 1.419534033349642
0.03694821480023983 0.02480079480733103 1.479096380098779
0.01697265566057804 0.04113610287603152 1.494081820108649
0.01696658755877847 0.04113860603630492 1.523982534093356
-0.008393260435848092 0.04370129493797669 1.509115787788325
-0.00809819196668423 0.04375693415757931 1.479228690342162
0.03694808383728303 0.02480098991478173 1.538861086996187
0.01697266856598273 0.04113609755129066 1.553846667621
0.01696665803454448 0.04113857697026998 1.583747219104856
-0.008393134074365991 0.04370131920674382 1.568839708307664
-0.008095468388884171 0.04375743812844368 1.538918158327582
0.03694821383455567 0.02480079624600688 1.598625791870966
0.01697266061003621 0.0411361008338968 1.61361128152415
0.01696659028024762 0.04113860491390304 1.643511967589935
-0.008844787899523658 0.04361215113947533 1.629011578525862
-0.008948407561864656 0.04359100827127956 1.599077551697202
0.03694808479587753 0.02480098848668423 1.658390498753468
0.01697266950593324 0.04113609716346902 1.673376088731886
0.01696665798788955 0.04113857698951173 1.703276635696317
-0.008771285166456944 0.04362699343902456 1.688555205508261
-0.008839464496765889 0.04361323041704679 1.658922784318052
0.03694821288306357 0.02480079766353926 1.718155203643052
0.01697266088107154 0.04113610072206825 1.733140696103888
0.01696659087268674 0.04113860466956631 1.763041380006894
-0.008707985389436909 0.04363967220840864 1.748102541424329
-0.008725338898693178 0.04363620585136787 1.718327823637274
0.03694808574038491 0.02480098707957337 1.777919910510851
0.01697364880869291 0.04113569309151308 1.79290693369877
0.01697641961260653 0.04113454967708664 1.82276773633798
-0.008707985287366724 0.04363967222877601 1.807867624018457
-0.008694405924892745 0.043642379696955 1.837642354287695
0.01695920948678275 0.04114164816318638 1.852613520067442
-0.00877010388974467 0.0436272309201843 1.778244979509372
-0.034103189836521 0.02858710273837156 5.139251277730747
-0.01736164740343125 -0.04097344505211795 1.138146345455761
-0.009335132999495038 -0.04350982983053069 0.3101453406172823
-0.03564519387164061 -0.02663963501726618 4.102822134664856
-0.03466394625833453 -0.02790449479562917 4.072194866690647
-0.03523523937504232 -0.02717954941097198 4.013864389658831
-0.03400183955535106 -0.02870757577456104 3.98322482773864
-0.02471872994687696 -0.03700316729434614 2.116955747268112
-0.02455255550050345 -0.03711363655578227 2.087244083445555
-0.0353061931102583 -0.02708731673793381 0.8576484696687121
-0.03357252823969611 -0.02920848074780348 0.8278769944363271
-0.03477265125218601 -0.02776891652358526 0.7686960451310793
-0.03456011880549036 -0.02803298393233213 0.7391648985482261
-0.0334777393056223 -0.02931707643993158 0.5611598973345784
-0.03290445988758945 -0.02995908075201936 0.5314045738720028
-0.03280932912958071 -0.03006323206288449 0.4725535959822001
-0.03273498719267331 -0.03014416383805518 0.4429322833529851
-0.03235510646313351 0.0305515480092138 5.199981116048053
0.03700209871619008 0.02472032950017706 5.035256966501163
0.017006497076443 0.04112212369502499 5.020315618775959
0.01691701421416739 0.04115901638860747 4.990531125175719
-0.008775214338842071 0.04362620328778773 5.005401898930065
-0.008788921876096286 0.04362344383764166 4.975694656196199
0.03689442397382942 0.02488074515844171 4.975491448644101
0.01684603006061544 0.04118812051061375 4.960649125835499
0.01682877445441508 0.04119517387221986 4.930794529668757
-0.008860912289805858 0.04360887791943709 4.945729184902919
-0.008873242387346414 0.04360637074482809 4.915951085080927
-0.03216019336057658 0.03075665721450115 4.93224227248513
-0.0142260749282885 0.04216478141926887 4.885669930896057
0.03680884668479896 0.02500717508506237 4.915726562148427
0.0166395752726505 0.04127195821312333 4.900984781561853
0.03700209871619509 0.02472032950016956 4.377684209969413
0.01700649740156815 0.04112212356056598 4.362823574653995
0.01616703243884581 0.0414593422779632 4.332644206815049
0.03694719543821177 0.02480231338505711 4.318067013387688
0.01694879847655987 0.04114593819808902 4.303196805180901
0.01698617172632545 0.04113052358144473 4.272873820151335
0.03685588529187482 0.02493779700278605 4.258314846719691
0.01703307786825523 0.041111120859616 4.242451201364644
0.01695122432049644 0.04114493886295385 4.212545280704532
0.03678368982916584 0.02504416424143 4.198550098760514
0.01698674334244766 0.04113028750954472 4.18224389311927
0.01689958543417945 0.04116617558327309 4.152622767303294
0.03675217114036453 0.02509039490461154 4.138785473804001
0.01695401994371343 0.04114378698841621 4.122480070964734
0.0168782320555546 0.04117493512658944 4.092921027983565
0.03674619399687783 0.0250991479286413 4.079020832574066
0.01694604132603302 0.04114707381304752 4.062835162692842
0.01687800655934918 0.04117502756019194 4.033249771514561
0.03674945410097891 0.02509437433529763 4.019256154335979
0.01694904452507515 0.04114583684514169 4.003166850640555
0.0168830932780648 0.04117294210235847 3.973557932419095
0.03675339989590214 0.02508859494056812 3.959491453517134
0.01695337346039158 0.0411440533772803 3.943469814886196
0.01688674871736305 0.04117144298851617 3.91385210650421
0.03675558382590378 0.02508539530517629 3.899726744675692
0.01695582392209294 0.04114304358118126 3.883761728145184
0.01688787377638555 0.0411709815199112 3.854143153581318
0.03675626356379529 0.02508439931169999 3.83996203528544
0.0169564040940653 0.04114280447658819 3.824053608402541
0.01688732570970571 0.04117120632644023 3.794436040095736
0.03675623907074369 0.02508443520142191 3.780197327470754
0.01695592359842682 0.04114300250254364 3.764348757453528
0.01688602874230793 0.04117173828385134 3.734731496524431
0.03675605269815382 0.02508470829111911 3.720432620991021
0.01695499411904416 0.04114338554887259 3.704646789993216
0.01688447080183633 0.04117237721752214 3.675028769786687
0.03675591762828933 0.025084906204776 3.6606679151336
0.01695387804373989 0.04114384546050593 3.644946555298438
0.01688279244751157 0.04117306545758095 3.615327098151061
0.03675586137132298 0.02508498863567785 3.600903209417604
0.01695262207264336 0.04114436297795999 3.585247276762503
0.01688097877458192 0.041173809097679 3.55562609721708
0.03675585212284807 0.0250850021870305 3.541138503655036
0.01695119566232142 0.04114495066976865 3.525548658598644
0.01687898277905408 0.04117462738561693 3.495925671961057
0.03675585901005338 0.02508499209553548 3.481373797822304
0.01694956286983246 0.04114562332158302 3.465850675324114
0.01687677142184471 0.04117553383229908 3.43622585174193
0.0367558665085165 0.02508498110838664 3.421609091947945
0.01694770262417509 0.04114638958356527 3.406153385536196
0.01688814692004838 0.04117086947839285 3.37655837142075
0.03675587048582256 0.02508497528062243 3.361844386059392
0.01694532950361015 0.04114736696331953 3.346463476983225
0.01688634585264689 0.04117160822393017 3.316864483628162
0.03675587164603809 0.02508497358061142 3.302079680170388
0.0168735537447085 0.0411768525269287 3.286796837296244
0.01677023428452258 0.04121903980009994 3.257372072569687
-0.009048260674273443 0.04357039107892419 3.272192968160855
0.0367558715425471 0.02508497373225206 3.242314974284517
0.01681487830148567 0.0412008479003312 3.227534746290402
0.01682034162884212 0.04119861778614715 3.197828480501651
0.03675587117774644 0.02508497426677788 3.182550268401138
0.01679929145125438 0.04120720576229128 3.167739015147926
0.01680112671986895 0.04120645751508986 3.138088559617212
0.0367558709270649 0.02508497463409012 3.122785562518891
0.01687886548624197 0.04117467546802706 3.108028197418221
0.01682507364628902 0.04119668550741613 3.078312556495915
0.03675587082732074 0.02508497478024072 3.063020856636858
0.0168775709009474 0.04117520613771707 3.048234855311775
0.01681227317875856 0.04120191100619964 3.018565731909911
0.03675587081368938 0.02508497480021411 3.003256150754736
0.01685089717803907 0.04118612951340724 2.98846848644985
0.01682325916680398 0.04119742650951083 2.958791963014389
0.0367558708280172 0.02508497477922021 2.943491444872468
0.01684326033855919 0.04118925322420302 2.928689534100819
0.01681656458835446 0.04120015965315793 2.899041628529347
0.03675587084221166 0.02508497475842171 2.883726738990128
0.01683760774088109 0.04119156425245612 2.86895664911982
0.01682178025761507 0.04119803040151934 2.839311290582335
0.03675587084945002 0.02508497474781567 2.823962033107755
0.01682670209387451 0.04119602039814039 2.809249129994335
0.01679021747393307 0.04121090386266761 2.779624761108409
0.0367558708514201 0.02508497474492901 2.764197327225397
0.01680070864554526 0.041206627974241 2.749622858895932
0.01676409777751096 0.04122153594549883 2.719968482440983
0.03675587085112871 0.02508497474535597 2.704432621343036
0.01677597771014968 0.04121670258364394 2.690061126776159
0.01674511048445833 0.04122925265952905 2.659743865892726
0.03675587085044064 0.02508497474636416 2.644667915460676
0.01675491038542842 0.04122527110858414 2.630144435299933
0.01674511048388443 0.04122925265976214 2.599979160010612
0.03675587085001548 0.02508497474698713 2.584903209578325
0.01674239764760244 0.04123035436434613 2.570407790790577
0.01674511048366588 0.0412292526598509 2.540214454128268
0.03675587084988069 0.02508497474718463 2.525138503695974
0.01667791484804636 0.04125648017368077 2.510508544268866
0.01666169530252989 0.04126303320946793 2.4807002759215
-0.008696128179922656 0.04364203655511914 2.499915585278409
0.03675587084989024 0.02508497474717063 2.465373797813621
0.01654774401249125 0.04130886306952855 2.450639954936087
0.01674511048370852 0.04122925265983358 2.420685042363454
-0.007175793826227694 0.04391762724651085 2.436109153623096
0.0367558708499421 0.02508497474709466 2.405609091931269
0.01676721434893344 0.04122026835158792 2.390802338314376
0.01669711847722977 0.04124871191391741 2.361109360727968
-0.007319537512236004 0.04389389901349582 2.3763032435036
0.03675587085002047 0.02508497474697982 2.345844386048915
0.01674267513544252 0.04123024168385427 2.331196803361709
0.01668311185222952 0.04125437890607492 2.301420103731329
-0.007469657950788228 0.04386860164284048 2.316494086429589
0.03675587085009393 0.02508497474687219 2.286079680166564
0.0165477440129037 0.04130886306936333 2.271345837288894
0.0167451104839931 0.041229252659718 2.241390924716287
-0.007626247548022112 0.04384165083954169 2.256649449254669
0.03675587085014924 0.02508497474679114 2.226314974284213
0.01675877796208932 0.04122369902395209 2.211506090446629
0.01668451865048151 0.0412538099743737 2.18181779820175
-0.007785889747808989 0.04381358146551093 2.196816979927831
0.03675587085021984 0.02508497474668769 2.166550268401855
0.0167282018840965 0.04123611598738308 2.151917468688697
0.01666744422842331 0.04126071137162322 2.12213371326442
-0.007951346423030725 0.0437838565005523 2.136990179196443
0.03675587084988812 0.02508497474717375 2.106785562519505
0.01654774401246325 0.04130886306953977 2.092051719642017
0.01674511048340486 0.04122925265995692 2.062096807069505
-0.00868966071948267 0.04364332476542409 2.07983168465561
0.03675587084970465 0.02508497474744258 2.047020856637148
0.01676342590667591 0.04122180917756263 2.03607710291047
0.03687722012625597 0.02490623688475763 4.616529243034844
0.01674303290609529 0.04123009639941932 4.63515074211236
0.01686403725746216 0.04118075093267397 4.663479504608548
-0.008815662854972539 0.04361804773746135 4.647119030341802
-0.008653993761436215 0.04365041113182123 4.61687683709243
0.03694821007680421 0.0248008018443022 4.676508217788581
0.01692624253429702 0.04115522219196677 4.69237928162867
0.01694556105922124 0.04114727160320845 4.72180766399832
-0.008707973251380017 0.04363967463046958 4.706455545695493
-0.008886880135592874 0.04360359344659113 4.677078432283332
-0.03302913416110659 0.02982157434756961 4.636115900245692
-0.01426560154041281 0.04215142480023863 4.587114422386017
0.03694811299599892 0.02480094647457826 4.736272851509262
0.0169627257697216 0.04114019852238468 4.751403295839387
0.01697639710838651 0.04113455896467551 4.781120637124494
-0.008707985303709141 0.043639672225515 4.766220484464269
-0.008833386501808484 0.0436144618550965 4.73653189739239
-0.0333778015977086 0.02943080631759859 4.693970591251594
0.03694818490215646 0.0248008393494264 4.79603755680113
0.01696178851801867 0.04114058495293923 4.811058661097164
0.01697633769985277 0.04113458348276493 4.840885236396044
-0.00870798536695856 0.04363967221289403 4.825984977270657
0.01368736279252967 0.04234272192225807 4.871221359646173
-0.01341444709510779 0.04242997300414595 4.855787031640011
-0.03307404473168066 0.02977175784341238 4.812405829047413
-0.0111485675638869 0.04308084773160167 4.796340156152155
-0.0331269462126856 0.02971288331047385 4.75449060459651
0.03694811351513982 0.02480094570116918 4.855802263236752
0.03700209871619475 0.02472032950017008 1.927492260618829
0.01701367021776302 0.04111915643250969 1.912508681596959
0.016931787980867 0.0411529410342805 1.882724369413443
-0.008707813854495457 0.04363970643663242 1.897704541716016
0.03689165706585725 0.02488484757709367 1.867735030873157
0.03694010515552247 0.02481287228635456 1.837560225468618
0.03700209871620048 0.02472032950016149 4.557139319442373
0.01700649707645606 0.04112212369501959 4.542197971717168
0.01667271718175294 0.04125858094720758 4.515996179954605
-0.008707813853858227 0.04363970643675957 4.52735160053953
-0.008788921876032483 0.04362344383765451 4.49757700913751
-0.008630723446357321 0.04365501818568511 4.557126256575597
-0.03330548508812221 0.02951261870869593 4.517675566563588
-0.01852617565001776 0.04046023746574764 4.468152416875066
0.0107281558446686 0.04318745966333865 4.474671783044041
0.0009952915435184749 0.0444888682115358 4.441861617971077
0.03689442397379808 0.02488074515848819 4.497373801585311
0.03700209871619684 0.02472032950016693 4.437609907677656
-0.03081036945685972 0.03210873921429812 5.969320082421062
-0.008831096025130986 -0.04361492569058115 0.2509493246116773
-0.01060825413454976 -0.0432170677420022 0.8810833207892832
-0.03213097044277279 0.03078718464565511 5.257852524668221
0.01412867180990446 0.04219751927409964 4.602710488483281
0.01712488405286687 0.04107296368873161 4.392544186822109
-0.006260012847961799 0.04405748788961251 4.41580253113098
-0.01188564331292196 0.0428833473861124 4.354486299735894
0.01688789971314349 0.04117097088093512 5.050075454018142
0.01683753257544321 0.04119159497726312 5.080326700746272
0.01708061291354966 0.04109139401988549 1.942270948890524
-0.008569945642283772 0.04366699018352766 5.035140665015497
-0.03266868348982094 0.03021600766219621 4.99033402213225
-0.03248633384544378 0.03041197318955766 5.495386060479872
-0.035310500482149 0.02708170149196972 4.872709701834773
-0.03458246683894164 0.02800540996546028 5.050626164904323
-0.032767433129668 0.0301088911468479 5.435849124438887
-0.0333127239307487 0.02950444753446035 5.317227874502437
-0.03304672291603947 0.02980208221769934 5.376502168419847
-0.02953103293227095 0.03328915880512946 2.545998669512194
-0.02923075314546141 0.03355313801344217 2.605308590365015
-0.02889163376859965 0.03384558314139545 2.664579633905342
-0.02856553437056115 0.03412125797980328 2.723844651468012
-0.02823543943867579 0.03439491182871198 2.783201779510747
-0.02787945386880678 0.03468408932027876 2.842435226471048
-0.02754135000143033 0.03495316924255529 2.901732642429571
-0.02719971101936442 0.03521967802895231 2.961101432294808
-0.02672360330387397 0.03558228528997506 3.02023483191065
-0.0264305540191024 0.03580050019543456 3.079515435100111
-0.02603610813169279 0.03608837864679986 3.138781528328336
-0.02558925742731386 0.0364065914954787 3.198022936395143
-0.02478447071068522 0.03695916681408262 3.346271839336629
-0.02443017588761721 0.03719430744213537 3.405526482920524
-0.02403386362891332 0.03745161410495945 3.46467516418436
-0.02366107582755927 0.03768824074804355 3.523965526397631
-0.02328577054657371 0.03792127226310214 3.583257577386784
-0.02290798696141418 0.03815067670927579 3.642551235612996
-0.02252776649823492 0.03837642162319208 3.701846486901097
-0.02214514038946734 0.03859848128010715 3.761143336049878
-0.0217601428350284 0.03881682861593876 3.820441786774846
-0.02137281894674109 0.03903143105587886 3.879741845241011
-0.02098322384581407 0.03924225168152892 3.93904352733888
-0.02059146489540748 0.03944922779296448 3.998346939077925
-0.02019739839272916 0.0396524286540608 4.057651719447508
-0.01983420138385938 0.03983534178922669 4.117108065416133
-0.01947214925391136 0.04001356524271987 4.176584030200102
-0.01907205625976838 0.04020580393455937 4.235900287367151
-0.01863245833916867 0.04041140304714925 4.295058719779863
-0.0334536400935241 0.02934457299898836 1.834345403874142
-0.03358280372048013 0.02919666580744633 1.804506765113873
-0.0366516063650122 0.02523707096444034 1.272108859121641
-0.03651050354386743 0.02544077693336514 1.331871877275349
-0.03603165150006812 0.02611455705497679 1.390563820836768
-0.03577975809652146 0.02645862639205608 1.449919351431137
-0.03554367896695557 0.02677493016786412 1.509375271900991
-0.03519867281241684 0.02722688803819539 1.568548551984806
-0.03472894873530154 0.0278235533270069 1.627496438326418
-0.03439046344930757 0.028240857347854 1.686734321038128
-0.03404695072727845 0.02865405985500612 1.745974095229853
-0.03280578649092603 0.03006709784318691 1.953328201366919
-0.03708739315128239 0.02459217902590601 1.212852768188901
-0.01895974366305365 0.04025888871083375 1.020058404117909
-0.01955073781186702 0.03997522546542587 0.9609352629254369
-0.02004403443614239 0.03973017346454377 0.9015093902364257
-0.02053417580560479 0.03947907830718081 0.8420842678937882
-0.02102092511411564 0.03922206913647905 0.7826598675748547
-0.02150438155790109 0.03895910129625943 0.7232366570893398
-0.02198450168066894 0.03869020141912761 0.6638149440886463
-0.02337457834380724 0.03786659592898756 0.4855977292649436
-0.02246133937120181 0.03841533852059226 0.6043944390508624
-0.02293497140164358 0.03813446062036004 0.544974667885223
-0.04081947218213024 0.01772062896096794 0.3820934088024089
-0.0410737192535257 0.01712307176538577 0.322861953645789
-0.008488507966098385 -0.04368289404915252 0.1918959388902773
-0.01043672849025247 -0.0432588106450091 0.7015074790293028
0.01681153405156312 -0.0412022125963295 0.1775804395579438
-0.008351965283687771 -0.04370920584842596 3.719716544590964
0.01707619200636816 -0.04109323139595678 0.2068012135424476
-0.04165291132557008 0.01566157648846998 0.204207838974445
0.03696426668586505 -0.02477686397380117 0.5229785734889695
-0.008843246228477956 -0.04361246377060703 0.6419278559759888
0.0369891074530257 -0.02473976414254021 0.1339215920148912
-0.04299904343424051 -0.01146002895896421 0.1025957566787599
-0.008940894203865469 0.04359254994646775 5.513492167410854
-0.02632439280501075 0.03587863352257856 0.2162388951338813
-0.007702693688754052 -0.04382828435995673 3.660967756049525
-0.008852042761182151 -0.04361067918473872 3.778383585777647
0.01720304749758753 -0.04104028699699537 5.318324114420903
-0.0239596179242661 0.03749915610948047 0.4273773898141225
-0.01902564693255343 -0.04022778590474275 4.620867429491736
0.01716083668910102 -0.04105795518690628 4.363157653927866
-0.009663993358530866 -0.04343796993836465 3.836936789691686
0.03752126792082252 0.02392497551960827 0.04648356735455676
0.03752126792082693 0.02392497551960135 6.04951643264543
0.01735409182294166 -0.04097664575097514 0.3277146686594277
0.01739575737230471 -0.04095897490714222 0.269107089743623
-0.01019171453001814 -0.04331719006282168 3.899212908456549
0.02559389507925886 -0.03640333136777305 6.073054995886969
0.01412763343346375 -0.04219786693151299 6.053803399749669
0.0260737069961567 -0.03606122298922444 0.02034515919235578
-0.008241000803521451 -0.043730263042387 3.601086520313855
-0.02632531725472017 -0.0358779552293373 6.066577709660042
-0.04232316182076952 0.01374772612081564 6.072556860427715
-0.04449992960996253 7.914991079795355e-05 6.050994917685585
-0.03228465434468193 0.03062598723052711 5.554830174858681
-0.0270988010286104 -0.03529737926265609 0.03513756953847407
-1.158469799018639e-16 0.0445 6.072281915621936
-0.04231833884311904 0.0137625650791908 0.02374866601037326
-0.0445 -2.119319899653999e-16 0.04769581855247497
-0.0003101635501922124 0.04449891907195198 0.02941317908892234
-0.007115263469983437 -0.0439274746115995 4.528896370796125
-0.008570177590025504 0.04366694466155635 1.867790199002897
-0.008717079355331794 0.04363785658706037 5.572422448285605
0.006665091026487037 -0.0439980290650461 4.486796900114272
-0.03216490229269246 0.03075173264226826 5.614101630743061
-0.03318708575169283 0.02964569680931427 1.892979333364133
0.01759693308807875 0.04087294882796785 6.029173458013938
-0.001300103858319225 -0.04448100414736141 2.101844704436704
-0.007894342124283259 -0.04379417041598992 3.452407008940022
-0.03572392783364545 0.02653395899854545 0.04767927076630431
-0.008235604261070327 0.04373127968005327 1.92747668574927
-0.03268574126791077 -0.03019755483093282 3.479331787604035
-0.007839242708002261 -0.04380406686330657 3.510140421357165
0.01816909598088847 -0.0406218408154685 0.3859819041944696
-0.03318165374553915 -0.02965177658608583 3.540066292244695
-0.0085082497879315 0.04367905316677737 5.631835697586343
-0.008982684322236487 -0.04358395785569556 0.04865253878938312
0.03731870020103473 0.02423973216240826 1.98717647058824
0.02366800894396132 -0.03768388717513849 2.086007220756979
-0.03367064350036606 -0.02909532206852601 3.569501556725478
-0.03207744436898739 0.03084294996842097 5.673487705175662
0.03695319532081958 0.02479337321909542 5.991065672470469
-0.03280592301251926 -0.03006694888572266 3.420899901465404
-0.007346724125808555 -0.04388935684900454 3.391771505472637
-0.008258671665032916 0.04372692925794335 5.691500626449044
-0.007031420897037249 -0.04394097313634175 3.331971682546409
-0.03197710132880117 0.03094697062084724 5.732899557164456
-0.03269995087141652 -0.03018216713569365 3.36161081512357
-0.01100297217567959 0.04311826299030633 2.027250406397084
-0.009054802387785357 0.04356903204935998 5.957697228616314
-0.03726758059120126 0.02431825316255917 4.576769226593198
-0.006786829440950393 -0.04397941502725393 3.272287585782466
-0.03219854899287426 0.03071650114764825 2.07201743118977
-0.03253501623466041 -0.03035988666991995 3.302323875945898
-0.007989828710087528 0.04377685047126462 2.108820698020772
-0.008007794380785018 0.04377356769964116 5.751253357990969
-0.03737851133824986 -0.02414739924166423 4.307904300958936
-0.03183988810563911 0.03108812515125962 5.792404586282132
-0.03256807179290683 0.03032442414444281 2.130732506556085
-0.007674785989579918 0.04383317989849866 2.167123047451248
-0.03238302810218199 -0.0305219509686601 3.243038398970324
-0.006545325905896594 -0.04401600514342026 3.212436298686205
-0.03770488098194229 0.02363454992458215 4.457773622494276
-0.00770231213252721 0.04382835141564332 5.810935324726702
-0.03165707441552258 0.03127426481070444 5.851930144345716
-0.03176950719978454 0.03116004512645702 5.909695796838863
-0.03229440576626803 0.03061570440482521 2.189749803740659
-0.007250162877190716 0.04390541126392287 5.870263227414321
-0.007542810501451511 0.04385608292744796 2.226992634270101
-0.00630010583889182 -0.0440517725684082 3.152758778552149
-0.03225997120846756 -0.03065198619386424 3.183754233698089
-0.0320883808074952 0.03083157175936987 2.24899172783413
-0.007441669750093542 0.04387335810409938 2.286926860721112
-0.03579147508867525 0.02644277426777944 6.049138396839258
-0.006380209248427889 -0.04404024216493677 3.090731996162584
-0.03175361045754781 0.0311762445286521 2.307947407183679
-0.007275242283246621 0.04390126250713139 2.346709565824551
0.0190267196254424 0.04022727855939058 4.42266553387951
-0.0244579783328983 -0.03717603120113115 1.850863976025765
-0.03212050068814668 -0.03079810766171793 3.124471810082618
-0.00721992697718455 0.04391039346719774 2.406689227758909
-0.03152817500453371 0.03140420642021536 2.367204565688287
0.01873506360240374 0.0403639367729894 4.568905338322712
-0.006439896829034451 -0.0440315537862496 3.031853024246556
-0.03180660762209936 -0.03112217395320916 3.065752964677795
-0.0066927744145771 0.04399382650594947 2.465706653981534
-0.03130034990778616 0.03163128349672441 2.426475719976914
-0.008605599906963196 0.04365997767110372 2.53078655142536
0.03846149695355959 -0.02238220838280543 6.021294117647059
-0.03112904571173996 0.03179988228085764 2.484435103139156
-0.006266285923185188 -0.04405659610919676 2.971964200707239
-0.03160841558530827 -0.03132344272563987 3.006783532945412
-0.008328453035425931 0.04371369202019779 2.590286563860063
-0.006420775110834721 0.04403434621946924 5.9280775149862
-0.008381750470563018 0.04370350396763647 2.560020121344536
-0.008028353026843843 0.04376980177789667 2.649490179624269
-0.006080805573497569 -0.04408257936619998 2.912137558320024
-0.008100237178738355 0.04375655559625535 2.619411708108898
-0.03144021420094549 -0.03149226779701114 2.9475351765041
-0.02842055052860059 -0.03424211307222819 4.214429256674593
-0.00759541646758412 0.04384700273318522 2.707147401822062
-0.007747986586979647 0.04382030013416138 2.677644844454481
-0.006920475542345407 0.0439585829874872 3.243505706619766
0.01893605250138092 -0.04027003744305368 1.038489680497042
-0.00708275483316493 0.04393272793684998 2.738278512672672
-0.007194981722065065 0.04391448779183414 2.766310708854644
-0.007037467050895972 0.04394000520604832 2.798155021218165
-0.005898360059877004 -0.04410736161463354 2.85232132158574
-0.03126547128881125 -0.03166575919014922 2.888298321901439
-0.007061690092373629 0.04393611877532279 2.827396743351647
-0.005909071351363665 0.04410592789823713 2.857069978476501
0.01796100784439037 0.04071427510362609 0.04773193585307795
0.0164422383520285 0.04135097094355927 0.07303167725607615
-0.006268785368176954 0.04405624053420503 2.884999316898612
-0.005720701085792868 -0.04413075547831703 2.792524715046135
-0.02664427959787613 0.03564172224669006 3.288895519931483
0.01493646673886864 0.04191839645500137 5.972552785800623
-0.00582790657512105 0.0441167259092474 2.943499987260383
-0.005909567640983809 0.04410586140522183 2.915191033440351
-0.03108542229653031 -0.03184252691992858 2.829053420462333
-0.018066801821844 -0.04066743994807411 1.058814449530407
-0.005723353274036304 0.04413041159224076 3.005032167852572
-0.02387400232538687 -0.03755372169262884 1.700648435332991
-0.005565956762232577 0.04415053935481374 2.973705242848322
-0.005547164218706483 -0.04415290442463216 2.7327331301428
-0.005674709312988091 0.04413669305932521 3.064499850785819
-0.0057646075575753 0.04412504163972138 3.034669831356556
-0.005307999928926228 0.04418229438083223 3.123779513235381
-0.03090165207942837 -0.03202089784440718 2.769808435562265
-0.005525693918576713 0.04415559655036046 3.093988684294819
-0.004932956204978762 0.04422573846845027 3.183060727697678
-0.005169206082145621 0.04419874781575049 3.153310678189713
-0.005378422598228104 -0.04417377695369583 2.672961361503985
-0.004810474852360202 0.04423922842562707 3.212656985850267
-0.02243986006372875 -0.0384278893555224 4.940409809127937
-0.03071212423297804 -0.03220272387699715 2.710554773900261
-0.02834810783552116 0.03430211046197688 3.25733141942074
-0.005213834150693475 -0.04419350555736739 2.613193356748623
-0.02900697588429417 -0.0337467828103358 1.012329339663604
-0.004514282775965446 -0.04427043314695059 4.169173474992246
-0.03051879511512082 -0.03238600229607349 2.651301340069625
-0.005028274424999567 -0.04421500261570608 2.553136050915989
-0.007079265744761551 -0.0439332902992144 5.966464474020398
-0.0303192356030171 -0.03257290211891995 2.592039153980161
-0.004155983294934389 -0.04430550533344842 2.494230579926826
-0.006001008607193229 -0.04409351307954938 1.474051414797341
-0.03855905559126544 0.02221371720153341 1.157959823931915
0.03780237405706761 0.02347829882358475 0.1054289832175497
-0.004699592274577383 0.04425114498465246 3.30161656212003
-0.03041578575073246 -0.03248276430917695 2.531737693707115
-0.02310223475243457 -0.03803336363567393 1.609068102493577
-0.003836354754266345 -0.04433432510143148 2.43556611336697
-0.004664037254901558 0.04425490658090795 3.331321389295964
-0.004130373916374464 -0.04430790010044409 2.46460131512734
-0.005730842796743771 -0.04412943961619057 1.56539372562506
-0.00367034632153083 -0.0443483771730153 2.375801794631761
0.01913229031706833 -0.04017717594883211 1.99680716635917
-0.003874370630323083 -0.04433101907489709 2.40563310109709
-0.003512442296878107 -0.04436116262127382 2.316037219885287
0.03843211074670547 -0.02243262943912205 2.044967789171482
0.0184539301496114 0.04049323970779892 2.009645321910602
-0.004558945469265254 0.04426585609934892 3.360870391684948
-0.006051932300770113 0.04408655254640461 2.051979135668653
-0.003708466156662691 -0.04434520581488925 2.345904073174647
-0.003361456612051568 -0.04437285892801245 2.256272868859603
-0.004484838006673141 0.04427342575466574 3.390562639385383
-0.005449050354452895 -0.04416512029005057 1.653892516944047
-0.0050112723598302 -0.04421693283500792 2.191652038093525
-0.003550126905727563 -0.04435816270939576 2.286149946108361
-0.005241624801702053 -0.04419021802885998 1.743799002146817
-0.005275934329945895 -0.04418613489485246 1.893270468973583
-0.003111555410995599 -0.04439108269601344 2.132056415475444
-0.005769013761447112 -0.04412446577829848 2.163711989536218
-0.005546438031165677 -0.04415299565336919 2.220619397648753
-0.006150762694879579 -0.04407287281618113 5.873233665706207
-0.007522031546342512 0.04385965163354388 0.14633867107742
0.03957925650581194 -0.02034041431355671 2.076823529411769
-0.03001060880338473 -0.03285747037205096 5.895363494202345
-0.03022120906269153 -0.03266387182789406 5.924936763432504
-0.00443714681956464 0.04427823086011486 3.420220514862126
0.02044417846902684 -0.03952575826883754 2.028529587248631
-0.004423031717228763 0.04427964307024604 3.449852903796121
-0.004469419627557062 -0.04427498490336058 1.983839574844117
-0.004286975522616115 -0.04429302248513291 1.954115588422188
0.02178570622429461 0.03880248708921544 0.1791969506385678
-0.00327303740564237 -0.04437946852026583 1.926974900241646
-0.004945796887992775 0.04422430432627201 0.2284439108840146
-0.02257730014366622 0.03834730131603539 4.438260231161012
-0.002508106932781422 -0.04442926287497614 1.837876211719864
-0.002590882954162338 -0.04442451266494469 1.808058576628998
-0.008884000015907688 -0.04360418034681253 6.050368474507038
-0.004362982407790139 0.04428560019362178 3.479527115811545
0.0219522671571693 0.03870849992779708 0.2092490866861198
-0.002380560305472768 -0.04443627946432967 1.778442918147485
-0.004358244202549748 0.04428606674193297 3.509144758983683
-0.02933465682079164 -0.03346233568067809 5.774229511495735
-0.004472389082140899 -0.04427468504572276 5.754310905742264
-0.002711552774997666 -0.04441731060688391 1.689245455625936
-0.0257836707072298 -0.03626916493195204 1.880982393197534
-0.003365862057350764 -0.0443725249744804 5.696577149378659
-0.003012295847222352 -0.04439792870989374 5.81106883294165
-0.03026584772420335 -0.03262251464150694 5.836136500800384
-0.02832600382739819 -0.03432036577850275 5.715039794451219
-0.02305161976233107 -0.03806406213652068 1.51893621309644
-0.004284962323952285 0.04429321728980984 3.538841000664012
-0.004290458382150527 0.0442926852524323 3.568438204499857
-0.02625014516736381 -0.03593299150769842 1.643635785748315
-0.02620500800134206 -0.03596592214374043 1.733759906321332
0.018259183112918 0.04058142718102618 0.1256640989743941
-0.003802288104411304 -0.04433725978419339 1.419290579977928
-0.04249351375503446 0.01321178597884089 0.2617318398304423
-0.00181435713695913 -0.04446299706699455 5.60277589768268
-0.001946315015264425 -0.04445741623015621 1.600274906487799
-0.004204118858757281 0.0443009636985635 3.598157388524085
-0.004219644492166981 0.04429948758574669 3.627733239828338
-0.02960271035366302 -0.03322543513209619 5.628747107105527
-0.02981585628519022 -0.03303429602671869 5.658373240989219
-0.04224575112320388 0.01398379462221604 0.06543448481468631
-0.02681199826303895 0.03551572537824332 0.301547844211458
-0.02949874191898565 -0.03331777641435692 5.569493167443106
-0.0267675182236874 0.03554926114766047 0.3306352469643805
-0.001181546173868655 -0.04448431126407395 5.483304844893208
-0.001656502921141888 -0.04446915782958171 5.543280885377837
-0.004120409770851719 0.04430882782606949 3.657476217789819
-0.004145756648212913 0.04430646343157845 3.687029864362106
-0.02936340760176955 -0.03343710953435333 5.51024091585402
-0.02661466971947877 0.03566383820795316 0.3598271403098258
-0.002198108766855455 0.04444567828089783 0.4368588849808237
-0.02850238743490761 0.03417402391452345 0.2439109839040587
-0.02635379326622003 0.03585704366622178 0.3880908831871205
-0.002014563503375242 0.04445437586887109 0.465985991369203
-0.004033783431288741 0.04431679807059012 3.716797485945858
-0.02580716152517057 -0.0362524539033395 1.553333455497673
-0.00406874757441078 0.04431360167235029 3.746328077490776
-0.001861761744104075 0.0444610373609095 0.4950529634155013
0.02335851413823338 0.03787650745850191 4.452480694216292
-0.02934092953168854 -0.03345683568744192 5.450989157276141
-0.03957813269198068 -0.02034260093046044 0.04678651325558238
-0.02922012805135136 -0.03356239140261952 5.421364737331404
-0.00173120905813784 0.04446631213848323 0.5246820683226804
-0.02486992921672465 -0.03690171568850296 1.432679103322274
-0.02606707727612589 -0.03606601561415513 1.465209965690171
-0.0009867754783074655 -0.04448905791490095 5.39388576678927
-0.001577627978487556 0.04447202592598513 0.5542235817914399
-0.003944217788095018 0.04432485923316706 3.776121320388682
-0.02879783926165939 -0.03392542488841708 5.357732024181384
-0.003988627403720761 0.04432088504795778 3.805627878956627
-0.001457749634784904 0.04447611680444106 0.5840917511737695
-0.002413563582828417 -0.04443449910634353 1.506317309269416
-0.02900960913852832 -0.03374451922356895 5.33249236638725
-0.0013215479696588 0.04448037219902606 0.6137600148270357
-0.005073238335344762 0.04420986601192983 1.071080411628263
-0.001199705100043724 0.04448382523651635 0.6437202917785374
-6.073366147678831e-05 -0.04449995855528815 1.359488036773771
-0.0003520868866445344 -0.04449860711105745 1.388979108729059
-0.001056164516769268 0.04448746471213568 0.6734330828420421
-0.003851815698855766 0.04433298451291147 3.835448000758577
-0.003905583354715074 0.04432828012295731 3.864929269587821
-0.02823878721498838 0.03439216330251135 1.112699249517745
-0.0009492670665720414 0.0444898740393398 0.7033785476161006
-0.02882281067669087 -0.03390421190199876 5.243623042634318
-0.02898224409358569 -0.03376802522061095 5.273244976875394
-0.04227395159222481 0.0138983098532963 6.030788049743189
-0.0007676726077263235 -0.04449337792039785 5.303001072442454
-0.0008184334847576623 0.04449247314581453 0.7330985194818443
-0.0002138207637497607 -0.04449948629682133 5.214679559898814
-0.0007077324573347519 0.04449437172012697 0.7630671808555061
0.000291402165903217 -0.04449904588615026 5.124782769038937
-0.003756938237107591 0.04434112555047017 3.894777758934111
-0.0197852439572542 0.03985968039952072 0.04560415653694717
-0.0005692576103545806 0.04449635879229955 0.7927985746344766
-0.003820106544912641 0.0443357280980646 3.924232252089412
-0.02849402068337591 -0.03418100035539254 5.179459518216711
0.03924749716321511 0.020973410939173 6.072005867993205
0.04014172812557465 0.01920655260822329 0.02054873545482259
0.004206549372977472 -0.04430073297782671 1.117433928128733
-0.0004747898962874528 0.04449746705773693 0.8227375111920501
-0.001044703774311525 -0.04448773532136626 4.939107511630935
-0.0003501332550163883 0.04449862252591345 0.8524675522887278
0.03941943813255391 -0.02064843571105943 0.02162861652799163
0.04017128981928751 -0.01914464609897 6.075513542662057
-0.0002522365092770522 0.0444992851262061 0.882423990570338
0.0004177332616670008 -0.04449803927053525 5.064975466676722
-0.02834884676122351 -0.03430149978220583 5.094343644233979
-0.003660225674006387 0.04434921361214136 3.954110147291137
-0.000118118021059138 0.04449984323717445 0.9121668637459961
-0.003732893765120541 0.04434315622661882 3.983536830471707
0.0005275322440931655 -0.04449687303318562 1.269677806747808
-0.02888919181919622 -0.03384766751245477 5.154754843453089
-0.001400445146130298 -0.04447795806231082 1.243812976989846
9.246142077109137e-05 -0.04449990394243193 1.329262305575903
-3.487427109925027e-05 0.04449998633466324 0.9420963095572713
-0.001160685017652905 -0.04448486046161992 1.213645156687858
-0.03946845395150819 -0.02055458933371518 6.052248285330032
0.0003747523125965924 -0.04449842200240592 1.299121219031513
0.01421650445614446 -0.04216800921372059 0.03921443741587308
-0.02818216812175776 -0.03443857430203783 5.035117172569669
0.000131643471121039 0.04449980528043365 0.9714730012640824
-0.03825050977320273 -0.02274089932456766 0.9658503078722611
0.0001967504620930536 0.0444995650456908 1.001494902324374
-0.0248987058932905 -0.03688230530809348 4.985024219158889
0.0004379881859191733 0.04449784451351543 1.030379358906618
-0.003562110787749336 0.04435720197144766 4.013443015796729
-0.003644033467977947 0.04435054700997786 4.042843005074112
-0.001328297781299558 -0.04448017114405244 1.184524964374311
0.01439271716445541 0.04210819032710846 6.05331611977853
-0.02622120963574721 0.03595411193783261 1.079892689380363
0.001274078193827836 -0.04448175721299702 1.151397730807873
0.001159341552130004 -0.04448489549460024 4.855798996161242
0.0007950969877845372 -0.04449289629570113 4.884932020251959
0.0004993861401971692 -0.04449719781607578 4.912067751484063
-0.003461197161697705 0.04436519034341965 4.072772021474927
-0.02419466840390183 0.03734793194843904 1.164458119453694
0.001442840956409506 -0.04447660295002876 4.796215864165317
-0.04052961590127768 -0.01837390091665074 4.16112505972347
-0.003429012413182338 0.0443676895259404 4.102307538769123
-0.02382856045535308 0.03758257184687583 1.284970508109275
-0.02381946977252276 0.03758833409125596 1.254996652937836
-0.02394076141826718 0.03751119756437549 1.345721523030912
-0.04058288544951678 0.01825594173389581 1.126589698848945
-0.02407926552385031 0.03742243941583597 1.405207424956629
0.00104891687140267 -0.04448763618576387 4.825673711335682
-0.02395615318452882 0.03750136963631314 1.315674282628202
-0.02367054507923337 0.03768229419305545 1.46452645011543
0.001633562799026445 -0.04447000643784119 4.736452367706305
-0.02432959063702579 0.03726018007786257 1.37562963556162
-0.03924971415856233 -0.0209692617531269 4.258796926703865
-0.0238988219182865 0.03753793162812822 1.434796036155301
-0.02384441022539686 0.03757251789543774 1.19451151389363
-0.02383412611342712 0.03757904246264467 1.224440112916892
-0.02354739855476418 0.03775936998021934 1.494092299887751
-0.02153561918328969 -0.03894184261680905 4.182187766752531
-0.003295555703123994 0.04437780202542265 4.132357169275343
0.00128720965014352 -0.04448137915259123 4.765913771438335
-0.003271490738795679 0.04437958256164623 4.16187728484437
0.001791113356632878 -0.04446393946720973 4.67677143749788
0.02530726544914916 -0.0366031735712397 1.104129602939819
-0.02352934365002237 0.03777062333876887 1.523771060087801
0.001471246534608718 -0.04447567237978985 4.706082746562073
-0.02144862253578526 -0.03898982676695812 4.358470366645232
-0.02558737387000047 -0.03640791532670907 4.530251035775067
0.001574607342898241 -0.0444721329791555 4.591800821467912
0.02193290656803425 -0.038719473259303 4.383977476111945
0.0260249094285186 -0.03609645535558033 4.48305115471611
-0.003137656165731594 0.04438924547438992 4.191876584153718
-0.04077160873112418 -0.01783047732047907 1.004400821867194
-0.02236011090675773 -0.03847434782082074 4.303409965732821
-0.003078048458493917 0.04439341863032361 4.221403766514073
-0.02731307894624508 -0.03513183340613159 4.650522601630136
0.02528016729074946 -0.03662189429496679 6.031327058824711
0.02627189696922983 -0.03591709105200715 4.990437871989954
0.02344048263144712 -0.03782583474300105 1.080770487819034
0.001558655372902584 -0.04447269491978782 4.618319146383604
-0.02353213170836302 0.03776888636510554 1.553329780622961
-0.02231775084433162 -0.03849893501449534 4.573828145164574
-0.01424287139678281 0.04215911069240794 1.947572426939342
-0.02604113034859332 0.03608475481650903 4.414653476951109
-0.03975050508284376 -0.02000368330230242 4.348027548206973
-0.002942116886857826 0.04440263447391456 4.25137642379347
0.0264868927553391 -0.03575883823849937 4.422722604078909
-0.002834487345128916 0.04440963500739793 4.280900035270585
0.0263704501634812 -0.03584479541265864 4.45306605960658
-0.0235549306626389 0.03775467178347963 1.582640943207166
-0.04062416222336211 -0.01816390496699315 4.216585943089763
-0.003056240472930531 0.04439492532003653 4.309099113123673
0.009806602419687583 0.04340599669380001 1.962150117125671
-0.02279182187557667 -0.03822018910984069 0.958492060896995
-0.0008926916971301479 -0.04449104518365325 5.011201497911225
2 2 0 5
2307
2308
2309
2310
2311
0.01755509427441759 -0.004192853742926286 6.096
-0.01421328274407367 0.00619444180259949 6.096
0.001729532230525065 -0.02146131655633712 6.096
0.007245229556843182 0.02111517369135068 6.096
-0.01900376874905541 -0.01472025597605386 6.096
2 3 0 5
2312
2313
2314
2315
2316
0.01755509427441759 -0.004192853742926286 0
-0.01421328274407367 0.00619444180259949 0
0.001729532230525065 -0.02146131655633712 0
0.007245229556843182 0.02111517369135068 0
-0.01900376874905541 -0.01472025597605386 0
3 1 0 0
$EndNodes
$Elements
8 4854 1 4854
0 1 15 1
1 1 
0 2 15 1
2 2 
1 1 1 10
3 1 3 
4 3 4 
5 4 5 
6 5 6 
7 6 7 
8 7 8 
9 8 9 
10 9 10 
11 10 11 
12 11 1 
1 2 1 204
13 2 12 
14 12 13 
15 13 14 
16 14 15 
17 15 16 
18 16 17 
19 17 18 
20 18 19 
21 19 20 
22 20 21 
23 21 22 
24 22 23 
25 23 24 
26 24 25 
27 25 26 
28 26 27 
29 27 28 
30 28 29 
31 29 30 
32 30 31 
33 31 32 
34 32 33 
35 33 34 
36 34 35 
37 35 36 
38 36 37 
39 37 38 
40 38 39 
41 39 40 
42 40 41 
43 41 42 
44 42 43 
45 43 44 
46 44 45 
47 45 46 
48 46 47 
49 47 48 
50 48 49 
51 49 50 
52 50 51 
53 51 52 
54 52 53 
55 53 54 
56 54 55 
57 55 56 
58 56 57 
59 57 58 
60 58 59 
61 59 60 
62 60 61 
63 61 62 
64 62 63 
65 63 64 
66 64 65 
67 65 66 
68 66 67 
69 67 68 
70 68 69 
71 69 70 
72 70 71 
73 71 72 
74 72 73 
75 73 74 
76 74 75 
77 75 76 
78 76 77 
79 77 78 
80 78 79 
81 79 80 
82 80 81 
83 81 82 
84 82 83 
85 83 84 
86 84 85 
87 85 86 
88 86 87 
89 87 88 
90 88 89 
91 89 90 
92 90 91 
93 91 92 
94 92 93 
95 93 94 
96 94 95 
97 95 96 
98 96 97 
99 97 98 
100 98 99 
101 99 100 
102 100 101 
103 101 102 
104 102 103 
105 103 104 
106 104 105 
107 105 106 
108 106 107 
109 107 108 
110 108 109 
111 109 110 
112 110 111 
113 111 112 
114 112 113 
115 113 114 
116 114 115 
117 115 116 
118 116 117 
119 117 118 
120 118 119 
121 119 120 
122 120 121 
123 121 122 
124 122 123 
125 123 124 
126 124 125 
127 125 126 
128 126 127 
129 127 128 
130 128 129 
131 129 130 
132 130 131 
133 131 132 
134 132 133 
135 133 134 
136 134 135 
137 135 136 
138 136 137 
139 137 138 
140 138 139 
141 139 140 
142 140 141 
143 141 142 
144 142 143 
145 143 144 
146 144 145 
147 145 146 
148 146 147 
149 147 148 
150 148 149 
151 149 150 
152 150 151 
153 151 152 
154 152 153 
155 153 154 
156 154 155 
157 155 156 
158 156 157 
159 157 158 
160 158 159 
161 159 160 
162 160 161 
163 161 162 
164 162 163 
165 163 164 
166 164 165 
167 165 166 
168 166 167 
169 167 168 
170 168 169 
171 169 170 
172 170 171 
173 171 172 
174 172 173 
175 173 174 
176 174 175 
177 175 176 
178 176 177 
179 177 178 
180 178 179 
181 179 180 
182 180 181 
183 181 182 
184 182 183 
185 183 184 
186 184 185 
187 185 186 
188 186 187 
189 187 188 
190 188 189 
191 189 190 
192 190 191 
193 191 192 
194 192 193 
195 193 194 
196 194 195 
197 195 196 
198 196 197 
199 197 198 
200 198 199 
201 199 200 
202 200 201 
203 201 202 
204 202 203 
205 203 204 
206 204 205 
207 205 206 
208 206 207 
209 207 208 
210 208 209 
211 209 210 
212 210 211 
213 211 212 
214 212 213 
215 213 214 
216 214 1 
1 3 1 10
217 2 215 
218 215 216 
219 216 217 
220 217 218 
221 218 219 
222 219 220 
223 220 221 
224 221 222 
225 222 223 
226 223 2 
2 1 2 4592
227 572 1905 1625 
228 1839 1847 1845 
229 1625 1905 1624 
230 1025 1965 1046 
231 980 1854 1676 
232 1507 1940 1200 
233 752 2265 1269 
234 1269 1381 752 
235 1624 1905 576 
236 1939 2281 1439 
237 576 1630 1624 
238 774 1940 1507 
239 1439 2278 1939 
240 1508 1935 1196 
241 773 1935 1508 
242 1046 1965 411 
243 576 1906 1630 
244 1630 1906 1629 
245 1803 1853 1804 
246 1241 1973 1240 
247 1241 1978 1973 
248 1236 1970 1967 
249 815 1989 1842 
250 734 1648 1072 
251 1072 1648 1071 
252 1967 1970 767 
253 1072 1359 734 
254 769 1971 1240 
255 1241 1949 764 
256 1240 1973 769 
257 1355 1357 743 
258 1629 1906 577 
259 577 1635 1629 
260 743 1646 1355 
261 1264 1967 767 
262 1814 2021 1842 
263 1648 1649 1071 
264 773 1509 1192 
265 1295 1990 768 
266 764 1978 1241 
267 1192 1935 773 
268 767 1981 1264 
269 1313 1523 581 
270 765 1984 1298 
271 1213 2008 775 
272 768 1999 1295 
273 1059 2081 1058 
274 498 1523 1314 
275 1314 1523 1313 
276 775 2018 1213 
277 1676 1856 980 
278 1298 1986 765 
279 772 1925 1509 
280 1509 1925 1192 
281 1188 1925 772 
282 1355 1646 1354 
283 1371 1654 1370 
284 772 1510 1188 
285 1236 1971 769 
286 769 1970 1236 
287 815 1842 1840 
288 766 1982 1264 
289 1264 1981 766 
290 577 1907 1635 
291 1853 2021 1814 
292 1635 1907 1634 
293 1937 2168 456 
294 770 1934 1510 
295 1437 1945 1204 
296 1510 1934 1188 
297 2013 2023 1077 
298 1646 1647 1354 
299 778 2023 2013 
300 1511 1949 1319 
301 1634 1907 579 
302 768 1990 1223 
303 485 1371 1218 
304 776 1945 1437 
305 579 1642 1634 
306 581 1851 1313 
307 1209 2000 771 
308 415 1955 1038 
309 1223 1992 768 
310 2022 2030 1081 
311 771 2009 1209 
312 780 2030 2022 
313 1845 1847 355 
314 774 1508 1196 
315 764 1949 1511 
316 1196 1940 774 
317 1038 2012 415 
318 1223 1984 765 
319 485 1654 1371 
320 765 1992 1223 
321 1842 1989 1814 
322 1298 1982 766 
323 766 1986 1298 
324 1954 1975 1027 
325 821 1812 1806 
326 1218 1653 485 
327 579 1898 1642 
328 1642 1898 1639 
329 2029 2037 1085 
330 1319 1934 770 
331 782 2037 2029 
332 1363 1658 1048 
333 981 1856 1677 
334 770 1511 1319 
335 1439 2281 1053 
336 1639 1898 1897 
337 1639 1897 1640 
338 1058 2081 915 
339 1204 1205 777 
340 776 1507 1200 
341 1652 1653 1217 
342 1542 2168 1937 
343 1200 1945 776 
344 1362 1363 1048 
345 826 1819 1811 
346 2035 2047 1089 
347 783 2047 2035 
348 1027 2176 1954 
349 1840 1843 815 
350 777 1437 1204 
351 353 1853 1803 
352 570 1960 1640 
353 1640 1897 570 
354 1939 2278 1380 
355 1960 1964 1834 
356 570 1964 1960 
357 1359 1647 734 
358 1278 2042 1052 
359 2046 2058 1093 
360 1431 2141 2138 
361 1205 1649 777 
362 785 2058 2046 
363 1052 2059 1278 
364 2138 2141 897 
365 940 2139 1067 
366 775 2008 1209 
367 1217 1851 1652 
368 1067 2140 940 
369 1071 1649 1205 
370 1209 2009 775 
371 1295 1999 771 
372 771 2000 1295 
373 1050 1324 279 
374 1047 1362 1048 
375 1354 1647 1359 
376 1839 1845 1841 
377 2053 2067 1097 
378 1037 1324 1050 
379 787 2067 2053 
380 237 1362 1047 
381 1217 1653 1218 
382 807 1843 1841 
383 1269 2265 1271 
384 757 1856 755 
385 1806 1813 821 
386 1288 1524 582 
387 2134 2135 1063 
388 936 2135 2134 
389 591 1969 1834 
390 1834 1964 591 
391 2063 2074 1101 
392 789 2074 2063 
393 1143 1656 1140 
394 1369 1655 480 
395 1804 1853 1807 
396 831 1828 1818 
397 816 1813 1807 
398 1038 1965 1025 
399 1652 1851 581 
400 1370 1655 1369 
401 1654 1655 1370 
402 2071 2079 1105 
403 1811 1820 826 
404 583 1143 1136 
405 792 2079 2071 
406 805 1843 803 
407 980 1855 1854 
408 1987 2099 1021 
409 1772 2026 1770 
410 582 1929 1288 
411 1136 1432 583 
412 778 2013 1213 
413 1665 1669 931 
414 1213 2018 778 
415 583 1656 1143 
416 1404 2151 2093 
417 821 1820 1812 
418 1991 2101 595 
419 2076 2082 1109 
420 480 1923 1369 
421 818 1813 813 
422 780 2022 1077 
423 2113 2116 942 
424 1036 2050 1958 
425 794 2082 2076 
426 1057 2116 2113 
427 1941 2050 410 
428 1044 1976 402 
429 784 1997 1993 
430 1818 1829 831 
431 1077 2023 780 
432 1966 2110 1650 
433 348 1830 1825 
434 823 1820 820 
435 929 2150 1168 
436 1993 1997 1796 
437 1168 2154 929 
438 1288 1923 1524 
439 1841 1844 807 
440 2050 2051 410 
441 917 2160 1291 
442 937 1860 1664 
443 937 1864 1860 
444 826 1829 1819 
445 828 1829 825 
446 2093 2151 548 
447 2080 2088 1276 
448 796 2088 2080 
449 1230 2200 1229 
450 833 1827 830 
451 1291 2164 917 
452 786 2005 1998 
453 1229 2200 2199 
454 402 2304 1044 
455 1807 1814 816 
456 924 1826 1824 
457 276 2055 1980 
458 1998 2005 1792 
459 1132 1977 225 
460 1824 1827 924 
461 1677 1856 1676 
462 463 1363 1141 
463 463 1658 1363 
464 1966 1977 1132 
465 1656 1657 1140 
466 806 1962 1420 
467 846 1861 844 
468 841 1671 839 
469 1958 2208 1036 
470 1420 1959 806 
471 1141 1657 463 
472 782 2029 1081 
473 788 2010 2007 
474 411 1980 1046 
475 1524 1923 480 
476 1253 2158 928 
477 2007 2010 1788 
478 799 2026 1772 
479 1081 2030 782 
480 928 2161 1253 
481 1498 1858 1857 
482 1140 1657 1141 
483 1855 2126 1846 
484 808 2279 1343 
485 755 1856 981 
486 2017 2137 565 
487 784 1993 1800 
488 854 1497 852 
489 1136 1929 1432 
490 791 2014 2011 
491 1432 1929 582 
492 1343 2293 808 
493 2011 2014 1784 
494 1311 1851 1215 
495 1800 1991 784 
496 980 1856 757 
497 1670 1672 926 
498 1674 1825 1672 
499 783 2035 1085 
500 1670 1674 1672 
501 926 1671 1670 
502 1490 1499 948 
503 1047 1373 237 
504 1495 1643 1499 
505 803 1843 807 
506 1841 1843 1840 
507 793 2020 2015 
508 1085 2037 783 
509 1499 1643 948 
510 2003 2006 1436 
511 1669 1671 931 
512 927 2006 2003 
513 1331 2175 1330 
514 2175 2177 1330 
515 2015 2020 1780 
516 1996 2002 1446 
517 1817 1828 1822 
518 1030 1374 1373 
519 786 1998 1796 
520 2148 2193 1178 
521 1802 2099 1987 
522 1496 1498 945 
523 2086 2147 278 
524 931 1861 1665 
525 815 1843 805 
526 1526 1972 1014 
527 1132 2110 1966 
528 813 1813 816 
529 1485 1491 947 
530 1825 1830 1823 
531 1030 1373 1047 
532 348 1825 1674 
533 1400 2136 2105 
534 410 2051 1045 
535 2106 2111 1129 
536 1020 2012 1038 
537 1823 1826 1825 
538 920 2202 1337 
539 2061 2146 551 
540 1372 1410 1219 
541 1860 1864 1498 
542 930 2002 1996 
543 1796 1997 786 
544 309 1203 1202 
545 1800 2101 1991 
546 1664 1861 937 
547 820 1820 821 
548 795 2025 2019 
549 1985 1994 1450 
550 1242 1394 1318 
551 1320 1926 1148 
552 1008 2193 2148 
553 1336 2184 1337 
554 785 2046 1089 
555 2184 2188 1337 
556 825 1829 826 
557 821 1813 818 
558 2019 2025 1776 
559 1004 1926 1320 
560 1824 1826 1823 
561 1807 1813 1806 
562 754 1995 1382 
563 1517 2111 2106 
564 1308 2211 1309 
565 1045 2086 410 
566 1677 2303 981 
567 2211 2227 1309 
568 830 1827 831 
569 258 1199 1198 
570 826 1820 823 
571 1480 1486 946 
572 1040 2131 2123 
573 1089 2047 785 
574 1293 1357 1356 
575 860 1660 858 
576 1040 2123 1033 
577 831 1829 828 
578 923 2032 2004 
579 1516 2112 2103 
580 788 2007 1792 
581 933 1994 1985 
582 1168 2155 2154 
583 1979 1983 1454 
584 1169 2155 1168 
585 1496 1858 1498 
586 1330 2177 918 
587 965 2287 1175 
588 797 2028 2024 
589 309 1202 1201 
590 918 2181 1330 
591 946 1866 1480 
592 844 1861 931 
593 924 1827 833 
594 839 1671 926 
595 1980 2055 1046 
596 1007 2190 1575 
597 1356 1422 1293 
598 2142 2171 537 
599 2024 2028 1772 
600 1812 1820 1811 
601 2103 2112 1126 
602 1480 1866 1481 
603 1175 2274 965 
604 945 1497 1496 
605 1475 1481 944 
606 258 1198 1197 
607 484 1653 487 
608 1792 2005 788 
609 1257 2137 2017 
610 937 1861 846 
611 1324 2081 1059 
612 1337 2188 920 
613 931 1671 841 
614 727 1649 729 
615 1013 1943 1145 
616 142 1201 141 
617 1963 1974 1458 
618 1145 1526 1013 
619 1053 2281 282 
620 2105 2136 553 
621 934 1983 1979 
622 787 2053 1093 
623 1069 1203 1068 
624 1370 1372 1371 
625 1045 2147 2086 
626 944 1867 1475 
627 1284 2132 2108 
628 1304 1391 1310 
629 852 1497 945 
630 1147 1943 1645 
631 1862 1932 1466 
632 1153 1389 1388 
633 2089 2145 544 
634 1818 1828 1817 
635 1366 1923 1287 
636 1481 1866 944 
637 1645 1943 1013 
638 864 1852 862 
639 1475 1867 1476 
640 1093 2058 787 
641 1819 1829 1818 
642 1470 1476 943 
643 1379 1381 1378 
644 791 2011 1788 
645 140 1197 139 
646 2252 2260 956 
647 1953 1961 1462 
648 282 2298 1053 
649 1215 1851 1217 
650 1857 1860 1498 
651 854 1643 1497 
652 1348 1405 1404 
653 948 1660 1490 
654 298 1195 1194 
655 935 1974 1963 
656 1357 1358 743 
657 1052 2042 305 
658 1286 1929 1134 
659 1068 1203 309 
660 1846 2016 1855 
661 943 1865 1470 
662 947 1852 1485 
663 1159 1314 1160 
664 1378 1381 1270 
665 921 2206 1309 
666 1069 1205 1203 
667 272 1410 1372 
668 1349 2171 2142 
669 733 1647 736 
670 309 1201 142 
671 298 1194 1193 
672 1270 1383 1378 
673 1371 1372 1219 
674 939 1932 1862 
675 1313 1851 1311 
676 1575 2240 1007 
677 1788 2010 791 
678 1476 1867 943 
679 1320 1944 1850 
680 80 2115 2098 
681 2038 2270 1272 
682 1246 2146 2061 
683 1466 1471 941 
684 1470 1865 1471 
685 258 1197 140 
686 1318 1949 1242 
687 1278 2059 578 
688 938 1961 1953 
689 267 1353 1352 
690 1497 1643 1495 
691 1335 1936 273 
692 1028 1931 1277 
693 1012 1944 1147 
694 1293 2078 1357 
695 779 2270 2038 
696 789 2063 1097 
697 779 2253 1358 
698 1055 1066 1054 
699 1160 1314 1312 
700 1147 1645 1012 
701 1277 1931 1005 
702 1822 1828 1824 
703 1491 1660 947 
704 1323 1324 1059 
705 267 1352 1351 
706 1057 2117 2116 
707 941 1862 1466 
708 956 2260 1504 
709 1058 2117 1057 
710 1421 1422 1356 
711 947 1660 860 
712 578 2077 1278 
713 1305 2206 921 
714 1170 1281 1280 
715 1177 1184 1176 
716 921 2222 1305 
717 793 2015 1784 
718 2149 2167 443 
719 270 1405 1348 
720 1097 2067 789 
721 1486 1852 946 
722 1471 1865 941 
723 270 1348 1347 
724 1382 2296 754 
725 487 1653 1652 
726 1312 1315 1160 
727 777 1649 727 
728 843 2073 1389 
729 267 1421 1353 
730 1242 1949 1241 
731 1242 1395 1394 
732 298 1193 138 
733 1462 1932 939 
734 2263 2272 960 
735 270 1347 1346 
736 138 1193 137 
737 141 1201 258 
738 858 1660 948 
739 264 1388 1387 
740 2098 2115 1042 
741 1282 2124 2109 
742 1921 2159 2157 
743 1145 1972 1526 
744 1364 1930 16 
745 427 1930 1364 
746 272 1372 1368 
747 939 1953 1462 
748 1850 1944 1012 
749 1138 1143 1140 
750 1427 2006 927 
751 1921 2157 449 
752 1528 2131 2125 
753 927 2004 1427 
754 1071 1205 1069 
755 412 1975 1954 
756 1827 1828 831 
757 1413 1414 1256 
758 272 1368 1367 
759 485 1653 484 
760 924 1863 1826 
761 1784 2014 793 
762 1332 1333 1290 
763 2108 2132 1000 
764 232 1395 1239 
765 1358 2270 779 
766 267 1351 147 
767 1841 1845 1844 
768 139 1197 298 
769 729 1649 1648 
770 1512 2092 2083 
771 1512 2083 798 
772 938 1963 1458 
773 946 1852 864 
774 734 1647 733 
775 1407 1409 1408 
776 300 1065 1064 
777 1436 2002 930 
778 1458 1961 938 
779 1353 1421 1356 
780 1054 1066 300 
781 930 2003 1436 
782 1287 1923 1288 
783 1135 1143 1138 
784 963 2052 2049 
785 1337 1936 1335 
786 1807 1853 1814 
787 1400 1401 1245 
788 147 1351 146 
789 792 2071 1101 
790 1148 1926 263 
791 1320 1850 1004 
792 300 1064 206 
793 30 1137 271 
794 116 1210 311 
795 120 1224 292 
796 1073 1359 1072 
797 469 1432 471 
798 1415 1417 1416 
799 1855 2295 2126 
800 1059 1325 1323 
801 264 1387 177 
802 270 1346 62 
803 935 1979 1454 
804 925 2235 1152 
805 1234 1263 1233 
806 164 1340 268 
807 1504 2247 953 
808 862 1852 947 
809 1176 1184 256 
810 272 1367 36 
811 1391 1392 1310 
812 1239 1395 1242 
813 262 1325 1056 
814 1134 1929 1136 
815 1454 1974 935 
816 1399 2145 2089 
817 420 1051 418 
818 300 1066 1065 
819 256 1183 1182 
820 242 1190 1189 
821 232 1238 1237 
822 256 1182 55 
823 178 1154 264 
824 112 1078 308 
825 242 1189 136 
826 232 1237 129 
827 63 1405 270 
828 106 1090 240 
829 110 1082 260 
830 102 1098 255 
831 98 1106 231 
832 94 1113 253 
833 90 1119 239 
834 86 1125 259 
835 82 1131 225 
836 1415 1416 77 
837 795 2019 1780 
838 84 1128 303 
839 88 1122 291 
840 92 1116 285 
841 96 1110 286 
842 100 1102 289 
843 104 1094 287 
844 108 1086 294 
845 1826 1863 1672 
846 263 1924 1364 
847 149 1422 1421 
848 2090 2092 949 
849 1270 1384 1383 
850 1670 1671 1669 
851 177 1387 176 
852 62 1346 61 
853 1369 1923 1366 
854 281 1384 1267 
855 1345 2187 2084 
856 736 1647 1646 
857 1281 1393 201 
858 1220 1297 1221 
859 933 1996 1446 
860 934 1985 1450 
861 1333 1360 194 
862 1101 2074 792 
863 932 2239 1153 
864 1339 1341 1340 
865 273 1936 1390 
866 1200 1940 1198 
867 1446 1994 933 
868 1309 2227 921 
869 284 1401 68 
870 960 2272 1505 
871 1162 1178 1161 
872 72 1414 1412 
873 1166 1252 1165 
874 1450 1983 934 
875 1170 1393 1281 
876 580 2165 2159 
877 13 420 418 
878 1389 2239 843 
879 1247 1260 1248 
880 1258 1275 1259 
881 580 2159 1921 
882 1307 1392 296 
883 36 1367 35 
884 1216 1411 251 
885 1233 1263 254 
886 1056 1325 1059 
887 1245 1401 284 
888 1412 1414 1413 
889 1267 1384 1270 
890 28 1928 1361 
891 137 1193 242 
892 1142 1362 1361 
893 1135 1138 1137 
894 1208 1211 1210 
895 1222 1225 1224 
896 1503 2249 842 
897 162 1419 1418 
898 1288 1929 1286 
899 1142 1363 1362 
900 2274 2277 965 
901 2248 2249 1503 
902 1498 1864 945 
903 1390 1936 1231 
904 1352 1359 1073 
905 1078 1079 308 
906 1137 1138 271 
907 1210 1211 311 
908 1224 1225 292 
909 190 1334 273 
910 2054 2075 680 
911 949 2092 1512 
912 1032 2288 1947 
913 1203 1204 1202 
914 1090 1091 240 
915 1098 1099 255 
916 1106 1107 231 
917 1113 1114 253 
918 1119 1120 239 
919 1125 1126 259 
920 1128 1129 303 
921 1122 1123 291 
922 1116 1117 285 
923 1110 1111 286 
924 1102 1103 289 
925 1094 1095 287 
926 1131 1132 225 
927 1086 1087 294 
928 1082 1083 260 
929 256 1184 1183 
930 242 1191 1190 
931 232 1239 1238 
932 258 1201 1199 
933 1504 2260 2247 
934 1319 1949 1318 
935 471 1432 582 
936 261 1260 1247 
937 295 1275 1258 
938 1231 1402 1390 
939 150 1422 149 
940 1172 1249 1173 
941 1340 1341 268 
942 1513 2096 2090 
943 42 1315 290 
944 1513 2090 949 
945 1310 1392 1307 
946 206 1064 205 
947 31 1137 30 
948 117 1210 116 
949 121 1224 120 
950 1334 1335 273 
951 953 2248 1503 
952 1780 2020 795 
953 279 2027 1050 
954 2247 2248 953 
955 49 1407 266 
956 1357 2078 1358 
957 1404 2093 1348 
958 2004 2032 1427 
959 165 1340 164 
960 1419 1420 1418 
961 1157 1316 230 
962 1199 1200 1198 
963 156 1376 235 
964 202 1281 201 
965 1300 1409 1406 
966 195 1333 194 
967 1406 1409 1407 
968 1920 2168 2165 
969 1074 1212 1075 
970 311 1212 1074 
971 263 1926 1924 
972 1196 1935 1194 
973 1229 2199 922 
974 16 1930 15 
975 1665 1861 1664 
976 320 1449 1448 
977 1388 2289 1153 
978 1505 2252 956 
979 1485 1852 1486 
980 73 1414 72 
981 1219 1411 1216 
982 1410 1411 1219 
983 229 1149 181 
984 238 1165 199 
985 262 1054 208 
986 227 1161 59 
987 167 1172 228 
988 246 1060 204 
989 226 1068 144 
990 133 1185 265 
991 185 1226 296 
992 290 1214 41 
993 159 1171 282 
994 52 1179 244 
995 281 1265 152 
996 118 1206 257 
997 243 1273 174 
998 261 1247 170 
999 302 1250 197 
1000 126 1233 254 
1001 310 1176 57 
1002 122 1220 241 
1003 254 1261 125 
1004 74 1254 283 
1005 69 1243 284 
1006 266 1232 48 
1007 295 1258 172 
1008 305 1155 46 
1009 20 1146 307 
1010 32 1133 304 
1011 307 1148 19 
1012 306 1144 23 
1013 311 1074 115 
1014 462 1657 465 
1015 307 1944 1320 
1016 1768 2033 1767 
1017 1076 1079 1078 
1018 323 1453 1452 
1019 1770 2026 1768 
1020 1080 1083 1082 
1021 1088 1091 1090 
1022 1096 1099 1098 
1023 1104 1107 1106 
1024 1112 1114 1113 
1025 1118 1120 1119 
1026 1124 1126 1125 
1027 1130 1132 1131 
1028 293 1297 1220 
1029 1127 1129 1128 
1030 1121 1123 1122 
1031 1115 1117 1116 
1032 1108 1111 1110 
1033 1100 1103 1102 
1034 1092 1095 1094 
1035 1084 1087 1086 
1036 1332 1360 1333 
1037 794 2076 1105 
1038 425 1051 421 
1039 290 1315 1312 
1040 130 1395 232 
1041 1920 2165 580 
1042 1300 1406 244 
1043 1318 1394 265 
1044 146 1351 1350 
1045 1376 1377 235 
1046 324 1457 1456 
1047 318 1445 1444 
1048 2085 2258 509 
1049 2114 2147 1029 
1050 307 1320 1148 
1051 226 1350 1070 
1052 238 1393 1167 
1053 298 1197 1195 
1054 367 1692 1691 
1055 1161 1178 310 
1056 1165 1252 302 
1057 366 1689 1688 
1058 1185 1317 265 
1059 1226 1306 296 
1060 1179 1299 244 
1061 1407 1408 266 
1062 368 1695 1694 
1063 262 1055 1054 
1064 306 1145 1144 
1065 1152 2221 925 
1066 1592 1595 1594 
1067 246 1061 1060 
1068 310 1177 1176 
1069 227 1162 1161 
1070 1243 1244 284 
1071 1254 1255 283 
1072 243 1301 1273 
1073 229 1303 1149 
1074 290 1311 1214 
1075 1172 1173 228 
1076 1133 1134 304 
1077 238 1166 1165 
1078 302 1251 1250 
1079 281 1266 1265 
1080 226 1069 1068 
1081 1206 1207 257 
1082 254 1262 1261 
1083 1220 1221 241 
1084 327 1461 1460 
1085 64 1405 63 
1086 369 1698 1697 
1087 338 1489 1488 
1088 340 1494 1493 
1089 336 1484 1483 
1090 376 1719 1718 
1091 375 1716 1715 
1092 377 1722 1721 
1093 378 1725 1724 
1094 384 1744 1743 
1095 385 1747 1746 
1096 386 1750 1749 
1097 387 1753 1752 
1098 400 1799 1798 
1099 393 1771 1770 
1100 394 1775 1774 
1101 392 1768 1767 
1102 395 1779 1778 
1103 396 1783 1782 
1104 397 1787 1786 
1105 398 1791 1790 
1106 399 1795 1794 
1107 391 1765 1764 
1108 388 1756 1755 
1109 390 1762 1761 
1110 389 1759 1758 
1111 383 1741 1740 
1112 382 1738 1737 
1113 379 1728 1727 
1114 381 1735 1734 
1115 380 1731 1730 
1116 374 1713 1712 
1117 370 1701 1700 
1118 373 1710 1709 
1119 111 1082 110 
1120 372 1707 1706 
1121 334 1479 1478 
1122 107 1090 106 
1123 371 1704 1703 
1124 103 1098 102 
1125 99 1106 98 
1126 583 1432 469 
1127 95 1113 94 
1128 91 1119 90 
1129 87 1125 86 
1130 83 1131 82 
1131 332 1474 1473 
1132 55 1182 54 
1133 179 1154 178 
1134 113 1078 112 
1135 136 1189 135 
1136 129 1237 128 
1137 328 1465 1464 
1138 330 1469 1468 
1139 1033 2123 1429 
1140 922 2204 1229 
1141 85 1128 84 
1142 89 1122 88 
1143 93 1116 92 
1144 97 1110 96 
1145 101 1102 100 
1146 61 1346 1344 
1147 105 1094 104 
1148 109 1086 108 
1149 2094 2096 951 
1150 1361 1928 1142 
1151 2043 2044 1758 
1152 176 1387 1385 
1153 2109 2124 975 
1154 1146 1944 307 
1155 1825 1826 1672 
1156 320 1448 1447 
1157 1532 2167 2149 
1158 227 1344 1163 
1159 203 1447 204 
1160 1376 1939 1377 
1161 2026 2033 1768 
1162 365 1686 1685 
1163 201 1451 202 
1164 797 2024 1776 
1165 1364 1924 427 
1166 1857 1858 342 
1167 1160 1316 1157 
1168 243 1385 1302 
1169 296 1392 184 
1170 77 1416 76 
1171 209 1325 262 
1172 1734 2072 2041 
1173 1195 1196 1194 
1174 229 1391 1304 
1175 323 1452 1451 
1176 1204 1945 1202 
1177 280 421 420 
1178 1005 1931 1322 
1179 465 1657 1656 
1180 1479 1486 1480 
1181 1484 1491 1485 
1182 1489 1499 1490 
1183 1474 1481 1475 
1184 161 1418 250 
1185 1469 1476 1470 
1186 66 1396 248 
1187 1465 1471 1466 
1188 199 1455 200 
1189 234 1360 1328 
1190 1322 1502 429 
1191 68 1401 67 
1192 318 1444 1443 
1193 324 1456 1455 
1194 1542 1544 1540 
1195 1541 1542 1540 
1196 1390 1402 188 
1197 27 1361 237 
1198 37 1410 272 
1199 497 2237 1321 
1200 214 419 213 
1201 13 418 12 
1202 252 1402 1228 
1203 187 1402 252 
1204 200 1393 238 
1205 145 1350 226 
1206 367 1691 1690 
1207 193 1360 234 
1208 148 1421 267 
1209 147 1690 148 
1210 313 1249 1172 
1211 251 1411 39 
1212 366 1688 1687 
1213 43 1315 42 
1214 1385 1386 1302 
1215 368 1694 1693 
1216 145 1693 146 
1217 421 1051 420 
1218 197 1459 198 
1219 1377 1939 1380 
1220 327 1460 1459 
1221 920 2200 1230 
1222 149 1687 150 
1223 369 1697 1696 
1224 24 1374 306 
1225 143 1696 144 
1226 280 420 14 
1227 338 1488 1487 
1228 340 1493 1492 
1229 336 1483 1482 
1230 376 1718 1717 
1231 375 1715 1714 
1232 377 1721 1720 
1233 378 1724 1723 
1234 384 1743 1742 
1235 385 1746 1745 
1236 386 1749 1748 
1237 387 1752 1751 
1238 401 1802 1801 
1239 393 1770 1769 
1240 400 1798 1797 
1241 394 1774 1773 
1242 392 1767 1766 
1243 395 1778 1777 
1244 396 1782 1781 
1245 397 1786 1785 
1246 398 1790 1789 
1247 399 1794 1793 
1248 391 1764 1763 
1249 388 1755 1754 
1250 390 1761 1760 
1251 389 1758 1757 
1252 383 1740 1739 
1253 382 1737 1736 
1254 379 1727 1726 
1255 381 1734 1733 
1256 380 1730 1729 
1257 1429 2114 1033 
1258 374 1712 1711 
1259 370 1700 1699 
1260 1344 1345 1163 
1261 373 1709 1708 
1262 372 1706 1705 
1263 334 1478 1477 
1264 371 1703 1702 
1265 332 1473 1472 
1266 328 1464 1463 
1267 141 1699 142 
1268 185 1487 186 
1269 183 1492 184 
1270 330 1468 1467 
1271 181 1500 182 
1272 129 1717 130 
1273 127 1720 128 
1274 131 1714 132 
1275 125 1723 126 
1276 123 1726 124 
1277 111 1745 112 
1278 113 1742 114 
1279 109 1748 110 
1280 107 1751 108 
1281 105 1754 106 
1282 79 1801 80 
1283 95 1769 96 
1284 81 1797 82 
1285 93 1773 94 
1286 91 1777 92 
1287 97 1766 98 
1288 89 1781 90 
1289 87 1785 88 
1290 85 1789 86 
1291 83 1793 84 
1292 99 1763 100 
1293 101 1760 102 
1294 103 1757 104 
1295 115 1739 116 
1296 117 1736 118 
1297 119 1733 120 
1298 121 1729 122 
1299 133 1711 134 
1300 187 1482 188 
1301 135 1708 136 
1302 153 1384 281 
1303 137 1705 138 
1304 139 1702 140 
1305 230 1316 44 
1306 189 1477 190 
1307 195 1463 196 
1308 191 1472 192 
1309 423 425 421 
1310 193 1467 194 
1311 914 1018 916 
1312 1353 1354 1352 
1313 1174 1339 1338 
1314 1050 2288 1032 
1315 35 1367 1365 
1316 961 2048 2045 
1317 1174 1338 228 
1318 365 1685 1684 
1319 13 410 14 
1320 212 411 213 
1321 1263 1967 1264 
1322 241 1224 121 
1323 257 1210 117 
1324 304 1137 31 
1325 205 1064 246 
1326 1490 1660 1491 
1327 1169 2138 897 
1328 233 1365 1287 
1329 34 1365 233 
1330 60 1344 227 
1331 236 1412 1285 
1332 71 1412 236 
1333 1331 2160 917 
1334 2049 2052 1752 
1335 1034 1036 1035 
1336 175 1385 243 
1337 205 1443 206 
1338 247 1422 150 
1339 1537 1539 1535 
1340 182 1391 229 
1341 1589 1595 1592 
1342 957 2044 2043 
1343 912 914 913 
1344 426 1027 425 
1345 1537 1541 1539 
1346 1105 2079 794 
1347 320 1447 203 
1348 1539 1541 1540 
1349 151 1684 152 
1350 348 1674 1673 
1351 323 1451 201 
1352 1315 1316 1160 
1353 914 916 913 
1354 1396 1397 248 
1355 2214 2246 1644 
1356 912 913 911 
1357 364 1683 1682 
1358 1423 1424 276 
1359 1361 1362 237 
1360 1034 1035 1006 
1361 1590 1595 1589 
1362 1348 1349 1347 
1363 1271 2265 747 
1364 1378 1383 235 
1365 1060 1279 312 
1366 1261 1296 293 
1367 1265 1292 247 
1368 1250 1289 269 
1369 1230 2202 920 
1370 324 1455 199 
1371 1070 1350 1073 
1372 1167 1393 1170 
1373 269 1333 195 
1374 312 1281 202 
1375 1957 2176 1028 
1376 1365 1366 1287 
1377 1412 1413 1285 
1378 233 1133 33 
1379 18 1148 263 
1380 114 1074 224 
1381 22 1144 245 
1382 245 1146 21 
1383 45 1155 230 
1384 124 1261 293 
1385 292 1206 119 
1386 293 1220 123 
1387 56 1176 256 
1388 297 1179 53 
1389 207 1054 300 
1390 288 1233 127 
1391 299 1185 134 
1392 236 1243 70 
1393 203 1060 312 
1394 47 1232 305 
1395 40 1214 251 
1396 58 1161 310 
1397 143 1068 309 
1398 252 1226 186 
1399 169 1247 313 
1400 171 1258 261 
1401 180 1149 301 
1402 196 1250 269 
1403 198 1165 302 
1404 313 1172 168 
1405 250 1171 160 
1406 151 1265 247 
1407 249 1254 75 
1408 173 1273 295 
1409 367 1690 147 
1410 1398 1404 1403 
1411 210 1423 276 
1412 1505 2272 2252 
1413 368 1693 145 
1414 327 1459 197 
1415 366 1687 149 
1416 369 1696 143 
1417 370 1699 141 
1418 338 1487 185 
1419 340 1492 183 
1420 342 1500 181 
1421 376 1717 129 
1422 377 1720 127 
1423 375 1714 131 
1424 378 1723 125 
1425 379 1726 123 
1426 385 1745 111 
1427 384 1742 113 
1428 386 1748 109 
1429 387 1751 107 
1430 388 1754 105 
1431 401 1801 79 
1432 394 1773 93 
1433 393 1769 95 
1434 400 1797 81 
1435 395 1777 91 
1436 392 1766 97 
1437 396 1781 89 
1438 397 1785 87 
1439 398 1789 85 
1440 399 1793 83 
1441 391 1763 99 
1442 390 1760 101 
1443 389 1757 103 
1444 383 1739 115 
1445 382 1736 117 
1446 381 1733 119 
1447 380 1729 121 
1448 374 1711 133 
1449 336 1482 187 
1450 373 1708 135 
1451 372 1705 137 
1452 371 1702 139 
1453 334 1477 189 
1454 328 1463 195 
1455 175 1673 176 
1456 332 1472 191 
1457 330 1467 193 
1458 283 1414 73 
1459 1338 1340 165 
1460 1342 1420 1419 
1461 274 2119 2095 
1462 245 1943 1147 
1463 1536 1537 1535 
1464 318 1443 205 
1465 1488 1491 1484 
1466 1493 1499 1489 
1467 1483 1486 1479 
1468 1478 1481 1474 
1469 279 1324 1323 
1470 1845 1846 1844 
1471 1473 1476 1469 
1472 364 1682 1681 
1473 1468 1471 1465 
1474 1153 2289 1151 
1475 308 1082 111 
1476 294 1090 107 
1477 1225 1294 292 
1478 287 1098 103 
1479 365 1684 151 
1480 1398 1403 248 
1481 289 1106 99 
1482 286 1113 95 
1483 285 1119 91 
1484 291 1125 87 
1485 303 1131 83 
1486 910 912 911 
1487 1586 1588 1583 
1488 1329 1335 1334 
1489 259 1128 85 
1490 239 1122 89 
1491 253 1116 93 
1492 231 1110 97 
1493 255 1102 101 
1494 240 1094 105 
1495 260 1086 109 
1496 1588 1590 1589 
1497 128 1237 288 
1498 135 1189 299 
1499 224 1078 113 
1500 301 1154 179 
1501 54 1182 297 
1502 1067 2113 942 
1503 264 2289 1388 
1504 263 1364 17 
1505 1806 1812 1805 
1506 1586 1590 1588 
1507 348 1673 175 
1508 1638 1836 409 
1509 347 1668 1667 
1510 212 279 211 
1511 15 280 14 
1512 1833 1835 1641 
1513 145 226 144 
1514 60 227 59 
1515 27 237 26 
1516 22 245 21 
1517 18 263 17 
1518 34 233 33 
1519 82 225 81 
1520 114 224 113 
1521 45 230 44 
1522 209 262 208 
1523 167 228 166 
1524 182 229 181 
1525 193 234 192 
1526 200 238 199 
1527 205 246 204 
1528 185 296 184 
1529 42 290 41 
1530 88 291 87 
1531 108 294 107 
1532 120 292 119 
1533 124 293 123 
1534 133 265 132 
1535 137 242 136 
1536 84 303 83 
1537 118 257 117 
1538 141 258 140 
1539 52 244 51 
1540 56 256 55 
1541 153 281 152 
1542 66 248 65 
1543 96 286 95 
1544 104 287 103 
1545 54 297 53 
1546 159 282 158 
1547 207 300 206 
1548 156 235 155 
1549 175 243 174 
1550 190 273 189 
1551 47 305 46 
1552 135 299 134 
1553 20 307 19 
1554 126 254 125 
1555 128 288 127 
1556 92 285 91 
1557 94 253 93 
1558 100 289 99 
1559 102 255 101 
1560 79 274 78 
1561 86 259 85 
1562 90 239 89 
1563 116 311 115 
1564 122 241 121 
1565 130 232 129 
1566 143 309 142 
1567 40 251 39 
1568 98 231 97 
1569 106 240 105 
1570 110 260 109 
1571 112 308 111 
1572 30 271 29 
1573 32 304 31 
1574 37 272 36 
1575 24 306 23 
1576 58 310 57 
1577 63 270 62 
1578 71 236 70 
1579 148 267 147 
1580 164 268 163 
1581 169 313 168 
1582 171 261 170 
1583 180 301 179 
1584 187 252 186 
1585 196 269 195 
1586 198 302 197 
1587 203 312 202 
1588 151 247 150 
1589 74 283 73 
1590 76 249 75 
1591 139 298 138 
1592 69 284 68 
1593 49 266 48 
1594 161 250 160 
1595 178 264 177 
1596 173 295 172 
1597 463 1657 462 
1598 274 1415 78 
1599 29 1928 28 
1600 438 1006 1005 
1601 423 426 425 
1602 431 1322 429 
1603 1145 1943 1144 
1604 590 1430 588 
1605 1329 1336 1335 
1606 76 1416 249 
1607 1594 1600 1593 
1608 1604 1610 1603 
1609 1614 1620 1613 
1610 1624 1630 1623 
1611 1634 1642 1633 
1612 1811 1819 1810 
1613 1629 1635 1628 
1614 1619 1625 1618 
1615 1609 1615 1608 
1616 1599 1605 1598 
1617 14 420 13 
1618 1243 1284 1244 
1619 1254 1282 1255 
1620 1273 1301 1274 
1621 1133 1286 1134 
1622 1149 1303 1150 
1623 1214 1311 1215 
1624 1206 1294 1207 
1625 1006 1277 1005 
1626 50 1407 49 
1627 1147 1944 1146 
1628 951 2096 1513 
1629 422 423 421 
1630 157 1376 156 
1631 347 1667 1666 
1632 279 1323 211 
1633 1423 1425 1424 
1634 316 1434 1433 
1635 1534 1536 1535 
1636 153 1681 154 
1637 273 1390 189 
1638 2045 2048 1755 
1639 163 1419 162 
1640 245 1147 1146 
1641 364 1681 153 
1642 2280 2291 814 
1643 17 1428 315 
1644 1144 1943 245 
1645 204 1447 318 
1646 233 1286 1133 
1647 297 1180 1179 
1648 236 1284 1243 
1649 249 1282 1254 
1650 1247 1248 313 
1651 1258 1259 261 
1652 1273 1274 295 
1653 292 1294 1206 
1654 1149 1150 301 
1655 252 1227 1226 
1656 1214 1215 251 
1657 1074 1075 224 
1658 1155 1156 230 
1659 299 1186 1185 
1660 288 1234 1233 
1661 1299 1300 244 
1662 1306 1307 296 
1663 1317 1318 265 
1664 1406 1407 50 
1665 1019 1031 1018 
1666 202 1451 320 
1667 1066 1067 1065 
1668 1279 1280 312 
1669 1292 1293 247 
1670 1296 1297 293 
1671 1514 2102 2094 
1672 316 1435 1434 
1673 316 1433 207 
1674 1035 1277 1006 
1675 1394 1395 131 
1676 1234 1967 1263 
1677 67 1401 1396 
1678 1584 1586 1583 
1679 1289 1290 269 
1680 1955 2244 1038 
1681 1514 2094 951 
1682 1375 1376 157 
1683 1449 1450 1448 
1684 1031 2129 1950 
1685 242 1193 1191 
1686 965 2277 1506 
1687 280 422 421 
1688 200 1455 323 
1689 1341 1342 268 
1690 910 911 909 
1691 1531 1534 1529 
1692 1453 1454 1452 
1693 355 1847 161 
1694 347 1666 177 
1695 1225 1295 1294 
1696 1672 1863 926 
1697 353 2021 1853 
1698 237 1373 26 
1699 1466 1932 1464 
1700 162 1418 161 
1701 67 1396 66 
1702 1805 1812 1809 
1703 148 1690 366 
1704 948 1643 856 
1705 248 1403 65 
1706 228 1338 166 
1707 235 1383 155 
1708 146 1693 367 
1709 244 1406 51 
1710 198 1459 324 
1711 265 1394 132 
1712 1445 1446 1444 
1713 1457 1458 1456 
1714 150 1687 365 
1715 144 1696 368 
1716 1403 1405 64 
1717 142 1699 369 
1718 761 1439 1438 
1719 186 1487 336 
1720 184 1492 338 
1721 182 1500 340 
1722 130 1717 375 
1723 128 1720 376 
1724 132 1714 374 
1725 126 1723 377 
1726 124 1726 378 
1727 112 1745 384 
1728 114 1742 383 
1729 110 1748 385 
1730 108 1751 386 
1731 106 1754 387 
1732 80 1801 400 
1733 96 1769 392 
1734 94 1773 393 
1735 82 1797 399 
1736 92 1777 394 
1737 98 1766 391 
1738 90 1781 395 
1739 88 1785 396 
1740 86 1789 397 
1741 84 1793 398 
1742 100 1763 390 
1743 102 1760 389 
1744 104 1757 388 
1745 116 1739 382 
1746 118 1736 381 
1747 120 1733 380 
1748 122 1729 379 
1749 134 1711 373 
1750 188 1482 334 
1751 136 1708 372 
1752 234 1326 192 
1753 138 1705 371 
1754 140 1702 370 
1755 190 1477 332 
1756 196 1463 327 
1757 192 1472 330 
1758 194 1467 328 
1759 1593 1600 1597 
1760 1603 1610 1607 
1761 1613 1620 1617 
1762 1623 1630 1627 
1763 1633 1642 1637 
1764 1810 1819 1816 
1765 1461 1462 1460 
1766 278 1429 1428 
1767 1628 1635 1632 
1768 1618 1625 1622 
1769 1608 1615 1612 
1770 1598 1605 1602 
1771 438 1005 436 
1772 183 1392 1391 
1773 1489 1490 1488 
1774 1494 1495 1493 
1775 1484 1485 1483 
1776 1771 1772 1770 
1777 1775 1776 1774 
1778 1779 1780 1778 
1779 1783 1784 1782 
1780 1787 1788 1786 
1781 1791 1792 1790 
1782 1799 1800 1798 
1783 1795 1796 1794 
1784 1731 1732 1730 
1785 1479 1480 1478 
1786 1474 1475 1473 
1787 1465 1466 1464 
1788 1469 1470 1468 
1789 73 1835 74 
1790 1833 1960 1834 
1791 597 1501 790 
1792 761 1438 758 
1793 578 1440 502 
1794 1015 1659 454 
1795 426 1028 1027 
1796 1375 1939 1376 
1797 1667 1669 1665 
1798 234 1327 1326 
1799 206 1443 316 
1800 161 1847 162 
1801 177 1666 178 
1802 210 276 211 
1803 15 278 16 
1804 28 1361 27 
1805 1201 1202 1199 
1806 38 1410 37 
1807 1582 1584 1583 
1808 1377 1378 235 
1809 188 1402 187 
1810 282 1375 158 
1811 201 1393 200 
1812 146 1350 145 
1813 23 1144 22 
1814 115 1074 114 
1815 46 1155 45 
1816 19 1148 18 
1817 21 1146 20 
1818 33 1133 32 
1819 119 1206 118 
1820 123 1220 122 
1821 125 1261 124 
1822 57 1176 56 
1823 53 1179 52 
1824 70 1243 69 
1825 208 1054 207 
1826 48 1232 47 
1827 134 1185 133 
1828 59 1161 58 
1829 144 1068 143 
1830 41 1214 40 
1831 127 1233 126 
1832 168 1172 167 
1833 204 1060 203 
1834 160 1171 159 
1835 170 1247 169 
1836 172 1258 171 
1837 181 1149 180 
1838 197 1250 196 
1839 199 1165 198 
1840 186 1226 185 
1841 75 1254 74 
1842 152 1265 151 
1843 174 1273 173 
1844 194 1360 193 
1845 1020 1038 1025 
1846 1138 1139 271 
1847 149 1421 148 
1848 1079 1080 308 
1849 1211 1212 311 
1850 21 1533 319 
1851 1203 1205 1204 
1852 1091 1092 240 
1853 1099 1100 255 
1854 1107 1108 231 
1855 1114 1115 253 
1856 1120 1121 239 
1857 1126 1127 259 
1858 1129 1130 303 
1859 1123 1124 291 
1860 1083 1084 260 
1861 1117 1118 285 
1862 1111 1112 286 
1863 1103 1104 289 
1864 1095 1096 287 
1865 1087 1088 294 
1866 1228 1402 1231 
1867 43 1316 1315 
1868 1529 1534 1533 
1869 1533 1534 319 
1870 152 1684 364 
1871 278 1428 16 
1872 363 1679 1678 
1873 916 1020 919 
1874 802 1442 806 
1875 1765 2036 1764 
1876 600 1651 1650 
1877 1776 2025 797 
1878 23 1538 321 
1879 27 1546 325 
1880 31 1552 329 
1881 35 1558 333 
1882 39 1564 337 
1883 43 1570 341 
1884 47 1576 344 
1885 51 1587 358 
1886 55 1596 360 
1887 59 1606 362 
1888 63 1616 405 
1889 67 1626 407 
1890 71 1636 409 
1891 25 1543 322 
1892 170 1815 350 
1893 174 1830 348 
1894 172 1821 349 
1895 69 1631 408 
1896 65 1621 406 
1897 61 1611 404 
1898 57 1601 361 
1899 53 1591 359 
1900 29 1549 326 
1901 49 1581 345 
1902 45 1573 343 
1903 41 1567 339 
1904 37 1561 335 
1905 33 1555 331 
1906 168 1808 351 
1907 363 1678 155 
1908 1641 1836 1638 
1909 1580 1582 1578 
1910 315 1527 18 
1911 1462 1961 1460 
1912 1239 1240 1238 
1913 1191 1192 1190 
1914 1538 1539 321 
1915 1767 2031 1765 
1916 436 1322 431 
1917 1543 1544 322 
1918 1199 1945 1200 
1919 1546 1547 325 
1920 354 1838 1837 
1921 403 1832 1831 
1922 346 1662 1661 
1923 1549 1550 326 
1924 1552 1553 329 
1925 1555 1556 331 
1926 1558 1559 333 
1927 1561 1562 335 
1928 1564 1565 337 
1929 1567 1568 339 
1930 1573 1574 343 
1931 1581 1582 345 
1932 1591 1592 359 
1933 1601 1602 361 
1934 1611 1612 404 
1935 1621 1622 406 
1936 1631 1632 408 
1937 1570 1571 341 
1938 1821 1822 349 
1939 1576 1577 344 
1940 1815 1816 350 
1941 1587 1588 358 
1942 1636 1637 409 
1943 1626 1627 407 
1944 1616 1617 405 
1945 1606 1607 362 
1946 1596 1597 360 
1947 1808 1809 351 
1948 1328 1360 1332 
1949 363 1680 1679 
1950 268 1419 163 
1951 493 1523 498 
1952 479 1655 1654 
1953 475 1524 480 
1954 721 1507 776 
1955 717 1508 774 
1956 713 1509 773 
1957 709 1510 772 
1958 586 1518 590 
1959 705 1511 770 
1960 561 1519 567 
1961 527 1520 1008 
1962 523 1521 1009 
1963 519 1522 1010 
1964 627 1512 798 
1965 623 1513 949 
1966 619 1514 951 
1967 615 1515 955 
1968 611 1516 958 
1969 607 1517 962 
1970 514 1525 1011 
1971 838 1503 842 
1972 834 1504 953 
1973 829 1505 956 
1974 824 1506 960 
1975 176 1673 347 
1976 1531 1536 1534 
1977 1029 1034 1006 
1978 1535 1539 1538 
1979 262 1056 1055 
1980 1641 1960 1833 
1981 1346 1347 1345 
1982 452 1526 1014 
1983 1805 1809 1808 
1984 35 1365 34 
1985 510 1644 516 
1986 61 1344 60 
1987 72 1412 71 
1988 1540 1544 1543 
1989 131 1395 130 
1990 456 2168 1920 
1991 1005 1322 436 
1992 1197 1198 1195 
1993 176 1385 175 
1994 1545 1547 1546 
1995 409 1836 72 
1996 1824 1828 1827 
1997 1548 1550 1549 
1998 1551 1553 1552 
1999 207 1433 208 
2000 1557 1559 1558 
2001 1563 1565 1564 
2002 1569 1571 1570 
2003 1575 1577 1576 
2004 1583 1588 1587 
2005 1593 1597 1596 
2006 1603 1607 1606 
2007 1613 1617 1616 
2008 1623 1627 1626 
2009 1633 1637 1636 
2010 1810 1816 1815 
2011 1554 1556 1555 
2012 1817 1822 1821 
2013 1560 1562 1561 
2014 1628 1632 1631 
2015 1618 1622 1621 
2016 1608 1612 1611 
2017 1598 1602 1601 
2018 1589 1592 1591 
2019 1578 1582 1581 
2020 1566 1568 1567 
2021 1572 1574 1573 
2022 183 1391 182 
2023 17 1364 16 
2024 1668 1669 1667 
2025 1298 1984 1297 
2026 342 1858 1500 
2027 1385 1387 1386 
2028 234 1328 1327 
2029 1397 1398 248 
2030 246 1062 1061 
2031 1061 1279 1060 
2032 310 1178 1177 
2033 227 1163 1162 
2034 1244 1245 284 
2035 1255 1256 283 
2036 1173 1174 228 
2037 290 1312 1311 
2038 238 1167 1166 
2039 1134 1135 304 
2040 281 1267 1266 
2041 1207 1208 257 
2042 1221 1222 241 
2043 226 1070 1069 
2044 1251 1289 1250 
2045 302 1252 1251 
2046 1266 1292 1265 
2047 1262 1296 1261 
2048 254 1263 1262 
2049 314 1425 1423 
2050 447 1645 1013 
2051 1344 1346 1345 
2052 403 1831 75 
2053 354 1837 163 
2054 356 1848 159 
2055 158 1675 356 
2056 346 1661 179 
2057 353 1803 165 
2058 911 1849 923 
2059 1435 1436 1434 
2060 2056 2057 967 
2061 1339 1340 1338 
2062 243 1302 1301 
2063 594 1501 597 
2064 184 1392 183 
2065 1367 1368 1366 
2066 78 1415 77 
2067 1580 1584 1582 
2068 229 1304 1303 
2069 1767 2033 2031 
2070 1387 1388 1386 
2071 154 1681 363 
2072 1396 1400 1397 
2073 212 1980 411 
2074 959 2169 2166 
2075 320 1451 1449 
2076 776 1437 723 
2077 1365 1367 1366 
2078 20 1533 21 
2079 502 1440 504 
2080 758 1438 760 
2081 1404 1405 1403 
2082 1048 1659 1015 
2083 1004 1850 439 
2084 914 1019 1018 
2085 1323 1325 210 
2086 323 1455 1453 
2087 790 1501 1430 
2088 211 1323 210 
2089 429 1502 424 
2090 1640 1960 1641 
2091 22 1538 23 
2092 1430 1501 588 
2093 26 1546 27 
2094 738 1646 743 
2095 30 1552 31 
2096 731 1648 734 
2097 34 1558 35 
2098 38 1564 39 
2099 42 1570 43 
2100 46 1576 47 
2101 50 1587 51 
2102 54 1596 55 
2103 58 1606 59 
2104 62 1616 63 
2105 66 1626 67 
2106 70 1636 71 
2107 489 1652 581 
2108 603 1650 966 
2109 482 1654 485 
2110 169 1815 170 
2111 173 1830 174 
2112 24 1543 25 
2113 171 1821 172 
2114 167 1808 168 
2115 155 1678 156 
2116 68 1631 69 
2117 64 1621 65 
2118 60 1611 61 
2119 56 1601 57 
2120 52 1591 53 
2121 48 1581 49 
2122 44 1573 45 
2123 40 1567 41 
2124 28 1549 29 
2125 36 1561 37 
2126 32 1555 33 
2127 1353 1355 1354 
2128 467 1656 583 
2129 1354 1359 1352 
2130 460 1658 463 
2131 1528 1530 1529 
2132 1336 1337 1335 
2133 1490 1491 1488 
2134 1495 1499 1493 
2135 1485 1486 1483 
2136 454 1659 455 
2137 1480 1481 1478 
2138 1475 1476 1473 
2139 318 1447 1445 
2140 1470 1471 1468 
2141 1494 1496 1495 
2142 1534 1535 319 
2143 189 1390 188 
2144 314 1423 209 
2145 324 1459 1457 
2146 800 1442 802 
2147 1580 1585 1584 
2148 598 1651 600 
2149 367 1693 1692 
2150 366 1690 1689 
2151 1539 1540 321 
2152 908 910 909 
2153 368 1696 1695 
2154 327 1463 1461 
2155 209 1423 210 
2156 369 1699 1698 
2157 1544 1545 322 
2158 338 1492 1489 
2159 340 1500 1494 
2160 336 1487 1484 
2161 376 1720 1719 
2162 375 1717 1716 
2163 377 1723 1722 
2164 378 1726 1725 
2165 384 1745 1744 
2166 385 1748 1747 
2167 386 1751 1750 
2168 387 1754 1753 
2169 400 1801 1799 
2170 393 1773 1771 
2171 399 1797 1795 
2172 392 1769 1768 
2173 394 1777 1775 
2174 395 1781 1779 
2175 396 1785 1783 
2176 391 1766 1765 
2177 397 1789 1787 
2178 398 1793 1791 
2179 388 1757 1756 
2180 390 1763 1762 
2181 389 1760 1759 
2182 383 1742 1741 
2183 382 1739 1738 
2184 379 1729 1728 
2185 381 1736 1735 
2186 380 1733 1731 
2187 374 1714 1713 
2188 370 1702 1701 
2189 373 1711 1710 
2190 372 1708 1707 
2191 334 1482 1479 
2192 371 1705 1704 
2193 1547 1548 325 
2194 403 1833 1832 
2195 354 1839 1838 
2196 346 1663 1662 
2197 1550 1551 326 
2198 1553 1554 329 
2199 332 1477 1474 
2200 1556 1557 331 
2201 1559 1560 333 
2202 1562 1563 335 
2203 1565 1566 337 
2204 1568 1569 339 
2205 1574 1575 343 
2206 1582 1583 345 
2207 1592 1593 359 
2208 1602 1603 361 
2209 1612 1613 404 
2210 1622 1623 406 
2211 1632 1633 408 
2212 1571 1572 341 
2213 1822 1823 349 
2214 1577 1578 344 
2215 1816 1817 350 
2216 1588 1589 358 
2217 1637 1638 409 
2218 1627 1628 407 
2219 1617 1618 405 
2220 1607 1608 362 
2221 1597 1598 360 
2222 1809 1810 351 
2223 1496 1497 1495 
2224 328 1467 1465 
2225 330 1472 1469 
2226 1530 1532 1531 
2227 1833 1834 1832 
2228 1663 1664 1662 
2229 1839 1840 1838 
2230 1592 1594 1593 
2231 1602 1604 1603 
2232 1612 1614 1613 
2233 1622 1624 1623 
2234 1632 1634 1633 
2235 1577 1579 1578 
2236 1822 1824 1823 
2237 1816 1818 1817 
2238 1637 1639 1638 
2239 1597 1599 1598 
2240 1627 1629 1628 
2241 1617 1619 1618 
2242 1607 1609 1608 
2243 1809 1811 1810 
2244 428 1922 430 
2245 856 1643 854 
2246 1426 1427 1425 
2247 1080 1082 308 
2248 365 1687 1686 
2249 911 923 909 
2250 1092 1094 240 
2251 1100 1102 255 
2252 1108 1110 231 
2253 1115 1116 253 
2254 1121 1122 239 
2255 1127 1128 259 
2256 1084 1086 260 
2257 1130 1131 303 
2258 1124 1125 291 
2259 1118 1119 285 
2260 1112 1113 286 
2261 1104 1106 289 
2262 1096 1098 287 
2263 1088 1090 294 
2264 438 1029 1006 
2265 178 1666 346 
2266 162 1847 354 
2267 1668 1670 1669 
2268 1017 1039 1016 
2269 978 1041 977 
2270 781 977 800 
2271 597 601 598 
2272 507 1016 508 
2273 1351 1352 1073 
2274 17 315 18 
2275 208 314 209 
2276 422 424 423 
2277 790 1023 601 
2278 1804 1806 1805 
2279 74 1835 403 
2280 437 438 436 
2281 16 1428 17 
2282 802 806 804 
2283 871 918 873 
2284 865 920 867 
2285 859 922 861 
2286 877 917 879 
2287 853 921 855 
2288 849 925 851 
2289 881 928 883 
2290 845 932 847 
2291 838 842 840 
2292 834 953 836 
2293 829 956 832 
2294 824 960 827 
2295 819 965 822 
2296 810 814 812 
2297 885 929 887 
2298 603 966 605 
2299 760 781 763 
2300 756 761 758 
2301 749 752 751 
2302 742 779 745 
2303 738 743 740 
2304 731 734 733 
2305 725 777 727 
2306 736 1646 738 
2307 721 776 723 
2308 717 774 719 
2309 713 773 715 
2310 709 772 711 
2311 705 770 707 
2312 701 764 703 
2313 695 769 697 
2314 691 767 693 
2315 687 766 689 
2316 683 765 685 
2317 679 768 681 
2318 675 771 677 
2319 671 775 673 
2320 667 778 669 
2321 663 780 665 
2322 659 782 661 
2323 655 783 657 
2324 651 785 653 
2325 647 787 649 
2326 643 789 645 
2327 639 792 641 
2328 635 794 637 
2329 631 796 633 
2330 627 798 629 
2331 623 949 625 
2332 619 951 621 
2333 615 955 617 
2334 611 958 613 
2335 607 962 609 
2336 729 1648 731 
2337 600 1650 603 
2338 510 516 512 
2339 891 897 893 
2340 586 590 588 
2341 568 975 584 
2342 561 567 563 
2343 554 1000 556 
2344 546 553 549 
2345 539 548 542 
2346 533 541 535 
2347 527 1008 529 
2348 523 1009 525 
2349 514 1011 517 
2350 519 1010 521 
2351 895 936 898 
2352 504 507 506 
2353 500 578 502 
2354 493 498 495 
2355 489 581 491 
2356 487 1652 489 
2357 482 485 484 
2358 479 1654 482 
2359 475 480 477 
2360 471 582 473 
2361 594 597 596 
2362 467 583 469 
2363 908 909 907 
2364 900 940 902 
2365 465 1656 467 
2366 460 463 462 
2367 191 1334 190 
2368 904 942 906 
2369 458 1658 460 
2370 305 2290 1052 
2371 452 1014 454 
2372 246 1064 1062 
2373 1222 1224 241 
2374 1208 1210 257 
2375 1135 1137 304 
2376 1835 1836 1641 
2377 1663 1665 1664 
2378 1839 1841 1840 
2379 1597 1600 1599 
2380 1607 1610 1609 
2381 1617 1620 1619 
2382 1627 1630 1629 
2383 1637 1642 1639 
2384 1816 1819 1818 
2385 1632 1635 1634 
2386 1622 1625 1624 
2387 1602 1605 1604 
2388 1612 1615 1614 
2389 1809 1812 1811 
2390 1579 1580 1578 
2391 1639 1640 1638 
2392 1840 1842 1838 
2393 1047 1048 1015 
2394 2125 2131 1040 
2395 1017 1052 1039 
2396 978 1053 1041 
2397 507 1017 1016 
2398 597 790 601 
2399 781 978 977 
2400 1528 1529 317 
2401 1041 1049 977 
2402 790 1043 1023 
2403 1804 1807 1806 
2404 1023 1024 601 
2405 1530 1531 1529 
2406 781 800 763 
2407 597 598 596 
2408 507 508 506 
2409 447 1013 450 
2410 1350 1351 1073 
2411 1855 2016 1854 
2412 978 1439 1053 
2413 1353 1356 1355 
2414 1253 2150 929 
2415 1014 1015 454 
2416 364 1684 1683 
2417 906 908 907 
2418 435 436 431 
2419 1193 1194 1191 
2420 19 317 20 
2421 206 316 207 
2422 1342 1419 268 
2423 1396 1401 1400 
2424 233 1287 1286 
2425 297 1181 1180 
2426 249 1283 1282 
2427 236 1285 1284 
2428 1150 1151 301 
2429 1381 2285 752 
2430 1075 1076 224 
2431 1215 1216 251 
2432 1180 1299 1179 
2433 1156 1157 230 
2434 252 1228 1227 
2435 1248 1249 313 
2436 1259 1260 261 
2437 1274 1275 295 
2438 1227 1306 1226 
2439 1186 1317 1185 
2440 299 1187 1186 
2441 288 1235 1234 
2442 1527 1528 317 
2443 1663 1667 1665 
2444 21 319 22 
2445 204 318 205 
2446 26 1373 25 
2447 23 321 24 
2448 202 320 203 
2449 25 322 26 
2450 200 323 201 
2451 27 325 28 
2452 198 324 199 
2453 196 327 197 
2454 29 326 30 
2455 194 328 195 
2456 31 329 32 
2457 192 330 193 
2458 33 331 34 
2459 190 332 191 
2460 35 333 36 
2461 188 334 189 
2462 37 335 38 
2463 186 336 187 
2464 39 337 40 
2465 184 338 185 
2466 41 339 42 
2467 59 362 60 
2468 74 403 75 
2469 156 357 157 
2470 182 340 183 
2471 180 342 181 
2472 49 345 50 
2473 76 402 77 
2474 136 372 137 
2475 102 389 103 
2476 51 358 52 
2477 43 341 44 
2478 92 394 93 
2479 100 390 101 
2480 61 404 62 
2481 166 352 167 
2482 164 353 165 
2483 158 356 159 
2484 168 351 169 
2485 170 350 171 
2486 162 354 163 
2487 160 355 161 
2488 47 344 48 
2489 57 361 58 
2490 53 359 54 
2491 178 346 179 
2492 80 400 81 
2493 90 395 91 
2494 98 391 99 
2495 108 386 109 
2496 120 380 121 
2497 104 388 105 
2498 86 397 87 
2499 94 393 95 
2500 128 376 129 
2501 71 409 72 
2502 55 360 56 
2503 174 348 175 
2504 146 367 147 
2505 154 363 155 
2506 152 364 153 
2507 148 366 149 
2508 150 365 151 
2509 45 343 46 
2510 84 398 85 
2511 124 378 125 
2512 132 374 133 
2513 112 384 113 
2514 88 396 89 
2515 63 405 64 
2516 96 392 97 
2517 106 387 107 
2518 65 406 66 
2519 176 347 177 
2520 134 373 135 
2521 114 383 115 
2522 172 349 173 
2523 126 377 127 
2524 140 370 141 
2525 82 399 83 
2526 118 381 119 
2527 116 382 117 
2528 138 371 139 
2529 78 401 79 
2530 142 369 143 
2531 122 379 123 
2532 130 375 131 
2533 110 385 111 
2534 144 368 145 
2535 67 407 68 
2536 69 408 70 
2537 38 1411 1410 
2538 357 1677 1676 
2539 1804 1805 352 
2540 1373 1374 25 
2541 208 1433 314 
2542 904 906 905 
2543 2031 2036 1765 
2544 441 1012 445 
2545 1076 1078 224 
2546 288 1237 1235 
2547 299 1189 1187 
2548 1151 1154 301 
2549 297 1182 1181 
2550 1368 1369 1366 
2551 560 1898 579 
2552 1293 1422 247 
2553 822 1506 824 
2554 827 1505 829 
2555 832 1504 834 
2556 836 1503 838 
2557 609 1516 611 
2558 605 1517 607 
2559 613 1515 615 
2560 617 1514 619 
2561 621 1513 623 
2562 625 1512 627 
2563 65 1403 64 
2564 703 1511 705 
2565 707 1510 709 
2566 166 1338 165 
2567 711 1509 713 
2568 715 1508 717 
2569 719 1507 721 
2570 155 1383 154 
2571 517 1522 519 
2572 521 1521 523 
2573 525 1520 527 
2574 556 1519 561 
2575 584 1518 586 
2576 512 1525 514 
2577 51 1406 50 
2578 491 1523 493 
2579 477 1655 479 
2580 473 1524 475 
2581 132 1394 131 
2582 347 1673 1668 
2583 1383 1384 154 
2584 796 2080 1109 
2585 1056 1059 1058 
2586 1239 1242 1241 
2587 906 907 905 
2588 902 904 903 
2589 316 1443 1435 
2590 1438 1439 978 
2591 900 902 901 
2592 1675 1854 356 
2593 73 1836 1835 
2594 800 802 801 
2595 598 600 599 
2596 508 510 509 
2597 15 1930 280 
2598 192 1326 191 
2599 314 1426 1425 
2600 898 900 899 
2601 895 898 896 
2602 1327 1329 1326 
2603 893 895 894 
2604 802 804 803 
2605 891 893 892 
2606 600 603 602 
2607 889 891 890 
2608 887 889 888 
2609 804 808 805 
2610 885 887 886 
2611 883 885 884 
2612 881 883 882 
2613 879 881 880 
2614 808 810 809 
2615 877 879 878 
2616 875 877 876 
2617 873 875 874 
2618 871 873 872 
2619 869 871 870 
2620 867 869 868 
2621 865 867 866 
2622 863 865 864 
2623 861 863 862 
2624 859 861 860 
2625 857 859 858 
2626 855 857 856 
2627 853 855 854 
2628 851 853 852 
2629 849 851 850 
2630 847 849 848 
2631 845 847 846 
2632 843 845 844 
2633 840 843 841 
2634 838 840 839 
2635 836 838 837 
2636 834 836 835 
2637 832 834 833 
2638 829 832 830 
2639 810 812 811 
2640 827 829 828 
2641 824 827 825 
2642 822 824 823 
2643 819 822 820 
2644 817 819 818 
2645 812 817 813 
2646 510 512 511 
2647 603 605 604 
2648 605 607 606 
2649 760 763 762 
2650 758 760 759 
2651 756 758 757 
2652 754 756 755 
2653 751 754 753 
2654 749 751 750 
2655 747 749 748 
2656 745 747 746 
2657 742 745 744 
2658 740 742 741 
2659 738 740 739 
2660 736 738 737 
2661 733 736 735 
2662 731 733 732 
2663 729 731 730 
2664 727 729 728 
2665 725 727 726 
2666 723 725 724 
2667 721 723 722 
2668 719 721 720 
2669 717 719 718 
2670 715 717 716 
2671 713 715 714 
2672 711 713 712 
2673 709 711 710 
2674 707 709 708 
2675 705 707 706 
2676 703 705 704 
2677 701 703 702 
2678 699 701 700 
2679 697 699 698 
2680 695 697 696 
2681 693 695 694 
2682 691 693 692 
2683 689 691 690 
2684 687 689 688 
2685 685 687 686 
2686 683 685 684 
2687 681 683 682 
2688 679 681 680 
2689 677 679 678 
2690 675 677 676 
2691 673 675 674 
2692 671 673 672 
2693 669 671 670 
2694 667 669 668 
2695 665 667 666 
2696 663 665 664 
2697 661 663 662 
2698 659 661 660 
2699 657 659 658 
2700 655 657 656 
2701 653 655 654 
2702 651 653 652 
2703 649 651 650 
2704 647 649 648 
2705 645 647 646 
2706 643 645 644 
2707 641 643 642 
2708 639 641 640 
2709 637 639 638 
2710 635 637 636 
2711 633 635 634 
2712 631 633 632 
2713 629 631 630 
2714 627 629 628 
2715 625 627 626 
2716 623 625 624 
2717 621 623 622 
2718 619 621 620 
2719 607 609 608 
2720 617 619 618 
2721 615 617 616 
2722 613 615 614 
2723 611 613 612 
2724 609 611 610 
2725 512 514 513 
2726 514 517 515 
2727 586 588 587 
2728 584 586 585 
2729 568 584 569 
2730 565 568 566 
2731 563 565 564 
2732 561 563 562 
2733 556 561 560 
2734 554 556 555 
2735 551 554 552 
2736 549 551 550 
2737 546 549 547 
2738 544 546 545 
2739 542 544 543 
2740 539 542 540 
2741 537 539 538 
2742 535 537 536 
2743 533 535 534 
2744 531 533 532 
2745 529 531 530 
2746 527 529 528 
2747 525 527 526 
2748 523 525 524 
2749 517 519 518 
2750 521 523 522 
2751 519 521 520 
2752 504 506 505 
2753 502 504 503 
2754 500 502 501 
2755 497 500 499 
2756 495 497 496 
2757 493 495 494 
2758 491 493 492 
2759 489 491 490 
2760 487 489 488 
2761 484 487 486 
2762 482 484 483 
2763 479 482 481 
2764 477 479 478 
2765 475 477 476 
2766 473 475 474 
2767 471 473 472 
2768 469 471 470 
2769 467 469 468 
2770 594 596 595 
2771 465 467 466 
2772 462 465 464 
2773 450 1526 452 
2774 460 462 461 
2775 504 1440 507 
2776 1506 2263 960 
2777 760 1438 781 
2778 1443 1444 1435 
2779 458 460 459 
2780 2097 2102 955 
2781 1306 1308 1307 
2782 1317 1319 1318 
2783 1368 1372 1370 
2784 601 1651 598 
2785 1279 1431 1280 
2786 1296 1298 1297 
2787 1141 1142 1139 
2788 977 1442 800 
2789 317 1533 20 
2790 1030 1047 1015 
2791 1447 1448 1445 
2792 319 1538 22 
2793 452 454 453 
2794 1329 1334 1326 
2795 1451 1452 1449 
2796 1070 1073 1072 
2797 1267 1270 1269 
2798 1167 1170 1169 
2799 1455 1456 1453 
2800 1239 1241 1240 
2801 321 1543 24 
2802 322 1546 26 
2803 1690 1691 1689 
2804 326 1552 30 
2805 331 1558 34 
2806 335 1564 38 
2807 339 1570 42 
2808 343 1576 46 
2809 345 1587 50 
2810 359 1596 54 
2811 361 1606 58 
2812 404 1616 62 
2813 406 1626 66 
2814 408 1636 70 
2815 351 1815 169 
2816 349 1830 173 
2817 156 1678 357 
2818 352 1808 167 
2819 1687 1688 1686 
2820 350 1821 171 
2821 1693 1694 1692 
2822 325 1549 28 
2823 407 1631 68 
2824 405 1621 64 
2825 362 1611 60 
2826 360 1601 56 
2827 358 1591 52 
2828 344 1581 48 
2829 341 1573 44 
2830 337 1567 40 
2831 333 1561 36 
2832 329 1555 32 
2833 1459 1460 1457 
2834 1458 1974 1456 
2835 1159 1160 1157 
2836 1218 1219 1216 
2837 1658 1659 1048 
2838 1228 1231 1230 
2839 1696 1697 1695 
2840 1487 1488 1484 
2841 1492 1493 1489 
2842 1699 1700 1698 
2843 1717 1718 1716 
2844 1714 1715 1713 
2845 1720 1721 1719 
2846 1723 1724 1722 
2847 1745 1746 1744 
2848 1742 1743 1741 
2849 1748 1749 1747 
2850 1751 1752 1750 
2851 1801 1802 1799 
2852 1773 1774 1771 
2853 1769 1770 1768 
2854 1797 1798 1795 
2855 1766 1767 1765 
2856 1781 1782 1779 
2857 1777 1778 1775 
2858 1754 1755 1753 
2859 1785 1786 1783 
2860 1793 1794 1791 
2861 1789 1790 1787 
2862 1763 1764 1762 
2863 1760 1761 1759 
2864 1757 1758 1756 
2865 1739 1740 1738 
2866 1726 1727 1725 
2867 1736 1737 1735 
2868 1733 1734 1731 
2869 1729 1730 1728 
2870 1482 1483 1479 
2871 1711 1712 1710 
2872 1708 1709 1707 
2873 508 1644 510 
2874 1705 1706 1704 
2875 1477 1478 1474 
2876 1702 1703 1701 
2877 1472 1473 1469 
2878 1463 1464 1461 
2879 1467 1468 1465 
2880 1328 1332 1331 
2881 1684 1685 1683 
2882 589 594 593 
2883 450 452 451 
2884 1673 1674 1668 
2885 1681 1682 1680 
2886 1341 1343 1342 
2887 1666 1667 1663 
2888 455 458 457 
2889 1056 1057 1055 
2890 1678 1679 1677 
2891 1309 1310 1307 
2892 1289 1291 1290 
2893 1056 1058 1057 
2894 447 450 448 
2895 904 905 903 
2896 1494 1858 1496 
2897 158 1375 157 
2898 916 919 913 
2899 910 915 912 
2900 445 1645 447 
2901 1377 1379 1378 
2902 357 1676 1675 
2903 1803 1804 352 
2904 1138 1140 1139 
2905 1211 1213 1212 
2906 1079 1081 1080 
2907 1091 1093 1092 
2908 1099 1101 1100 
2909 1107 1109 1108 
2910 1083 1085 1084 
2911 1111 1276 1112 
2912 1103 1105 1104 
2913 1095 1097 1096 
2914 1087 1089 1088 
2915 363 1681 1680 
2916 790 1430 1043 
2917 18 1527 19 
2918 445 447 446 
2919 271 1928 29 
2920 1225 1990 1295 
2921 1024 1651 601 
2922 507 1440 1017 
2923 781 1438 978 
2924 1640 1641 1638 
2925 1064 1065 1062 
2926 1049 1442 977 
2927 800 801 763 
2928 598 599 596 
2929 508 509 506 
2930 1356 1357 1355 
2931 902 903 901 
2932 965 1506 822 
2933 960 1505 827 
2934 956 1504 832 
2935 953 1503 836 
2936 1433 1434 1426 
2937 966 1517 605 
2938 962 1516 609 
2939 958 1515 613 
2940 955 1514 617 
2941 951 1513 621 
2942 949 1512 625 
2943 764 1511 703 
2944 770 1510 707 
2945 772 1509 711 
2946 773 1508 715 
2947 774 1507 719 
2948 1011 1522 517 
2949 1010 1521 521 
2950 1009 1520 525 
2951 516 1525 512 
2952 1000 1519 556 
2953 975 1518 584 
2954 439 1850 441 
2955 912 1441 914 
2956 581 1523 491 
2957 582 1524 473 
2958 480 1655 477 
2959 900 901 899 
2960 1237 1238 1235 
2961 1189 1190 1187 
2962 1182 1183 1181 
2963 433 1004 439 
2964 249 1416 1283 
2965 589 1501 594 
2966 1374 1972 306 
2967 898 899 896 
2968 1328 1330 1327 
2969 428 429 424 
2970 895 896 894 
2971 802 803 801 
2972 600 602 599 
2973 510 511 509 
2974 893 894 892 
2975 891 892 890 
2976 889 890 888 
2977 804 805 803 
2978 887 888 886 
2979 885 886 884 
2980 883 884 882 
2981 808 809 805 
2982 881 882 880 
2983 879 880 878 
2984 877 878 876 
2985 810 811 809 
2986 875 876 874 
2987 812 813 811 
2988 817 818 813 
2989 819 820 818 
2990 822 823 820 
2991 824 825 823 
2992 827 828 825 
2993 829 830 828 
2994 832 833 830 
2995 834 835 833 
2996 836 837 835 
2997 838 839 837 
2998 840 841 839 
2999 873 874 872 
3000 843 844 841 
3001 845 846 844 
3002 847 848 846 
3003 849 850 848 
3004 851 852 850 
3005 853 854 852 
3006 855 856 854 
3007 871 872 870 
3008 857 858 856 
3009 859 860 858 
3010 861 862 860 
3011 863 864 862 
3012 869 870 868 
3013 865 866 864 
3014 867 868 866 
3015 603 604 602 
3016 605 606 604 
3017 607 608 606 
3018 609 610 608 
3019 611 612 610 
3020 613 614 612 
3021 615 616 614 
3022 617 618 616 
3023 619 620 618 
3024 621 622 620 
3025 623 624 622 
3026 625 626 624 
3027 627 628 626 
3028 629 630 628 
3029 631 632 630 
3030 633 634 632 
3031 635 636 634 
3032 637 638 636 
3033 639 640 638 
3034 641 642 640 
3035 643 644 642 
3036 645 646 644 
3037 647 648 646 
3038 649 650 648 
3039 651 652 650 
3040 653 654 652 
3041 655 656 654 
3042 657 658 656 
3043 659 660 658 
3044 661 662 660 
3045 663 664 662 
3046 665 666 664 
3047 667 668 666 
3048 669 670 668 
3049 671 672 670 
3050 673 674 672 
3051 675 676 674 
3052 677 678 676 
3053 679 680 678 
3054 681 682 680 
3055 683 684 682 
3056 685 686 684 
3057 687 688 686 
3058 689 690 688 
3059 691 692 690 
3060 693 694 692 
3061 695 696 694 
3062 697 698 696 
3063 699 700 698 
3064 701 702 700 
3065 703 704 702 
3066 705 706 704 
3067 707 708 706 
3068 709 710 708 
3069 711 712 710 
3070 713 714 712 
3071 715 716 714 
3072 717 718 716 
3073 719 720 718 
3074 721 722 720 
3075 723 724 722 
3076 725 726 724 
3077 727 728 726 
3078 729 730 728 
3079 731 732 730 
3080 733 735 732 
3081 736 737 735 
3082 738 739 737 
3083 740 741 739 
3084 742 744 741 
3085 745 746 744 
3086 747 748 746 
3087 749 750 748 
3088 751 753 750 
3089 754 755 753 
3090 756 757 755 
3091 758 759 757 
3092 760 762 759 
3093 512 513 511 
3094 514 515 513 
3095 517 518 515 
3096 519 520 518 
3097 521 522 520 
3098 523 524 522 
3099 525 526 524 
3100 527 528 526 
3101 529 530 528 
3102 531 532 530 
3103 533 534 532 
3104 535 536 534 
3105 537 538 536 
3106 539 540 538 
3107 542 543 540 
3108 544 545 543 
3109 546 547 545 
3110 549 550 547 
3111 551 552 550 
3112 554 555 552 
3113 556 560 555 
3114 561 562 560 
3115 563 564 562 
3116 565 566 564 
3117 568 569 566 
3118 584 585 569 
3119 586 587 585 
3120 588 589 587 
3121 1014 1972 1030 
3122 504 505 503 
3123 502 503 501 
3124 500 501 499 
3125 497 499 496 
3126 495 496 494 
3127 493 494 492 
3128 491 492 490 
3129 489 490 488 
3130 487 488 486 
3131 484 486 483 
3132 482 483 481 
3133 479 481 478 
3134 477 478 476 
3135 1535 1538 319 
3136 475 476 474 
3137 1141 1363 1142 
3138 473 474 472 
3139 471 472 470 
3140 469 470 468 
3141 467 468 466 
3142 465 466 464 
3143 462 464 461 
3144 1270 1381 1269 
3145 1218 1371 1219 
3146 441 445 442 
3147 460 461 459 
3148 594 595 593 
3149 1540 1543 321 
3150 346 1666 1663 
3151 354 1847 1839 
3152 1062 1063 1061 
3153 458 459 457 
3154 1397 1399 1398 
3155 454 455 453 
3156 1545 1546 322 
3157 1548 1549 325 
3158 1016 1644 508 
3159 1551 1552 326 
3160 1554 1555 329 
3161 1557 1558 331 
3162 1563 1564 335 
3163 1560 1561 333 
3164 1569 1570 339 
3165 1575 1576 343 
3166 1583 1587 345 
3167 1593 1596 359 
3168 1603 1606 361 
3169 1613 1616 404 
3170 1623 1626 406 
3171 1633 1636 408 
3172 1823 1830 349 
3173 1817 1821 350 
3174 1566 1567 337 
3175 1628 1631 407 
3176 1572 1573 341 
3177 1618 1621 405 
3178 1608 1611 362 
3179 1578 1581 344 
3180 1598 1601 360 
3181 1589 1591 358 
3182 1810 1815 351 
3183 1134 1136 1135 
3184 1221 1223 1222 
3185 1267 1268 1266 
3186 1070 1071 1069 
3187 1167 1168 1166 
3188 1163 1164 1162 
3189 1244 1246 1245 
3190 1255 1257 1256 
3191 1312 1313 1311 
3192 1173 1175 1174 
3193 1252 1253 1251 
3194 1207 1209 1208 
3195 1263 1264 1262 
3196 452 453 451 
3197 1013 1526 450 
3198 179 1661 180 
3199 165 1803 166 
3200 75 1831 76 
3201 157 1675 158 
3202 159 1848 160 
3203 163 1837 164 
3204 19 1527 317 
3205 1328 1331 1330 
3206 1280 1281 312 
3207 1368 1370 1369 
3208 1529 1533 317 
3209 450 451 448 
3210 1805 1808 352 
3211 357 1678 1677 
3212 1308 1309 1307 
3213 1304 1305 1303 
3214 1290 1333 269 
3215 403 1835 1833 
3216 1140 1141 1139 
3217 447 448 446 
3218 1377 1380 1379 
3219 1256 1414 283 
3220 1268 1272 1266 
3221 907 927 905 
3222 1136 1143 1135 
3223 1070 1072 1071 
3224 1267 1269 1268 
3225 1167 1169 1168 
3226 1312 1314 1313 
3227 439 441 440 
3228 1012 1645 445 
3229 445 446 442 
3230 1156 1278 1158 
3231 1158 1159 1157 
3232 1217 1218 1216 
3233 1228 1230 1229 
3234 1668 1674 1670 
3235 1187 1925 1188 
3236 1287 1288 1286 
3237 1156 1158 1157 
3238 1215 1217 1216 
3239 1228 1229 1227 
3240 1150 1152 1151 
3241 1075 1077 1076 
3242 1187 1188 1186 
3243 1235 1236 1234 
3244 589 593 592 
3245 180 1661 342 
3246 357 1675 157 
3247 76 1831 402 
3248 166 1803 352 
3249 160 1848 355 
3250 164 1837 353 
3251 424 1502 423 
3252 1021 1022 592 
3253 435 437 436 
3254 455 457 456 
3255 1014 1030 1015 
3256 903 930 901 
3257 914 1441 1019 
3258 588 1501 589 
3259 1326 1334 191 
3260 899 933 896 
3261 803 807 801 
3262 894 934 892 
3263 602 784 599 
3264 890 935 888 
3265 886 938 884 
3266 809 815 805 
3267 882 939 880 
3268 813 816 811 
3269 820 821 818 
3270 825 826 823 
3271 830 831 828 
3272 835 924 833 
3273 839 926 837 
3274 844 931 841 
3275 848 937 846 
3276 852 945 850 
3277 878 941 876 
3278 858 948 856 
3279 862 947 860 
3280 866 946 864 
3281 874 943 872 
3282 870 944 868 
3283 606 786 604 
3284 610 788 608 
3285 614 791 612 
3286 618 793 616 
3287 622 795 620 
3288 626 797 624 
3289 630 799 628 
3290 634 950 632 
3291 638 952 636 
3292 642 954 640 
3293 646 957 644 
3294 650 961 648 
3295 654 963 652 
3296 658 967 656 
3297 662 969 660 
3298 666 971 664 
3299 670 972 668 
3300 674 974 672 
3301 678 979 676 
3302 684 987 682 
3303 688 988 686 
3304 692 990 690 
3305 696 992 694 
3306 700 994 698 
3307 704 996 702 
3308 708 998 706 
3309 712 999 710 
3310 716 997 714 
3311 720 995 718 
3312 724 993 722 
3313 728 991 726 
3314 732 989 730 
3315 737 986 735 
3316 741 985 739 
3317 746 983 744 
3318 750 982 748 
3319 755 981 753 
3320 759 980 757 
3321 513 575 511 
3322 518 574 515 
3323 522 573 520 
3324 526 571 524 
3325 530 559 528 
3326 534 557 532 
3327 538 558 536 
3328 543 572 540 
3329 547 576 545 
3330 552 577 550 
3331 560 579 555 
3332 566 570 564 
3333 585 591 569 
3334 589 592 587 
3335 503 1007 501 
3336 499 1003 496 
3337 494 1002 492 
3338 490 1001 488 
3339 486 984 483 
3340 481 976 478 
3341 476 973 474 
3342 472 970 470 
3343 468 968 466 
3344 441 442 440 
3345 464 964 461 
3346 455 456 453 
3347 459 959 457 
3348 1223 1990 1222 
3349 1380 1382 1379 
3350 451 580 448 
3351 1269 1271 1268 
3352 430 1922 433 
3353 1158 1321 1159 
3354 593 1021 592 
3355 1021 1044 1022 
3356 1416 1417 1283 
3357 1023 1042 1024 
3358 562 1898 560 
3359 433 439 434 
3360 446 449 442 
3361 314 1433 1426 
3362 44 1316 43 
3363 455 1659 458 
3364 427 428 424 
3365 1662 1857 1661 
3366 1832 1859 1831 
3367 915 1441 912 
3368 1322 1931 1502 
3369 441 1850 1012 
3370 439 440 434 
3371 440 443 434 
3372 458 1659 1658 
3373 1022 1908 592 
3374 430 433 432 
3375 837 1863 835 
3376 850 1864 848 
3377 880 1862 878 
3378 868 1866 866 
3379 872 1867 870 
3380 876 1865 874 
3381 632 1868 630 
3382 636 1869 634 
3383 640 1870 638 
3384 644 1871 642 
3385 648 1872 646 
3386 652 1873 650 
3387 656 1874 654 
3388 660 1875 658 
3389 664 1876 662 
3390 668 1877 666 
3391 672 1878 670 
3392 676 1879 674 
3393 686 1880 684 
3394 690 1881 688 
3395 694 1882 692 
3396 698 1883 696 
3397 702 1884 700 
3398 706 1885 704 
3399 710 1886 708 
3400 714 1887 712 
3401 718 1888 716 
3402 722 1889 720 
3403 726 1890 724 
3404 730 1891 728 
3405 735 1892 732 
3406 739 1893 737 
3407 744 1894 741 
3408 748 1895 746 
3409 753 1896 750 
3410 1664 1860 1662 
3411 1661 1857 342 
3412 1831 1859 402 
3413 520 1899 518 
3414 524 1900 522 
3415 528 1901 526 
3416 532 1902 530 
3417 536 1903 534 
3418 540 1904 538 
3419 545 1905 543 
3420 550 1906 547 
3421 555 1907 552 
3422 587 1908 585 
3423 515 1909 513 
3424 501 1910 499 
3425 496 1911 494 
3426 492 1912 490 
3427 488 1913 486 
3428 483 1914 481 
3429 478 1915 476 
3430 474 1916 472 
3431 470 1918 468 
3432 466 1919 464 
3433 461 1917 459 
3434 1676 1854 1675 
3435 453 1920 451 
3436 428 430 429 
3437 430 431 429 
3438 926 1863 837 
3439 945 1864 850 
3440 939 1862 880 
3441 944 1866 868 
3442 943 1867 872 
3443 941 1865 876 
3444 835 1863 924 
3445 848 1864 937 
3446 878 1862 941 
3447 866 1866 946 
3448 870 1867 944 
3449 874 1865 943 
3450 950 1868 632 
3451 952 1869 636 
3452 954 1870 640 
3453 957 1871 644 
3454 961 1872 648 
3455 963 1873 652 
3456 967 1874 656 
3457 969 1875 660 
3458 971 1876 664 
3459 972 1877 668 
3460 974 1878 672 
3461 979 1879 676 
3462 988 1880 686 
3463 990 1881 690 
3464 992 1882 694 
3465 994 1883 698 
3466 996 1884 702 
3467 998 1885 706 
3468 999 1886 710 
3469 997 1887 714 
3470 995 1888 718 
3471 993 1889 722 
3472 991 1890 726 
3473 989 1891 730 
3474 986 1892 735 
3475 985 1893 739 
3476 983 1894 744 
3477 982 1895 748 
3478 981 1896 753 
3479 630 1868 799 
3480 634 1869 950 
3481 638 1870 952 
3482 642 1871 954 
3483 646 1872 957 
3484 650 1873 961 
3485 654 1874 963 
3486 658 1875 967 
3487 662 1876 969 
3488 666 1877 971 
3489 670 1878 972 
3490 674 1879 974 
3491 684 1880 987 
3492 688 1881 988 
3493 692 1882 990 
3494 696 1883 992 
3495 700 1884 994 
3496 704 1885 996 
3497 708 1886 998 
3498 712 1887 999 
3499 716 1888 997 
3500 720 1889 995 
3501 724 1890 993 
3502 728 1891 991 
3503 732 1892 989 
3504 737 1893 986 
3505 741 1894 985 
3506 746 1895 983 
3507 750 1896 982 
3508 1020 1025 919 
3509 573 1899 520 
3510 571 1900 524 
3511 559 1901 528 
3512 557 1902 532 
3513 558 1903 536 
3514 572 1904 540 
3515 576 1905 545 
3516 577 1906 550 
3517 579 1907 555 
3518 592 1908 587 
3519 574 1909 515 
3520 518 1899 574 
3521 522 1900 573 
3522 526 1901 571 
3523 530 1902 559 
3524 534 1903 557 
3525 538 1904 558 
3526 543 1905 572 
3527 547 1906 576 
3528 552 1907 577 
3529 585 1908 591 
3530 513 1909 575 
3531 1007 1910 501 
3532 1003 1911 496 
3533 1002 1912 492 
3534 1001 1913 488 
3535 984 1914 483 
3536 976 1915 478 
3537 499 1910 1003 
3538 494 1911 1002 
3539 490 1912 1001 
3540 486 1913 984 
3541 481 1914 976 
3542 973 1916 474 
3543 476 1915 973 
3544 472 1916 970 
3545 970 1918 470 
3546 468 1918 968 
3547 968 1919 466 
3548 464 1919 964 
3549 964 1917 461 
3550 1662 1860 1857 
3551 459 1917 959 
3552 433 434 432 
3553 456 1920 453 
3554 451 1920 580 
3555 448 1921 446 
3556 1029 1045 1034 
3557 432 435 431 
3558 423 1502 426 
3559 580 1921 448 
3560 422 427 424 
3561 72 1836 73 
3562 1585 2258 2085 
3563 446 1921 449 
3564 444 1033 437 
3565 564 1897 562 
3566 1454 1983 1452 
3567 444 1040 1033 
3568 221 1954 220 
3569 1190 1925 1187 
3570 430 432 431 
3571 913 1849 911 
3572 435 444 437 
3573 2084 2187 541 
3574 938 1953 884 
3575 882 1953 939 
3576 959 2166 1937 
3577 276 1980 211 
3578 428 1924 1922 
3579 1814 1989 816 
3580 767 1970 693 
3581 695 1970 769 
3582 7 275 8 
3583 220 277 219 
3584 1897 1898 562 
3585 1834 1969 1832 
3586 443 1927 434 
3587 1192 1925 1190 
3588 435 1927 444 
3589 884 1953 882 
3590 1019 1032 1031 
3591 8 1950 9 
3592 725 1437 777 
3593 570 1897 564 
3594 1917 2173 2169 
3595 769 1973 697 
3596 432 1927 435 
3597 433 1922 1004 
3598 434 1927 432 
3599 2 2218 223 
3600 1500 1858 1494 
3601 723 1437 725 
3602 1202 1945 1199 
3603 591 1964 569 
3604 566 1964 570 
3605 1844 2001 807 
3606 426 1931 1028 
3607 516 2246 2243 
3608 39 1411 38 
3609 1236 1967 1234 
3610 1749 2057 2056 
3611 210 1325 209 
3612 1109 2082 796 
3613 1030 1972 1374 
3614 1272 1292 1266 
3615 1139 1928 271 
3616 217 1958 216 
3617 1240 1971 1238 
3618 701 1978 764 
3619 1450 1994 1448 
3620 1461 1932 1462 
3621 6 1951 7 
3622 219 1956 218 
3623 2243 2246 1409 
3624 1922 1926 1004 
3625 917 2175 1331 
3626 402 1976 77 
3627 78 1976 401 
3628 427 1924 428 
3629 1209 2008 1208 
3630 1142 1928 1139 
3631 25 1374 24 
3632 154 1384 153 
3633 1800 1993 1798 
3634 275 1950 8 
3635 1917 2169 959 
3636 1025 1046 1026 
3637 457 1937 456 
3638 955 2102 1514 
3639 1464 1932 1461 
3640 1235 1971 1236 
3641 1317 1934 1319 
3642 1924 1926 1922 
3643 766 1981 689 
3644 569 1964 566 
3645 1515 2107 2097 
3646 9 413 10 
3647 222 412 221 
3648 691 1981 767 
3649 1 2212 3 
3650 412 1954 221 
3651 1515 2097 955 
3652 1457 1961 1458 
3653 747 2302 1271 
3654 935 1963 888 
3655 886 1963 938 
3656 1762 2040 1761 
3657 12 1941 13 
3658 213 1942 214 
3659 919 1849 913 
3660 444 1933 1040 
3661 1764 2034 1762 
3662 5 415 6 
3663 218 414 217 
3664 1502 1931 426 
3665 1025 1026 919 
3666 4 1955 5 
3667 1796 1998 1794 
3668 1037 1050 1032 
3669 1506 2277 2263 
3670 422 1930 427 
3671 3 417 4 
3672 216 416 215 
3673 1186 1934 1317 
3674 1314 2305 498 
3675 1764 2036 2034 
3676 1211 2008 1213 
3677 277 1956 219 
3678 7 1951 275 
3679 1772 2028 799 
3680 1579 2245 2197 
3681 1460 1961 1457 
3682 1446 2002 1444 
3683 1297 1984 1221 
3684 280 1930 422 
3685 812 1938 817 
3686 693 1970 695 
3687 414 1958 217 
3688 2278 2296 1382 
3689 1028 2176 1027 
3690 1792 2007 1790 
3691 765 1986 685 
3692 687 1986 766 
3693 1238 1971 1235 
3694 1019 1037 1032 
3695 1957 1968 1956 
3696 1832 1969 1859 
3697 1222 1990 1225 
3698 2034 2040 1762 
3699 697 1973 699 
3700 1019 1441 1037 
3701 1296 1982 1298 
3702 934 1979 892 
3703 2103 2107 958 
3704 890 1979 935 
3705 842 2249 2216 
3706 1950 2232 1031 
3707 1453 1974 1454 
3708 1188 1934 1186 
3709 959 1937 457 
3710 1973 1978 699 
3711 220 1954 277 
3712 443 1933 1927 
3713 1788 2011 1786 
3714 929 2158 1253 
3715 425 1975 1051 
3716 888 1963 886 
3717 1336 2181 918 
3718 798 2083 1276 
3719 1037 2081 1324 
3720 768 1992 681 
3721 683 1992 765 
3722 1026 1849 919 
3723 277 1957 1956 
3724 1927 1933 444 
3725 415 1951 6 
3726 218 1956 414 
3727 419 2027 213 
3728 1066 2113 1067 
3729 593 1987 1021 
3730 1784 2015 1782 
3731 9 1950 413 
3732 964 2178 2173 
3733 1191 1935 1192 
3734 699 1978 701 
3735 922 2211 1308 
3736 1958 2050 416 
3737 1221 1984 1223 
3738 1153 2239 1389 
3739 918 2184 1336 
3740 596 1991 595 
3741 77 1976 78 
3742 897 2155 1169 
3743 1194 1935 1191 
3744 771 1999 677 
3745 679 1999 768 
3746 933 1985 896 
3747 894 1985 934 
3748 1077 2022 1076 
3749 1337 2202 1936 
3750 1264 1982 1262 
3751 1780 2019 1778 
3752 2060 2062 969 
3753 784 1991 599 
3754 1449 1983 1450 
3755 964 2173 1917 
3756 5 1955 415 
3757 1651 1966 1650 
3758 1295 2000 1294 
3759 1309 2206 1310 
3760 1342 1959 1420 
3761 1213 2013 1212 
3762 2294 2304 1859 
3763 816 1989 811 
3764 417 1955 4 
3765 809 1989 815 
3766 1321 2305 1159 
3767 1776 2024 1774 
3768 1795 1993 1796 
3769 689 1981 691 
3770 1436 2006 1434 
3771 1035 2208 1968 
3772 786 1997 604 
3773 212 2027 279 
3774 602 1997 784 
3775 775 2009 673 
3776 675 2009 771 
3777 1456 1974 1453 
3778 2041 2072 979 
3779 930 1996 901 
3780 1956 1968 414 
3781 1036 2208 1035 
3782 899 1996 933 
3783 1969 2294 1859 
3784 1262 1982 1296 
3785 1854 2016 356 
3786 1276 2088 798 
3787 1761 2039 1759 
3788 1081 2029 1080 
3789 1426 2006 1427 
3790 1445 1994 1446 
3791 958 2107 1515 
3792 1442 1962 806 
3793 1079 2022 1081 
3794 1435 2002 1436 
3795 1791 1998 1792 
3796 1516 2103 958 
3797 763 2001 762 
3798 1207 2000 1209 
3799 788 2005 608 
3800 606 2005 786 
3801 1919 2182 2178 
3802 907 2004 927 
3803 1408 2246 2214 
3804 1308 2204 922 
3805 216 1958 416 
3806 923 2004 909 
3807 927 2003 905 
3808 903 2003 930 
3809 1761 2040 2039 
3810 1380 2278 1382 
3811 807 2001 801 
3812 778 2018 669 
3813 671 2018 775 
3814 915 2117 1058 
3815 1859 2304 402 
3816 940 2134 1063 
3817 211 1980 212 
3818 892 1979 890 
3819 500 2284 578 
3820 1085 2035 1084 
3821 1787 2007 1788 
3822 1075 2013 1077 
3823 1083 2029 1085 
3824 1208 2008 1211 
3825 791 2010 612 
3826 274 2095 1415 
3827 610 2010 788 
3828 814 2291 1938 
3829 814 1938 812 
3830 1919 2178 964 
3831 1170 2138 1169 
3832 780 2023 665 
3833 667 2023 778 
3834 1089 2046 1088 
3835 1783 2011 1784 
3836 413 1947 1946 
3837 942 2140 1067 
3838 13 1941 410 
3839 411 1942 213 
3840 1746 2062 2060 
3841 980 2295 1855 
3842 793 2014 616 
3843 614 2014 791 
3844 1087 2035 1089 
3845 1732 2075 2054 
3846 685 1986 687 
3847 1093 2053 1092 
3848 1779 2015 1780 
3849 1063 2139 940 
3850 1849 1988 923 
3851 782 2030 661 
3852 305 2042 1155 
3853 663 2030 780 
3854 411 1965 1942 
3855 795 2020 620 
3856 618 2020 793 
3857 1091 2046 1093 
3858 963 2049 1873 
3859 595 1987 593 
3860 1097 2063 1096 
3861 1775 2019 1776 
3862 1452 1983 1449 
3863 797 2025 624 
3864 622 2025 795 
3865 783 2037 657 
3866 659 2037 782 
3867 410 2086 14 
3868 1021 2099 1044 
3869 1095 2053 1097 
3870 853 2222 921 
3871 1026 1988 1849 
3872 1101 2071 1100 
3873 1771 2024 1772 
3874 1129 2111 1130 
3875 849 2235 925 
3876 1429 2147 2114 
3877 925 2221 1305 
3878 799 2028 628 
3879 626 2028 797 
3880 1099 2063 1101 
3881 896 1985 894 
3882 1105 2076 1104 
3883 785 2047 653 
3884 655 2047 783 
3885 968 2186 2182 
3886 681 1992 683 
3887 1758 2044 1756 
3888 1424 2055 276 
3889 599 1991 596 
3890 751 1995 754 
3891 928 2164 1291 
3892 1431 2138 1280 
3893 1103 2071 1105 
3894 1109 2080 1108 
3895 1798 1993 1795 
3896 1517 2106 962 
3897 787 2058 649 
3898 1195 1940 1196 
3899 651 2058 785 
3900 1294 2000 1207 
3901 222 1948 412 
3902 413 1946 10 
3903 968 2182 1919 
3904 1321 2284 497 
3905 1276 2083 1112 
3906 1153 2306 932 
3907 1151 2306 1153 
3908 1107 2076 1109 
3909 1291 2160 1290 
3910 563 2017 565 
3911 1425 2032 1424 
3912 1257 2127 1256 
3913 789 2067 645 
3914 1291 2161 928 
3915 811 1989 809 
3916 647 2067 787 
3917 15 2086 278 
3918 1198 1940 1195 
3919 2280 2293 1343 
3920 1111 2080 1276 
3921 842 2216 2073 
3922 12 2218 2 
3923 1448 1994 1445 
3924 742 2253 779 
3925 792 2074 641 
3926 643 2074 789 
3927 214 2212 1 
3928 604 1997 602 
3929 1976 2099 401 
3930 677 1999 679 
3931 1332 2160 1331 
3932 1212 2013 1075 
3933 1918 2189 2186 
3934 1794 1998 1791 
3935 2237 2305 1321 
3936 449 2157 1532 
3937 1532 2149 449 
3938 794 2079 637 
3939 639 2079 792 
3940 901 1996 899 
3941 223 1948 222 
3942 10 1946 11 
3943 1252 2150 1253 
3944 759 2295 980 
3945 957 2043 1871 
3946 796 2082 633 
3947 1842 2021 1838 
3948 635 2082 794 
3949 1918 2186 968 
3950 1076 2022 1079 
3951 936 2141 1431 
3952 225 2115 81 
3953 961 2045 1872 
3954 578 2059 1440 
3955 1837 2021 353 
3956 1349 2187 1347 
3957 1304 2206 1305 
3958 798 2088 629 
3959 1152 2235 932 
3960 631 2088 796 
3961 1126 2112 1127 
3962 608 2005 606 
3963 819 2287 965 
3964 1755 2048 1753 
3965 1790 2007 1787 
3966 1444 2002 1435 
3967 905 2003 903 
3968 909 2004 907 
3969 1734 2041 1731 
3970 1431 2135 936 
3971 549 2061 551 
3972 682 2054 680 
3973 801 2001 763 
3974 1341 2280 1343 
3975 1162 2148 1178 
3976 1946 1947 419 
3977 1434 2006 1426 
3978 673 2009 675 
3979 678 2075 979 
3980 1151 2289 1154 
3981 1942 2244 417 
3982 1268 2038 1272 
3983 1951 1952 275 
3984 1024 1966 1651 
3985 1408 2275 266 
3986 1429 2123 1428 
3987 1017 2059 1052 
3988 1080 2029 1083 
3989 1345 2084 1163 
3990 612 2010 610 
3991 840 2073 843 
3992 970 2191 2189 
3993 1045 2051 1034 
3994 942 2116 906 
3995 1786 2011 1783 
3996 1024 1977 1966 
3997 1156 2042 1278 
3998 1430 2121 1043 
3999 1650 2110 966 
4000 1067 2139 1065 
4001 1305 2222 925 
4002 2179 2180 531 
4003 542 2089 544 
4004 1343 1959 1342 
4005 970 2189 1918 
4006 80 2098 79 
4007 1527 2131 1528 
4008 355 2174 1845 
4009 438 2114 1029 
4010 1282 2109 1255 
4011 669 2018 671 
4012 1284 2108 1244 
4013 1278 2077 1158 
4014 936 2134 898 
4015 616 2014 614 
4016 900 2134 940 
4017 1033 2114 437 
4018 1782 2015 1779 
4019 1164 2180 2179 
4020 1084 2035 1087 
4021 910 2117 915 
4022 1042 1977 1024 
4023 1023 2119 1042 
4024 940 2140 902 
4025 1049 1962 1442 
4026 1965 2244 1942 
4027 897 2141 893 
4028 356 2016 1848 
4029 904 2140 942 
4030 595 2101 1987 
4031 1057 2113 1055 
4032 895 2141 936 
4033 1916 2194 2191 
4034 511 2085 509 
4035 506 2258 505 
4036 1752 2052 1750 
4037 503 2245 1007 
4038 2197 2245 505 
4039 1400 2105 1397 
4040 1018 2201 916 
4041 929 2154 887 
4042 665 2023 667 
4043 1279 2135 1431 
4044 1732 2087 1730 
4045 891 2155 897 
4046 967 2057 1874 
4047 1044 2099 1976 
4048 1778 2019 1775 
4049 1916 2191 970 
4050 620 2020 618 
4051 1026 2055 1988 
4052 1027 1975 425 
4053 928 2158 883 
4054 1088 2046 1091 
4055 885 2158 929 
4056 1062 2139 1063 
4057 1272 2078 1292 
4058 1329 2181 1336 
4059 917 2164 879 
4060 1168 2150 1166 
4061 535 2142 537 
4062 881 2164 928 
4063 1532 2157 1531 
4064 449 2149 442 
4065 306 1972 1145 
4066 1802 2101 1799 
4067 2298 2300 1041 
4068 1382 2285 1379 
4069 1575 2190 1577 
4070 440 2149 443 
4071 918 2177 873 
4072 877 2175 917 
4073 1950 2129 413 
4074 539 2171 548 
4075 1954 2176 277 
4076 1774 2024 1771 
4077 1441 2081 1037 
4078 1063 2135 1061 
4079 624 2025 622 
4080 533 2180 541 
4081 871 2184 918 
4082 920 2188 867 
4083 1289 2161 1291 
4084 922 2199 861 
4085 1246 2136 1245 
4086 865 2200 920 
4087 1092 2053 1095 
4088 973 2198 2194 
4089 1049 2300 2282 
4090 859 2211 922 
4091 661 2030 663 
4092 1330 2181 1327 
4093 282 2281 1375 
4094 921 2227 855 
4095 1424 2032 1988 
4096 1759 2043 1758 
4097 1749 2056 1747 
4098 808 2293 810 
4099 628 2028 626 
4100 1231 2202 1230 
4101 1868 2026 799 
4102 495 2237 497 
4103 1173 2274 1175 
4104 2297 2299 1680 
4105 973 2194 1916 
4106 843 2239 845 
4107 1579 2197 1580 
4108 213 2027 212 
4109 1253 2161 1251 
4110 1016 2214 1644 
4111 1150 2221 1152 
4112 2095 2119 1043 
4113 1028 2156 1957 
4114 1096 2063 1099 
4115 969 2062 1875 
4116 1305 2221 1303 
4117 1915 2203 2198 
4118 2283 2286 1683 
4119 657 2037 659 
4120 1229 2204 1227 
4121 1938 2287 817 
4122 1868 2033 2026 
4123 2031 2033 950 
4124 1420 2282 1418 
4125 1869 2031 950 
4126 950 2033 1868 
4127 1908 2294 591 
4128 578 2284 2077 
4129 2271 2273 1686 
4130 1306 2204 1308 
4131 1100 2071 1103 
4132 1915 2198 973 
4133 1542 2166 1544 
4134 1277 2156 1028 
4135 1988 2032 923 
4136 1051 2234 418 
4137 2034 2036 952 
4138 1870 2034 952 
4139 1869 2036 2031 
4140 2 2213 12 
4141 1343 2279 1959 
4142 952 2036 1869 
4143 546 2145 553 
4144 1846 2174 2016 
4145 1744 2065 1743 
4146 1679 2303 1677 
4147 2250 2254 1689 
4148 653 2047 655 
4149 1042 2119 2098 
4150 752 1995 751 
4151 1746 2060 1744 
4152 1951 2012 1952 
4153 1977 2115 225 
4154 1756 2045 1755 
4155 1104 2076 1107 
4156 1041 2300 1049 
4157 2241 2242 1692 
4158 1682 2297 1680 
4159 2039 2040 954 
4160 1871 2039 954 
4161 1870 2040 2034 
4162 1 2219 214 
4163 954 2040 1870 
4164 976 2205 2203 
4165 2223 2225 1695 
4166 2207 2210 1698 
4167 1358 2253 743 
4168 2060 2065 1744 
4169 1872 2044 957 
4170 2017 2127 1257 
4171 649 2058 651 
4172 1952 2201 1018 
4173 2118 2120 1722 
4174 1685 2283 1683 
4175 2195 2196 1701 
4176 215 2213 2 
4177 1108 2080 1111 
4178 2130 2133 1719 
4179 2183 2185 1704 
4180 2214 2275 1408 
4181 976 2203 1915 
4182 1988 2055 1424 
4183 1175 2287 1938 
4184 2143 2144 1716 
4185 2170 2172 1707 
4186 779 2302 745 
4187 567 2128 2127 
4188 567 2017 563 
4189 2152 2153 1713 
4190 1585 2251 1584 
4191 2162 2163 1710 
4192 275 2232 1950 
4193 932 2306 1152 
4194 1873 2048 961 
4195 1914 2209 2205 
4196 1741 2068 1740 
4197 1750 2057 1749 
4198 1688 2271 1686 
4199 1399 2151 1398 
4200 1112 2083 1114 
4201 1680 2299 1679 
4202 1175 2291 1174 
4203 11 2219 1 
4204 1280 2138 1170 
4205 645 2067 647 
4206 1743 2064 1741 
4207 1043 2121 2095 
4208 806 2279 804 
4209 1874 2052 963 
4210 1747 2062 1746 
4211 591 2294 1969 
4212 1987 2101 1802 
4213 1914 2205 976 
4214 1055 2113 1066 
4215 1691 2250 1689 
4216 1743 2065 2064 
4217 1683 2286 1682 
4218 1115 2090 1117 
4219 1875 2056 967 
4220 747 2265 749 
4221 2142 2187 1349 
4222 1995 2285 1382 
4223 2064 2068 1741 
4224 641 2074 643 
4225 1694 2241 1692 
4226 1937 2166 1542 
4227 1053 2298 1041 
4228 743 2253 740 
4229 1256 2127 1413 
4230 1876 2060 969 
4231 1118 2094 1120 
4232 1686 2273 1685 
4233 984 2215 2209 
4234 1731 2041 1732 
4235 1697 2223 1695 
4236 1877 2064 971 
4237 2064 2065 971 
4238 1838 2021 1837 
4239 1738 2070 1737 
4240 971 2065 1876 
4241 1876 2065 2060 
4242 1049 2282 1962 
4243 754 2296 756 
4244 505 2258 2197 
4245 637 2079 639 
4246 416 2050 1941 
4247 565 2137 568 
4248 1740 2066 1738 
4249 1700 2207 1698 
4250 1689 2254 1688 
4251 1878 2066 972 
4252 925 2222 851 
4253 414 2208 1958 
4254 2066 2068 972 
4255 932 2235 847 
4256 1121 2097 1123 
4257 984 2209 1914 
4258 972 2068 1877 
4259 1877 2068 2064 
4260 2121 2122 1417 
4261 1292 2078 1293 
4262 1913 2217 2215 
4263 1962 2282 1420 
4264 1703 2195 1701 
4265 1115 2092 2090 
4266 1007 2245 2190 
4267 1879 2069 974 
4268 2069 2070 974 
4269 1938 2291 1175 
4270 1753 2049 1752 
4271 1740 2068 2066 
4272 415 2012 1951 
4273 974 2070 1878 
4274 1692 2242 1691 
4275 1878 2070 2066 
4276 1124 2103 1126 
4277 2083 2092 1114 
4278 1159 2305 1314 
4279 1706 2183 1704 
4280 915 2081 1441 
4281 633 2082 635 
4282 554 2146 1000 
4283 979 2072 1879 
4284 979 2075 2041 
4285 2066 2070 1738 
4286 1709 2170 1707 
4287 1879 2072 2069 
4288 1695 2225 1694 
4289 1118 2096 2094 
4290 2299 2303 1679 
4291 1712 2162 1710 
4292 975 2124 1518 
4293 1913 2215 984 
4294 1415 2095 1417 
4295 2016 2174 1848 
4296 987 2054 682 
4297 1127 2106 1129 
4298 1417 2122 1283 
4299 1715 2152 1713 
4300 1427 2032 1425 
4301 2127 2128 1413 
4302 990 2120 2118 
4303 1042 2115 1977 
4304 14 2086 15 
4305 680 2075 678 
4306 1718 2143 1716 
4307 1698 2210 1697 
4308 2090 2096 1117 
4309 1735 2072 1734 
4310 1721 2130 1719 
4311 1724 2118 1722 
4312 1009 2229 2192 
4313 629 2088 631 
4314 1130 2110 1132 
4315 1701 2196 1700 
4316 1737 2069 1735 
4317 1121 2102 2097 
4318 1290 2160 1332 
4319 1155 2042 1156 
4320 1271 2038 1268 
4321 1001 2220 2217 
4322 1310 2206 1304 
4323 1379 2285 1381 
4324 1704 2185 1703 
4325 1245 2136 1400 
4326 1035 2156 1277 
4327 2094 2102 1120 
4328 1737 2070 2069 
4329 1707 2172 1706 
4330 2286 2297 1682 
4331 553 2061 549 
4332 1124 2107 2103 
4333 1968 2156 1035 
4334 1114 2092 1115 
4335 1710 2163 1709 
4336 1728 2091 1727 
4337 2054 2087 1732 
4338 1713 2153 1712 
4339 1725 2104 1724 
4340 1716 2144 1715 
4341 1034 2051 1036 
4342 1722 2120 1721 
4343 2069 2072 1735 
4344 1719 2133 1718 
4345 1001 2217 1913 
4346 1730 2087 1728 
4347 1727 2100 1725 
4348 2097 2107 1123 
4349 1912 2224 2220 
4350 992 2133 2130 
4351 1959 2279 806 
4352 1117 2096 1118 
4353 2100 2104 1725 
4354 1440 2059 1017 
4355 2087 2091 1728 
4356 2273 2283 1685 
4357 987 2091 2087 
4358 1912 2220 1001 
4359 1880 2091 987 
4360 2039 2043 1759 
4361 1120 2102 1121 
4362 842 2073 840 
4363 1002 2230 2224 
4364 994 2144 2143 
4365 2254 2271 1688 
4366 2061 2136 1246 
4367 1123 2107 1124 
4368 1046 2055 1026 
4369 2091 2100 1727 
4370 437 2114 438 
4371 418 2234 1948 
4372 1880 2100 2091 
4373 1428 2123 315 
4374 573 2261 2255 
4375 568 2137 975 
4376 2123 2131 315 
4377 79 2098 274 
4378 2116 2117 908 
4379 906 2116 908 
4380 962 2112 1516 
4381 1911 2236 2230 
4382 1002 2224 1912 
4383 2242 2250 1691 
4384 908 2117 910 
4385 988 2100 1880 
4386 2255 2261 1600 
4387 988 2104 2100 
4388 1000 2132 1519 
4389 1158 2077 1321 
4390 1881 2104 988 
4391 551 2146 554 
4392 81 2115 80 
4393 1519 2128 567 
4394 590 2121 1430 
4395 541 2180 2084 
4396 548 2089 542 
4397 401 2099 1802 
4398 1163 2084 1164 
4399 12 2213 1941 
4400 996 2153 2152 
4401 2225 2241 1694 
4402 1031 2232 1018 
4403 590 2122 2121 
4404 548 2171 2093 
4405 1166 2150 1252 
4406 2038 2302 779 
4407 1911 2230 1002 
4408 1043 2119 1023 
4409 1348 2093 1349 
4410 1518 2122 590 
4411 315 2131 1527 
4412 1008 2179 529 
4413 2210 2223 1697 
4414 1871 2043 2039 
4415 575 2085 511 
4416 1003 2238 2236 
4417 2044 2045 1756 
4418 1339 2291 2280 
4419 2001 2126 762 
4420 2228 2231 1299 
4421 2196 2207 1700 
4422 1882 2120 990 
4423 1275 2260 2252 
4424 998 2163 2162 
4425 1413 2128 1285 
4426 1389 2216 1388 
4427 1283 2124 1282 
4428 1872 2045 2044 
4429 1910 2240 2238 
4430 1255 2109 1257 
4431 1397 2105 1399 
4432 990 2118 1881 
4433 1003 2236 1911 
4434 278 2147 1429 
4435 2185 2195 1703 
4436 1177 2192 1184 
4437 898 2134 900 
4438 1244 2108 1246 
4439 2192 2229 1184 
4440 1061 2135 1279 
4441 1260 2272 2263 
4442 2172 2183 1706 
4443 1232 2290 305 
4444 1846 2126 1844 
4445 902 2140 904 
4446 1799 2101 1800 
4447 1065 2139 1062 
4448 1910 2238 1003 
4449 1941 2213 416 
4450 893 2141 895 
4451 2163 2170 1709 
4452 966 2111 1517 
4453 999 2172 2170 
4454 2085 2251 1585 
4455 1883 2133 992 
4456 1875 2062 2056 
4457 2153 2162 1712 
4458 1975 2234 1051 
4459 992 2130 1882 
4460 2056 2062 1747 
4461 553 2145 2105 
4462 2144 2152 1715 
4463 1873 2049 2048 
4464 1285 2132 1284 
4465 2256 2268 574 
4466 1947 2129 1032 
4467 1249 2277 2274 
4468 529 2179 531 
4469 1845 2174 1846 
4470 2133 2143 1718 
4471 1521 2229 1009 
4472 1038 2244 1965 
4473 544 2145 546 
4474 2120 2130 1721 
4475 1339 2280 1341 
4476 571 2264 2257 
4477 2104 2118 1724 
4478 1007 2240 1910 
4479 997 2185 2183 
4480 1874 2057 2052 
4481 1520 2193 1008 
4482 1530 2167 1532 
4483 2257 2264 1605 
4484 1522 2226 1010 
4485 1398 2151 1404 
4486 2157 2159 1536 
4487 1884 2144 994 
4488 2052 2057 1750 
4489 442 2149 440 
4490 752 2285 1995 
4491 1644 2246 516 
4492 887 2154 889 
4493 2154 2155 889 
4494 214 2219 419 
4495 994 2143 1883 
4496 1409 2246 1408 
4497 1010 2233 1521 
4498 1531 2157 1536 
4499 1521 2233 2229 
4500 761 2296 2278 
4501 889 2155 891 
4502 995 2196 2195 
4503 1528 2125 1530 
4504 1180 2228 1299 
4505 1009 2192 1520 
4506 1536 2159 1537 
4507 2192 2193 1520 
4508 1519 2132 2128 
4509 2089 2151 1399 
4510 575 2267 2251 
4511 2165 2168 1541 
4512 883 2158 885 
4513 2226 2233 1010 
4514 1300 2243 1409 
4515 2159 2165 1537 
4516 2166 2169 1545 
4517 1152 2306 1151 
4518 1933 2125 1040 
4519 541 2142 535 
4520 1251 2161 1289 
4521 1885 2153 996 
4522 1537 2165 1541 
4523 1942 2212 214 
4524 996 2152 1884 
4525 993 2210 2207 
4526 413 2129 1947 
4527 1032 2129 1031 
4528 1541 2168 1542 
4529 1544 2166 1545 
4530 1545 2169 1547 
4531 879 2164 881 
4532 2169 2173 1547 
4533 2098 2119 274 
4534 1164 2148 1162 
4535 1018 2232 1952 
4536 1625 2301 572 
4537 1909 2268 2267 
4538 1881 2118 2104 
4539 419 2288 2027 
4540 1299 2231 1300 
4541 2173 2178 1548 
4542 991 2225 2223 
4543 1886 2163 998 
4544 1548 2178 1550 
4545 2178 2182 1550 
4546 1171 2300 2298 
4547 998 2162 1885 
4548 1547 2173 1548 
4549 2048 2049 1753 
4550 1275 2252 1259 
4551 1595 2268 2256 
4552 1154 2289 264 
4553 567 2127 2017 
4554 875 2177 2175 
4555 875 2175 877 
4556 1260 2263 1248 
4557 537 2171 539 
4558 1011 2231 2228 
4559 873 2177 875 
4560 2182 2186 1551 
4561 1327 2181 1329 
4562 989 2242 2241 
4563 1848 2174 355 
4564 2128 2132 1285 
4565 2125 2167 1530 
4566 1551 2186 1553 
4567 2186 2189 1553 
4568 1029 2147 1045 
4569 1933 2167 2125 
4570 1882 2130 2120 
4571 1550 2182 1551 
4572 1909 2267 575 
4573 869 2184 871 
4574 1887 2172 999 
4575 531 2180 533 
4576 2255 2256 1899 
4577 869 2188 2184 
4578 999 2170 1886 
4579 2189 2191 1554 
4580 986 2254 2250 
4581 1936 2202 1231 
4582 1554 2191 1556 
4583 814 2293 2280 
4584 2191 2194 1556 
4585 867 2188 869 
4586 1553 2189 1554 
4587 1249 2274 1173 
4588 443 2167 1933 
4589 2041 2075 1732 
4590 985 2273 2271 
4591 2194 2198 1557 
4592 574 2268 1909 
4593 1557 2198 1559 
4594 1844 2126 2001 
4595 1347 2187 1345 
4596 2198 2203 1559 
4597 1036 2051 2050 
4598 418 2218 12 
4599 1888 2185 997 
4600 266 2275 1232 
4601 997 2183 1887 
4602 1883 2143 2133 
4603 1556 2194 1557 
4604 983 2286 2283 
4605 2199 2200 863 
4606 1171 2298 282 
4607 861 2199 863 
4608 863 2200 865 
4609 1000 2146 2108 
4610 2203 2205 1560 
4611 1560 2205 1562 
4612 2205 2209 1562 
4613 982 2299 2297 
4614 1303 2221 1150 
4615 987 2087 2054 
4616 916 2201 1020 
4617 2231 2243 1300 
4618 1178 2193 1177 
4619 1177 2193 2192 
4620 1227 2204 1306 
4621 2282 2300 250 
4622 1559 2203 1560 
4623 1595 2256 1594 
4624 1957 2156 1968 
4625 1563 2215 1565 
4626 2209 2215 1563 
4627 2215 2217 1565 
4628 1899 2256 574 
4629 857 2211 859 
4630 1889 2196 995 
4631 995 2195 1888 
4632 3 2212 417 
4633 851 2222 853 
4634 1577 2190 1579 
4635 1388 2216 1386 
4636 1562 2209 1563 
4637 277 2176 1957 
4638 1566 2220 1568 
4639 2217 2220 1566 
4640 857 2227 2211 
4641 1884 2152 2144 
4642 2220 2224 1568 
4643 1184 2229 1183 
4644 2251 2267 1586 
4645 847 2235 849 
4646 1580 2197 1585 
4647 2095 2121 1417 
4648 1418 2282 250 
4649 1569 2230 1571 
4650 1525 2231 1011 
4651 1565 2217 1566 
4652 573 2255 1899 
4653 2230 2236 1571 
4654 2224 2230 1569 
4655 417 2212 1942 
4656 1604 2259 1610 
4657 1301 2247 1274 
4658 1600 2261 1599 
4659 855 2227 857 
4660 1890 2210 993 
4661 993 2207 1889 
4662 1572 2238 1574 
4663 2238 2240 1574 
4664 2236 2238 1572 
4665 1568 2224 1569 
4666 1594 2255 1600 
4667 1594 2256 2255 
4668 1386 2249 1302 
4669 1599 2257 1605 
4670 1609 2262 1615 
4671 1039 2214 1016 
4672 1614 2276 1620 
4673 1619 2301 1625 
4674 1571 2236 1572 
4675 1885 2162 2153 
4676 1181 2226 1180 
4677 2229 2233 1183 
4678 1891 2225 991 
4679 991 2223 1890 
4680 250 2300 1171 
4681 1011 2228 1522 
4682 2267 2268 1590 
4683 1183 2233 1181 
4684 1605 2264 1604 
4685 2276 2292 1620 
4686 1574 2240 1575 
4687 558 2292 2276 
4688 571 2257 1900 
4689 1181 2233 2226 
4690 1302 2249 2248 
4691 1584 2251 1586 
4692 740 2253 742 
4693 2216 2249 1386 
4694 2122 2124 1283 
4695 497 2284 500 
4696 1518 2124 2122 
4697 1302 2248 1301 
4698 498 2237 495 
4699 1174 2291 1339 
4700 1590 2268 1595 
4701 989 2241 1891 
4702 845 2239 932 
4703 1892 2242 989 
4704 1586 2267 1590 
4705 1274 2260 1275 
4706 516 2243 1525 
4707 1610 2266 1609 
4708 1886 2170 2163 
4709 749 2265 752 
4710 761 2278 1439 
4711 1947 2288 419 
4712 1301 2248 2247 
4713 505 2245 503 
4714 1259 2272 1260 
4715 416 2213 215 
4716 412 2234 1975 
4717 804 2279 808 
4718 986 2250 1892 
4719 1893 2254 986 
4720 1615 2269 1614 
4721 756 2296 761 
4722 1620 2292 1619 
4723 817 2287 819 
4724 509 2258 506 
4725 1248 2277 1249 
4726 2259 2266 1610 
4727 1052 2290 1039 
4728 1604 2264 2259 
4729 1375 2281 1939 
4730 559 2266 2259 
4731 762 2295 759 
4732 2126 2295 762 
4733 1900 2261 573 
4734 745 2302 747 
4735 557 2269 2262 
4736 985 2271 1893 
4737 1894 2273 985 
4738 559 2259 1901 
4739 810 2293 814 
4740 1901 2264 571 
4741 557 2262 1902 
4742 419 2219 1946 
4743 1902 2266 559 
4744 1887 2183 2172 
4745 1903 2269 557 
4746 2259 2264 1901 
4747 2262 2269 1615 
4748 983 2283 1894 
4749 2262 2266 1902 
4750 1895 2286 983 
4751 1022 2304 2294 
4752 1271 2302 2038 
4753 558 2276 1903 
4754 975 2137 2109 
4755 2106 2112 962 
4756 1609 2266 2262 
4757 982 2297 1895 
4758 1896 2299 982 
4759 223 2218 1948 
4760 1044 2304 1022 
4761 553 2136 2061 
4762 1904 2292 558 
4763 981 2303 1896 
4764 1022 2294 1908 
4765 572 2301 1904 
4766 1888 2195 2185 
4767 1272 2270 2078 
4768 1525 2243 2231 
4769 1127 2112 2106 
4770 1968 2208 414 
4771 1889 2207 2196 
4772 2012 2201 1952 
4773 1890 2223 2210 
4774 1130 2111 2110 
4775 1903 2276 2269 
4776 2292 2301 1619 
4777 2269 2276 1614 
4778 1904 2301 2292 
4779 1891 2241 2225 
4780 417 2244 1955 
4781 1948 2234 412 
4782 2263 2277 1248 
4783 1892 2250 2242 
4784 2252 2272 1259 
4785 1946 2219 11 
4786 1893 2271 2254 
4787 1894 2283 2273 
4788 2148 2179 1008 
4789 1952 2232 275 
4790 1895 2297 2286 
4791 2247 2260 1274 
4792 1896 2303 2299 
4793 2109 2137 1257 
4794 2110 2111 966 
4795 548 2151 2089 
4796 2073 2216 1389 
4797 2084 2180 1164 
4798 2108 2146 1246 
4799 2105 2145 1399 
4800 2257 2261 1900 
4801 1599 2261 2257 
4802 1948 2218 418 
4803 2093 2171 1349 
4804 575 2251 2085 
4805 1020 2201 2012 
4806 541 2187 2142 
4807 2077 2284 1321 
4808 2027 2288 1050 
4809 2078 2270 1358 
4810 1039 2275 2214 
4811 2226 2228 1180 
4812 2190 2245 1579 
4813 498 2305 2237 
4814 1164 2179 2148 
4815 1522 2228 2226 
4816 2197 2258 1585 
4817 2275 2290 1232 
4818 1039 2290 2275 
2 2 2 18
4819 2308 2309 2307 
4820 2308 2310 5 
4821 3 2310 2307 
4822 2307 2310 2308 
4823 3 2307 1 
4824 6 2308 5 
4825 11 2309 10 
4826 2307 2309 11 
4827 2308 2311 2309 
4828 5 2310 4 
4829 4 2310 3 
4830 7 2308 6 
4831 1 2307 11 
4832 7 2311 2308 
4833 8 2311 7 
4834 9 2311 8 
4835 10 2309 9 
4836 2309 2311 9 
2 3 2 18
4837 2313 2312 2314 
4838 2313 217 2315 
4839 215 2312 2315 
4840 2312 2313 2315 
4841 215 2 2312 
4842 218 217 2313 
4843 223 222 2314 
4844 2312 223 2314 
4845 2313 2314 2316 
4846 217 216 2315 
4847 216 215 2315 
4848 219 218 2313 
4849 2 223 2312 
4850 219 2313 2316 
4851 220 219 2316 
4852 221 220 2316 
4853 222 221 2314 
4854 2314 221 2316 
$EndElements
