$MeshFormat
4.1 0 8
$EndMeshFormat
$Entities
2 3 3 1
1 0.0254 -6.221205739668554e-18 6.096 0 
2 0.0254 -6.221205739668554e-18 0 0 
1 -0.0254001 -0.0254001 6.0959999 0.0254001 0.0254001 6.0960001 0 2 1 -1 
2 0.0253999 -1.000000000062212e-07 -9.999999983634211e-08 0.0254001 9.999999999377879e-08 6.0960001 0 2 2 -1 
3 -0.0254001 -0.0254001 -1e-07 0.0254001 0.0254001 1e-07 0 2 2 -2 
1 -0.0254001 -0.0254001 -9.999999983634211e-08 0.0254001 0.0254001 6.0960001 0 4 -1 -2 3 2 
2 -0.0254001 -0.0254001 6.0959999 0.0254001 0.0254001 6.0960001 0 1 1 
3 -0.0254001 -0.0254001 -1e-07 0.0254001 0.0254001 1e-07 0 1 3 
1 -0.0254001 -0.0254001 -9.999999983634211e-08 0.0254001 0.0254001 6.0960001 0 3 1 2 -3 
$EndEntities
$Nodes
9 1049 1 1049
0 1 0 1
1
0.0254 -6.221205739668554e-18 6.096
0 2 0 1
2
0.0254 -6.221205739668554e-18 0
1 1 0 31
3
4
5
6
7
8
9
10
11
12
13
14
15
16
17
18
19
20
21
22
23
24
25
26
27
28
29
30
31
32
33
0.02489116967965795 0.005058623526066814 6.096
0.02342871977613669 0.00981096782439232 6.096
0.02106844484007489 0.0141873405549004 6.096
0.0179007942831998 0.01802003229826632 6.096
0.01404715740853259 0.02116216833738707 6.096
0.009655211583230201 0.02349333712530123 6.096
0.004893263011865304 0.024924204643212 6.096
-5.620301947332258e-05 0.02539993781922708 6.096
-0.005003515263568352 0.02490230581707723 6.096
-0.009759085009684211 0.02345037867015705 6.096
-0.01414067141825083 0.02109979648814329 6.096
-0.01798036527367984 0.01794063724133142 6.096
-0.02113102352702808 0.01409396483251558 6.096
-0.02347190804681136 0.009707189739674002 6.096
-0.02491331249225522 0.004948420016857924 6.096
-0.0254 1.159092621717502e-16 6.096
-0.02491331249225526 -0.004948420016857698 6.096
-0.02347190804681143 -0.009707189739673818 6.096
-0.02113102352702817 -0.01409396483251544 6.096
-0.01798036527367996 -0.0179406372413313 6.096
-0.01414067141825097 -0.0210997964881432 6.096
-0.009759085009684323 -0.023450378670157 6.096
-0.005003515263568441 -0.02490230581707721 6.096
-5.62030194733852e-05 -0.02539993781922708 6.096
0.004893263011865242 -0.02492420464321202 6.096
0.009655211583230185 -0.02349333712530124 6.096
0.0140471574085326 -0.02116216833738707 6.096
0.01790079428319981 -0.01802003229826631 6.096
0.02106844484007489 -0.0141873405549004 6.096
0.02342871977613671 -0.009810967824392291 6.096
0.02489116967965797 -0.005058623526066735 6.096
1 2 0 137
34
35
36
37
38
39
40
41
42
43
44
45
46
47
48
49
50
51
52
53
54
55
56
57
58
59
60
61
62
63
64
65
66
67
68
69
70
71
72
73
74
75
76
77
78
79
80
81
82
83
84
85
86
87
88
89
90
91
92
93
94
95
96
97
98
99
100
101
102
103
104
105
106
107
108
109
110
111
112
113
114
115
116
117
118
119
120
121
122
123
124
125
126
127
128
129
130
131
132
133
134
135
136
137
138
139
140
141
142
143
144
145
146
147
148
149
150
151
152
153
154
155
156
157
158
159
160
161
162
163
164
165
166
167
168
169
170
0.0254 -6.221205739668554e-18 0.005704523663447781
0.0254 -6.221205739668554e-18 0.01216735935318719
0.0254 -6.221205739668554e-18 0.01977493056186886
0.0254 -6.221205739668554e-18 0.02881530454306335
0.0254 -6.221205739668554e-18 0.03959278271299482
0.0254 -6.221205739668554e-18 0.05245854458297028
0.0254 -6.221205739668554e-18 0.06782732202072408
0.0254 -6.221205739668554e-18 0.08619248098246973
0.0254 -6.221205739668554e-18 0.1081425589882329
0.0254 -6.221205739668554e-18 0.1343804156119375
0.0254 -6.221205739668554e-18 0.1657458880998334
0.0254 -6.221205739668554e-18 0.2032427495491222
0.0254 -6.221205739668554e-18 0.24807088624176
0.0254 -6.221205739668554e-18 0.2980081701084092
0.0254 -6.221205739668554e-18 0.3480080215609838
0.0254 -6.221205739668554e-18 0.3980078730135584
0.0254 -6.221205739668554e-18 0.448007724466133
0.0254 -6.221205739668554e-18 0.4980075759187074
0.0254 -6.221205739668554e-18 0.5480074273712819
0.0254 -6.221205739668554e-18 0.5980072788238566
0.0254 -6.221205739668554e-18 0.6480071302764311
0.0254 -6.221205739668554e-18 0.6980069817290058
0.0254 -6.221205739668554e-18 0.7480068331815803
0.0254 -6.221205739668554e-18 0.7980066846341548
0.0254 -6.221205739668554e-18 0.8480065360867294
0.0254 -6.221205739668554e-18 0.8980063875393041
0.0254 -6.221205739668554e-18 0.9480062389918787
0.0254 -6.221205739668554e-18 0.9980060904444532
0.0254 -6.221205739668554e-18 1.048005941897028
0.0254 -6.221205739668554e-18 1.098005793349602
0.0254 -6.221205739668554e-18 1.148005644802177
0.0254 -6.221205739668554e-18 1.198005496254752
0.0254 -6.221205739668554e-18 1.248005347707326
0.0254 -6.221205739668554e-18 1.298005199159901
0.0254 -6.221205739668554e-18 1.348005050612475
0.0254 -6.221205739668554e-18 1.39800490206505
0.0254 -6.221205739668554e-18 1.448004753517624
0.0254 -6.221205739668554e-18 1.498004604970199
0.0254 -6.221205739668554e-18 1.548004456422774
0.0254 -6.221205739668554e-18 1.598004307875348
0.0254 -6.221205739668554e-18 1.648004159327923
0.0254 -6.221205739668554e-18 1.698004010780497
0.0254 -6.221205739668554e-18 1.748003862233072
0.0254 -6.221205739668554e-18 1.798003713685646
0.0254 -6.221205739668554e-18 1.848003565138221
0.0254 -6.221205739668554e-18 1.898003416590796
0.0254 -6.221205739668554e-18 1.94800326804337
0.0254 -6.221205739668554e-18 1.998003119495944
0.0254 -6.221205739668554e-18 2.048002970948519
0.0254 -6.221205739668554e-18 2.098002822401094
0.0254 -6.221205739668554e-18 2.148002673853668
0.0254 -6.221205739668554e-18 2.198002525306243
0.0254 -6.221205739668554e-18 2.248002376758818
0.0254 -6.221205739668554e-18 2.298002228211392
0.0254 -6.221205739668554e-18 2.348002079663966
0.0254 -6.221205739668554e-18 2.398001931116541
0.0254 -6.221205739668554e-18 2.448001782569116
0.0254 -6.221205739668554e-18 2.49800163402169
0.0254 -6.221205739668554e-18 2.548001485474265
0.0254 -6.221205739668554e-18 2.598001336926839
0.0254 -6.221205739668554e-18 2.648001188379414
0.0254 -6.221205739668554e-18 2.698001039831988
0.0254 -6.221205739668554e-18 2.748000891284563
0.0254 -6.221205739668554e-18 2.798000742737137
0.0254 -6.221205739668554e-18 2.848000594189712
0.0254 -6.221205739668554e-18 2.898000445642286
0.0254 -6.221205739668554e-18 2.948000297094861
0.0254 -6.221205739668554e-18 2.998000148547436
0.0254 -6.221205739668554e-18 3.04800000000001
0.0254 -6.221205739668554e-18 3.097999851452585
0.0254 -6.221205739668554e-18 3.147999702905159
0.0254 -6.221205739668554e-18 3.197999554357733
0.0254 -6.221205739668554e-18 3.247999405810309
0.0254 -6.221205739668554e-18 3.297999257262883
0.0254 -6.221205739668554e-18 3.347999108715458
0.0254 -6.221205739668554e-18 3.397998960168032
0.0254 -6.221205739668554e-18 3.447998811620606
0.0254 -6.221205739668554e-18 3.497998663073181
0.0254 -6.221205739668554e-18 3.547998514525756
0.0254 -6.221205739668554e-18 3.59799836597833
0.0254 -6.221205739668554e-18 3.647998217430905
0.0254 -6.221205739668554e-18 3.697998068883479
0.0254 -6.221205739668554e-18 3.747997920336054
0.0254 -6.221205739668554e-18 3.797997771788628
0.0254 -6.221205739668554e-18 3.847997623241203
0.0254 -6.221205739668554e-18 3.897997474693778
0.0254 -6.221205739668554e-18 3.947997326146353
0.0254 -6.221205739668554e-18 3.997997177598927
0.0254 -6.221205739668554e-18 4.047997029051502
0.0254 -6.221205739668554e-18 4.097996880504076
0.0254 -6.221205739668554e-18 4.147996731956651
0.0254 -6.221205739668554e-18 4.197996583409226
0.0254 -6.221205739668554e-18 4.2479964348618
0.0254 -6.221205739668554e-18 4.297996286314375
0.0254 -6.221205739668554e-18 4.347996137766949
0.0254 -6.221205739668554e-18 4.397995989219523
0.0254 -6.221205739668554e-18 4.447995840672099
0.0254 -6.221205739668554e-18 4.497995692124673
0.0254 -6.221205739668554e-18 4.547995543577247
0.0254 -6.221205739668554e-18 4.597995395029821
0.0254 -6.221205739668554e-18 4.647995246482397
0.0254 -6.221205739668554e-18 4.697995097934971
0.0254 -6.221205739668554e-18 4.747994949387545
0.0254 -6.221205739668554e-18 4.797994800840121
0.0254 -6.221205739668554e-18 4.847994652292694
0.0254 -6.221205739668554e-18 4.897994503745269
0.0254 -6.221205739668554e-18 4.947994355197844
0.0254 -6.221205739668554e-18 4.997994206650419
0.0254 -6.221205739668554e-18 5.047994058102993
0.0254 -6.221205739668554e-18 5.097993909555568
0.0254 -6.221205739668554e-18 5.147993761008142
0.0254 -6.221205739668554e-18 5.197993612460716
0.0254 -6.221205739668554e-18 5.247993463913291
0.0254 -6.221205739668554e-18 5.297993315365866
0.0254 -6.221205739668554e-18 5.347993166818441
0.0254 -6.221205739668554e-18 5.397993018271015
0.0254 -6.221205739668554e-18 5.447992869723589
0.0254 -6.221205739668554e-18 5.497992721176164
0.0254 -6.221205739668554e-18 5.547992572628738
0.0254 -6.221205739668554e-18 5.597992424081314
0.0254 -6.221205739668554e-18 5.647992275533888
0.0254 -6.221205739668554e-18 5.697992126986462
0.0254 -6.221205739668554e-18 5.747991978439037
0.0254 -6.221205739668554e-18 5.797991829891611
0.0254 -6.221205739668554e-18 5.847929113758263
0.0254 -6.221205739668554e-18 5.892757250450898
0.0254 -6.221205739668554e-18 5.930254111900185
0.0254 -6.221205739668554e-18 5.961619584388081
0.0254 -6.221205739668554e-18 5.98785744101178
0.0254 -6.221205739668554e-18 6.009807519017545
0.0254 -6.221205739668554e-18 6.028172677979289
0.0254 -6.221205739668554e-18 6.043541455417035
0.0254 -6.221205739668554e-18 6.05640721728701
0.0254 -6.221205739668554e-18 6.067184695456939
0.0254 -6.221205739668554e-18 6.076225069438133
0.0254 -6.221205739668554e-18 6.083832640646814
0.0254 -6.221205739668554e-18 6.090295476336553
1 3 0 31
171
172
173
174
175
176
177
178
179
180
181
182
183
184
185
186
187
188
189
190
191
192
193
194
195
196
197
198
199
200
201
0.02489116967965795 0.005058623526066814 0
0.02342871977613669 0.00981096782439232 0
0.02106844484007489 0.0141873405549004 0
0.0179007942831998 0.01802003229826632 0
0.01404715740853259 0.02116216833738707 0
0.009655211583230201 0.02349333712530123 0
0.004893263011865304 0.024924204643212 0
-5.620301947332258e-05 0.02539993781922708 0
-0.005003515263568352 0.02490230581707723 0
-0.009759085009684211 0.02345037867015705 0
-0.01414067141825083 0.02109979648814329 0
-0.01798036527367984 0.01794063724133142 0
-0.02113102352702808 0.01409396483251558 0
-0.02347190804681136 0.009707189739674002 0
-0.02491331249225522 0.004948420016857924 0
-0.0254 1.159092621717502e-16 0
-0.02491331249225526 -0.004948420016857698 0
-0.02347190804681143 -0.009707189739673818 0
-0.02113102352702817 -0.01409396483251544 0
-0.01798036527367996 -0.0179406372413313 0
-0.01414067141825097 -0.0210997964881432 0
-0.009759085009684323 -0.023450378670157 0
-0.005003515263568441 -0.02490230581707721 0
-5.62030194733852e-05 -0.02539993781922708 0
0.004893263011865242 -0.02492420464321202 0
0.009655211583230185 -0.02349333712530124 0
0.0140471574085326 -0.02116216833738707 0
0.01790079428319981 -0.01802003229826631 0
0.02106844484007489 -0.0141873405549004 0
0.02342871977613671 -0.009810967824392291 0
0.02489116967965797 -0.005058623526066735 0
2 1 0 726
202
203
204
205
206
207
208
209
210
211
212
213
214
215
216
217
218
219
220
221
222
223
224
225
226
227
228
229
230
231
232
233
234
235
236
237
238
239
240
241
242
243
244
245
246
247
248
249
250
251
252
253
254
255
256
257
258
259
260
261
262
263
264
265
266
267
268
269
270
271
272
273
274
275
276
277
278
279
280
281
282
283
284
285
286
287
288
289
290
291
292
293
294
295
296
297
298
299
300
301
302
303
304
305
306
307
308
309
310
311
312
313
314
315
316
317
318
319
320
321
322
323
324
325
326
327
328
329
330
331
332
333
334
335
336
337
338
339
340
341
342
343
344
345
346
347
348
349
350
351
352
353
354
355
356
357
358
359
360
361
362
363
364
365
366
367
368
369
370
371
372
373
374
375
376
377
378
379
380
381
382
383
384
385
386
387
388
389
390
391
392
393
394
395
396
397
398
399
400
401
402
403
404
405
406
407
408
409
410
411
412
413
414
415
416
417
418
419
420
421
422
423
424
425
426
427
428
429
430
431
432
433
434
435
436
437
438
439
440
441
442
443
444
445
446
447
448
449
450
451
452
453
454
455
456
457
458
459
460
461
462
463
464
465
466
467
468
469
470
471
472
473
474
475
476
477
478
479
480
481
482
483
484
485
486
487
488
489
490
491
492
493
494
495
496
497
498
499
500
501
502
503
504
505
506
507
508
509
510
511
512
513
514
515
516
517
518
519
520
521
522
523
524
525
526
527
528
529
530
531
532
533
534
535
536
537
538
539
540
541
542
543
544
545
546
547
548
549
550
551
552
553
554
555
556
557
558
559
560
561
562
563
564
565
566
567
568
569
570
571
572
573
574
575
576
577
578
579
580
581
582
583
584
585
586
587
588
589
590
591
592
593
594
595
596
597
598
599
600
601
602
603
604
605
606
607
608
609
610
611
612
613
614
615
616
617
618
619
620
621
622
623
624
625
626
627
628
629
630
631
632
633
634
635
636
637
638
639
640
641
642
643
644
645
646
647
648
649
650
651
652
653
654
655
656
657
658
659
660
661
662
663
664
665
666
667
668
669
670
671
672
673
674
675
676
677
678
679
680
681
682
683
684
685
686
687
688
689
690
691
692
693
694
695
696
697
698
699
700
701
702
703
704
705
706
707
708
709
710
711
712
713
714
715
716
717
718
719
720
721
722
723
724
725
726
727
728
729
730
731
732
733
734
735
736
737
738
739
740
741
742
743
744
745
746
747
748
749
750
751
752
753
754
755
756
757
758
759
760
761
762
763
764
765
766
767
768
769
770
771
772
773
774
775
776
777
778
779
780
781
782
783
784
785
786
787
788
789
790
791
792
793
794
795
796
797
798
799
800
801
802
803
804
805
806
807
808
809
810
811
812
813
814
815
816
817
818
819
820
821
822
823
824
825
826
827
828
829
830
831
832
833
834
835
836
837
838
839
840
841
842
843
844
845
846
847
848
849
850
851
852
853
854
855
856
857
858
859
860
861
862
863
864
865
866
867
868
869
870
871
872
873
874
875
876
877
878
879
880
881
882
883
884
885
886
887
888
889
890
891
892
893
894
895
896
897
898
899
900
901
902
903
904
905
906
907
908
909
910
911
912
913
914
915
916
917
918
919
920
921
922
923
924
925
926
927
-0.0241608985326836 0.007836515940988548 0.1137669020270417
-0.01530747796068689 0.02026921603030282 0.1277642189163289
-0.02524214007813776 0.002827430684503403 0.1325311997216386
-0.02462866630125419 -0.006211988105386738 0.02736960712804072
-0.02203389158577938 -0.01263596539984661 0.02798732611215813
-0.02372692790516037 -0.009066029571059328 0.02075744613244858
-0.01508852444526675 0.02043272938362831 0.1060150897157162
-0.02525361856481582 -0.002723003742705805 6.075664672890435
-0.02520003097318406 0.003180949378811956 6.073751962091454
-0.02539252070242828 0.0006163541001332185 6.079993766559413
-0.02459989405044693 0.006324967407567083 6.079725895029116
-0.02309384181140738 0.01057518181355253 6.073558425548351
-0.02527216346601878 0.002545143168237391 0.0134410558379602
-0.02529003395307729 -0.002360970701257798 0.0098114073657117
-0.02532766265745037 0.001915595027763986 0.00836400090680796
-0.02474603607788083 -0.005726578248153097 6.080198805880236
-0.02506989552003213 -0.004081707806136173 0.01498042874388239
-0.02523854563712721 -0.002859338056726979 6.085543891186783
0.007045640520857891 0.02440325694760528 5.366743669829558
0.00101602107741011 0.02537967102171063 5.410790509392189
-0.02217282443008763 0.01239055514464582 0.2502026982196575
-0.02377718886730302 -0.008933380634933302 0.2099926870537535
-0.009002516924600192 0.02375109869084559 0.2085071213934011
0.002437173987457466 -0.02528280409596334 0.2332393894357916
-0.02349156619643783 0.009659519534551369 0.181439648116007
-0.02539910534082125 0.0002131850976617816 0.03212348638927176
-0.0242625854611365 -0.007515779849160538 0.03483339249733662
-0.02537167713641662 -0.001199166079170921 0.04139882348709842
-0.02408976575704537 0.008052526669976573 0.02080525520431334
-0.0240352931818789 0.008213688675688021 0.02910643395951224
-0.02539964531220881 -0.0001342311960348817 0.02284817397096212
-0.02519485815395598 -0.003221664570068994 6.068110611310584
-0.02506345874908188 0.004121047868330449 6.065079837953029
-0.02479745035231536 -0.005499677810968097 6.058623729290668
-0.02539989890882186 7.166185617134911e-05 6.089781235879502
-0.02523070897955304 0.002927682426271909 6.085414421219823
-0.02502813429447436 0.004330414961381452 6.090973046129347
-0.02395052232077904 0.008457687660458098 6.05424183482079
-0.01384706342349354 0.02129363366233549 0.7685485281433668
-0.005828010649504837 0.02472234398007717 0.7224746132673211
-0.01094298686570174 0.02292184631431507 0.8167496815284389
0.02221399650973935 -0.01231658877552092 0.05664980173006394
0.01250828607335087 -0.02210662297835689 0.05815547202361661
0.02069214702047389 -0.01473075190487891 0.07369166944409945
0.02288860092235567 -0.01101235432671593 0.04441608561006911
0.01604986514498941 -0.01968659007618267 0.04630399652307969
-0.01974229469704139 0.01598129531969082 6.030185332893787
-0.02539970057761608 0.0001233311292787305 6.024761168540058
-0.02113833219003897 0.01408300082452465 6.011789437028592
-0.02446903213072525 0.006813696983689192 0.005202156182208949
-0.0243950872483056 0.007073875751492773 0.009589799435387084
-0.02525116794519834 0.002745636065356782 0.004168498961869833
-0.0233329577327148 -0.01003658724085755 6.074128082044115
-0.02310459591836645 -0.01055166562439335 6.080518841055363
-0.01960639756685113 -0.01614772969957616 6.07866308474798
-0.01455426351073875 0.02081666192404485 0.02946293557002045
-0.008028904128149619 0.0240976492318438 0.03348985626033202
-0.01399306946507268 0.02119797176490361 0.03986859717286101
-0.003249553722130137 0.02519127627983525 0.04292203984988924
-0.01423997984803645 -0.02103290217557995 6.066501368753374
-0.007759037463639906 -0.02418589129302107 6.062605536887591
-0.01319541519975781 -0.02170347939170124 6.056208699398359
-0.003249553722131033 -0.02519127627983514 6.053077960150115
-0.02183566112058547 -0.01297551168266407 6.084144407344558
-0.02333709523356994 0.01002696295292283 5.892907799093914
-0.0246795170272653 0.006006782774574253 5.925112423822335
-0.01712179683503336 -0.01876177158852121 5.899031749658638
-0.01271675826643163 -0.02198736135131141 5.933317052747769
-0.02440748562168436 -0.007030977572661636 5.953397558648081
0.001538858191593745 -0.02535334130772835 0.003264944316176833
-0.002910239702969846 -0.02523272686158311 0.00541446741425883
0.002254068395114222 -0.0252997860795333 0.006947657932229264
-0.02527235550140529 -0.002543235618378633 6.043171930210709
-0.02395604460786266 0.008442033330074844 6.038846937939714
0.003119865967955838 0.02520766622164755 6.091734950858278
-0.002124399323568745 0.02531100407953072 6.091015158789782
-0.02532759319639781 -0.001916513208350808 6.002171370418573
-0.02045428449650325 0.01505929101040638 5.993722530482462
-0.02303894409447147 -0.01069425336392486 6.066416347247285
-0.0239919474358963 -0.008339451914435905 6.086174128000326
0.007111138359593503 0.02438425129526674 5.22121942281913
0.008560650548081456 0.0239139135691679 5.270151079461
-0.02354748628464651 -0.009522388863850534 0.1135781884955787
-0.01750193515874964 -0.01840766866550252 0.09094595791020672
-0.02530114857213404 0.002238723058084608 0.09194199972015012
-0.02359215706202723 -0.00941117023332585 0.07769632873666464
-0.01309049790956478 -0.02176692133673662 0.1119981648811721
0.02133929224810642 -0.01377659632673853 0.09432947808894471
-0.0232176920578255 -0.01030042598672438 5.861773165358202
-0.006405383096257622 -0.02457907783848241 5.813345742044136
-0.01281678425477755 0.02192920521511179 5.825765708594687
-0.005166954609497344 0.0248689078984863 5.865543362726742
-0.02381685957328687 0.008827071998479097 5.78027734596707
-0.01483231263959985 -0.02061946899804082 6.074608698513071
-0.01966156983734874 -0.01608050594760806 6.07055042414599
-0.0151002473394664 -0.02042406742759477 6.082009635098129
-0.01903848006323544 -0.01681357418521673 6.085542642472266
-0.02076013396311344 -0.01463478178291646 0.03606879705139136
-0.01973133469026006 -0.01599482514255595 5.687411134640503
-0.007087011039306869 0.02439127455728262 5.681222927455614
-0.01895190288761966 0.01691110217987679 5.725261335176957
-0.0246872779793312 0.005974805935863431 5.641319905237383
-0.01412500285847288 -0.02111028882436555 5.749774626014176
-0.00726082600132087 0.02434009872162688 4.464792313144671
-0.007802426562856749 0.02417192875488482 4.51818690311045
-0.02376115150116313 -0.008975950052154534 1.779036309746686
-0.004003205373107334 0.02508255064264248 1.815696001805852
-0.01778744499292231 -0.01813192765879466 1.835440393671973
0.0002839297047402417 0.02539841301976889 1.771310335111271
-0.01383526512610849 0.02130130134264773 1.859179336509672
-0.01457747280248275 0.02080041554135099 0.08613243383657351
0.002048145639355401 0.02531728854834161 0.09431229576662954
0.001098006019153011 0.02537625627987516 0.1239638264114436
0.01348690304695812 0.02152355561244359 0.2282722136032119
0.001183764456493061 0.02537240039317415 5.90762071826308
0.01069728311052923 0.02303753749976734 0.2769470766484315
-0.02213850478073118 0.01245177120226447 0.3023594567737215
0.01286973997517787 0.02189816871273278 5.962207569357515
0.01595371747531291 0.01976458698576561 5.938496418951872
-0.008839139383123475 0.02381238364728982 0.8706738563273652
-0.02009773040592579 -0.01553194232962271 0.1719396221766989
0.00616504377506789 -0.02464045931494575 0.1913338005130163
0.001943528716532782 -0.02532553446875332 0.1641832817900857
-0.01595721812261615 -0.01976176079673192 0.1376905709285748
-0.02539138828283826 -0.0006613630395962309 0.155362279401549
-0.01279487750969438 0.02194199420089061 0.06722265359965071
-0.02180423218809163 0.01302825616449834 0.07684972011386874
-0.02271820280602231 0.01135972100293137 0.0624021352629863
-0.0186700447452097 -0.01722177195331153 4.280394907870972
0.0001386616431937692 -0.02539962151191838 4.324227274272509
0.001439226800049696 0.025359192144428 0.007097508649657324
-0.002613965614019558 0.02526513771521389 0.00960982363249077
-0.002523468953766388 0.02527433687437471 0.004143740316068194
-0.01377371326354545 -0.02134115327093717 4.237346062276276
0.001439226800049346 -0.02535919214442802 6.088902491350344
-0.002613965614019907 -0.02526513771521385 6.086390176367511
-0.002523468953766687 -0.02527433687437468 6.091856259683933
-0.02366527987957169 0.009225753531367472 6.086105571168161
-0.02405658992384801 0.00815110306865361 6.09180063030475
-0.006726860782852264 0.02449304685024148 6.09020691132234
-0.02278400864305944 0.01122715236170743 6.08043349365626
-0.02526187998732194 -0.002645263598612276 0.004692270017101977
0.001777206729161719 -0.02533774923393596 4.724576539005483
-0.02020807297111044 0.01538810536727233 4.695227088847568
-0.02030109955131708 0.01526516809627439 4.749924519878946
-0.01377057613097096 -0.02134317766924909 4.774922925683146
-0.01600050827198369 -0.01972672641464319 4.675859516834347
0.01495787931567912 0.02052856172208805 0.6370508000186067
-0.01658924102510372 0.01923426843451592 0.6255161165171272
0.004794221157360117 0.02494344490030037 0.5806826189314248
-0.02387983803437887 0.008655249011543929 0.5740408435497723
-8.138012764246062e-05 -0.02539986963105962 0.2781272769281629
-0.01161408702132075 0.02258922271042518 0.004323337094336373
-0.01161408702132133 -0.02258922271042488 6.091676662905663
-0.01153131732133709 0.02263158679444796 6.090452517684506
-0.02090074636159289 -0.01443325332447129 4.823999887208516
-0.01195355988109385 -0.02241143471911389 4.865675349171798
-0.02507564463264823 -0.004046238531913321 6.090838545759013
-0.02410086410591905 -0.008019248677277874 6.091477205685988
-0.01599222626797151 -0.01973344113412564 1.896486643743054
-0.02511939611947384 -0.003765094765469046 1.947268166054949
0.01326744704616319 -0.0216595209752491 1.943355286300915
-0.008828237432464662 -0.02381642760440847 1.976794614711174
-0.01837860593823511 0.01753245116254624 6.07187573031015
-0.02015893890708709 0.01545241670873298 6.079384544527658
-0.02247881981153725 0.01182635446282751 6.064450835995766
-0.02041212717009605 0.01511638397209552 0.03489755293714114
-0.02431510990854902 0.007344074491396547 0.03925137552318032
-0.02123427729531821 0.0139379147560004 0.0477119018790756
-0.02355856023362154 -0.009494958647557431 0.04522193634315218
-0.02105335104443539 -0.01420972940628255 6.049187246365507
-0.02202062426705902 -0.01265907211801131 6.035447959376536
-0.02325555805505744 0.01021464730413405 0.01339642166717718
-0.01102759660932503 0.0228812611763863 6.052492185694183
-0.001616947382532549 0.02534848084525227 6.04755436773383
-0.003432756620637686 0.02516696608619061 6.059863179069946
-0.0252974554052649 0.002280076757180246 0.07435809639530207
-0.02443549175914398 -0.00693301828129758 0.06357002891361553
0.01268492491797489 -0.02200574197397896 0.1371737018876336
-0.01946871790539457 -0.01631346140830231 6.061467549999992
-0.02257868138954697 -0.01163456688963217 6.018223354012937
-0.01842686719305869 0.01748172089496276 6.045957649358801
-0.01853259412053264 0.01736959858959323 6.059352390636649
-0.022269549786931 0.01221585659245397 0.006368790257909289
0.005389863743280534 -0.02482155049203957 2.252738339408077
0.01390483857577398 0.02125595126503793 3.910488355923483
0.01154174260648569 0.02262627184503962 3.849471896488033
-0.02176665161941273 0.01309094638592325 5.954659577801263
-0.009797382824760255 0.02343440397759441 5.974297820301022
-0.02509932905232808 0.003896624324073289 5.977721657368991
0.004276245087763704 0.02503744651415908 0.004345880042091087
0.004276245087763581 -0.0250374465141591 6.091654119957911
0.002063207637758699 0.02531606553640384 6.087509233915743
0.005926166427284944 0.02469899899745171 6.083187247017615
0.006315396403260435 0.02460235290108824 6.087465952844679
0.01368608067525039 -0.02139745769362654 5.661754217091652
-0.01153598758399313 -0.02262920658047816 5.624678621779398
-0.00433460973675717 -0.02502740814447253 5.571631226530204
-0.0152076745698449 -0.0203442039455392 6.005820856697389
-0.0187185325888663 -0.01716905756643475 5.980643973307267
-0.02524642697183509 0.0027888931775523 0.05156174496863274
-0.006705954926837522 0.02449877891894254 5.942027791512856
-0.02334560453260014 -0.01000713490502849 0.01369324119791442
-0.00812222038461735 0.02406635693294077 3.274482196718634
-0.02513139662060604 -0.003684142220082065 3.251612009002127
0.001347785238974246 0.02536421642687988 3.224854933037907
-0.0252131398713608 -0.0030753175164845 3.199644676072594
-0.002457639071956444 -0.02528082297299661 5.031649414201444
-0.003422517834998358 -0.02516836052803436 4.977392385725455
-0.0250546750600085 0.004174117587872702 5.012185892541067
-0.008276550321897421 0.02401371930312128 0.9256975115772806
-0.006037240026704744 0.02467208408018978 0.9771937708878675
0.006440025894389622 0.02457002373787195 1.01412848600451
-0.01777429145153422 -0.01814482194445339 1.582008738044402
0.005019136003231246 -0.02489916211002025 1.614725281863432
-0.01041151631949245 -0.02316808856873916 1.516897282807117
-0.02423529662217421 -0.007603314910960309 0.008772429804401976
-0.009104944961573169 0.02371202178741246 4.576056141814922
-0.009488477175814632 0.02356117146671712 1.367973614974151
-0.02246319052098131 -0.01185601415392606 1.400078405643909
-0.02128674531476398 -0.01385765037458997 1.342627900666413
-0.008983246467524859 0.02375839394621829 1.313052669869212
-0.01140450879557703 0.02269575244691407 1.426912893287026
-0.01383382524731314 0.02130223647945918 0.05247925148961301
-0.01372256235812285 -0.02137407968375316 6.042195369145468
0.01544889923070116 0.02016163466982876 0.433403137948207
-0.01058154264422412 0.02309092798629943 0.4591685284834875
-0.02539758241686441 -0.0003504388371451975 0.3856878620486138
-0.0241524910620814 -0.00786238993538721 0.4252056391626515
0.000308596935850606 -0.02539812528379179 0.3813503756625528
0.009099901973493793 -0.02371395757929924 0.4391433128384972
-0.02350418897081356 -0.009628764241806208 0.3470913354439784
-0.02401860810418041 -0.008262352252101023 0.478450631001642
-0.01976578985288098 -0.01595222716399648 0.5313049379756151
-0.01073030736669478 0.02302217417656846 0.5217488062621943
0.003866658741778872 -0.02510396283805856 6.001354051887408
-0.009237026014025245 -0.02366088228313181 5.991790235384559
-0.001340208701085542 -0.02536461788865613 6.021163661226518
-0.01419917475953008 -0.0210604709384269 6.026246182985495
-0.01971878871682753 0.0160102895520698 0.02426390832015349
-0.0008429207613642547 0.0253860096232169 0.07311205018429773
0.009910609787078745 -0.02338674440037046 3.747392593470863
-0.006939986023778632 -0.02443351374628212 3.805515035657548
-0.02140302067641378 0.01367737935150606 0.01786630800859449
-0.02427804235339139 -0.007465698861254318 0.003871525625336811
-0.01428641452676821 0.02100138947711189 4.860510856222914
0.009958342151101187 0.02336645932959466 4.820309108020846
-0.019582342567453 0.01617689276625515 4.800987777035454
-0.01627263944237154 -0.01950285121664455 0.068783811998373
-0.01973909856202867 -0.01598524281825327 0.05355927849733504
0.00559452968903119 -0.02477622323031798 5.867024560173617
0.01251630266868574 -0.02210208513932227 5.768380639961868
-0.02519668406334313 -0.003207352835606067 0.6715181482142807
-0.002630595942831662 0.0252634115864338 0.6734405068390027
-0.01969487754083681 -0.01603969446876847 0.7335933408507466
-0.01305565801996222 0.02178783591056707 0.4067299461667339
0.003038845955203611 0.0252175616438335 3.17374073990474
-0.02521344873038577 0.003072784261904498 3.145207863712201
0.004483958454229566 0.02500108230818704 5.764134662203054
-0.006005648909114237 -0.02467979297280378 4.179585850648155
-0.008444247252883121 -0.02395526431355279 1.22753140979826
-0.02255481828334738 0.0116807607716783 1.20075246675884
-0.02115325301552521 0.01406057917943544 1.254149233233189
-0.01623483296244703 -0.01953433384278674 1.285459685754677
-0.0235328728103561 0.009558446384826474 4.314435253542589
-0.005224410891230448 0.02485690107072063 4.262122039372723
-0.01520091005715873 0.02034925879323791 4.208614984022029
-0.02251225090417392 0.01176259151834835 3.897706419478037
-0.006981428788947178 -0.02442170452824412 3.929093219336284
-0.006619785738275713 -0.02452220293487764 3.870165162908001
-0.02501034140149314 0.004432022448133362 3.843826779678341
-0.006197032054242169 0.02463243377579031 1.916408078207701
-0.01713795476337113 -0.01874701326954896 0.02760246739546111
-0.01287732241745147 -0.02189371068039864 0.03717364332856349
-0.01901698984341335 -0.01683787686424608 0.04411758346374137
-0.005869486746485316 -0.02471252972345877 0.5789185449001495
-0.02539869116999868 -0.0002578504431466668 5.423776814828295
-5.216399242283068e-05 -0.02539994643533515 5.431384879397778
-0.004456561952947069 -0.02500598039588819 5.377349870785762
-0.02277837687359199 0.0112385740645604 5.372013003190538
-0.02182752049438172 -0.01298920124824255 5.335162642807073
-0.02508183013533045 -0.00400771718842898 2.957147546825665
-0.001285905484359873 0.02536742886232842 2.972345755012874
-0.0247203962602544 -0.005836266677937227 2.998443202120878
0.003253722331027836 0.02519073819864298 3.022559503678586
-0.0253983330096415 -0.0002909988511230143 3.047061148329014
-0.009067301809645507 0.02372644174529336 6.020688912359278
-0.01003081929084992 0.02333543795077164 6.038192091251246
-0.00838948587173372 0.02397449742555577 6.001013098377161
-0.02451387424186288 0.006650561604415931 5.585751077385788
-0.01056633127009126 0.02309789262012211 5.316581915910231
-0.02151382835293201 0.01350241421378336 5.257808674828458
0.009343593670099617 0.02361900203920721 0.325655129629575
0.006729417243984812 0.02449234459083817 6.013659059045545
0.0007047153692623706 0.02539022205984669 6.032333114113236
0.02230914299986047 -0.01214339897276609 6.021935252616943
0.01260652400056352 -0.02205074947985251 6.020985172989036
0.01663779553246762 -0.01919228386148455 6.036499095344181
0.02348263864016086 -0.00968120253355048 6.035669010830516
-0.01976245561126213 -0.015956357611087 0.02056915960556447
-0.01731424797001874 -0.01858431643167705 0.01501474509908251
-0.02086184856764217 -0.01448941939281096 0.0145824817283402
0.02348263864016123 0.009681202533549588 0.06033098916949476
0.02230914299986059 0.01214339897276588 0.07406474738306895
0.01663779553246809 0.01919228386148415 0.05950090465582866
-0.01509338429648612 0.02042913973907335 0.1505554359901506
-0.02409805966858327 0.008027672153831409 5.209554351786701
-0.003450077425986607 0.02516459746856082 5.174891269570277
0.008216059356384068 -0.02403448290794653 5.474238112132523
-0.02352336091501548 -0.009581831310450111 5.481733426805635
0.002291227552365634 -0.02529644789893001 5.518499532797254
-0.02357223522436614 -0.009460958013179864 5.53696468490718
-0.02249281727773498 -0.01179971062824961 3.579998347135279
-0.01131143608705927 -0.02274228250744356 3.631518099665399
0.02270526889446225 0.01138555068629378 6.049689401850224
0.02348575838553703 0.009673631844151244 6.03676436631744
0.02370808950919758 0.009115179198670506 6.061544223959005
0.006471552094470322 0.0245617388124 5.040764729907063
0.005387163417833167 0.02482213669911517 4.983019094498273
0.007727634655523296 -0.02419594310273429 3.540656161334328
-0.006843002619477551 -0.02446085270692384 2.133839096583678
-0.006169087598484632 -0.02463944719757777 2.079393346106712
-0.02278025713654744 0.01123476233806391 2.108519411699871
-0.02509339639395754 0.003934648321733273 2.052581298086455
0.007189677095158852 0.024361209807137 5.988117874871485
0.008888732934825543 -0.02379391575200155 2.588173234176333
-0.02534124197197703 -0.001726689120168957 2.577693008689411
-0.01575676993439762 -0.01992195274651717 2.626206297379476
-0.004161249818029464 -0.02505681543915646 2.533021837810946
-0.02477556985929138 0.005597422455681925 2.513276360521556
0.009226774490965744 0.02366488183982468 1.72741692774452
-0.02463023736516803 0.006205755984203739 1.723809028846737
-0.01220476501335092 0.02227563042809081 5.52576589892401
-0.006136054104234241 0.02464769441610939 5.466596456656905
-0.004621628737187015 0.02497599943577048 2.422525450650829
-0.002815280004761145 0.02524349814298311 2.372054572599454
-0.02528606633888139 0.002403091572472675 4.148302652641199
-0.004902676727289149 -0.02492235464212195 4.123634482474269
-0.02538585799720536 -0.0008474749233602832 4.096408349892462
-0.004360702984221619 0.02502287492442466 1.972441261613623
-0.02536685633756797 0.001297150549931614 1.999629519637231
0.004995973525228701 0.02490381995869738 5.575642990667523
-0.01146438825030765 -0.02266556423401385 3.427201688088211
0.0003517194435530518 -0.0253975647146144 3.364242607258931
0.006619824179510066 0.02452219255760736 2.516713744505848
-0.00180778479060801 0.025335585924759 2.472724429703464
1.284230552857806e-05 0.02539999675344839 2.562306503162811
-0.01439779092635967 -0.02092519095350948 0.01942695642589536
0.002025947604073753 -0.02531907455468204 1.061829036030528
0.002392150518458317 -0.02528710374671326 1.119382117945633
0.01262262772902346 0.02204153509205945 0.07453662478193747
0.009292776777539091 -0.02363904185373913 4.368916518421455
-0.02469806046261281 -0.005930076676158721 4.371670383105207
-0.009569358657493112 -0.02352843757847642 0.02464934939614973
-0.004010925503946773 -0.02508131728202866 0.03166662070608738
0.01701906109328406 -0.0188550141740351 6.090305408779033
-0.002109561486760016 -0.02531224506703384 3.484972596144777
-0.007369041243867523 0.02430755502197165 2.321898565761721
-0.02269123003223577 -0.01141350426574422 2.303212479246
-0.004713728447632356 0.02495878130281968 2.270167268445329
-0.02533075250115628 0.001874293927100222 2.345057108774943
0.0235314931968493 -0.009561842287270545 0.03265410666719509
0.0243132423659387 -0.007350254802054378 0.02349300856437299
-0.02539126532864591 -0.0006660668212003855 3.092677607648467
0.007333882539414962 0.02431818592942459 3.122544750316948
0.005815143600702525 0.02472537370603746 3.070738939437841
0.02431324236627938 0.007350254800927486 6.072506991430102
-0.0201060728754992 0.01552114150200027 4.907497224280974
-0.006638414444673454 -0.02451716650962649 4.923512931150627
-0.02489526640173354 0.005038423442577759 4.958778944377438
0.01055253483833751 0.02310419893624691 1.270502574376495
0.01202428481926055 0.022373568660035 1.226286222219249
0.001107579137127121 0.0253758402512114 1.117933488896764
-0.0253644603156951 0.001343187586872446 1.143305374989887
-0.02533468777746803 0.001820328327036707 1.085592346962551
-0.00243394892239288 0.02528311477336569 1.164188187620244
0.0008067744259789623 0.02538718407042393 1.684511532545991
-0.0244450850520892 0.006899117102653444 1.66534931449559
0.001074407689904728 -0.02537726636412743 4.412088590705943
-0.02505287611295063 -0.004184901249629151 4.431960029287232
0.01308177923707827 0.02177216231779351 0.005319289565092781
0.02460627574810912 0.006300094745955557 0.02427298791243175
-0.005813205352234918 0.02472582948118722 4.409135743172034
-0.02236148829324422 -0.01204673571184749 3.742642191998337
-0.007159153264465049 -0.02437019746608343 3.689629157514413
-0.01481082171523378 0.02063491119727826 3.692417064141397
-0.0250331123682446 -0.004301544508527038 3.658114589724935
-0.02384952145369891 -0.008738439587795719 2.777737501094685
-0.008041241377191581 0.0240935351726089 2.819747105838536
0.000517690955077604 -0.02539472378418459 2.825889487568538
-0.02515616829534857 0.003511010779832427 2.867195781970437
-0.02498559299253081 -0.004569479490225902 3.376239559911311
-0.02496986796738129 -0.004654642165789503 3.316577087471995
-0.006477926197707135 0.0245600584725904 3.362215527187038
0.002920535748915197 0.02523153722901774 3.316870545010744
-0.01438508654288715 0.02093392665396645 3.412489647308241
-0.01888511385858738 -0.01698565496376842 1.636232633944705
-0.008824511367218405 -0.02381780844514947 1.685848057806105
-0.01679188686481157 -0.019057610960437 2.683489787038446
-0.02255865084481684 0.01167335736031603 1.556093391233572
0.003526379434260868 0.02515401852757571 1.587755005161217
-0.0004570354202876115 0.02539588782902859 1.637258677193359
-0.02353764440722692 -0.009546690303918913 4.538534238484822
0.002634360438723227 -0.02526301931834138 4.50793025417579
-0.0004524492273579769 -0.02539596994990865 4.458755046910043
0.008698210049931095 0.02386422305308257 4.669623129444545
0.009155089618316211 0.02369270634774759 4.722859687638112
0.00654324194856822 -0.02454273792392563 1.424683204510672
0.007811365298269869 -0.02416904160650532 1.372112603985448
-0.009275311911439042 0.02364590004515618 3.566499522884787
-0.003279122367286136 0.02518744442178213 3.514530944277262
0.02023771326286912 -0.01534910296694538 0.02695188919926699
0.02149742205446251 -0.01352851969035448 0.0195150511111728
0.01661159054527437 -0.01921496967356835 0.02054484727438863
0.005449184381747951 0.02480859507456466 4.937752124087652
0.001596934080001327 -0.02534974953612225 2.189676485997663
-0.02487232530684757 0.005150478990380391 2.231765138791446
-0.00548039230386707 0.02480171970238585 0.1748256828976623
0.02460627574810906 -0.006300094745955808 6.071727012087571
0.02055617177887825 0.01491991292860818 6.068877577672882
0.02149710175766912 0.01352902864290039 6.076485317073642
0.01665840301451194 0.01917439983431292 6.075069048378228
0.01871745977876578 -0.01717022712226851 0.1139960934911174
0.01200653484864719 -0.02238309900188579 0.728128843281083
0.002024424158934819 -0.02531919640953719 0.686977416358589
0.005831189136423488 -0.02472159447234859 0.7736926728099237
-0.02244973744218793 -0.01188146829212726 0.7943388586670953
0.006923140010995469 -0.02443829233780776 0.6183865606350111
0.002980689119853368 -0.02522450182601805 0.8770937389413554
0.002898840176549644 -0.02523403902729053 0.9334021328925144
0.006366828992548916 -0.02458909287834015 0.007388964088575931
0.01175976157466078 -0.02251372931584485 0.01015367145928086
0.008877815817822461 -0.02379799122415212 0.004522479210298355
0.01285206003108482 -0.02190854976846692 0.004637664815970561
0.01176003706592848 0.02251358541432235 6.08584917236868
0.008137146990242875 0.02406131415486655 6.091407514431526
0.009529956018247934 -0.02354442478146918 5.264797762968398
-0.02003953277522772 -0.01560695761993906 5.287161434045711
0.006028306978732089 -0.02467426827628674 5.320020729548373
-0.00658005456779303 0.02453289387505816 4.015508457970468
-0.003200989529300563 0.02519749324899817 3.957005955054602
0.01285217705021526 0.02190848112192902 6.09136319084172
-0.02371545239909177 -0.009096005579726315 3.986060533067458
-0.02514121155496326 -0.003616556587222383 4.042993579803409
-0.0102774910869986 0.02322785347286022 2.170212492873455
0.01148840377233852 -0.02265340104186826 2.973879741120769
0.009072719149000784 -0.02372437074493978 2.927183507473884
0.01452983810422924 -0.02083371797507319 3.310467465994378
-0.003643431828510075 -0.02513733089472706 3.27199654911364
0.01093063247926494 -0.02292774026377738 1.872245104440637
0.009319958942359171 -0.02362833818347662 5.948390491252988
0.0093795469060373 -0.023604747400416 5.913525414210675
0.01757750339471965 -0.0183355222016887 5.969822078992977
0.003749487572805474 -0.02512173049257111 0.8238759827252684
-0.004315933635856794 -0.02503063556625919 0.0774407599038162
-0.002808541647484836 -0.02524424872746945 0.09639182926835084
-0.02466270543775352 -0.006075439119158614 0.961905950120751
-0.02463775975372224 -0.006175823371653724 0.9036946776742487
-0.02533729344705877 -0.001783693016646261 2.267172573746202
-0.008361742643452099 0.02398418770700135 1.46957337210911
-0.02532659881855868 0.001929609360409944 3.943049587195443
-0.01158825356092192 -0.02260248613333897 4.629722426643796
0.01312888547392087 0.02174378914110118 0.1535124497638156
0.01487168576210329 0.02059108939792293 0.1882939052955007
0.01930260292233866 0.01650967959781542 0.12569515107078
0.01278579962035615 -0.02194728520952194 5.206382745162309
-0.0005785622130727205 0.02539340988850462 5.623617007793361
0.01826257865462477 0.01765327790761942 0.01805367778302342
0.0213226883653562 0.01380228100256995 0.02482363527948836
0.01649276231168738 0.01931705959327621 0.02477712024411071
-0.01237553537387597 0.02218121106274282 5.121408966564021
-0.01531264689326218 -0.02026531137491522 5.164466421239506
-0.0205936618717581 -0.01486812330832969 5.114049843590483
0.009521179550538869 0.02354797528379883 2.12145719344025
0.003721146992386259 0.02512594406308059 2.076200865471917
-0.02151816561467869 -0.01349550104958166 2.910775671058561
0.007260911960829542 -0.0243400730791237 2.878197914761377
0.002825903468002906 0.02524231109842221 2.025308293568544
-0.02279129127968595 -0.01121236111639789 0.6170864357715017
-0.005562173076544438 -0.02478350723095027 2.476931752664732
0.01657127702148404 0.01924974747567445 6.092408074790419
-0.02521638778776729 0.003048571294383784 5.071165833079649
-0.0163988523188374 -0.01939684620305479 0.00396367461775161
0.004172000418679773 0.02505502768919914 0.02212770288700887
-0.002153836573495183 0.02530851611641177 0.02079778175282862
0.00143167253013171 0.02535961974806535 0.01396098855565904
0.007776508006124755 0.02418027963508027 0.01509243195894775
0.01041061680373182 0.02316849278148789 0.0214830802972596
-0.0107722023252421 0.02300260109344264 0.01643820714611476
-0.008299785335534477 0.02400569856063445 0.02316838525358253
-0.01441924188795262 0.02091041518900838 0.02154974480675014
0.02392849126412068 0.008519818414901825 0.03170479882572775
0.02392849126412074 -0.008519818414901662 6.064295201174277
0.01799556160517272 -0.01792539434752925 0.03673584245560477
-0.02210556605224168 -0.01251015385636724 6.08996489925189
0.00965691844964664 0.02349263557068202 4.153865296238169
-0.01061438829770578 0.02307584800317264 4.121616126656694
0.009495071632507079 -0.0235585146962528 3.974602870753758
0.003568012655721472 -0.02514814676449562 4.020019162908793
0.0008891418805773073 -0.02538443276333358 4.07080419309497
0.01452332840320552 -0.02083825645519902 0.02971337046184859
0.01924413574974284 0.0165777935578131 6.058918004289683
0.005358885884103684 -0.02482825692796726 0.0211899433307162
0.0109399585023693 -0.02292329182221519 0.02369395133543945
0.01089465699976752 -0.02294485669725171 0.01630537056265863
0.01334108641643885 0.02161424098202643 6.064316598887343
-0.01598280603690147 0.01974107168283389 0.3549684217192889
-0.02539092607658153 -0.0006788762579233589 1.022205640961016
-0.005392853613019465 0.02482090106963369 1.051876217645071
0.01073873677169851 0.02301824347225848 1.081867459636583
0.0156690802739224 -0.01999099605745986 0.01396554031665426
0.01987802322295205 -0.01581215332419272 0.0135528785776855
-0.0004880261173955758 0.02539531119141366 2.617050072770316
-0.003224289771784689 0.02519452233060918 2.678335830040815
0.003311901855918129 0.02518315520535038 3.466466587345648
0.01008669523707438 0.02331134014153586 6.071752864468531
0.01564827896258017 0.0200072828117481 6.081780160631835
0.01985819901357004 0.01583704303010653 6.082366912438387
0.002259783971544006 -0.02529927620312393 0.3253639639705265
-0.007194480229958042 0.02435979175240919 4.071281534130895
-0.009339266704782941 0.02362071331304228 2.918351916759715
0.003516229983196559 0.02515543930654501 2.870179309889407
0.01080202521168611 0.02298861133966333 6.079006274095716
0.004135449403744322 0.02506108653329043 2.221893541405372
-0.007795899397245678 -0.02417403467748039 2.024320524930252
-0.01250782432665284 -0.02210688423576673 0.00542468119418903
0.00417200041867936 -0.02505502768919921 6.073872297112994
-0.002153836573495818 -0.02530851611641172 6.075202218247174
0.001431672530131123 -0.02535961974806539 6.082039011444343
-0.01703509828785623 -0.01884052616895499 5.230068406474339
-0.02539558069447458 0.0004737944601089574 2.448684430639008
-0.005251461147272416 -0.02485120028929565 2.358857081264513
-0.005837308841876528 -0.02472015019138335 2.419818362227575
0.008767651335668458 -0.02383879799939903 2.311166750268062
-0.001757271343341857 -0.02533913963468116 3.172309729738559
0.002326110337386064 -0.02529326413688644 3.224960416347536
0.02050143421740781 0.01499503901393058 5.980768530977707
0.007776508006124308 -0.02418027963508041 6.080907568041054
0.01041061680373126 -0.02316849278148814 6.074516919702742
-0.003836091958963556 0.02510865186509174 6.070725161900335
0.004146729218599318 0.02505922258945027 6.066429656261501
0.005441851690436345 0.02481020455738515 4.354984332184388
0.005932720698458776 -0.02469742547542312 0.0295083244297562
-0.02286673381611434 -0.01105768893498877 1.458735758149353
-0.02200173276709975 0.0126918775303392 4.636979229617674
0.01058946072476448 -0.02308729784012565 1.473834708452907
0.01059454582942481 0.0230849647751132 4.622181856614847
-0.02246297723549918 0.01185641824993728 2.731281542828597
-0.001584010542912951 -0.02535056036066936 2.732954083225684
0.009310652070506787 -0.02363200706715296 2.777231790434056
0.00482730291055072 -0.02493706371267051 1.739985605608824
-0.01190940030525701 0.02243493223455654 6.065704115819468
0.006065048664205278 0.02466526271299014 6.055966979190605
0.008231896745077886 0.02402906315232402 6.043103457176088
0.01489846033016358 0.02057172525070617 6.052171569697697
-0.01077220232524241 -0.02300260109344249 6.079561792853887
-0.008299785335535225 -0.02400569856063419 6.072831614746421
-0.02501232106977413 -0.004420836425670249 3.525963905219749
0.01194588944171348 0.02241552420636998 2.735747942674508
0.006113851320364143 -0.02465321119108993 0.9976024766472033
-0.01197441897869822 -0.0224002966525578 0.6474287587069757
0.006157408336901184 -0.02464236844486868 6.086301232544382
0.02034086310695077 -0.0152121427834572 6.004652590119822
0.02011298577218193 0.01551218241666875 0.09142089882196347
0.006157408336901606 0.02464236844486857 0.009698767455619484
-0.02483696153783152 0.005318396522287308 3.469930457860916
-0.01965707052014583 -0.01608600567468548 0.004277968282475447
-0.00260843349685284 -0.02526570946347037 0.05836233426185976
-0.01246866639441557 -0.02212899361346493 0.05092247200905369
0.006267035663859951 -0.0246147164108772 3.022963245200924
0.01012300626654 -0.02329559495114027 1.318076667690564
-0.006881798510979672 -0.02444996624239547 6.090048514272527
-0.005717439185011673 -0.0247481492068739 6.081552301517872
-0.01107749817386719 -0.02285714405187072 6.086351105815493
0.009135740292747822 0.02370017403529906 4.773023676853982
-0.01470697855607785 0.02070905072066477 3.753223030139624
-0.006881798510979455 0.02444996624239553 0.005951485727474787
-0.005717439185011194 0.02474814920687401 0.0144476984821308
-0.01107749817386722 0.02285714405187071 0.009648894184508717
-0.007155280863152791 0.02437133471456579 2.773871859821439
-0.02168059339661837 -0.01323298416724315 0.00890299201337808
-0.02254168822502364 -0.01170607927385726 0.004133692986414057
-0.01710228599435515 0.01877955840181775 3.624419111868677
0.0019252384554439 -0.02532693145427767 0.1162699967740823
0.01751788781203451 0.01839248777639862 0.03362343252531826
0.01568289971110556 0.0199801565722445 0.04471934754923006
0.007476287670192206 0.02427478367921189 0.03726161923502954
0.02217770099674947 0.01238182452220906 0.0395389361107321
-0.008987627197783336 -0.02375673709400483 0.01616457513080967
-0.004668551616156952 -0.02496727109251787 0.01890800780219565
-0.002319369029320038 -0.02529388319941861 0.01151255672630692
0.0228930255514666 0.01100315323440955 0.04933630648232896
0.0175178878120339 -0.0183924877763992 6.062376567474685
0.01568289971110491 -0.019980156572245 6.051280652450776
0.00747628767019121 -0.0242747836792122 6.058738380764974
0.02217770099674929 -0.01238182452220939 6.056461063889274
-0.02344540967227904 0.009771016594961062 1.61043512884616
-0.02443419291931058 -0.006937594423279046 4.486677643051585
0.01041651932711338 -0.02316583961586269 0.08516482587777484
7.668559866033587e-05 -0.02539988423829837 5.975204938508444
-0.01307760298296593 -0.02177467107030369 5.957360669450316
0.02342500376812414 -0.009819836987616929 0.01549203380190581
0.003168345293861337 -0.02520161875949374 1.173214941454813
0.01684299240246593 -0.01901245925519566 1.262201675951991
0.02342498829695027 0.009819873893678206 6.080508119545521
0.02289302555146645 -0.01100315323440986 6.046663693517679
0.02484996759936075 0.005257291157118921 6.085627106522985
0.0245985363497099 0.006330245607557474 0.003342688322212867
0.02524138333531917 0.002834178420542974 0.002436181001901602
0.02430731175648852 0.007369843632864621 0.006766773942039094
0.0246507960021829 0.006123581995757349 0.01114645980016997
0.01773352047159162 0.01818467078843169 6.038728452138908
0.02484996627280481 -0.005257297427430105 0.0103729018106511
0.02459853634970988 -0.006330245607557561 6.092657311677788
0.02524138333531919 -0.002834178420542855 6.093563818998098
0.0243073117564886 -0.007369843632864337 6.089233226057963
0.02465079600218293 -0.006123581995757203 6.08485354019983
0.01826257865462467 -0.01765327790761952 6.077946322216979
0.02132268836535596 -0.01380228100257033 6.071176364720515
0.01649276231168672 -0.01931705959327678 6.071222879755892
0.02241118280636639 0.01195403217410876 0.009073955463369773
0.02267835033070774 0.01143907453764019 0.004097942665897701
0.02241118280636662 -0.01195403217410834 6.086926044536631
0.02267835033070772 -0.01143907453764022 6.091902057334104
0.02261531893438283 -0.01156318941711782 0.009452316421309051
0.02416920652823506 -0.007810854997727179 0.004859676591344643
0.02257043518708093 -0.01165055601530583 0.004049419347986793
0.02261532266013535 0.01156318213027749 6.086547759302444
0.02416921070947726 0.0078108420596559 6.091140338108754
0.02257043499338183 0.01165055639055598 6.09195058058826
-0.01888799949513605 -0.01698244608623093 6.091738765227849
0.02497432100301484 -0.004630690060711454 0.01663740030247239
0.0249743178238045 0.004630707206853055 6.079362617035888
0.02484206754960826 0.005294495241352107 0.01729822851499147
0.02265211724018729 0.01149093488523932 0.01678075113389865
0.0248420675496083 -0.005294495241351948 6.07870177148501
0.02265211724018711 -0.01149093488523966 6.079219248866104
0.01094477959986001 -0.02292099036932061 0.1005955642916761
0.0006073481004933594 -0.02539273770755779 0.01756918362462826
-0.01888799949513569 0.01698244608623133 0.00426123477215091
-0.01971252228312909 0.0160180044087002 0.01151881941126469
0.01345096882880541 0.02154603066846664 0.0169104922237409
0.009316430365228036 0.02362972969057956 0.02809843740658812
0.01345096882880503 -0.02154603066846688 6.079089507776262
0.009316430365227002 -0.02362972969057996 6.067901562593412
0.01588444847768146 0.01982030011276022 0.108532741061737
0.01538279484483117 -0.0202121157418474 5.990024337465789
0.01973815756870327 0.01598640471754176 0.01120325348574501
0.01973815756870346 -0.01598640471754154 6.084796746514257
0.01123387908294252 0.02278069271883159 6.029401243919017
0.02061680387718742 0.01483601691457615 6.021143872179652
-0.01762065243136861 -0.01829405936070241 0.009039833737477306
-0.0225641982423148 0.01166263082162501 1.504810651691149
-0.02330306452634654 -0.01010579950725966 4.590898475080446
-0.0003952017155716251 -0.02539692531792007 6.066021597310553
0.01308177923707823 -0.02177216231779354 6.090680710434909
0.02026314389840774 0.01531551498815567 0.005105630630587115
0.02026314389840789 -0.01531551498815548 6.090894369369415
0.02002462873734242 -0.01562607576877829 0.00564144864279562
0.02002462244661665 0.0156260838302646 6.090358656737191
-0.0003952017155709648 0.02539692531792008 0.02997840268945084
-0.01584396253758712 0.0198526786884676 6.09100402152093
-0.01951035151194268 0.01626364608199637 6.091161964943593
-0.01807297369014197 0.01784734215493825 6.084857178709913
-0.02235714879596698 0.01205478733595048 6.090945682461061
0.02512984883578159 -0.003694685032687748 0.004340209079399662
0.02512984954683206 0.003694680196388357 6.091659794790318
-0.01510024733946601 0.02042406742759506 0.01399036490187025
0.01065150070553533 -0.02305874091792482 0.03807889516463921
-0.001362444650511026 -0.02536343321741546 0.02394070412655889
-0.01561799831447919 -0.02003092930068211 6.088306232578693
-0.01561799831447862 0.02003092930068255 0.007693767421307454
-0.003926815970447281 0.02509462325547527 6.080040758109128
-0.008575633158416404 0.0239085448309233 6.084510649539877
-0.01137293266629706 0.02271159181052427 6.076921850821862
-0.02125266193706818 0.01390986558485356 6.08509882400729
-0.01824914101975692 0.01766716876132181 0.01754297851415675
-0.003208884260202725 0.02519648907694529 6.085298814571114
-0.004398831366016157 -0.02501620040320577 0.042753664000985
0.002061921818677074 -0.02531617029516241 0.03709057195454043
0.006673596200726262 -0.02450761338338868 6.045947625054598
0.005504221949147673 -0.02479644209830356 0.04659714828410574
0.006673596200727236 0.02450761338338841 0.05005237494540742
-0.01558829964191167 -0.02005404982226723 6.092872392925134
-0.01558829964191118 0.02005404982226761 0.003127607074865882
0.01073713593736888 0.02301899024419755 3.731865087978522
-0.003822927827504954 -0.02511065954581218 6.037165046728046
0.006823316635320271 -0.02446635138499735 6.032712955259274
-0.003301103822596049 0.02518457292773577 0.05789264137892251
0.006861348424340032 0.02445571298898902 0.06320410263156122
-0.02454875594828202 0.006520627377153826 2.635739513248208
-0.007527703148019856 -0.02425888878978779 0.004611469001564379
0.005142177027182954 -0.02487404300513111 0.01288870368252095
-0.008205141266504432 -0.0240382124293115 0.009207046198082679
0.01657119334740694 -0.01924981950676047 0.00359204121875354
0.00235327935447046 -0.02529075080498448 5.083285085383222
-0.02539991415162116 -6.603855143192228e-05 2.39355005682486
-0.02415559601601328 -0.007852845414953943 0.8490818715934146
-0.0252194358716604 0.003023252274489961 3.790531505988242
0.02014163924685204 0.01547495940058227 6.002336019655708
0.003813223881870163 0.0251121349874266 6.076324143404539
0.009013208847787295 -0.02374704331629874 5.123269426304618
0.004495814360957362 -0.0249989530427138 4.567509442840823
0.00449640164560984 0.02499884741825825 1.528490757422492
-0.01118324232959459 0.02280559341472096 3.806731729867288
-0.003077591631359136 0.02521286238709497 5.086107407550641
-0.0132816515571987 -0.02165081365476045 0.01207051029728921
0.01120995403087883 0.02279247530711799 3.782026406389535
0.01189351046226206 0.02244336001769929 0.3778150400366672
0.01296581924049566 -0.02184141779790846 5.719798560924858
0.00884943006895028 0.02380856122185376 0.004771309464390725
0.01168102973428975 0.022554678990104 0.01059401240500637
0.008849430068950051 -0.02380856122185384 6.091228690535611
0.01168102973428944 -0.02255467899010416 6.085405987594997
-0.01366724475195904 0.02140949370933484 6.08437075192793
0.0001708674121127635 -0.02539942527553483 3.121115835285566
0.004924357468556063 -0.02491807985222529 0.004195427267745354
-0.0164824554560531 0.01932585475830824 6.079488290458767
0.0166415430937042 -0.01918903445878364 0.008500004082336504
0.01664169662835335 0.01918890130595946 6.087500455430007
0.01584881575282262 0.0198488044786854 0.01147357795578339
0.01701906109328395 0.01885501417403521 0.005694591220968177
0.003818698086308578 -0.02511130313077406 3.072334820977926
0.01584881575282257 -0.01984880447868544 6.084526422044218
0.007906469652723831 -0.02413809722473081 0.06986619839468862
0.001218094423939925 0.02537077543108145 6.08207751096167
2 2 0 61
928
929
930
931
932
933
934
935
936
937
938
939
940
941
942
943
944
945
946
947
948
949
950
951
952
953
954
955
956
957
958
959
960
961
962
963
964
965
966
967
968
969
970
971
972
973
974
975
976
977
978
979
980
981
982
983
984
985
986
987
988
-0.002098897185922958 0.02086662373431206 6.096
0.002137330311574947 -0.02059465535132243 6.096
-0.02080096436439487 -0.001794706854801584 6.096
0.02068522423369074 0.002399406875734969 6.096
-0.0131800142795239 -0.01579638353426485 6.096
-0.01556452844662416 0.01313786402951697 6.096
0.01641287654735949 -0.01299950408218693 6.096
0.01255042251165503 0.01534594759713057 6.096
-0.01969208069664743 0.006107534655564796 6.096
-0.01834655666582408 -0.009575450748855336 6.096
-0.009593134516482318 0.01841128403654108 6.096
-0.005885029958226689 -0.01943794855298763 6.096
0.01854133231831356 0.009597401499257242 6.096
0.006163185485826787 0.02049461394764303 6.096
0.009832333105038343 -0.01852421607458726 6.096
0.02004429383801728 -0.006168276907018003 6.096
-0.02148347652918239 0.002319962452590395 6.096
-0.01665407837816501 0.001898316174563498 6.096
-0.01552895162618242 -0.00438376650740057 6.096
-0.01030422967360115 0.001045943046876213 6.096
-0.008838739084105429 -0.005592394202449625 6.096
-0.003261194533730249 -0.0003261920860866945 6.096
-0.001640920885219699 -0.007683132759398713 6.096
0.00410805354791487 -0.002369880807687483 6.096
0.002280168189665742 0.005363389756818911 6.096
0.009959732731841411 0.003223734950043182 6.096
0.005822839750389741 -0.01011800833558061 6.096
0.01034573040188652 -0.00445535012023558 6.096
0.00765720821182486 0.01049118290585268 6.096
0.001758696809362006 0.01213461233848023 6.096
-0.0136256993335953 0.007529338327024704 6.096
-0.007617424760429464 -0.01324332836723286 6.096
-0.0006570575309676989 -0.01551697323277357 6.096
-0.004958403161804985 0.007813176887451827 6.096
-0.01034433675983261 0.01325270515748556 6.096
0.01634882838621402 -0.001385594144759754 6.096
-0.01339709730951021 -0.01040160211334927 6.096
0.005218128822587488 -0.0163889812761661 6.096
-0.004468681766355157 0.01578427705598077 6.096
0.01362612181366745 0.009575577371083693 6.096
0.01164046163102348 -0.01025006936692142 6.096
0.001966215923674958 0.01780146599759395 6.096
0.007193180962575438 0.0158814504879525 6.096
-0.01869704801014126 0.01011517831685921 6.096
-0.02061233863909362 -0.006081906773517801 6.096
-0.01680701141111326 -0.01356160769406324 6.096
-0.01017154136852042 -0.01878024672516542 6.096
-0.01352460728297395 0.01676845739060366 6.096
-0.001892895092132253 -0.02117036415467759 6.096
-0.006184662748402599 0.02068297386281364 6.096
0.006347253366859241 -0.02078507889411781 6.096
0.01313594816434502 -0.01582662720817037 6.096
0.021473903227516 -0.002042617540421905 6.096
0.01928816377882323 -0.01011724732172185 6.096
0.02075698013300016 0.006353756424231838 6.096
0.01673742315338215 0.01334525986412765 6.096
0.01553687310657734 -0.007457248035881344 6.096
0.01665303660278789 0.004960713829265195 6.096
0.002173512843194154 0.02189736922839762 6.096
0.009921831590364012 0.01927550349908289 6.096
0.008982066010916397 -0.01400377308967322 6.096
2 3 0 61
989
990
991
992
993
994
995
996
997
998
999
1000
1001
1002
1003
1004
1005
1006
1007
1008
1009
1010
1011
1012
1013
1014
1015
1016
1017
1018
1019
1020
1021
1022
1023
1024
1025
1026
1027
1028
1029
1030
1031
1032
1033
1034
1035
1036
1037
1038
1039
1040
1041
1042
1043
1044
1045
1046
1047
1048
1049
-0.002098897185922958 0.02086662373431206 0
0.002137330311574947 -0.02059465535132243 0
-0.02080096436439487 -0.001794706854801584 0
0.02068522423369074 0.002399406875734969 0
-0.0131800142795239 -0.01579638353426485 0
-0.01556452844662416 0.01313786402951697 0
0.01641287654735949 -0.01299950408218693 0
0.01255042251165503 0.01534594759713057 0
-0.01969208069664743 0.006107534655564796 0
-0.01834655666582408 -0.009575450748855336 0
-0.009593134516482318 0.01841128403654108 0
-0.005885029958226689 -0.01943794855298763 0
0.01854133231831356 0.009597401499257242 0
0.006163185485826787 0.02049461394764303 0
0.009832333105038343 -0.01852421607458726 0
0.02004429383801728 -0.006168276907018003 0
-0.02148347652918239 0.002319962452590395 0
-0.01665407837816501 0.001898316174563498 0
-0.01552895162618242 -0.00438376650740057 0
-0.01030422967360115 0.001045943046876213 0
-0.008838739084105429 -0.005592394202449625 0
-0.003261194533730249 -0.0003261920860866945 0
-0.001640920885219699 -0.007683132759398713 0
0.00410805354791487 -0.002369880807687483 0
0.002280168189665742 0.005363389756818911 0
0.009959732731841411 0.003223734950043182 0
0.005822839750389741 -0.01011800833558061 0
0.01034573040188652 -0.00445535012023558 0
0.00765720821182486 0.01049118290585268 0
0.001758696809362006 0.01213461233848023 0
-0.0136256993335953 0.007529338327024704 0
-0.007617424760429464 -0.01324332836723286 0
-0.0006570575309676989 -0.01551697323277357 0
-0.004958403161804985 0.007813176887451827 0
-0.01034433675983261 0.01325270515748556 0
0.01634882838621402 -0.001385594144759754 0
-0.01339709730951021 -0.01040160211334927 0
0.005218128822587488 -0.0163889812761661 0
-0.004468681766355157 0.01578427705598077 0
0.01362612181366745 0.009575577371083693 0
0.01164046163102348 -0.01025006936692142 0
0.001966215923674958 0.01780146599759395 0
0.007193180962575438 0.0158814504879525 0
-0.01869704801014126 0.01011517831685921 0
-0.02061233863909362 -0.006081906773517801 0
-0.01680701141111326 -0.01356160769406324 0
-0.01017154136852042 -0.01878024672516542 0
-0.01352460728297395 0.01676845739060366 0
-0.001892895092132253 -0.02117036415467759 0
-0.006184662748402599 0.02068297386281364 0
0.006347253366859241 -0.02078507889411781 0
0.01313594816434502 -0.01582662720817037 0
0.021473903227516 -0.002042617540421905 0
0.01928816377882323 -0.01011724732172185 0
0.02075698013300016 0.006353756424231838 0
0.01673742315338215 0.01334525986412765 0
0.01553687310657734 -0.007457248035881344 0
0.01665303660278789 0.004960713829265195 0
0.002173512843194154 0.02189736922839762 0
0.009921831590364012 0.01927550349908289 0
0.008982066010916397 -0.01400377308967322 0
3 1 0 0
$EndNodes
$Elements
8 2298 1 2298
0 1 15 1
1 1 
0 2 15 1
2 2 
1 1 1 32
3 1 3 
4 3 4 
5 4 5 
6 5 6 
7 6 7 
8 7 8 
9 8 9 
10 9 10 
11 10 11 
12 11 12 
13 12 13 
14 13 14 
15 14 15 
16 15 16 
17 16 17 
18 17 18 
19 18 19 
20 19 20 
21 20 21 
22 21 22 
23 22 23 
24 23 24 
25 24 25 
26 25 26 
27 26 27 
28 27 28 
29 28 29 
30 29 30 
31 30 31 
32 31 32 
33 32 33 
34 33 1 
1 2 1 138
35 2 34 
36 34 35 
37 35 36 
38 36 37 
39 37 38 
40 38 39 
41 39 40 
42 40 41 
43 41 42 
44 42 43 
45 43 44 
46 44 45 
47 45 46 
48 46 47 
49 47 48 
50 48 49 
51 49 50 
52 50 51 
53 51 52 
54 52 53 
55 53 54 
56 54 55 
57 55 56 
58 56 57 
59 57 58 
60 58 59 
61 59 60 
62 60 61 
63 61 62 
64 62 63 
65 63 64 
66 64 65 
67 65 66 
68 66 67 
69 67 68 
70 68 69 
71 69 70 
72 70 71 
73 71 72 
74 72 73 
75 73 74 
76 74 75 
77 75 76 
78 76 77 
79 77 78 
80 78 79 
81 79 80 
82 80 81 
83 81 82 
84 82 83 
85 83 84 
86 84 85 
87 85 86 
88 86 87 
89 87 88 
90 88 89 
91 89 90 
92 90 91 
93 91 92 
94 92 93 
95 93 94 
96 94 95 
97 95 96 
98 96 97 
99 97 98 
100 98 99 
101 99 100 
102 100 101 
103 101 102 
104 102 103 
105 103 104 
106 104 105 
107 105 106 
108 106 107 
109 107 108 
110 108 109 
111 109 110 
112 110 111 
113 111 112 
114 112 113 
115 113 114 
116 114 115 
117 115 116 
118 116 117 
119 117 118 
120 118 119 
121 119 120 
122 120 121 
123 121 122 
124 122 123 
125 123 124 
126 124 125 
127 125 126 
128 126 127 
129 127 128 
130 128 129 
131 129 130 
132 130 131 
133 131 132 
134 132 133 
135 133 134 
136 134 135 
137 135 136 
138 136 137 
139 137 138 
140 138 139 
141 139 140 
142 140 141 
143 141 142 
144 142 143 
145 143 144 
146 144 145 
147 145 146 
148 146 147 
149 147 148 
150 148 149 
151 149 150 
152 150 151 
153 151 152 
154 152 153 
155 153 154 
156 154 155 
157 155 156 
158 156 157 
159 157 158 
160 158 159 
161 159 160 
162 160 161 
163 161 162 
164 162 163 
165 163 164 
166 164 165 
167 165 166 
168 166 167 
169 167 168 
170 168 169 
171 169 170 
172 170 1 
1 3 1 32
173 2 171 
174 171 172 
175 172 173 
176 173 174 
177 174 175 
178 175 176 
179 176 177 
180 177 178 
181 178 179 
182 179 180 
183 180 181 
184 181 182 
185 182 183 
186 183 184 
187 184 185 
188 185 186 
189 186 187 
190 187 188 
191 188 189 
192 189 190 
193 190 191 
194 191 192 
195 192 193 
196 193 194 
197 194 195 
198 195 196 
199 196 197 
200 197 198 
201 198 199 
202 199 200 
203 200 201 
204 201 2 
2 1 2 1790
205 202 204 203 
206 205 207 206 
207 202 203 208 
208 209 211 210 
209 211 212 210 
210 210 212 213 
211 214 216 215 
212 217 211 209 
213 214 215 218 
214 217 219 211 
215 220 221 149 
216 220 149 148 
217 222 224 223 
218 223 225 222 
219 223 224 226 
220 205 228 227 
221 227 228 229 
222 230 232 231 
223 231 232 227 
224 210 234 233 
225 235 233 234 
226 236 238 237 
227 234 239 235 
228 240 56 241 
229 240 242 57 
230 240 57 56 
231 207 232 218 
232 205 232 207 
233 243 245 244 
234 243 247 246 
235 248 250 249 
236 247 243 244 
237 251 216 252 
238 253 216 251 
239 252 216 214 
240 210 213 234 
241 254 256 255 
242 257 259 258 
243 258 259 260 
244 261 263 262 
245 262 263 264 
246 255 256 265 
247 266 268 267 
248 268 269 267 
249 269 270 267 
250 271 273 272 
251 271 272 194 
252 274 275 249 
253 276 277 10 
254 250 278 249 
255 279 278 250 
256 280 254 233 
257 254 209 233 
258 217 209 254 
259 217 254 255 
260 275 248 249 
261 217 281 219 
262 282 283 146 
263 146 283 147 
264 281 217 255 
265 255 265 281 
266 284 286 285 
267 285 286 287 
268 288 284 285 
269 41 289 245 
270 40 41 245 
271 290 292 291 
272 290 293 292 
273 292 294 291 
274 295 256 296 
275 297 256 295 
276 297 298 256 
277 228 206 299 
278 228 205 206 
279 300 302 301 
280 303 300 301 
281 300 304 302 
282 305 131 130 
283 131 305 306 
284 307 309 308 
285 308 310 307 
286 311 308 309 
287 312 208 313 
288 208 314 313 
289 222 315 224 
290 316 160 159 
291 317 315 222 
292 317 222 318 
293 319 161 320 
294 242 321 58 
295 58 57 242 
296 322 324 323 
297 325 326 204 
298 204 284 325 
299 326 325 322 
300 327 329 328 
301 327 328 312 
302 330 127 331 
303 332 334 333 
304 126 330 335 
305 336 338 337 
306 127 330 126 
307 320 161 160 
308 339 238 340 
309 11 277 341 
310 11 341 12 
311 320 160 316 
312 212 339 342 
313 216 253 343 
314 344 346 345 
315 344 347 346 
316 345 348 344 
317 349 351 350 
318 351 352 350 
319 353 222 225 
320 354 180 181 
321 238 339 237 
322 355 24 23 
323 323 225 223 
324 237 339 212 
325 323 45 225 
326 45 46 225 
327 12 341 356 
328 12 356 13 
329 211 237 212 
330 138 358 357 
331 347 137 357 
332 138 357 137 
333 236 237 219 
334 359 281 360 
335 359 360 19 
336 361 363 362 
337 363 364 362 
338 365 213 366 
339 342 366 213 
340 213 365 367 
341 368 231 369 
342 368 369 370 
343 216 343 215 
344 371 228 299 
345 372 235 274 
346 373 372 274 
347 359 219 281 
348 266 290 268 
349 236 219 359 
350 302 304 294 
351 214 218 232 
352 230 214 232 
353 252 214 374 
354 374 214 230 
355 375 377 376 
356 324 44 323 
357 238 236 18 
358 253 186 343 
359 329 379 378 
360 44 45 323 
361 329 378 328 
362 43 44 380 
363 280 233 235 
364 280 235 381 
365 373 274 249 
366 382 373 249 
367 275 239 383 
368 384 383 239 
369 234 367 239 
370 384 239 367 
371 385 251 252 
372 386 85 86 
373 387 119 388 
374 388 119 118 
375 251 184 185 
376 251 385 184 
377 155 154 301 
378 302 155 301 
379 380 44 324 
380 219 237 211 
381 389 391 390 
382 334 178 179 
383 178 332 392 
384 178 392 177 
385 338 26 25 
386 194 272 193 
387 26 336 393 
388 26 393 27 
389 394 396 395 
390 10 277 11 
391 390 391 279 
392 279 391 278 
393 284 288 325 
394 153 154 397 
395 398 153 397 
396 153 399 152 
397 153 398 399 
398 400 382 278 
399 401 278 391 
400 400 278 401 
401 379 329 402 
402 402 369 229 
403 227 369 231 
404 229 369 227 
405 229 371 402 
406 320 403 319 
407 156 155 302 
408 403 320 316 
409 312 328 286 
410 312 286 208 
411 218 404 207 
412 254 280 296 
413 254 296 256 
414 405 407 406 
415 408 406 407 
416 142 409 141 
417 410 409 411 
418 141 409 410 
419 412 413 60 
420 61 60 413 
421 61 413 414 
422 73 416 415 
423 417 72 415 
424 415 72 73 
425 418 404 218 
426 419 132 306 
427 306 132 131 
428 420 422 421 
429 420 423 422 
430 421 424 420 
431 218 215 418 
432 368 370 259 
433 378 286 328 
434 259 370 425 
435 286 378 287 
436 381 372 263 
437 426 372 373 
438 263 372 426 
439 402 371 379 
440 51 50 427 
441 428 51 427 
442 429 431 430 
443 431 432 430 
444 429 433 431 
445 51 435 434 
446 51 52 435 
447 51 436 52 
448 51 428 436 
449 59 321 412 
450 58 321 59 
451 400 438 437 
452 437 439 400 
453 440 382 400 
454 400 439 440 
455 59 412 60 
456 231 368 441 
457 212 342 213 
458 441 230 231 
459 425 370 329 
460 313 442 312 
461 425 329 327 
462 312 442 327 
463 117 444 443 
464 443 116 117 
465 294 292 157 
466 158 157 292 
467 230 441 445 
468 343 446 418 
469 187 446 343 
470 139 138 447 
471 138 448 447 
472 448 449 447 
473 379 450 287 
474 451 450 379 
475 287 450 285 
476 291 157 158 
477 158 452 291 
478 291 452 290 
479 157 291 453 
480 454 241 455 
481 241 454 456 
482 240 241 456 
483 215 343 418 
484 187 343 186 
485 228 371 229 
486 434 428 430 
487 430 428 457 
488 458 408 407 
489 459 408 458 
490 156 460 157 
491 382 249 278 
492 239 274 235 
493 125 335 461 
494 125 126 335 
495 462 464 463 
496 462 465 464 
497 466 467 330 
498 468 335 467 
499 335 330 467 
500 469 471 470 
501 471 469 472 
502 381 235 372 
503 78 308 311 
504 79 311 473 
505 79 78 311 
506 232 205 227 
507 239 275 274 
508 294 460 302 
509 474 299 206 
510 474 475 299 
511 475 476 299 
512 202 286 284 
513 477 52 53 
514 52 477 435 
515 478 480 479 
516 480 478 481 
517 482 480 481 
518 329 370 402 
519 483 485 484 
520 486 484 485 
521 487 486 485 
522 370 369 402 
523 286 202 208 
524 250 248 488 
525 210 233 209 
526 488 248 489 
527 488 490 250 
528 491 399 398 
529 398 303 491 
530 204 202 284 
531 460 294 157 
532 492 148 147 
533 492 220 148 
534 283 492 147 
535 493 492 283 
536 317 47 46 
537 47 317 494 
538 46 315 317 
539 488 496 495 
540 497 499 498 
541 39 40 243 
542 164 500 497 
543 361 311 309 
544 501 503 502 
545 504 506 505 
546 203 507 314 
547 508 493 282 
548 509 508 282 
549 510 512 511 
550 512 513 511 
551 113 515 514 
552 165 517 516 
553 165 516 166 
554 518 166 516 
555 519 142 141 
556 520 519 141 
557 114 515 113 
558 113 514 521 
559 522 524 523 
560 524 525 523 
561 490 488 495 
562 390 490 526 
563 490 495 526 
564 527 529 528 
565 530 528 531 
566 530 527 528 
567 521 112 113 
568 532 533 310 
569 151 534 152 
570 535 534 151 
571 151 150 535 
572 89 536 90 
573 537 536 89 
574 310 533 307 
575 538 540 539 
576 538 539 461 
577 362 542 541 
578 362 541 473 
579 534 543 152 
580 534 491 543 
581 513 491 534 
582 544 109 110 
583 109 544 545 
584 546 547 531 
585 531 528 548 
586 546 531 548 
587 549 501 502 
588 352 351 436 
589 63 550 62 
590 551 550 63 
591 250 490 279 
592 279 490 390 
593 505 506 552 
594 553 554 331 
595 331 554 466 
596 460 156 302 
597 555 556 475 
598 29 557 30 
599 330 331 466 
600 40 504 505 
601 296 280 381 
602 287 378 379 
603 243 40 245 
604 110 111 558 
605 544 110 558 
606 559 561 560 
607 560 562 559 
608 563 564 37 
609 390 526 319 
610 319 403 390 
611 473 541 80 
612 79 473 80 
613 459 566 565 
614 566 567 565 
615 195 271 194 
616 518 568 167 
617 487 565 567 
618 569 358 570 
619 9 276 10 
620 571 569 570 
621 461 539 124 
622 125 461 124 
623 572 66 573 
624 572 573 464 
625 574 576 575 
626 577 574 575 
627 577 575 463 
628 221 535 150 
629 533 532 578 
630 533 578 579 
631 573 463 464 
632 554 553 580 
633 554 580 581 
634 582 175 176 
635 36 583 37 
636 361 473 311 
637 130 584 305 
638 361 362 473 
639 585 587 586 
640 515 586 588 
641 584 130 129 
642 588 586 587 
643 586 443 585 
644 589 591 590 
645 591 592 590 
646 593 595 594 
647 595 596 594 
648 597 595 593 
649 416 74 598 
650 74 599 598 
651 93 94 527 
652 527 94 529 
653 94 95 600 
654 600 529 94 
655 601 602 72 
656 73 602 603 
657 73 72 602 
658 604 605 132 
659 131 605 606 
660 131 132 605 
661 468 461 335 
662 599 74 75 
663 537 88 559 
664 468 538 461 
665 87 561 559 
666 607 345 608 
667 608 135 607 
668 609 421 610 
669 610 69 609 
670 611 113 112 
671 612 611 112 
672 87 559 88 
673 290 452 268 
674 206 207 501 
675 207 503 501 
676 613 615 614 
677 571 520 616 
678 547 91 90 
679 90 536 547 
680 547 546 91 
681 616 569 571 
682 520 571 411 
683 85 617 84 
684 617 85 386 
685 617 522 84 
686 213 367 234 
687 386 618 617 
688 491 513 399 
689 619 507 226 
690 507 326 226 
691 168 620 167 
692 621 623 622 
693 43 380 624 
694 624 42 43 
695 456 626 625 
696 625 627 456 
697 627 628 456 
698 53 54 629 
699 223 226 322 
700 477 53 629 
701 322 226 326 
702 630 59 631 
703 632 634 633 
704 631 59 60 
705 114 586 515 
706 236 359 18 
707 107 106 405 
708 106 407 405 
709 634 635 633 
710 405 596 107 
711 396 637 636 
712 638 640 639 
713 482 639 640 
714 641 121 642 
715 120 642 121 
716 387 642 120 
717 206 501 474 
718 637 643 636 
719 127 126 467 
720 468 467 126 
721 444 471 472 
722 69 420 424 
723 523 83 522 
724 522 83 84 
725 641 642 644 
726 644 645 641 
727 522 617 646 
728 646 524 522 
729 70 69 424 
730 647 648 100 
731 566 458 104 
732 135 344 348 
733 134 135 348 
734 603 74 73 
735 606 130 131 
736 594 545 593 
737 649 545 594 
738 594 650 649 
739 78 651 309 
740 161 652 160 
741 652 653 160 
742 161 654 652 
743 361 651 79 
744 89 88 537 
745 651 361 309 
746 630 655 58 
747 450 656 285 
748 656 657 285 
749 658 413 412 
750 659 658 412 
751 651 78 79 
752 560 660 386 
753 630 58 59 
754 655 627 57 
755 58 655 57 
756 618 660 561 
757 660 618 386 
758 70 424 661 
759 660 560 561 
760 662 470 644 
761 134 348 663 
762 43 664 44 
763 664 665 44 
764 479 510 511 
765 43 666 664 
766 662 642 469 
767 642 662 644 
768 638 667 146 
769 146 667 145 
770 470 662 469 
771 359 19 18 
772 117 118 444 
773 154 153 668 
774 154 668 301 
775 253 185 186 
776 251 185 253 
777 669 671 670 
778 471 444 118 
779 672 674 673 
780 391 389 270 
781 675 83 676 
782 677 592 678 
783 591 678 592 
784 82 679 676 
785 82 676 83 
786 401 391 270 
787 680 454 350 
788 90 91 681 
789 530 91 92 
790 530 681 91 
791 291 294 304 
792 682 643 7 
793 303 398 300 
794 411 409 683 
795 191 684 190 
796 685 687 686 
797 410 411 571 
798 405 594 596 
799 594 405 406 
800 688 687 685 
801 315 665 224 
802 689 688 685 
803 293 159 158 
804 690 692 691 
805 159 293 316 
806 583 693 37 
807 620 694 167 
808 613 563 695 
809 360 696 20 
810 468 697 538 
811 697 698 538 
812 434 435 436 
813 428 434 436 
814 435 352 436 
815 563 613 564 
816 699 121 700 
817 122 701 700 
818 122 700 121 
819 702 613 695 
820 621 518 703 
821 518 621 568 
822 704 706 705 
823 707 621 703 
824 494 318 708 
825 576 710 709 
826 576 711 710 
827 702 615 613 
828 574 711 576 
829 705 615 702 
830 712 713 615 
831 705 706 615 
832 94 93 714 
833 715 94 714 
834 494 317 318 
835 125 468 126 
836 110 109 597 
837 597 716 110 
838 707 623 621 
839 717 623 707 
840 718 719 623 
841 47 353 46 
842 225 46 353 
843 720 353 47 
844 697 123 698 
845 165 164 517 
846 374 230 445 
847 721 123 122 
848 99 723 722 
849 99 98 723 
850 721 698 123 
851 717 724 623 
852 124 123 697 
853 617 618 646 
854 646 618 725 
855 363 81 364 
856 726 81 82 
857 727 684 191 
858 728 730 729 
859 457 429 430 
860 726 364 81 
861 731 638 639 
862 531 732 681 
863 681 530 531 
864 89 734 733 
865 89 733 88 
866 733 735 88 
867 525 542 726 
868 105 737 736 
869 105 106 737 
870 737 106 650 
871 523 525 726 
872 80 81 363 
873 319 738 161 
874 738 162 161 
875 739 730 728 
876 740 739 728 
877 741 742 377 
878 645 540 721 
879 641 645 721 
880 275 383 248 
881 128 743 129 
882 584 129 743 
883 137 347 136 
884 344 136 347 
885 500 499 497 
886 150 510 479 
887 705 744 704 
888 67 423 68 
889 420 68 423 
890 423 67 572 
891 149 150 479 
892 513 512 399 
893 74 578 75 
894 609 745 421 
895 74 603 578 
896 130 580 129 
897 130 606 580 
898 607 746 345 
899 747 71 417 
900 318 222 353 
901 417 71 72 
902 748 133 419 
903 720 318 353 
904 318 720 433 
905 419 133 132 
906 749 750 589 
907 433 708 318 
908 750 751 589 
909 600 750 749 
910 85 646 725 
911 725 86 85 
912 76 752 75 
913 599 75 752 
914 753 741 377 
915 429 708 433 
916 619 664 507 
917 507 664 314 
918 377 754 376 
919 377 742 754 
920 755 754 756 
921 754 755 376 
922 757 295 758 
923 246 39 243 
924 514 759 521 
925 416 73 74 
926 94 715 95 
927 715 760 95 
928 761 61 62 
929 550 761 62 
930 626 454 762 
931 454 626 456 
932 707 703 756 
933 763 336 730 
934 509 144 672 
935 144 509 145 
936 509 282 145 
937 509 672 673 
938 163 764 162 
939 120 699 470 
940 289 41 42 
941 470 119 120 
942 41 765 42 
943 119 470 471 
944 84 675 646 
945 646 85 84 
946 508 509 673 
947 336 337 730 
948 591 589 751 
949 763 730 739 
950 623 719 622 
951 371 476 451 
952 471 118 119 
953 701 539 540 
954 701 540 645 
955 679 541 542 
956 679 542 525 
957 451 379 371 
958 371 299 476 
959 615 713 614 
960 362 364 542 
961 766 332 687 
962 332 333 687 
963 558 759 767 
964 768 190 684 
965 558 521 759 
966 450 769 656 
967 450 770 769 
968 567 103 102 
969 450 451 770 
970 771 101 102 
971 743 127 466 
972 743 128 127 
973 422 610 421 
974 467 466 127 
975 422 772 610 
976 766 687 688 
977 346 608 345 
978 773 775 774 
979 346 776 608 
980 266 293 290 
981 337 774 730 
982 587 585 777 
983 773 774 337 
984 778 780 779 
985 781 760 749 
986 782 503 404 
987 207 404 503 
988 782 404 418 
989 133 134 663 
990 333 779 687 
991 188 783 446 
992 71 70 661 
993 784 515 588 
994 587 784 588 
995 515 784 514 
996 752 77 307 
997 752 76 77 
998 309 307 77 
999 51 434 432 
1000 51 432 50 
1001 288 285 657 
1002 785 288 657 
1003 89 90 734 
1004 90 681 734 
1005 786 788 787 
1006 309 77 78 
1007 789 786 787 
1008 749 589 781 
1009 790 792 791 
1010 672 144 143 
1011 787 793 789 
1012 519 143 142 
1013 794 796 795 
1014 797 794 795 
1015 798 579 603 
1016 603 579 578 
1017 799 581 606 
1018 606 581 580 
1019 289 800 245 
1020 208 203 314 
1021 507 204 326 
1022 464 423 572 
1023 801 438 401 
1024 802 401 270 
1025 401 802 801 
1026 481 221 220 
1027 492 481 220 
1028 803 614 713 
1029 804 64 65 
1030 804 65 462 
1031 805 462 65 
1032 806 622 719 
1033 805 65 66 
1034 795 807 797 
1035 400 401 438 
1036 778 779 333 
1037 388 469 387 
1038 472 469 388 
1039 776 137 136 
1040 776 449 448 
1041 469 642 387 
1042 137 776 448 
1043 440 373 382 
1044 169 808 170 
1045 809 34 810 
1046 811 812 34 
1047 34 809 811 
1048 812 35 34 
1049 426 373 440 
1050 432 434 430 
1051 756 813 755 
1052 35 814 34 
1053 815 170 816 
1054 817 818 170 
1055 170 815 817 
1056 818 169 170 
1057 504 793 506 
1058 819 821 820 
1059 226 224 619 
1060 65 577 463 
1061 577 65 64 
1062 138 139 358 
1063 139 570 358 
1064 570 139 140 
1065 496 489 376 
1066 376 489 375 
1067 431 48 49 
1068 60 761 631 
1069 761 60 61 
1070 675 524 646 
1071 84 83 675 
1072 701 123 539 
1073 811 822 812 
1074 811 823 822 
1075 817 824 818 
1076 817 825 824 
1077 826 827 814 
1078 828 827 826 
1079 829 830 808 
1080 831 830 829 
1081 701 122 123 
1082 699 644 470 
1083 120 121 699 
1084 696 298 832 
1085 814 833 803 
1086 814 803 826 
1087 808 834 806 
1088 808 806 829 
1089 835 812 836 
1090 836 812 822 
1091 837 818 838 
1092 838 818 824 
1093 195 196 634 
1094 197 635 196 
1095 828 199 200 
1096 624 785 839 
1097 839 785 657 
1098 831 5 4 
1099 823 809 172 
1100 823 811 809 
1101 173 823 172 
1102 832 21 696 
1103 825 815 32 
1104 825 817 815 
1105 31 825 32 
1106 696 265 298 
1107 624 380 785 
1108 248 383 489 
1109 452 653 268 
1110 791 792 840 
1111 56 55 241 
1112 385 842 841 
1113 772 67 68 
1114 772 465 805 
1115 67 772 805 
1116 196 635 634 
1117 319 526 738 
1118 352 435 477 
1119 680 352 477 
1120 9 8 637 
1121 802 652 801 
1122 270 389 267 
1123 841 183 385 
1124 334 332 178 
1125 805 465 462 
1126 653 269 268 
1127 338 336 26 
1128 269 652 802 
1129 653 652 269 
1130 360 20 19 
1131 843 671 669 
1132 843 689 671 
1133 844 671 689 
1134 109 108 595 
1135 733 560 735 
1136 109 595 597 
1137 95 96 750 
1138 95 750 600 
1139 122 121 641 
1140 500 807 499 
1141 7 643 8 
1142 641 721 122 
1143 762 680 629 
1144 629 680 477 
1145 845 821 819 
1146 468 125 697 
1147 8 643 637 
1148 611 784 113 
1149 845 740 821 
1150 151 152 512 
1151 512 152 399 
1152 846 821 740 
1153 313 314 847 
1154 664 666 314 
1155 810 171 809 
1156 809 171 172 
1157 847 314 666 
1158 437 801 848 
1159 822 849 836 
1160 652 654 801 
1161 848 801 654 
1162 824 850 838 
1163 816 33 815 
1164 815 33 32 
1165 640 148 480 
1166 148 149 480 
1167 282 493 283 
1168 55 625 626 
1169 713 826 803 
1170 54 55 626 
1171 813 852 851 
1172 719 829 806 
1173 517 852 813 
1174 308 77 310 
1175 77 76 310 
1176 853 768 684 
1177 127 128 331 
1178 459 736 408 
1179 736 737 408 
1180 112 521 111 
1181 558 111 521 
1182 601 854 417 
1183 63 711 574 
1184 745 417 854 
1185 604 855 419 
1186 385 374 842 
1187 746 419 855 
1188 262 856 758 
1189 856 729 758 
1190 857 29 28 
1191 823 173 858 
1192 858 822 823 
1193 858 173 174 
1194 825 31 859 
1195 859 824 825 
1196 859 31 30 
1197 199 828 860 
1198 826 860 828 
1199 199 860 198 
1200 5 831 861 
1201 829 861 831 
1202 5 861 6 
1203 82 83 523 
1204 523 726 82 
1205 361 79 363 
1206 781 590 97 
1207 97 760 781 
1208 760 97 96 
1209 590 98 97 
1210 520 411 519 
1211 743 466 554 
1212 261 262 758 
1213 258 862 691 
1214 532 76 75 
1215 532 310 76 
1216 863 864 14 
1217 865 864 863 
1218 553 128 129 
1219 553 331 128 
1220 16 866 340 
1221 810 34 2 
1222 171 810 2 
1223 867 201 2 
1224 34 867 2 
1225 816 170 1 
1226 33 816 1 
1227 170 868 1 
1228 868 3 1 
1229 169 834 808 
1230 169 168 834 
1231 35 833 814 
1232 35 36 833 
1233 835 35 812 
1234 36 35 835 
1235 837 169 818 
1236 168 169 837 
1237 16 340 17 
1238 349 455 55 
1239 350 455 349 
1240 551 575 576 
1241 551 576 550 
1242 862 686 691 
1243 257 258 691 
1244 775 297 757 
1245 757 774 775 
1246 780 869 690 
1247 53 52 351 
1248 351 52 436 
1249 690 779 780 
1250 695 870 702 
1251 871 704 744 
1252 146 147 638 
1253 640 638 147 
1254 298 872 832 
1255 297 872 298 
1256 389 390 403 
1257 842 873 841 
1258 612 112 111 
1259 111 110 716 
1260 54 349 55 
1261 449 357 447 
1262 612 111 716 
1263 55 455 241 
1264 869 873 842 
1265 874 876 875 
1266 114 113 784 
1267 149 479 480 
1268 115 114 587 
1269 798 602 601 
1270 799 605 604 
1271 114 784 587 
1272 866 339 340 
1273 877 339 866 
1274 876 874 741 
1275 869 842 878 
1276 153 543 668 
1277 153 152 543 
1278 324 325 380 
1279 325 785 380 
1280 720 48 431 
1281 47 48 720 
1282 785 325 288 
1283 56 57 627 
1284 56 627 625 
1285 677 483 722 
1286 544 558 767 
1287 767 597 544 
1288 592 677 722 
1289 48 47 494 
1290 624 289 42 
1291 624 839 289 
1292 66 572 67 
1293 276 394 277 
1294 69 68 420 
1295 782 418 783 
1296 135 136 344 
1297 879 277 394 
1298 783 418 446 
1299 679 81 541 
1300 679 82 81 
1301 447 569 139 
1302 238 17 340 
1303 18 17 238 
1304 877 864 865 
1305 156 157 453 
1306 782 768 853 
1307 556 881 880 
1308 796 856 264 
1309 795 796 882 
1310 802 270 269 
1311 882 796 264 
1312 883 244 769 
1313 663 855 133 
1314 661 854 71 
1315 714 93 548 
1316 788 862 260 
1317 475 556 880 
1318 787 788 884 
1319 723 592 722 
1320 767 612 716 
1321 480 482 640 
1322 884 788 260 
1323 355 885 872 
1324 755 496 376 
1325 355 872 775 
1326 655 628 627 
1327 354 886 873 
1328 881 883 880 
1329 354 873 780 
1330 881 744 870 
1331 883 881 870 
1332 115 587 887 
1333 403 267 389 
1334 15 864 866 
1335 15 866 16 
1336 115 887 116 
1337 316 267 403 
1338 316 266 267 
1339 293 266 316 
1340 325 324 322 
1341 597 593 544 
1342 888 882 264 
1343 511 513 534 
1344 511 534 535 
1345 511 535 478 
1346 870 247 883 
1347 426 888 264 
1348 889 882 888 
1349 189 768 783 
1350 189 783 188 
1351 890 884 260 
1352 425 890 260 
1353 891 884 890 
1354 727 191 192 
1355 755 851 496 
1356 600 749 715 
1357 892 600 715 
1358 417 415 601 
1359 419 306 604 
1360 893 727 192 
1361 714 528 892 
1362 730 774 729 
1363 804 462 463 
1364 687 779 686 
1365 105 104 458 
1366 804 463 575 
1367 358 569 447 
1368 447 357 358 
1369 346 347 449 
1370 347 357 449 
1371 422 423 465 
1372 423 464 465 
1373 63 574 64 
1374 577 64 574 
1375 141 410 140 
1376 570 140 410 
1377 892 528 529 
1378 68 69 610 
1379 772 68 610 
1380 136 135 608 
1381 776 136 608 
1382 658 709 413 
1383 99 100 648 
1384 792 894 840 
1385 272 273 792 
1386 792 273 894 
1387 587 777 887 
1388 272 792 895 
1389 293 158 292 
1390 893 272 895 
1391 895 727 893 
1392 870 744 702 
1393 866 864 877 
1394 896 635 197 
1395 851 852 495 
1396 134 748 607 
1397 607 748 746 
1398 70 747 609 
1399 609 747 745 
1400 496 851 495 
1401 891 506 884 
1402 672 683 674 
1403 670 671 786 
1404 578 532 75 
1405 580 553 129 
1406 543 491 668 
1407 303 668 491 
1408 670 693 583 
1409 458 566 459 
1410 383 375 489 
1411 384 375 383 
1412 524 675 676 
1413 683 409 897 
1414 683 897 674 
1415 681 732 734 
1416 732 898 734 
1417 569 616 139 
1418 693 670 786 
1419 848 764 437 
1420 680 762 454 
1421 506 787 884 
1422 899 628 655 
1423 709 710 414 
1424 709 414 413 
1425 644 699 700 
1426 507 203 204 
1427 188 446 187 
1428 322 323 223 
1429 820 821 794 
1430 87 86 561 
1431 847 765 313 
1432 787 506 793 
1433 725 561 86 
1434 889 499 882 
1435 820 694 620 
1436 472 900 444 
1437 585 444 900 
1438 411 683 519 
1439 443 444 585 
1440 661 424 745 
1441 854 661 745 
1442 663 348 746 
1443 855 663 746 
1444 694 820 794 
1445 636 724 395 
1446 538 698 540 
1447 589 590 781 
1448 723 590 592 
1449 616 140 139 
1450 499 795 882 
1451 738 526 901 
1452 901 526 495 
1453 629 54 762 
1454 298 265 256 
1455 54 626 762 
1456 516 813 756 
1457 814 827 867 
1458 842 445 878 
1459 814 867 34 
1460 808 830 868 
1461 724 902 395 
1462 808 868 170 
1463 842 374 445 
1464 395 396 636 
1465 633 706 894 
1466 706 704 894 
1467 894 273 632 
1468 894 632 633 
1469 901 495 852 
1470 901 163 162 
1471 673 144 667 
1472 673 903 144 
1473 738 901 162 
1474 795 499 807 
1475 650 106 649 
1476 454 455 350 
1477 564 613 614 
1478 695 247 870 
1479 537 559 562 
1480 246 695 563 
1481 483 677 648 
1482 648 647 483 
1483 483 647 485 
1484 904 132 133 
1485 695 246 247 
1486 904 855 604 
1487 673 667 731 
1488 855 904 133 
1489 132 904 604 
1490 665 619 224 
1491 905 72 71 
1492 905 854 601 
1493 854 905 71 
1494 363 79 80 
1495 723 98 590 
1496 72 905 601 
1497 145 282 146 
1498 900 472 906 
1499 165 166 807 
1500 672 907 683 
1501 519 907 143 
1502 907 519 683 
1503 907 672 143 
1504 115 586 114 
1505 463 573 65 
1506 777 900 906 
1507 568 621 622 
1508 720 431 433 
1509 853 727 908 
1510 596 108 107 
1511 596 595 108 
1512 417 745 747 
1513 419 746 748 
1514 733 898 562 
1515 734 898 733 
1516 909 887 777 
1517 777 906 909 
1518 751 96 97 
1519 751 750 96 
1520 684 727 853 
1521 807 166 797 
1522 428 427 457 
1523 488 489 496 
1524 427 910 457 
1525 797 166 694 
1526 908 727 895 
1527 398 397 300 
1528 39 38 793 
1529 397 911 300 
1530 48 910 49 
1531 573 66 65 
1532 494 910 48 
1533 484 722 483 
1534 749 760 715 
1535 793 38 789 
1536 770 451 476 
1537 156 911 155 
1538 790 908 895 
1539 453 911 156 
1540 789 38 693 
1541 443 586 115 
1542 638 731 667 
1543 151 510 150 
1544 151 512 510 
1545 841 873 886 
1546 841 886 182 
1547 582 176 912 
1548 832 872 885 
1549 832 885 22 
1550 778 334 179 
1551 697 125 124 
1552 100 99 722 
1553 722 484 100 
1554 354 778 180 
1555 100 484 101 
1556 912 766 913 
1557 92 548 93 
1558 92 546 548 
1559 735 560 386 
1560 913 582 912 
1561 176 177 912 
1562 911 304 300 
1563 143 903 897 
1564 910 708 457 
1565 752 307 533 
1566 898 537 562 
1567 857 28 914 
1568 547 732 531 
1569 732 547 536 
1570 709 658 761 
1571 550 709 761 
1572 576 709 550 
1573 914 763 915 
1574 915 857 914 
1575 28 27 914 
1576 560 733 562 
1577 385 252 374 
1578 180 778 179 
1579 773 338 25 
1580 575 551 804 
1581 696 281 265 
1582 696 360 281 
1583 53 349 54 
1584 53 351 349 
1585 355 773 24 
1586 24 773 25 
1587 692 878 441 
1588 257 692 441 
1589 876 916 875 
1590 261 295 296 
1591 783 768 782 
1592 552 891 442 
1593 891 890 442 
1594 498 889 439 
1595 889 888 439 
1596 657 656 800 
1597 657 800 839 
1598 863 916 865 
1599 257 441 368 
1600 149 221 150 
1601 518 516 703 
1602 415 798 601 
1603 527 92 93 
1604 306 799 604 
1605 529 600 892 
1606 912 177 392 
1607 914 27 393 
1608 104 105 736 
1609 736 917 104 
1610 104 917 103 
1611 195 634 918 
1612 478 535 221 
1613 143 144 903 
1614 145 667 144 
1615 109 545 108 
1616 703 516 756 
1617 784 611 514 
1618 514 611 759 
1619 618 561 725 
1620 95 760 96 
1621 598 579 798 
1622 305 581 799 
1623 261 296 381 
1624 780 873 869 
1625 770 476 475 
1626 748 134 133 
1627 747 70 71 
1628 770 475 880 
1629 366 865 919 
1630 262 264 856 
1631 903 674 897 
1632 903 673 674 
1633 142 143 897 
1634 549 790 555 
1635 409 142 897 
1636 549 908 790 
1637 607 135 134 
1638 609 69 70 
1639 62 61 414 
1640 790 791 555 
1641 394 276 396 
1642 448 138 137 
1643 62 711 63 
1644 710 62 414 
1645 711 62 710 
1646 637 396 276 
1647 798 603 602 
1648 9 637 276 
1649 770 880 769 
1650 793 504 39 
1651 805 66 67 
1652 504 40 39 
1653 799 606 605 
1654 807 500 165 
1655 500 164 165 
1656 303 301 668 
1657 775 872 297 
1658 289 839 800 
1659 45 315 46 
1660 354 780 778 
1661 598 798 415 
1662 305 799 306 
1663 878 445 441 
1664 159 452 158 
1665 875 341 879 
1666 875 356 341 
1667 916 356 875 
1668 45 665 315 
1669 917 736 459 
1670 459 565 917 
1671 896 860 920 
1672 44 665 45 
1673 159 653 452 
1674 160 653 159 
1675 920 860 713 
1676 516 517 813 
1677 585 900 777 
1678 478 221 481 
1679 860 826 713 
1680 754 742 707 
1681 756 754 707 
1682 919 876 365 
1683 365 384 367 
1684 876 753 365 
1685 682 861 921 
1686 355 775 773 
1687 921 861 719 
1688 753 384 365 
1689 861 829 719 
1690 844 685 862 
1691 849 923 922 
1692 714 548 528 
1693 597 767 716 
1694 665 664 619 
1695 650 406 737 
1696 484 486 101 
1697 685 686 862 
1698 486 102 101 
1699 540 698 721 
1700 567 102 486 
1701 717 707 742 
1702 731 508 673 
1703 849 858 923 
1704 527 530 92 
1705 542 364 726 
1706 917 924 103 
1707 822 858 849 
1708 551 63 64 
1709 850 557 925 
1710 64 804 551 
1711 321 659 412 
1712 541 81 80 
1713 850 859 557 
1714 846 728 856 
1715 924 102 103 
1716 87 386 86 
1717 87 735 386 
1718 735 87 88 
1719 850 925 819 
1720 925 845 819 
1721 849 922 669 
1722 922 843 669 
1723 594 406 650 
1724 771 102 924 
1725 563 38 246 
1726 763 914 393 
1727 539 123 124 
1728 115 116 443 
1729 525 524 676 
1730 766 912 392 
1731 634 632 918 
1732 259 257 368 
1733 705 702 744 
1734 263 261 381 
1735 501 549 474 
1736 718 623 724 
1737 520 141 140 
1738 140 616 520 
1739 645 644 700 
1740 636 718 724 
1741 824 859 850 
1742 712 615 706 
1743 670 583 836 
1744 633 712 706 
1745 669 670 836 
1746 427 49 910 
1747 849 669 836 
1748 397 155 911 
1749 598 599 579 
1750 715 714 892 
1751 533 579 599 
1752 305 584 581 
1753 820 620 838 
1754 918 271 195 
1755 271 918 273 
1756 273 918 632 
1757 819 820 838 
1758 554 581 584 
1759 478 479 511 
1760 365 366 919 
1761 850 819 838 
1762 536 537 898 
1763 375 384 753 
1764 163 852 164 
1765 163 901 852 
1766 105 458 407 
1767 393 336 763 
1768 99 648 678 
1769 847 42 765 
1770 862 788 844 
1771 847 666 42 
1772 392 332 766 
1773 856 796 846 
1774 272 893 193 
1775 708 429 457 
1776 893 192 193 
1777 886 354 181 
1778 182 886 181 
1779 119 387 120 
1780 885 355 23 
1781 42 666 43 
1782 22 885 23 
1783 848 162 764 
1784 848 654 162 
1785 162 654 161 
1786 896 197 198 
1787 201 867 827 
1788 778 333 334 
1789 827 828 200 
1790 860 896 198 
1791 201 827 200 
1792 682 7 6 
1793 3 868 830 
1794 773 337 338 
1795 830 831 4 
1796 861 682 6 
1797 3 830 4 
1798 245 926 244 
1799 926 245 800 
1800 163 497 764 
1801 497 498 764 
1802 41 505 765 
1803 910 494 708 
1804 505 552 765 
1805 926 769 244 
1806 503 782 853 
1807 728 729 856 
1808 503 853 502 
1809 366 877 865 
1810 821 846 794 
1811 911 453 304 
1812 453 291 304 
1813 883 769 880 
1814 923 858 174 
1815 582 923 175 
1816 871 744 556 
1817 555 871 556 
1818 671 844 786 
1819 758 295 261 
1820 691 692 257 
1821 919 865 916 
1822 919 916 876 
1823 898 732 536 
1824 97 98 591 
1825 737 406 408 
1826 591 751 97 
1827 98 678 591 
1828 813 851 755 
1829 247 244 883 
1830 175 923 174 
1831 556 744 881 
1832 689 685 844 
1833 740 728 846 
1834 39 246 38 
1835 546 92 91 
1836 879 394 927 
1837 487 485 771 
1838 909 906 388 
1839 472 388 906 
1840 567 486 487 
1841 38 563 37 
1842 166 518 167 
1843 117 388 118 
1844 117 909 388 
1845 909 117 116 
1846 771 924 487 
1847 797 694 794 
1848 789 693 786 
1849 694 166 167 
1850 693 38 37 
1851 656 926 800 
1852 656 769 926 
1853 786 844 788 
1854 568 168 167 
1855 794 846 796 
1856 258 260 862 
1857 339 877 342 
1858 106 107 649 
1859 740 845 739 
1860 679 525 676 
1861 648 677 678 
1862 768 189 190 
1863 689 843 688 
1864 342 877 366 
1865 701 645 700 
1866 432 431 49 
1867 432 49 50 
1868 864 15 14 
1869 345 746 348 
1870 421 745 424 
1871 493 508 731 
1872 493 731 639 
1873 899 659 321 
1874 899 321 242 
1875 481 492 482 
1876 492 639 482 
1877 492 493 639 
1878 77 308 78 
1879 564 36 37 
1880 456 628 240 
1881 36 564 833 
1882 628 242 240 
1883 833 564 803 
1884 628 899 242 
1885 564 614 803 
1886 107 108 649 
1887 168 568 834 
1888 853 908 502 
1889 834 568 806 
1890 568 622 806 
1891 655 630 899 
1892 583 36 835 
1893 583 835 836 
1894 612 767 759 
1895 620 168 837 
1896 895 792 790 
1897 620 837 838 
1898 611 612 759 
1899 499 889 498 
1900 506 891 552 
1901 894 704 840 
1902 920 635 896 
1903 394 395 927 
1904 921 643 682 
1905 395 902 927 
1906 871 555 791 
1907 647 771 485 
1908 888 440 439 
1909 888 426 440 
1910 890 327 442 
1911 625 55 56 
1912 633 635 920 
1913 352 680 350 
1914 890 425 327 
1915 712 633 920 
1916 757 297 295 
1917 869 878 692 
1918 690 869 692 
1919 502 908 549 
1920 774 758 729 
1921 771 647 101 
1922 647 100 101 
1923 779 691 686 
1924 772 422 465 
1925 920 713 712 
1926 517 164 852 
1927 776 346 449 
1928 567 566 103 
1929 566 104 103 
1930 741 902 742 
1931 741 874 902 
1932 155 397 154 
1933 49 427 50 
1934 757 758 774 
1935 690 691 779 
1936 863 356 916 
1937 876 741 753 
1938 752 533 599 
1939 743 554 584 
1940 487 924 565 
1941 924 917 565 
1942 704 871 840 
1943 840 871 791 
1944 636 643 921 
1945 598 415 416 
1946 857 925 557 
1947 913 766 688 
1948 925 857 915 
1949 913 843 922 
1950 582 922 923 
1951 593 545 544 
1952 922 582 913 
1953 913 688 843 
1954 696 21 20 
1955 832 22 21 
1956 718 636 921 
1957 915 763 739 
1958 385 183 184 
1959 915 845 925 
1960 921 719 718 
1961 915 739 845 
1962 841 182 183 
1963 927 902 874 
1964 902 724 717 
1965 874 879 927 
1966 875 879 874 
1967 98 99 678 
1968 106 105 407 
1969 555 474 549 
1970 555 475 474 
1971 557 859 30 
1972 857 557 29 
1973 863 14 13 
1974 717 742 902 
1975 356 863 13 
1976 277 879 341 
1977 659 630 631 
1978 631 658 659 
1979 753 377 375 
1980 631 761 658 
1981 426 264 263 
1982 425 260 259 
1983 497 163 164 
1984 505 41 40 
1985 437 764 498 
1986 439 437 498 
1987 570 410 571 
1988 313 765 552 
1989 887 909 116 
1990 442 313 552 
1991 545 649 108 
1992 659 899 630 
1993 438 801 437 
1994 640 147 148 
2 2 2 152
1995 958 971 936 
1996 943 980 963 
1997 967 983 935 
1998 963 984 943 
1999 939 960 959 
2000 956 967 935 
2001 957 970 969 
2002 959 974 939 
2003 933 971 958 
2004 935 970 956 
2005 937 964 946 
2006 939 976 960 
2007 932 974 959 
2008 945 958 936 
2009 956 970 957 
2010 958 962 933 
2011 946 972 937 
2012 962 975 933 
2013 947 961 958 
2014 960 965 954 
2015 950 960 954 
2016 960 976 929 
2017 951 955 953 
2018 953 956 952 
2019 949 961 947 
2020 959 964 932 
2021 954 955 951 
2022 968 979 934 
2023 956 957 952 
2024 963 980 931 
2025 951 953 952 
2026 950 954 951 
2027 957 966 961 
2028 955 963 953 
2029 961 966 962 
2030 969 970 941 
2031 940 983 967 
2032 938 975 962 
2033 948 959 950 
2034 968 988 979 
2035 955 984 963 
2036 929 965 960 
2037 952 961 949 
2038 930 972 946 
2039 946 964 948 
2040 953 967 956 
2041 930 946 945 
2042 959 960 950 
2043 954 968 955 
2044 951 952 949 
2045 962 966 938 
2046 957 961 952 
2047 966 969 928 
2048 3 931 1 
2049 19 930 18 
2050 17 936 16 
2051 21 937 20 
2052 15 933 14 
2053 23 932 22 
2054 13 938 12 
2055 25 939 24 
2056 11 928 10 
2057 950 951 949 
2058 27 929 26 
2059 9 941 8 
2060 29 942 28 
2061 7 935 6 
2062 947 958 945 
2063 31 934 30 
2064 5 940 4 
2065 964 973 932 
2066 33 943 32 
2067 948 950 949 
2068 961 962 958 
2069 966 977 938 
2070 948 964 959 
2071 930 945 944 
2072 937 973 964 
2073 946 948 947 
2074 981 984 934 
2075 946 947 945 
2076 929 978 965 
2077 928 977 966 
2078 965 978 942 
2079 934 984 968 
2080 948 949 947 
2081 957 969 966 
2082 931 985 963 
2083 967 985 940 
2084 1 980 33 
2085 18 944 17 
2086 20 972 19 
2087 16 971 15 
2088 22 973 21 
2089 14 975 13 
2090 24 974 23 
2091 12 977 11 
2092 26 976 25 
2093 28 978 27 
2094 30 979 29 
2095 6 983 5 
2096 32 981 31 
2097 4 982 3 
2098 10 986 9 
2099 963 985 953 
2100 8 987 7 
2101 953 985 967 
2102 979 988 942 
2103 940 985 982 
2104 930 944 18 
2105 17 944 936 
2106 19 972 930 
2107 937 972 20 
2108 936 971 16 
2109 15 971 933 
2110 21 973 937 
2111 932 973 22 
2112 933 975 14 
2113 13 975 938 
2114 23 974 932 
2115 939 974 24 
2116 938 977 12 
2117 11 977 928 
2118 25 976 939 
2119 929 976 26 
2120 3 982 931 
2121 27 978 929 
2122 928 986 10 
2123 942 978 28 
2124 9 986 941 
2125 944 945 936 
2126 931 980 1 
2127 29 979 942 
2128 941 987 8 
2129 934 979 30 
2130 935 983 6 
2131 33 980 943 
2132 7 987 935 
2133 5 983 940 
2134 31 981 934 
2135 982 985 931 
2136 943 981 32 
2137 940 982 4 
2138 942 988 965 
2139 969 986 928 
2140 941 986 969 
2141 943 984 981 
2142 970 987 941 
2143 935 987 970 
2144 965 988 954 
2145 968 984 955 
2146 954 988 968 
2 3 2 152
2147 1019 997 1032 
2148 1004 1024 1041 
2149 1028 996 1044 
2150 1024 1004 1045 
2151 1000 1020 1021 
2152 1017 996 1028 
2153 1018 1030 1031 
2154 1020 1000 1035 
2155 994 1019 1032 
2156 996 1017 1031 
2157 998 1007 1025 
2158 1000 1021 1037 
2159 993 1020 1035 
2160 1006 997 1019 
2161 1017 1018 1031 
2162 1019 994 1023 
2163 1007 998 1033 
2164 1023 994 1036 
2165 1008 1019 1022 
2166 1021 1015 1026 
2167 1011 1015 1021 
2168 1021 990 1037 
2169 1012 1014 1016 
2170 1014 1013 1017 
2171 1010 1008 1022 
2172 1020 993 1025 
2173 1015 1012 1016 
2174 1029 995 1040 
2175 1017 1013 1018 
2176 1024 992 1041 
2177 1012 1013 1014 
2178 1011 1012 1015 
2179 1018 1022 1027 
2180 1016 1014 1024 
2181 1022 1023 1027 
2182 1030 1002 1031 
2183 1001 1028 1044 
2184 999 1023 1036 
2185 1009 1011 1020 
2186 1029 1040 1049 
2187 1016 1024 1045 
2188 990 1021 1026 
2189 1013 1010 1022 
2190 991 1007 1033 
2191 1007 1009 1025 
2192 1014 1017 1028 
2193 991 1006 1007 
2194 1020 1011 1021 
2195 1015 1016 1029 
2196 1012 1010 1013 
2197 1023 999 1027 
2198 1018 1013 1022 
2199 1027 989 1030 
2200 171 2 992 
2201 187 186 991 
2202 185 184 997 
2203 189 188 998 
2204 183 182 994 
2205 191 190 993 
2206 181 180 999 
2207 193 192 1000 
2208 179 178 989 
2209 1011 1010 1012 
2210 195 194 990 
2211 177 176 1002 
2212 197 196 1003 
2213 175 174 996 
2214 1008 1006 1019 
2215 199 198 995 
2216 173 172 1001 
2217 1025 993 1034 
2218 201 200 1004 
2219 1009 1010 1011 
2220 1022 1019 1023 
2221 1027 999 1038 
2222 1009 1020 1025 
2223 991 1005 1006 
2224 998 1025 1034 
2225 1007 1008 1009 
2226 1042 995 1045 
2227 1007 1006 1008 
2228 990 1026 1039 
2229 989 1027 1038 
2230 1026 1003 1039 
2231 995 1029 1045 
2232 1009 1008 1010 
2233 1018 1027 1030 
2234 992 1024 1046 
2235 1028 1001 1046 
2236 2 201 1041 
2237 186 185 1005 
2238 188 187 1033 
2239 184 183 1032 
2240 190 189 1034 
2241 182 181 1036 
2242 192 191 1035 
2243 180 179 1038 
2244 194 193 1037 
2245 196 195 1039 
2246 198 197 1040 
2247 174 173 1044 
2248 200 199 1042 
2249 172 171 1043 
2250 178 177 1047 
2251 1024 1014 1046 
2252 176 175 1048 
2253 1014 1028 1046 
2254 1040 1003 1049 
2255 1001 1043 1046 
2256 991 186 1005 
2257 185 997 1005 
2258 187 991 1033 
2259 998 188 1033 
2260 997 184 1032 
2261 183 994 1032 
2262 189 998 1034 
2263 993 190 1034 
2264 994 182 1036 
2265 181 999 1036 
2266 191 993 1035 
2267 1000 192 1035 
2268 999 180 1038 
2269 179 989 1038 
2270 193 1000 1037 
2271 990 194 1037 
2272 171 992 1043 
2273 195 990 1039 
2274 989 178 1047 
2275 1003 196 1039 
2276 177 1002 1047 
2277 1005 997 1006 
2278 992 2 1041 
2279 197 1003 1040 
2280 1002 176 1048 
2281 995 198 1040 
2282 996 174 1044 
2283 201 1004 1041 
2284 175 996 1048 
2285 173 1001 1044 
2286 199 995 1042 
2287 1043 992 1046 
2288 1004 200 1042 
2289 1001 172 1043 
2290 1003 1026 1049 
2291 1030 989 1047 
2292 1002 1030 1047 
2293 1004 1042 1045 
2294 1031 1002 1048 
2295 996 1031 1048 
2296 1026 1015 1049 
2297 1029 1016 1045 
2298 1015 1029 1049 
$EndElements
