$MeshFormat
4.1 0 8
$EndMeshFormat
$Entities
2 3 3 1
1 0.0445 -1.089935651241144e-17 6.096 0 
2 0.0445 -1.089935651241144e-17 0 0 
1 -0.0445001 -0.0445001 6.0959999 0.0445001 0.0445001 6.0960001 0 2 1 -1 
2 0.0444999 -1.000000000108994e-07 -9.999999983634211e-08 0.0445001 9.999999998910064e-08 6.0960001 0 2 2 -1 
3 -0.0445001 -0.0445001 -1e-07 0.0445001 0.0445001 1e-07 0 2 2 -2 
1 -0.0445001 -0.0445001 -9.999999983634211e-08 0.0445001 0.0445001 6.0960001 0 4 -1 -2 3 2 
2 -0.0445001 -0.0445001 6.0959999 0.0445001 0.0445001 6.0960001 0 1 1 
3 -0.0445001 -0.0445001 -1e-07 0.0445001 0.0445001 1e-07 0 1 3 
1 -0.0445001 -0.0445001 -9.999999983634211e-08 0.0445001 0.0445001 6.0960001 0 3 1 2 -3 
$EndEntities
$Nodes
9 1153 1 1153
0 1 0 1
1
0.0445 -1.089935651241144e-17 6.096
0 2 0 1
2
0.0445 -1.089935651241144e-17 0
1 1 0 27
3
4
5
6
7
8
9
10
11
12
13
14
15
16
17
18
19
20
21
22
23
24
25
26
27
28
29
0.04338429209209115 0.009902181561056003 6.096
0.04009311462165764 0.01930782639073136 6.096
0.0347915009698273 0.02774529618271367 6.096
0.0277452961827136 0.03479150096982736 6.096
0.01930782639073128 0.04009311462165768 6.096
0.009902181561055916 0.04338429209209117 6.096
-8.620402514437217e-17 0.0445 6.096
-0.009902181561056083 0.04338429209209113 6.096
-0.01930782639073142 0.04009311462165761 6.096
-0.02774529618271375 0.03479150096982724 6.096
-0.03479150096982742 0.02774529618271352 6.096
-0.04009311462165773 0.01930782639073116 6.096
-0.04338429209209119 0.009902181561055783 6.096
-0.0445 -2.316939598037277e-16 6.096
-0.0433842920920911 -0.009902181561056236 6.096
-0.04009311462165753 -0.01930782639073158 6.096
-0.03479150096982717 -0.02774529618271384 6.096
-0.02774529618271343 -0.03479150096982749 6.096
-0.01930782639073109 -0.04009311462165777 6.096
-0.009902181561055767 -0.0433842920920912 6.096
1.894451809989693e-16 -0.0445 6.096
0.009902181561056135 -0.04338429209209112 6.096
0.01930782639073147 -0.04009311462165759 6.096
0.02774529618271373 -0.03479150096982726 6.096
0.03479150096982739 -0.02774529618271356 6.096
0.04009311462165766 -0.01930782639073131 6.096
0.04338429209209115 -0.009902181561055963 6.096
1 2 0 129
30
31
32
33
34
35
36
37
38
39
40
41
42
43
44
45
46
47
48
49
50
51
52
53
54
55
56
57
58
59
60
61
62
63
64
65
66
67
68
69
70
71
72
73
74
75
76
77
78
79
80
81
82
83
84
85
86
87
88
89
90
91
92
93
94
95
96
97
98
99
100
101
102
103
104
105
106
107
108
109
110
111
112
113
114
115
116
117
118
119
120
121
122
123
124
125
126
127
128
129
130
131
132
133
134
135
136
137
138
139
140
141
142
143
144
145
146
147
148
149
150
151
152
153
154
155
156
157
158
0.0445 -1.089935651241144e-17 0.00995409509191009
0.0445 -1.089935651241144e-17 0.02004487581730763
0.0445 -1.089935651241144e-17 0.03308385862986232
0.0445 -1.089935651241144e-17 0.05140427209007535
0.0445 -1.089935651241144e-17 0.0771453594913233
0.0445 -1.089935651241144e-17 0.1133142147990153
0.0445 -1.089935651241144e-17 0.1613124233460706
0.0445 -1.089935651241144e-17 0.211082898805621
0.0445 -1.089935651241144e-17 0.2608533742651715
0.0445 -1.089935651241144e-17 0.3106238497247219
0.0445 -1.089935651241144e-17 0.3603943251842724
0.0445 -1.089935651241144e-17 0.4101648006438229
0.0445 -1.089935651241144e-17 0.4599352761033733
0.0445 -1.089935651241144e-17 0.5097057515629239
0.0445 -1.089935651241144e-17 0.5594762270224742
0.0445 -1.089935651241144e-17 0.6092467024820247
0.0445 -1.089935651241144e-17 0.6590171779415752
0.0445 -1.089935651241144e-17 0.7087876534011257
0.0445 -1.089935651241144e-17 0.758558128860676
0.0445 -1.089935651241144e-17 0.8083286043202265
0.0445 -1.089935651241144e-17 0.858099079779777
0.0445 -1.089935651241144e-17 0.9078695552393274
0.0445 -1.089935651241144e-17 0.957640030698878
0.0445 -1.089935651241144e-17 1.007410506158429
0.0445 -1.089935651241144e-17 1.057180981617979
0.0445 -1.089935651241144e-17 1.106951457077529
0.0445 -1.089935651241144e-17 1.15672193253708
0.0445 -1.089935651241144e-17 1.20649240799663
0.0445 -1.089935651241144e-17 1.256262883456181
0.0445 -1.089935651241144e-17 1.306033358915731
0.0445 -1.089935651241144e-17 1.355803834375282
0.0445 -1.089935651241144e-17 1.405574309834832
0.0445 -1.089935651241144e-17 1.455344785294382
0.0445 -1.089935651241144e-17 1.505115260753933
0.0445 -1.089935651241144e-17 1.554885736213483
0.0445 -1.089935651241144e-17 1.604656211673034
0.0445 -1.089935651241144e-17 1.654426687132584
0.0445 -1.089935651241144e-17 1.704197162592135
0.0445 -1.089935651241144e-17 1.753967638051685
0.0445 -1.089935651241144e-17 1.803738113511236
0.0445 -1.089935651241144e-17 1.853508588970786
0.0445 -1.089935651241144e-17 1.903279064430337
0.0445 -1.089935651241144e-17 1.953049539889887
0.0445 -1.089935651241144e-17 2.002820015349438
0.0445 -1.089935651241144e-17 2.052590490808988
0.0445 -1.089935651241144e-17 2.102360966268539
0.0445 -1.089935651241144e-17 2.152131441728089
0.0445 -1.089935651241144e-17 2.20190191718764
0.0445 -1.089935651241144e-17 2.25167239264719
0.0445 -1.089935651241144e-17 2.30144286810674
0.0445 -1.089935651241144e-17 2.351213343566291
0.0445 -1.089935651241144e-17 2.400983819025841
0.0445 -1.089935651241144e-17 2.450754294485392
0.0445 -1.089935651241144e-17 2.500524769944942
0.0445 -1.089935651241144e-17 2.550295245404492
0.0445 -1.089935651241144e-17 2.600065720864043
0.0445 -1.089935651241144e-17 2.649836196323593
0.0445 -1.089935651241144e-17 2.699606671783144
0.0445 -1.089935651241144e-17 2.749377147242694
0.0445 -1.089935651241144e-17 2.799147622702245
0.0445 -1.089935651241144e-17 2.848918098161795
0.0445 -1.089935651241144e-17 2.898688573621346
0.0445 -1.089935651241144e-17 2.948459049080896
0.0445 -1.089935651241144e-17 2.998229524540447
0.0445 -1.089935651241144e-17 3.047999999999997
0.0445 -1.089935651241144e-17 3.097770475459547
0.0445 -1.089935651241144e-17 3.147540950919098
0.0445 -1.089935651241144e-17 3.197311426378649
0.0445 -1.089935651241144e-17 3.247081901838199
0.0445 -1.089935651241144e-17 3.296852377297749
0.0445 -1.089935651241144e-17 3.3466228527573
0.0445 -1.089935651241144e-17 3.396393328216851
0.0445 -1.089935651241144e-17 3.446163803676401
0.0445 -1.089935651241144e-17 3.495934279135951
0.0445 -1.089935651241144e-17 3.545704754595502
0.0445 -1.089935651241144e-17 3.595475230055052
0.0445 -1.089935651241144e-17 3.645245705514603
0.0445 -1.089935651241144e-17 3.695016180974153
0.0445 -1.089935651241144e-17 3.744786656433704
0.0445 -1.089935651241144e-17 3.794557131893254
0.0445 -1.089935651241144e-17 3.844327607352805
0.0445 -1.089935651241144e-17 3.894098082812356
0.0445 -1.089935651241144e-17 3.943868558271906
0.0445 -1.089935651241144e-17 3.993639033731457
0.0445 -1.089935651241144e-17 4.043409509191007
0.0445 -1.089935651241144e-17 4.093179984650557
0.0445 -1.089935651241144e-17 4.142950460110108
0.0445 -1.089935651241144e-17 4.192720935569659
0.0445 -1.089935651241144e-17 4.242491411029209
0.0445 -1.089935651241144e-17 4.292261886488759
0.0445 -1.089935651241144e-17 4.342032361948309
0.0445 -1.089935651241144e-17 4.391802837407861
0.0445 -1.089935651241144e-17 4.441573312867411
0.0445 -1.089935651241144e-17 4.491343788326961
0.0445 -1.089935651241144e-17 4.541114263786511
0.0445 -1.089935651241144e-17 4.590884739246063
0.0445 -1.089935651241144e-17 4.640655214705612
0.0445 -1.089935651241144e-17 4.690425690165163
0.0445 -1.089935651241144e-17 4.740196165624713
0.0445 -1.089935651241144e-17 4.789966641084264
0.0445 -1.089935651241144e-17 4.839737116543814
0.0445 -1.089935651241144e-17 4.889507592003365
0.0445 -1.089935651241144e-17 4.939278067462915
0.0445 -1.089935651241144e-17 4.989048542922466
0.0445 -1.089935651241144e-17 5.038819018382016
0.0445 -1.089935651241144e-17 5.088589493841567
0.0445 -1.089935651241144e-17 5.138359969301117
0.0445 -1.089935651241144e-17 5.188130444760668
0.0445 -1.089935651241144e-17 5.237900920220218
0.0445 -1.089935651241144e-17 5.287671395679768
0.0445 -1.089935651241144e-17 5.337441871139319
0.0445 -1.089935651241144e-17 5.387212346598869
0.0445 -1.089935651241144e-17 5.43698282205842
0.0445 -1.089935651241144e-17 5.48675329751797
0.0445 -1.089935651241144e-17 5.53652377297752
0.0445 -1.089935651241144e-17 5.586294248437071
0.0445 -1.089935651241144e-17 5.636064723896622
0.0445 -1.089935651241144e-17 5.685835199356172
0.0445 -1.089935651241144e-17 5.735605674815722
0.0445 -1.089935651241144e-17 5.785376150275273
0.0445 -1.089935651241144e-17 5.835146625734824
0.0445 -1.089935651241144e-17 5.884917101194374
0.0445 -1.089935651241144e-17 5.934687576653925
0.0445 -1.089935651241144e-17 5.98268578520098
0.0445 -1.089935651241144e-17 6.018854640508671
0.0445 -1.089935651241144e-17 6.044595727909922
0.0445 -1.089935651241144e-17 6.062916141370136
0.0445 -1.089935651241144e-17 6.075955124182692
0.0445 -1.089935651241144e-17 6.08604590490809
1 3 0 27
159
160
161
162
163
164
165
166
167
168
169
170
171
172
173
174
175
176
177
178
179
180
181
182
183
184
185
0.04338429209209115 0.009902181561056003 0
0.04009311462165764 0.01930782639073136 0
0.0347915009698273 0.02774529618271367 0
0.0277452961827136 0.03479150096982736 0
0.01930782639073128 0.04009311462165768 0
0.009902181561055916 0.04338429209209117 0
-8.620402514437217e-17 0.0445 0
-0.009902181561056083 0.04338429209209113 0
-0.01930782639073142 0.04009311462165761 0
-0.02774529618271375 0.03479150096982724 0
-0.03479150096982742 0.02774529618271352 0
-0.04009311462165773 0.01930782639073116 0
-0.04338429209209119 0.009902181561055783 0
-0.0445 -2.316939598037277e-16 0
-0.0433842920920911 -0.009902181561056236 0
-0.04009311462165753 -0.01930782639073158 0
-0.03479150096982717 -0.02774529618271384 0
-0.02774529618271343 -0.03479150096982749 0
-0.01930782639073109 -0.04009311462165777 0
-0.009902181561055767 -0.0433842920920912 0
1.894451809989693e-16 -0.0445 0
0.009902181561056135 -0.04338429209209112 0
0.01930782639073147 -0.04009311462165759 0
0.02774529618271373 -0.03479150096982726 0
0.03479150096982739 -0.02774529618271356 0
0.04009311462165766 -0.01930782639073131 0
0.04338429209209115 -0.009902181561055963 0
2 1 0 846
186
187
188
189
190
191
192
193
194
195
196
197
198
199
200
201
202
203
204
205
206
207
208
209
210
211
212
213
214
215
216
217
218
219
220
221
222
223
224
225
226
227
228
229
230
231
232
233
234
235
236
237
238
239
240
241
242
243
244
245
246
247
248
249
250
251
252
253
254
255
256
257
258
259
260
261
262
263
264
265
266
267
268
269
270
271
272
273
274
275
276
277
278
279
280
281
282
283
284
285
286
287
288
289
290
291
292
293
294
295
296
297
298
299
300
301
302
303
304
305
306
307
308
309
310
311
312
313
314
315
316
317
318
319
320
321
322
323
324
325
326
327
328
329
330
331
332
333
334
335
336
337
338
339
340
341
342
343
344
345
346
347
348
349
350
351
352
353
354
355
356
357
358
359
360
361
362
363
364
365
366
367
368
369
370
371
372
373
374
375
376
377
378
379
380
381
382
383
384
385
386
387
388
389
390
391
392
393
394
395
396
397
398
399
400
401
402
403
404
405
406
407
408
409
410
411
412
413
414
415
416
417
418
419
420
421
422
423
424
425
426
427
428
429
430
431
432
433
434
435
436
437
438
439
440
441
442
443
444
445
446
447
448
449
450
451
452
453
454
455
456
457
458
459
460
461
462
463
464
465
466
467
468
469
470
471
472
473
474
475
476
477
478
479
480
481
482
483
484
485
486
487
488
489
490
491
492
493
494
495
496
497
498
499
500
501
502
503
504
505
506
507
508
509
510
511
512
513
514
515
516
517
518
519
520
521
522
523
524
525
526
527
528
529
530
531
532
533
534
535
536
537
538
539
540
541
542
543
544
545
546
547
548
549
550
551
552
553
554
555
556
557
558
559
560
561
562
563
564
565
566
567
568
569
570
571
572
573
574
575
576
577
578
579
580
581
582
583
584
585
586
587
588
589
590
591
592
593
594
595
596
597
598
599
600
601
602
603
604
605
606
607
608
609
610
611
612
613
614
615
616
617
618
619
620
621
622
623
624
625
626
627
628
629
630
631
632
633
634
635
636
637
638
639
640
641
642
643
644
645
646
647
648
649
650
651
652
653
654
655
656
657
658
659
660
661
662
663
664
665
666
667
668
669
670
671
672
673
674
675
676
677
678
679
680
681
682
683
684
685
686
687
688
689
690
691
692
693
694
695
696
697
698
699
700
701
702
703
704
705
706
707
708
709
710
711
712
713
714
715
716
717
718
719
720
721
722
723
724
725
726
727
728
729
730
731
732
733
734
735
736
737
738
739
740
741
742
743
744
745
746
747
748
749
750
751
752
753
754
755
756
757
758
759
760
761
762
763
764
765
766
767
768
769
770
771
772
773
774
775
776
777
778
779
780
781
782
783
784
785
786
787
788
789
790
791
792
793
794
795
796
797
798
799
800
801
802
803
804
805
806
807
808
809
810
811
812
813
814
815
816
817
818
819
820
821
822
823
824
825
826
827
828
829
830
831
832
833
834
835
836
837
838
839
840
841
842
843
844
845
846
847
848
849
850
851
852
853
854
855
856
857
858
859
860
861
862
863
864
865
866
867
868
869
870
871
872
873
874
875
876
877
878
879
880
881
882
883
884
885
886
887
888
889
890
891
892
893
894
895
896
897
898
899
900
901
902
903
904
905
906
907
908
909
910
911
912
913
914
915
916
917
918
919
920
921
922
923
924
925
926
927
928
929
930
931
932
933
934
935
936
937
938
939
940
941
942
943
944
945
946
947
948
949
950
951
952
953
954
955
956
957
958
959
960
961
962
963
964
965
966
967
968
969
970
971
972
973
974
975
976
977
978
979
980
981
982
983
984
985
986
987
988
989
990
991
992
993
994
995
996
997
998
999
1000
1001
1002
1003
1004
1005
1006
1007
1008
1009
1010
1011
1012
1013
1014
1015
1016
1017
1018
1019
1020
1021
1022
1023
1024
1025
1026
1027
1028
1029
1030
1031
0.0236255598808742 0.03771051471824838 3.072885237729772
0.02362555988087383 0.03771051471824861 1.928164302160112
0.02357752013864117 0.03774056894261094 4.217356252364864
0.02362555988087383 0.03771051471824861 4.91439282973314
0.01914476307125585 0.04017123407297165 1.170949053860743
0.02362555988087383 0.03771051471824861 5.362327108869094
0.02356497348014734 0.03774840426931915 0.7334194042478543
0.02362555988148092 0.03771051471786826 3.620360467784828
0.02362555988146465 0.03771051471787846 2.525410007674718
0.02242720713408367 0.03843527520605135 5.654522316994447
0.02362555988087387 0.03771051471824857 0.4350500383735981
0.02362555988146465 0.03771051471787846 4.565999501516287
0.02362555988148074 0.03771051471786838 1.579770973943259
0.02362555988146465 0.03771051471787846 2.226787154917415
0.02362555988148056 0.03771051471786849 3.918983320542131
0.02362555988145061 0.03771051471788725 3.371508090487075
0.02351720001601502 0.03777818554942446 2.773696262600755
0.02362555988087457 0.03771051471824814 5.860031863464599
0.02362555988087389 0.03771051471824857 0.2359681365353963
0.02362555988148051 0.03771051471786852 0.9327547929691027
0.02338439122758353 0.03786053680173215 1.380490557412755
0.02362555988146427 0.03771051471787869 5.113474731571342
0.02323764093410046 0.0379507844954201 3.769600695007925
0.02323764093409881 0.03795078449542111 1.729011201166356
0.02357673589590793 0.03774105886822211 2.376374806541075
0.02362555988145099 0.03771051471788702 4.416688075137635
0.02362555988149315 0.0377105147178606 4.715310927894938
0.02362555988144874 0.03771051471788843 4.068294746920782
0.023625559881507 0.03771051471785193 3.222196664108424
0.02362555988146465 0.03771051471787846 2.077475728538763
0.02362555988148056 0.03771051471786849 2.923573811351121
0.02362555988143177 0.03771051471789906 0.5843614647522495
0.02362555988140583 0.03771051471791531 5.511638535247744
-0.04422019334024932 0.004982419186596969 6.087374734144035
-0.04423802739860743 0.004821507220782559 0.00794885325068001
0.03039143192859903 -0.03250555130019073 5.958686680927444
0.03039143192859875 -0.032505551300191 0.1373133190725429
-0.02367378882828105 0.03768025640191366 0.008638853589097757
-0.02363265108156062 0.03770607116708411 6.08755815056183
0.03544008877480643 0.02691189528134054 6.000854424036469
0.03642519450941828 0.02556276989981806 0.09522978714516929
-0.03767993092991038 -0.02367430685610843 6.087371608753607
-0.01469659989808385 -0.04200309454594556 6.087364420166956
-0.03767960433571044 -0.02367482665415548 0.008633534049759814
-0.01469881666118692 -0.04200231884980654 0.008617630038420816
0.005080145827815907 0.04420907280602167 6.087770576088806
0.004566417992649635 0.04426508586591023 0.007633610983750127
0.01469481183264688 -0.04200372013528208 0.008633858801250349
0.01469741825700508 -0.04200280819872231 6.087374734144036
0.03943984030401305 -0.02060943950703046 6.036335904499031
0.04040993850054318 -0.01863563442392875 0.06427481579069932
0.03146625176280133 0.03146625176280139 0.008625265855964964
0.0316600161125423 0.03127128682599362 6.087202305602527
0.02362555988146726 0.03771051471787682 3.520819516865727
0.0226156257189174 0.03832471100141319 1.020496205789922
0.02362555988145099 0.03771051471788702 2.624950958593819
0.02361824474530307 0.0377150966477744 1.480223643991304
0.02357684698362923 0.03774098947180019 5.212681165925678
0.02362555988149684 0.03771051471785829 5.760490912545498
0.02362555988146427 0.03771051471787869 4.814851878814039
0.02362270854760865 0.03771230092257349 4.317159675749887
0.02362555988143811 0.03771051471789508 1.828623351241011
0.02362555988143177 0.03771051471789906 0.3355090874544971
0.02362555988144799 0.03771051471788889 0.8332138420500017
0.02362555988148074 0.03771051471786838 1.281148121185956
0.02362555988146427 0.03771051471787869 5.013933780652241
0.04242820561532484 0.01342003607535082 0.04224406535996884
0.0424282056153245 0.0134200360753519 6.053755934640029
0.04331573238020309 -0.01019790803874133 0.02661188423279524
0.04337292283429423 -0.00995186237899005 6.069435632776415
-0.03773935841001003 0.02357945772915071 0.008167340722951649
-0.03764375828022049 0.02373178169755341 6.087616042919826
0.03146575006909121 -0.0314667534485127 0.008633534049788968
0.03146625176280144 -0.03146625176280129 6.087374734143965
-0.03895159229460676 -0.021517979870674 0.223167119844095
0.02362555988087653 -0.03771051471824691 0.3355090874544971
-0.04251133088190732 -0.01315434326178972 5.873233399930984
0.0234204627841588 -0.03783823361331542 5.759087667249737
0.04365351745815035 0.008638310803100444 6.081000514545391
0.04365351745815038 0.008638310803100308 0.01499948545460886
0.0419681215478521 -0.01479617429421241 6.087754604611797
0.04196801634917498 -0.0147964726781548 0.008241305708240321
0.04308395381891332 -0.01113655796598499 6.0566244438985
0.03003304424172253 -0.03283696474363514 6.050839192472011
0.02421989603321988 -0.03733157693079707 6.029795875660755
0.004810099381157422 -0.04423926925191451 6.051085207777895
-0.006510645594752961 -0.04402114825784902 6.020980360795636
-0.02773755517935313 -0.03479767280540956 6.032643779208234
-0.03498892377073518 -0.02749591266653433 6.015101158362159
-0.04392361758381331 -0.007139034833289887 6.036585719669475
-0.03890730265942773 -0.0215979582314553 6.057118501766523
-0.04424194519587357 0.004785424253430334 6.05711310093379
-0.04094375814556171 0.01743154235625033 6.040486590568159
-0.03474770174222088 0.02780012992116512 6.057690403097046
-0.02545977511317562 0.03649725813244774 6.04566590847461
-0.03361124057564644 0.02916392475244061 6.010422428447218
-0.01473633477206008 0.04198917047865762 6.058399790646455
-0.02360503139177591 -0.03772336799641932 6.065048015725181
-0.002243977069002956 0.044443386087401 6.04452418066187
0.009255677789851622 0.04352680126830419 6.059059653864693
0.02186059560289915 0.03876034519823715 6.037783057688409
-0.0439416129518096 -0.007027421375821919 6.072200935671903
0.01555054783080916 -0.04169448958989325 6.064986740861126
0.03065099266228891 -0.03226091518875916 6.069091654947059
-0.04125079435945582 0.01669197306234011 6.067828147693222
-0.003196570551545324 0.0443850418126309 6.071526850059422
-0.02602234724764486 0.03609830250472991 6.07008712088027
0.04257594435145754 -0.01294368427386849 0.04224406535996884
0.02599517617363636 -0.03611787390893335 0.05078828501747969
0.02387325361917137 -0.03755419765664979 0.06911104765291796
0.001919699321359876 -0.04445857346469374 0.05460738179980115
-0.005321883149256675 -0.04418062425708421 0.08533908556998374
-0.03068914149317409 -0.0322246271415503 0.07453569947620618
-0.03485699380077712 -0.0276629713366548 0.0989425758866125
-0.04424315810402102 0.004774197417639859 0.07763962579761971
-0.04324153415833252 0.01050807896971477 0.1153346362217459
-0.04278428515827853 -0.01223744023458778 0.03724476080161023
-0.0367290627788925 -0.02512421038329709 0.1468566876116345
-0.03853535401887882 0.02225480825888373 0.1622906873721676
-0.02058328783685313 -0.03945349492535805 0.03517924056756328
0.002832306574956299 -0.04440977414337365 0.03328631072615311
-0.004432484975867688 -0.04427869777826249 6.066243751805942
0.005331837833045263 -0.04417942400396487 6.075601758231472
0.0436472393327481 0.00866997685289914 0.02504336847039722
0.04079470424116086 0.01777757311547929 0.02120213592073424
0.04346567949367418 0.00953859036510068 6.069435632776415
0.03691682220041441 0.02484749964529611 6.065045853455573
-0.01108043514137721 0.04309842174694722 0.136191857146374
0.002664663063671086 0.04442014825230896 0.1788192859066686
0.04031687302133174 0.0188361288427801 6.033459195456762
0.04083138643072313 0.01769315919062955 0.06118511289588004
0.02972795831622389 0.0331134186448463 0.05230535383658839
0.02171221192121236 -0.03884365911559264 6.076435372631774
0.04110702647781069 0.01704295673152317 0.009869111497276708
0.02384090048068425 0.03757474503266933 5.909415962901522
0.02486276862778643 -0.03690654056073474 0.1943548087523282
0.02522360153192778 -0.03666087731845121 5.906656923314319
-0.01457455012936483 -0.04204560010900821 5.940611969581783
0.02258498470737182 -0.03834277592673463 5.861969043915328
0.02298664890684083 -0.0381033328205504 5.813362590082341
-0.01986577005798882 -0.03981960798404618 5.78580423838886
-0.01931231437061694 -0.04009095301499407 5.73645196348085
0.02362555988083185 -0.03771051471827491 5.660949961626397
0.02362555987822738 -0.0377105147199066 0.2359681365353963
0.02384090048069251 0.0375747450326641 5.561022634684659
0.03978817775766168 0.01992864548143492 5.570407529657857
0.02100736312463933 0.03922933461772635 5.606086993865331
-0.04069420452502879 -0.01800643546277625 4.765081403354471
0.02362555988088447 -0.03771051471824194 4.864622354273589
0.02362555988088484 -0.03771051471824171 4.665540452435387
0.02358614298644962 0.03773518065443378 3.420856362538866
-0.04114775195440175 -0.0169443946217924 3.47321581072846
0.02362555988088534 -0.0377105147182414 3.570589992325277
0.02360359923942395 -0.03772426411402435 3.369889914127693
-0.01943968771671168 0.04002934600361001 3.396202600326639
-0.01952834088422816 0.03998617138848608 3.346433389780398
-0.01906488240040407 0.04020920614807961 3.446354550186237
-0.04430534161303946 0.004157728292213587 3.412632141534876
-0.02022696135247534 -0.03963735655219038 3.429261584104565
0.02362555988082328 -0.03771051471828028 3.471049041406176
-0.01338403894248431 -0.04243957471024024 3.511269439431629
-0.04427343511954557 0.004484745557485847 3.366933845976666
0.02385463624259396 -0.03756602627020221 3.276892185107111
-0.04427649069143016 0.004454477752969214 3.321437610592158
-0.01959894858014733 0.03995161091311264 3.2967427633888
-0.02902076626691488 0.03373492441493083 3.498748479726618
0.02357408860634692 0.03774271249367358 3.321824756387147
0.02348304534834661 0.03779942567245561 3.470624282099264
-0.02180757627249622 0.0387902000139115 3.548842105784332
0.02359588098372803 0.03772909223135036 4.267261224700122
0.02313339301595781 0.0380144199951707 4.465613837861733
0.02352177012524285 0.03777534023903998 4.51564508397487
0.02357351661289675 0.03774306975461166 4.615317702863892
0.02352177012524267 0.03777534023904009 4.664956510353496
-0.01963745940442306 0.03993269572843331 4.690138370428915
-0.01968183522318932 0.03991084266521096 4.740247888063701
-0.04433859511433769 0.003786684999683732 4.705987739202596
-0.01976959313454885 -0.03986744520651404 4.723752571030193
0.02362555988082723 -0.03771051471827781 4.765081403354488
-0.01303446747376097 -0.042548239184195 4.805565468423175
-0.01964202160268621 0.03993045188023307 4.640299893747189
-0.04429883976600871 0.0042264400368969 4.662293664232854
0.0235623350541064 -0.03775005121583318 4.566313355551171
0.0399644612602135 0.01957273195496466 4.475139180087565
-0.04431237765629081 0.004082056644175749 4.613900179116285
-0.01967298521083577 0.03991520578544269 4.540914228638844
-0.01955803120971368 0.03997165764888749 4.490570978528734
-0.04428612978886344 0.00435760350696824 4.515646366790083
0.02357580894657472 -0.03774163791510124 4.417032622220781
-0.044292394255605 0.004293461436422718 4.466137973967866
-0.02908825365342373 0.03367675013112283 4.792273429332829
0.02369234527989045 -0.03766859136121833 4.466663900964639
0.0235926178572772 -0.03773113280356799 4.615925818558524
0.02349240220076708 -0.03779361108490949 4.516237420228697
0.02358614298618005 0.03773518065460228 5.411675380921671
-0.04120407508743987 -0.01680696867934896 5.465651385402934
-0.02071730084461075 0.03938328891438462 5.583170351733406
0.02360359923935502 -0.03772426411406747 5.360708932510141
-0.01943968771701486 0.04002934600346277 5.387021618708673
-0.01952834088514819 0.03998617138803676 5.337252408162936
0.02362555988088534 -0.0377105147182414 5.511638535247744
-0.02225242211172492 0.03853673196006137 5.631865832535533
-0.02327525704437849 0.03792772613165874 5.68180022178235
-0.04444524391090141 0.00220687419226398 5.604321464574051
-0.04431482502310985 0.004055401727468788 5.554373740225481
-0.02605367864402361 -0.03607569582300455 5.577944439196918
-0.04449203246987894 0.0008420491073793879 5.658808114347261
-0.0190648824000719 0.0402092061482371 5.437173568568766
-0.04430634855900462 0.00414698412921842 5.403549844948915
-0.02542170621443404 -0.03652378475934559 5.422571167425639
0.002065376288283054 -0.04445204405635131 5.460711860640135
-0.04427391132228425 0.00448004198936911 5.357778488165478
0.02369355806273784 -0.03766782853215288 5.263018313160043
-0.04427649069156715 0.00445447775160767 5.312256628975217
-0.01953087144597557 0.03998493542024015 5.287253005374039
-0.0313181653272671 0.03161364453102434 5.487091115196684
0.01748991168298614 0.04091885860237728 5.710290822093892
-0.02228458882113214 0.03851813989632771 5.73336104355287
-0.01648582261100566 0.04133361407908162 5.790192754933646
-0.02480133229967769 -0.03694785401293239 5.62746470168673
0.02357408860523628 0.03774271249436729 5.312643774769088
0.02352177012523008 0.03777534023904792 5.461284117706305
0.02376119846912695 -0.03762519697371376 5.561186144068385
0.02358614298645545 0.03773518065443013 2.126824000590534
-0.04108658349198858 -0.01709218116437605 2.17876206675889
0.02362555988088517 -0.0377105147182415 2.276557630376965
0.02360359923940877 -0.03772426411403385 2.075857552179366
-0.01943968771670504 0.04002934600361324 2.102170238378329
-0.01952834088420566 0.03998617138849707 2.052401027832075
-0.01906488240041457 0.04020920614807463 2.152322188237913
-0.04430514127643618 0.004159862554824465 2.118565911458296
-0.02022696135247069 -0.03963735655219275 2.135229222156249
0.02362555988082328 -0.03771051471828028 2.177016679457864
-0.01212949492375755 -0.0428150131717198 2.223071410276562
-0.04427334022196856 0.004485682288105255 2.07288970248029
0.02369355806276661 -0.03766782853213478 1.978166932829728
-0.04427649069142671 0.004454477753003565 2.027405248643821
-0.01953087144439693 0.03998493542101125 2.002401625043178
-0.03039039355150852 0.03250652211148448 2.204073887347103
0.0235740886063749 0.03774271249365611 2.027792394438834
0.02352177012524411 0.0377753402390392 2.176432737375992
-0.02180757627250157 0.03879020001390849 2.254809743836015
0.02358614298646236 0.03773518065442581 3.66970873983657
-0.0407560096438214 -0.0178661041615887 3.719419549029446
0.02378641072081776 -0.03760926302150264 3.819865074169448
-0.01932404067997324 0.04008530219168541 3.646251741544263
0.02362555988088534 -0.0377105147182414 3.670130943244378
-0.0190648824004188 0.04020920614807263 3.695206927483962
-0.04424843020977615 0.004725084546393712 3.67059573838478
-0.04429613081155005 0.004254737962089632 3.620600362123669
-0.02932663327398928 0.03346936779822626 3.747298445565717
-0.04169400964123224 -0.01555183461964642 3.77055034131173
0.02352177012524263 0.03777534023904011 3.719317476622052
-0.04069420452502654 -0.01800643546278132 2.575180483134261
0.02369163335463849 -0.03766903913015809 2.674957288522091
0.02356692219794565 -0.03774718768485907 2.475881424111783
0.02384090048013384 -0.03757474503301857 2.625337334616483
-0.01950347603326975 -0.03999830524684355 2.649834373235421
-0.01946106900024174 -0.04001895542574581 2.699652105688241
0.02363087147870925 -0.03770718649218906 2.774274513408555
-0.0442876266405309 -0.00434236416585917 2.674764611638357
-0.04427649069154088 -0.004454477751868721 2.724791913947711
-0.04427091386725661 -0.004509565983323221 2.624796710459078
0.02367509161654082 -0.0376794378534022 2.575085693583897
0.02369289599391724 -0.03766824497400191 2.525282307634699
-0.0194544735203649 -0.04002216211107817 2.497036822065154
-0.01934911290664127 -0.04007320588280962 2.44951670460513
0.02362952713035566 -0.0377080289540011 2.376088424422492
-0.04429311234239319 -0.004286047016090144 2.47573020975313
-0.04429528055433293 -0.004263580726682066 2.425728765071599
-0.04429259851668164 -0.004291353707171077 2.525731659244601
0.02361804229935126 0.03771522342431573 1.529998290986019
0.02348607118064248 -0.03779754569410287 3.620357182338696
0.02350818766610526 -0.03778379431257766 5.311914656483072
0.02357878296887452 0.03773977999017367 4.117644743237367
0.02352177012521068 0.03777534023906001 4.167251755758015
0.02358614298618765 0.03773518065459752 3.1222335097824
-0.03902032485836402 -0.02139308878932022 3.176244304785825
0.02401473149837404 -0.03746388489013121 3.071526340499338
-0.04427703890776278 0.004449025237112123 3.271437760174737
-0.01943968771702455 0.04002934600345807 3.097579747569371
-0.01952834088514848 0.03998617138803662 3.047810537023612
-0.01912134236171485 0.04018238751351255 3.1481002520085
-0.04424843020977632 0.004725084546392199 3.123120508330803
-0.02022696135260242 -0.03963735655212552 3.130638731347516
0.02362555988082294 -0.03771051471828048 3.172426188648874
-0.01500198320119823 -0.04189499373470493 3.213037466020944
-0.04440465476941866 -0.002911466092666117 3.220399490945982
-0.04428111364678176 0.004408284723199863 3.072495992618993
0.02376838583627041 -0.03762065702161752 2.97359513817684
-0.04427649069156686 0.004454477751610481 3.022814757835888
-0.01943441505059709 0.04003190617046764 2.998439738437609
0.02357408860523807 0.03774271249436616 3.023201903629764
0.02352177012524889 0.03777534023903621 3.171842246566999
0.02359341267046011 0.03773063580913225 5.163068649154658
0.02384090048013201 -0.03757474503301973 1.928550678182765
0.03942230203256579 0.02064296738487854 1.83810264256014
-0.01944726427295716 -0.04002566566963957 1.953165802948409
-0.01917321505997777 -0.04015766208662851 1.903141363064043
0.02362555988083332 -0.03771051471827398 1.828623351241011
0.01914819549612279 0.04016959807170421 1.873496197954668
0.0237360024184299 -0.03764109707742708 1.878265492200526
0.02362914320266954 -0.0377082695374335 4.91438323586499
-0.04102709696481956 -0.01723448039945774 1.428613869304355
0.02362555988088457 -0.03771051471824188 1.330918596645506
0.02366435624289449 -0.03768618106958279 1.530613979143794
-0.01951431769005975 0.03999301695410614 1.504960390637239
-0.01954144643815725 0.0399797682722728 1.455129648167824
-0.04433184884424259 0.003864864557940833 1.489103887321867
-0.0198731086658385 -0.03981594595078427 1.471805917300385
0.02362555988082646 -0.03771051471827828 1.430459547564607
-0.01179718956560577 -0.04290776524538609 1.384066239714892
-0.03040328770020264 0.03249446255931474 1.403456224231985
0.02329022880818831 0.0379185342815652 1.430515925438597
-0.02170021860539063 0.03885036051928293 1.352538001865082
0.02384090048070161 0.03757474503265833 1.977548401597004
0.02350818766613892 -0.03778379431255673 2.027063276152479
0.02363899326473554 0.03770209539839647 2.575180775813531
0.02344251284163561 0.03782457655638394 2.674304558098403
0.02347969615621992 0.03780150616591343 2.724050287699202
0.02361406691632306 0.03771771259861097 3.570752414107824
0.02379243812048096 -0.03760545024704642 3.719825180703977
0.02362555987824453 -0.03771051471989585 3.321737615027525
0.02376231881144596 0.03762448942780754 2.277139609132613
-0.01877001961716958 0.04034769341078953 2.300466439629274
0.02357793421791518 0.03774031025330429 2.475601695603523
0.02349279252903522 0.03779336845516296 3.869270924354856
-0.02180757627252385 0.03879020001389596 3.797694483082067
0.02378888425168615 -0.03760769849458856 3.869524777667065
-0.01942198527706713 -0.04003793810746737 3.847460842838626
-0.0195414464429597 -0.03997976826992545 3.894313219936559
0.02362555988082924 -0.03771051471827654 3.968753796001681
0.02237019995740269 0.03846848260415039 0.9720843040395974
0.02358614298646332 0.03773518065442522 1.629119245995007
-0.04131945724474239 -0.01652127274152647 1.68664488525836
-0.01939464631326502 0.04005118842660421 1.604444912914631
-0.04428443355295578 0.004374807983654132 1.535063964065884
0.02397078972487583 -0.03749201568288623 1.729791213114143
0.02362555988088517 -0.0377105147182415 1.629541449402809
-0.01906488240042137 0.04020920614807141 1.654617433642394
-0.04431166321520696 0.004089804775545484 1.621548086951146
-0.03148655671590716 0.03144593369858751 1.706610852509787
0.0235217701252451 0.03777534023903857 1.678727982780484
-0.02180757627252257 0.03879020001389669 1.757104989240499
-0.04169400964127675 -0.01555183461952707 1.729960847470177
-0.04439242263533447 -0.003092379757701667 1.782246728929973
-0.02272620709468991 0.03825924085876856 1.850985285983749
-0.02460937357298526 0.03707598592546467 1.899776404332318
-0.02438246168370101 0.03722560358466807 1.94845489824399
-0.04429508682984014 0.004265592893950682 1.577950157834944
0.02336465512629688 -0.03787271961226456 1.58001479564046
0.02358614298584202 -0.03773518065481356 1.281570324593979
0.03843992192093044 0.02241924179611727 1.188276964751976
-0.01950347603324037 -0.03999830524685787 1.306031535827558
-0.019064882401047 -0.04020920614777477 1.256072136946345
0.02367490951924273 -0.03767955226984086 1.182027265195023
0.02159963071147387 0.03890637419662689 1.206174377388054
0.0236455330475814 -0.03769799420255321 1.231807826801449
0.02375981922030553 -0.03762606796648302 1.679826926461946
0.02362555987814127 -0.03771051471996055 5.710720437085946
0.02362129966243917 -0.03771318340126236 4.018524775569787
0.0236233373480411 -0.03771190703929789 4.068307185071304
0.02362819527526543 -0.03770886352084778 4.118080566776726
0.02363033932944823 -0.03770751998176401 4.167833090893057
0.02362487766970017 -0.03771094211355243 4.217592511767931
0.02356466336888877 -0.03774859785887353 4.267623933312631
0.02362555988149325 0.03771051471786054 0.7834433665904512
0.02384090048070603 0.03757474503265552 1.330532220622847
-0.04069420452502111 -0.01800643546279361 0.534590989292699
0.02369355806252379 -0.03766782853228752 0.6343640954225216
0.0236899658868345 -0.0376700878188599 0.4352775557097543
0.02363527854762074 -0.03770442424936865 0.6839460580833419
0.0237315356645692 -0.03764391338584872 0.4848199552555086
-0.01961816424670133 -0.03994217860344437 0.4599352761009796
-0.01954144643774678 -0.03997976827247344 0.4099496635148417
0.02378028044544756 -0.0376131394852366 0.5346527403095394
0.02384090048013267 -0.03757474503301931 0.5847478407749117
-0.01930933558128514 -0.04009238779879935 0.6132615353405426
0.02357384872819594 -0.03774286232044589 0.7339358160935612
0.02362129966413668 0.03771318340019914 0.2857381078862993
-0.01950875086433526 0.03999573276880045 0.3107622338381383
-0.01942846477535022 0.04003479432285091 0.3598565299093003
0.02384090048013264 -0.03757474503301934 0.2861249880176089
0.0236255598781832 -0.03771051471993428 2.82403286043202
-0.01961816424677905 -0.03994217860340619 2.799147622699871
-0.01954508876763154 -0.03997798775658178 2.849124043873582
-0.04428222196914432 -0.004397137418302033 2.824205086555405
-0.0442822771381684 -0.004396581792534808 2.873869055989765
-0.04427703890792973 0.004449025235450662 2.972814907418464
-0.01945626129089346 -0.04002129303983669 2.899132921846313
0.02371604084671245 -0.03765367719834367 2.873746351741448
0.02384090048070681 0.03757474503265502 0.3848931868913864
0.02319318681099755 0.03797796842315514 0.8825965629868814
0.02362555988148317 0.03771051471786686 3.81944236962303
0.02384090048013271 -0.03757474503301929 0.3856659389367099
0.02362555987816703 -0.03771051471994442 2.425869056755617
0.0237675716270459 -0.03762117141920547 1.13235419299071
0.03962493727013687 0.0202512801160252 1.042188168776095
0.0191481954962017 0.0401695980716666 1.077168590601868
0.01927610108289135 0.04010837726762521 1.123777759844133
0.02349773438647827 -0.03779029609175504 1.082294732489797
0.0398226654859068 0.01985964031893748 0.9916583513991906
0.02340681506172718 -0.03784667764369948 1.032694613823585
0.03796951946082479 0.02320701600624362 0.9485148829887227
0.02341688181883248 -0.03784044986364238 0.9829112355428875
0.0398257108936769 0.01985353247694892 0.8921055902232721
0.02340424217273313 -0.03784826876252149 0.9331537893922884
0.02340422298103865 -0.03784828063008704 0.8833833151094589
0.02341893901138298 -0.03783917672969542 0.8336417154648068
0.02349572059002754 -0.03779154818150952 0.7837381388212635
0.02384090048013424 -0.03757474503301832 2.923960187373778
0.02384090048013277 -0.03757474503301925 3.770058270186142
0.02380557273550594 -0.03759713694863661 3.919272704831079
0.02344452669802599 0.03782332835573234 0.4843513843288973
0.02352177012524217 0.0377753402390404 0.5340070472108229
0.02357770549291253 0.03774045314631877 0.6336491773429596
0.02352177012523979 0.03777534023904188 0.6833184735894866
-0.01984511728226281 0.03982990484614837 0.6581679041559767
-0.01961816424528985 -0.03994217860413764 0.7087876534011802
-0.01952836404922257 0.03998616007521892 0.7581745845262886
-0.01978181698192315 -0.03986138127177352 0.8087492602556277
-0.01961816424455587 0.03994217860449815 0.8580990797797793
-0.01985182336874138 -0.03982656285616792 0.9082685694022971
-0.01961816424457467 0.03994217860448891 0.9576400306988895
-0.01971773596030684 -0.03989311831130304 1.008282426301904
-0.02170083267737208 0.03885001751748254 1.050437856078151
-0.01961430812158965 -0.03994407236263401 1.107725828707762
-0.02477606326112861 0.03696480338484912 1.103654476100104
-0.02563338869650988 0.03637553276494572 1.150851169511468
-0.01982257059681734 0.03984113069347044 0.7083084856568367
-0.01997070958575274 -0.03976708134426669 0.7585937113482529
-0.0197068829679448 -0.03989848071904151 1.058043959647603
0.02339245472605477 0.0378555552315572 2.823540570303484
0.02351070093721329 0.03778223049848854 2.873479964931217
0.02362555988145061 0.03771051471788725 4.366917599678085
-0.01961816424468562 0.03994217860443442 4.391802837407861
0.02363094383068031 -0.03770714114953867 2.326333039212292
-0.01914802511472543 -0.0401696792893078 2.351264872739955
-0.04426344590274436 0.004582287290734064 2.283587357653759
0.02341924204254318 -0.03783898917984963 4.367431191672228
0.0235124602367515 -0.03778113568456062 4.317645587000486
-0.01955803121188566 -0.03997165764782475 4.342805171746667
-0.01947349567524931 0.04001290999397627 4.291888786853111
-0.01961816424718919 -0.03994217860320475 4.242491411029208
-0.01956533802406614 0.03996808161525934 4.19244809056618
-0.01961816424799662 -0.03994217860280817 4.142950460110117
-0.01964204079000353 0.03993044244187431 4.093199058023476
-0.0196861670208321 0.03990870616830245 4.043555570689619
-0.01947828296881314 -0.0400105797581945 3.994533513201642
-0.01963152010913502 -0.03993561591117166 4.293041136922402
0.02345539698366715 0.03781658832230345 2.426001467519203
0.02362056743527656 0.03771364201499972 2.973335882050602
0.02357858827994045 0.03773990162579991 3.968333329283783
-0.01950347603240843 0.03999830524726354 3.943870381360061
0.02352177012524601 0.03777534023903801 4.017940329379358
0.02385403358575639 -0.03756640895387268 1.779184166630648
0.02365822516652931 -0.03769003027286923 2.72463472141625
0.02328448988188314 0.03792205863268081 1.779298131067643
0.0235960695828486 0.03772897428027122 3.271943048157547
0.02362433480791868 -0.0377112821962256 4.964146440890056
0.0236148706232024 -0.03771720940697246 5.013943044103991
0.02362482476369301 -0.03771097525767263 5.063721215090575
0.02362880956049597 -0.03770847860566393 5.113492024703682
0.02372818044537001 -0.03764602837952444 5.163272502979716
0.02344755446477513 0.03782145144784113 5.262701449630116
0.02373488363411647 -0.03764180254550717 3.022486734896269
0.02370670879926126 -0.03765955334184181 5.213082819231317
-0.01944360065650546 -0.04002744550318369 5.237938579545271
-0.01961816424466103 0.03994217860444649 5.188130444760683
-0.01961816424717592 -0.03994217860321127 5.13835996930114
0.02370318653472964 -0.03766177037925609 5.611174123939387
0.02384090048072292 0.0375747450326448 4.7646950273318
-0.02458696906336224 0.03709084728443485 4.842765864286896
-0.01961816424664261 -0.03994217860347321 4.889507592000971
0.02384090048072312 0.03757474503264468 4.8642359782509
0.02384090048072168 0.03757474503264559 4.963776929169996
-0.01950347603249864 0.03999830524721955 4.939279890551614
-0.01961816424813047 -0.03994217860274243 4.989048542922489
0.02368155157489773 0.03767537810036495 5.063575884408474
-0.01978997032256255 0.03985733401310345 5.088071880189713
-0.01983096921296054 0.03983695093847685 5.138332506680348
-0.01965689987213217 0.03992312972973149 4.242289171063622
-0.01994714681239133 -0.03977890564161998 0.8584234818113896
-0.0194611546352334 0.04001891378165496 3.894098082812359
-0.01946115463523103 0.04001891378165611 1.55488573621351
-0.01946322646685728 -0.04001790618585418 0.6608521256396727
-0.01946115463600727 -0.04001891378127863 2.00282001534645
-0.02710711198494124 -0.03529099714992274 2.052414245959831
-0.04427137173221436 -0.00450506880614395 1.977969644679883
-0.04426405576154751 -0.004576392415277833 1.928035795703677
-0.01946115463592985 -0.04001891378131628 5.287671395676703
-0.02710711198410947 -0.03529099715056162 5.337265626291763
-0.04427137173221024 -0.004505068806184412 5.262821025010244
-0.02498041276284118 0.0368270142449545 5.237879808729398
-0.01942217379528376 -0.04003784665870272 0.9584279706334382
-0.01918556208248638 -0.04015176468823084 2.301830736149189
-0.01946492655826003 -0.04001707927974683 4.043409509191076
-0.01945981274936507 -0.04001956631148879 4.939198986226458
-0.019185562078188 -0.04015176469028471 5.088977361886702
-0.01957960312487609 -0.03996109534875567 5.03919547384748
-0.01918556207399251 0.04015176469228943 0.9074816871942032
-0.01975887250921188 -0.0398727595880284 4.192759912328511
-0.01918556207398454 0.04015176469229324 4.342420229993455
-0.0197305279748838 0.03988679312544852 0.807912901648915
-0.01946492654813138 0.04001707928467356 0.2608533742657403
-0.04425715203292889 0.004642681761031863 0.2926679240528891
-0.03330464139061503 0.02951357080806272 0.2093324910750521
-0.04429366935709774 0.004280286775918197 0.3384921369814319
-0.01918357148879968 -0.04015271578528794 4.093571226502141
-0.01966870076645449 -0.03991731717136902 5.188510745271581
-0.04426295056639775 -0.004587069560910171 5.212903480543683
-0.04446593657984717 0.001740828560487543 5.162997592410787
-0.04441798138599876 -0.002700542462741067 5.115089402973072
-0.01925998505769538 -0.04011611865045459 2.40036521385659
0.03681385628519756 0.02499979970745406 0.01475660978633288
0.03616867666389988 0.0259244446108738 0.0240459317545043
-0.04424391357577288 -0.004767191154080117 2.774889533834966
-0.0191289434777976 -0.04017876953595299 2.749860981144653
-0.01974134753330196 0.03988143926150851 3.993538145117864
-0.01945096435739301 0.04002386769875479 4.143247757440339
-0.04422900158052705 -0.004903612871111981 2.923709289482379
-0.01980410911316539 -0.03985031069181066 3.944511074752894
-0.04431342365338631 0.004070685951470854 4.564347785063338
0.0376734190726413 -0.02368466793892511 0.008604494011182677
0.03486645640804659 -0.02765104369722392 0.01722099813835801
0.02764087418731506 -0.03487451898107012 0.01722227316786628
0.03248449404251266 -0.03041393836388111 0.02565190902333304
0.02304502615289099 -0.03806805445005786 0.02897208432667236
0.03872295046809505 -0.02192676690817543 0.02732465907750962
0.02367542740493257 -0.03767922686565859 0.008620620762482543
0.0376786513207648 -0.02367634335467004 6.087397235645986
0.0403701907613205 -0.01872158374429345 6.079632136810998
0.005066752503280492 -0.04421060980206562 6.085396378642062
0.02366317387423548 -0.03768692349075073 6.086461453460476
-0.004969233210737423 -0.04422167705206694 6.087367165728129
-0.009730335463596224 -0.04342315709118674 6.077549767406242
-0.01968074002890625 -0.03991138273618952 6.076496519483372
-0.02353216594306246 -0.03776886503494871 6.086371186568306
-0.02771982693619734 -0.03481179677389933 6.078081236712545
-0.03142546099765047 -0.03150698971792051 6.087138768436153
-0.04195628837205229 -0.01482969541296077 6.087875399622445
-0.04007656447654673 -0.01934215550959076 6.079042346280535
0.02369135119242877 0.03766921659229196 6.087346268165458
0.02774524210526315 0.03479154409508628 6.078715243791001
0.01928258393865293 0.04010526095973948 6.078720669580561
0.02488490752761617 0.03689161662684345 6.070861850512276
0.03481264216536215 0.02771876522261496 6.078730049089622
0.04054040724102576 0.01835007849388623 6.075988092173141
0.03902053714075585 0.02139270158831963 6.085776033811068
0.01471465663357343 0.04199677225878238 6.087404147241851
-0.01469955440346409 0.04200206066777676 6.087388658607151
-0.03150086740726434 0.03143159799612408 6.087607828081607
-0.03477017905739269 0.02777201196018846 6.078063821090465
-0.005077860793006269 0.04420933532373959 6.08782338446094
-0.04202299958864393 0.01463958693313551 6.087646276790379
-0.04423269223306039 -0.004870209216795407 6.088023545132021
-0.01468882093200839 0.04200581554531934 0.008637786176856241
-0.01941018557213016 0.04004365987338657 0.01724225074449888
-0.009774873114080504 0.04341315302536348 0.01722419045773297
-0.01607431079798441 0.04149537965086958 0.02560405675919289
-0.02464570015214859 0.03705184832110785 0.02658660323316456
-0.01922466977571028 0.04013305460608365 0.0376609320940311
-0.003826480539771878 0.04433517843291879 0.02954821648424455
-0.03228953575695471 0.03062084062530523 0.04056682446227163
-0.02470048716999955 0.03701534727062124 0.05485401211386663
-0.004404238120681588 0.04428151630845917 0.04453500469452606
-0.00524353259869652 0.04418999169366754 0.06822872061031543
-0.03609133640278987 0.02603200792602551 0.02443210965262809
-0.04054396219588143 0.01834222258776013 0.04288712406269903
-0.0427635579445254 0.01230967554102131 0.02432559144437812
0.01127762390046256 0.04304724380444949 0.04096535172095622
0.009400410340615858 0.04349577319036923 0.02325902535857918
0.02119328867881435 0.03912920284105516 0.02628388008236943
0.01849011514538571 0.04047672963457372 0.01529566557337796
-0.005015391836250744 0.04421646576479026 0.008542025699841495
-0.04195444230194521 0.01483491729443579 0.007855820751030184
-0.03139051652663781 0.03154180515111458 0.008134818554996396
-0.03146580068549584 -0.03146670283364066 0.00863436423320971
-0.0347915180258564 -0.02774527479511618 0.01727602696982396
-0.02772794617966275 -0.034805330061037 0.01727625793550259
-0.04010749550286417 -0.01927793569051756 0.01726943749268053
-0.03755552697695627 -0.02387116238232042 0.03014677861693807
-0.02367613046527716 -0.03767878509441586 0.008637857781304817
-0.04200365403555853 -0.01469500077104821 0.008623240203335618
-0.04339382602285658 -0.009860317596206264 0.01723781670547256
-0.04421800643404599 -0.005001790379320943 0.008553440612544585
0.004973285632200701 -0.04422122148946754 0.00863728482012964
0.009690119265401543 -0.04343214925170402 0.01845743636834384
-3.40734194356478e-05 -0.04449998695507772 0.01728511894978437
-0.004976019628150995 -0.04422091392836942 0.008636792898768376
0.03479154455829418 -0.02774524152441694 6.078716223171361
-0.02800777044634861 0.03458055515205968 0.01688861376414102
0.04009311462165773 -0.01930782639073117 0.01726867782248005
-0.01967902103453526 0.03991223034512502 4.590422461915162
-0.04420376672113685 -0.005126110383450014 2.377234550389939
0.0192924934915133 -0.04010049494557289 0.01904322993834835
-0.01955803121104012 0.03997165764823846 0.5089329417647009
-0.01924040055996702 0.04012551540219789 0.558613212306723
-0.01969963749748416 0.03990205862443335 0.608148533558227
-0.04428459971980347 0.004373125616396339 0.5837829171766923
-0.04427137173232877 -0.00450506880501961 0.634166807270704
-0.04423526522645359 -0.004846783505099599 0.6837703405235571
-0.04427949168443086 0.004424547001492677 0.7326620922710672
-0.0443453726736534 0.003706470347216417 0.7827575213024447
-0.0444681872995155 -0.001682354984897142 0.8326006365367189
-0.04444738069685044 0.002163411470166199 0.8807405561763312
-0.04428837329228969 -0.004334742336379528 0.9337093712153652
-0.01849644064880087 0.04047383949325029 4.988259685374972
-0.0197803077069733 0.03986213023682318 5.037839532852733
-0.04428896509809194 0.004328691550572025 5.063253636457235
-0.04423003119730875 0.00489431714185898 5.011964660618103
-0.01961434853245068 0.03994405251908661 4.440947069819225
-0.04429010169484669 0.004317046659481254 4.415832315604001
-0.04425576580415291 0.004655877262983809 4.366743603892882
-0.02511232804139039 -0.03673718797542345 4.392004866584235
-0.01961816424682641 -0.03994217860338294 4.441573312865227
-0.01950348985070982 -0.03999829850935235 4.491728983001877
-0.04444713355019295 -0.002168483149879628 4.317519574170884
-0.0444494520113398 0.002120428233069866 4.268895620907622
-0.04445967638260966 -0.001893984148196675 4.219848430414894
-0.04448368200787801 0.001205004158495107 4.171303259476545
-0.04442615975159405 -0.002562485068413997 4.121058162630583
-0.0444880580610677 0.001030868544029523 4.071578912461303
-0.04441245207135709 -0.002790000180897762 4.021821343169869
-0.04427140194766788 0.004504771868588811 3.968939341779138
-0.04427137173190455 0.004505068809188478 3.918948453480575
-0.04428738641339944 -0.004344813536878509 3.870018825975755
-0.04449661544926451 -0.0005488292633185117 3.817820419112688
-0.02526767976291278 -0.0366305113177374 4.54074611763058
-0.01961816424682592 -0.03994217860338318 4.590884739243879
-0.01946492655990155 -0.04001707927894837 4.640655214708006
-0.01935456299329288 -0.04007057388332063 1.854295825354652
-0.01944263962229514 -0.04002791231775096 1.804097381092755
-0.04417405870397453 -0.005376108036285334 1.8786210916753
-0.01893791954657626 -0.04026915945543692 1.206753861960697
-0.01913950611097343 -0.04017373900731684 1.1575799272025
-0.01888940131578931 0.0402919411040354 3.197110261123251
-0.01982096358386794 0.0398419302068434 3.247711077499129
-0.03479737804182268 -0.02773792496591042 6.078600389371361
-0.01969292987641313 0.03990536947432857 2.949385658240845
-0.01991830555230116 0.03979335502222913 2.898793278041031
-0.01955803120971147 0.03997165764888856 2.848145288363563
-0.02527542192312436 0.03662516957787424 2.799092580454313
-0.01967298521083967 0.03991520578544076 2.749177112095003
-0.0195580312097105 0.03997165764888905 2.698833861984922
-0.02428376140139153 0.03729006479211704 2.649543679198747
-0.01950348984620561 0.03999829851154865 2.599680526191496
-0.01899287918396039 0.04024326701826635 2.550295515485741
-0.02470052074445842 0.03701532486623046 2.500391066087785
-0.02150100529522994 0.0389609647120614 2.452572542196763
-0.02665846190232643 0.03563111574175316 2.400866437008502
-5.008518848536128e-05 0.04449997181430449 0.01774904583599533
0.009957980121070915 0.04337151867191598 6.078939095899749
-0.009966058925426164 -0.04336966300877761 0.01706084771836085
-0.01931145148854018 -0.04009136866466097 0.01725292755521744
-0.01864757801114463 -0.04040442839984592 2.948048302035164
-0.01950348984894036 -0.03999829851021516 2.99861471921239
-0.02386246940334676 -0.03756105102329193 3.042125681170035
-0.01948088656809466 0.0400093121475617 6.079366333624043
-0.0185391701700502 0.04045428493257446 0.4097825118159306
-0.04429910197521018 0.004223690825561084 0.3853155557815982
-0.02485391556810191 -0.03691250304346295 0.360427990571247
-0.04428222196882549 -0.004397137421512858 0.4348778122407123
-0.04429006804223751 -0.00431739189951191 0.4848768535000516
-0.02455278294273504 0.03711348609019286 0.4598504422838064
-0.01959385911314149 -0.0399541072363576 0.3112051968162763
-0.04413635292885725 -0.005677354149544821 4.964212261176141
-0.04420116855790968 -0.005148465607854133 4.915007452632914
-0.04449992221621942 -8.320306737670524e-05 0.01688451039927168
-0.02125047145417637 0.03909817723341121 1.198566941224227
-0.02554131683241613 0.03644024059286843 1.248090764044755
-0.02451115376304395 0.03714099273315694 1.299648184576233
-0.04430129239632542 -0.004200653760461473 0.9826595330188042
-0.04430356289764711 -0.004176639148193973 1.032470607336215
-0.04430247775599828 -0.004188133794338129 1.082226920400512
-0.04424735333009056 -0.004735158210886242 1.130674288344165
-0.04418787960867215 -0.005261301710555699 1.180632190290986
0.03768228702903948 -0.02367055648397567 6.070060000679854
-0.01920433779078693 -0.04014278777087302 5.690644983185093
0.031695371580616 0.03123545133925039 0.1342718829269772
0.03029299627845895 0.03259730627633627 5.958686680927452
-0.0152553709152416 0.04180339290342831 5.940272115011074
-0.0195034760337852 0.03999830524659221 5.88491892428307
-0.0442610644172468 0.004605233615391158 5.931446180787264
-0.03983492436596386 0.01983503972161232 5.837717954132856
-0.04241618007281692 0.01345799643447598 5.968388641839796
-0.04405843280462633 -0.00625335900138685 1.23123675830132
-0.04416062469440592 -0.005485364764518931 1.280687306372169
-0.02839565297785193 0.034262762468333 2.352120894494778
-0.02829902073156011 0.03434261821170208 4.892061171638162
0.02691949630751493 0.03543431555074388 0.01698969233678475
-0.025866349857603 0.03621024640960182 3.844265408907126
-0.04423032441087838 -0.004891666639138001 0.02585664419400327
-0.04449991172426297 -8.863708480724408e-05 1.831176817056177
-0.04252174786977258 -0.01312063100995874 5.508537809830254
-0.01832980351190897 0.04054957833584475 3.597311028505021
-0.04435995262059701 0.003527690958458253 1.328208018495093
-0.04336393740904287 0.009990942517330972 6.078712316644494
-0.01863264112462099 0.0404113187698828 5.531153907216892
0.03615257578604204 -0.02594689314801459 6.002613237210646
-0.01862003860823688 -0.04041712709022956 0.2625838981813879
-0.04449471065848971 0.0006860928634532029 5.711834249696092
-0.0439824299159125 -0.006767263752200358 5.759080735633662
0.01478368117203658 -0.04197252400086956 0.0393458772726437
-0.02724728085554802 -0.03518288910790139 1.560879226803027
-0.02736352140415286 -0.0350925589885444 1.604992295750739
-0.02419093277979192 0.03735035168835213 1.006190565919605
-0.01950348984691632 -0.03999829851120209 3.59586042472759
-0.02477079492317493 -0.03696833400187261 3.642838755927551
-0.02811428485659229 0.03449401378503791 0.08393707537568579
0.04373881470321542 -0.008195491953372097 6.081651991122838
0.04374582453088841 -0.008157992161844877 0.01438575031458668
-0.02710711198487842 -0.03529099714997098 3.346446607908182
-0.02227126040327514 -0.03852584794718357 3.300280833660928
-0.03431359373025721 -0.02833420698228297 0.04491065294513136
-0.02068552254897464 -0.03939998930045364 5.832779608255067
-0.04403062969040371 -0.006446211993608304 2.329499328532103
-0.0400896699004376 0.01931497779636174 0.01591687796041898
-0.04420309108061456 0.005131933253550076 0.03513371624118823
-0.04438556676544215 -0.003189273100641827 3.569455016324902
-0.009915019895390446 0.04338135982739604 6.078778987129979
0.01284777851049272 0.04260498312809572 0.05347787785514137
-0.04449972438589675 0.0001566192172952196 6.078838460824388
-0.04442377671126591 -0.002603471280346467 4.865961131248144
-0.03154876813694039 -0.03138351842992711 6.067759516942967
-0.02634166175645272 0.03586595678228362 1.804051068174997
0.02423976557048247 0.03731867850136246 0.008406100647575517
-0.02648166255290125 -0.03576271170415168 2.263699518618745
-0.03165013661422726 -0.03128128597581549 0.03156670832939204
-0.04202602093615906 -0.01463091125916362 0.02591150815943524
-0.01472549001254721 -0.04199297493498611 6.07006698502065
0.01484629729072445 0.04195041664579063 6.070010478658912
-0.043880615060141 -0.007398758135236377 2.23004491025547
-0.02287703114450747 -0.03816924738599433 0.02564795419945139
-0.01467998935877289 -0.0420089027757964 0.02587123004098814
-0.03753934413818856 -0.02389660314092043 6.066877645188428
0.02350172477250548 0.03778781460626431 2.32635583677345
0.03712702769624564 -0.02453230145017399 0.09437343167529784
0.01406318189389892 -0.04221939027294346 6.077852106235226
-0.02344263014459011 -0.03782450385535751 3.259727311151075
-0.02666379804572714 -0.03562712272660644 1.344237312709844
-0.04384688101409676 -0.007596119096989025 1.377731742979227
-0.01250400475443461 -0.04270714068046556 5.979736680015919
0.02916304480406735 -0.03361200407229477 6.078343873025787
0.0241272197809201 0.03739154002770115 5.810902146372415
-0.006290063429147248 0.04405320762506749 5.983615686481344
-0.01571015881819483 -0.04163461192213871 5.533272994792216
-0.01712991248644911 -0.04107086678177848 1.759030662365875
-0.04400232580978002 -0.006636665075922284 5.803880192669983
-0.01720013132322249 -0.04104150926152571 3.798315343821971
-0.04422642843200041 0.004926766500367734 6.067762850597234
-0.01641260501764682 -0.04136274164673703 2.604453717463944
-0.01641260501764204 -0.04136274164673893 0.5638642236223859
-0.01674074527698456 -0.04123102530341828 0.5051662480152915
-0.01704770900454487 -0.04110505586538424 1.64829180379949
-0.02410530228959205 -0.03740567338689932 3.553229037408265
-0.04382843985351296 -0.007701808878893092 3.522803570760114
-0.02407639700880911 -0.03742428499082123 4.684215124182977
-0.01693628242387401 -0.04115109157311354 2.545792063784367
-0.01683683128334496 -0.04119188163141101 3.689238878530163
-0.02156814958042669 -0.03892383490454582 4.850895913239082
-0.04368433163523883 -0.008481106624873407 4.815303896154787
-0.02774570986248782 0.0347911710671924 6.079321632764549
0.02978706542478682 0.03306025912450581 0.02561928476042483
-0.04009311462165773 0.01930782639073116 6.079512446817718
-0.02924771425131879 -0.033538354328637 1.517637891389102
-0.01575426956718614 -0.04161794072758085 3.087081220346592
0.02430703390000184 -0.03727489910092529 3.122655713189323
0.02430703390000025 -0.03727489910092633 5.412097584328645
0.02342018086942807 -0.03783840810662197 3.419918133050974
0.02342018086942071 -0.03783840810662652 2.12588577110271
0.02344731660516239 -0.03782159890878856 1.481510038601544
0.02359631201291439 -0.03772882266105308 4.714693573194578
-0.03098231069382433 -0.03194286186413701 2.094446292758475
-0.03098231069381872 -0.03194286186414245 3.38847865470681
-0.02971830632030302 -0.03312208129711412 5.378578425237672
0.01390628796753863 0.04227132781169631 0.007322763082373102
-0.03183124503817936 -0.03109697476153237 6.056556483330151
-0.01430248384938265 -0.04213892447296381 3.744434834250965
-0.01449502711639288 -0.04207308152364211 1.712986790543831
0.03405625294460245 0.02864300325338209 6.047279474553155
0.03148726305516545 0.03144522643096744 6.070080357575819
-0.009272288206537629 -0.0435232658633851 0.124856268527762
-9.831034688763287e-07 0.04449999998914053 6.079920155619467
-0.01465438036517048 0.04201784306830737 6.070093394084411
-0.01482864822917126 -0.04195665849058402 6.05178015894159
0.03547412837278425 0.02686700981112753 0.03471001181991115
0.04086080142753292 0.01762512146624027 0.03120657438662645
-0.03962764651064282 0.02024597816919543 0.06086527087091301
0.04200280819872235 0.01469741825700495 6.089480001658786
-0.03479150096982749 0.02774529618271343 0.01588106951600913
0.02777172930931265 -0.03477040481746314 2.226787154917415
0.02777172930931213 -0.03477040481746356 3.520819516865727
0.02503363283191321 -0.03679085793015646 3.226518574673732
-0.002230084586236191 -0.04444408535157666 6.078160644505015
0.02796783545959689 -0.0346128614781401 4.814851878814039
0.02796783545960599 -0.03461286147813274 1.380689072105057
0.01345479189965726 -0.04241719668880674 0.02915880243558308
-0.04116312575341259 -0.01690701269322115 0.06074766899757048
-0.04342273972049658 0.009732197858963213 0.2510731861956
-0.04338162193647115 -0.009913873015178518 6.08032589271118
-0.04420587621471905 0.005107886851618415 0.05563108829369559
-0.007892459809544283 -0.04379450968049223 0.03727803664723777
0.03767922686565862 0.02367542740493251 0.006243108796901722
-0.0144918358220145 -0.0420741808536753 5.898600719674009
0.02684899229463222 0.03548776708617745 6.059046948967851
-0.00558504460964713 -0.0441481288018898 0.02682629123204415
-0.04279099995264714 -0.01221393970234632 0.1836973467344523
-0.03773332107743817 -0.02358911783994816 6.04247151765765
0.01108747598752811 0.04309661095986536 6.012761260224325
-0.04339632929553811 0.009849294577441624 0.0159332151331816
0.04381954147627027 0.007752276105082247 0.00830737344461009
0.04390451430462564 -0.007255592579171126 0.007275811509668244
0.04390451430461607 -0.007255592579228956 6.088724188490429
0.04380462450633538 0.00783612607472353 6.087926943573789
0.008098388281303933 0.04375689782474575 0.09786831343182592
-0.04159023392733713 -0.01582726893274313 6.069386490498208
-0.04352975466688318 -0.00924177789394234 6.057494734346492
0.03486408567253398 -0.02765403280207446 0.03820142121290686
0.00548635807844583 0.04416050129963509 6.068605368988218
-0.01445492507465119 -0.04208687611460632 0.194917372183585
-0.01979422994474203 -0.03985521874102158 5.495366647038376
-0.0339504099132761 0.02876837963321055 6.067681177994548
-0.04449986349141817 0.0001102236142938031 6.008236725463666
-0.008563938117596304 0.0436681687722073 5.835255754082052
0.02846091491447566 0.03420857088846269 0.07326634947884945
-0.0443179899723922 0.004020667209176143 0.02591286523490418
-0.01437000081390028 -0.04211594800795187 0.05867189652099793
0.005557745183208286 -0.04415157379390371 6.065411643313888
-0.003179222561403814 -0.04438628779144591 0.1570574936447794
-0.002833824689133394 0.04440967729708534 6.059349100007488
0.03450071834353793 0.02810605688779315 0.1811971445436324
-0.04113016277744128 0.01698704535524595 6.058021105472537
0.03236303586996478 0.03054314831970295 0.01580805419483021
0.009775080218322556 0.04341310639340796 0.01429820356172616
0.03777962927340991 -0.02351488064957399 6.056594268936148
0.03385557334393573 -0.02887992648109389 5.468341101598774
-0.04140574436454898 0.01630381346856066 3.182826788358784
-0.02602725818556379 0.03609476182691891 6.057827925495879
-0.04025828544642296 0.01896102457448778 2.574665828827532
-0.04102147043265058 0.01724786837679295 0.541015659659435
-0.0389513115509498 -0.02151848806168417 5.976706272816086
0.02446644042321744 0.03717046264195741 0.03776636347027663
0.04183191040380777 0.01517699812109756 6.083843636168992
-0.03793019728323596 0.02327122974951687 6.073159546054813
-0.01162995864731426 0.04295339406684599 6.01571798702036
2 2 0 61
1032
1033
1034
1035
1036
1037
1038
1039
1040
1041
1042
1043
1044
1045
1046
1047
1048
1049
1050
1051
1052
1053
1054
1055
1056
1057
1058
1059
1060
1061
1062
1063
1064
1065
1066
1067
1068
1069
1070
1071
1072
1073
1074
1075
1076
1077
1078
1079
1080
1081
1082
1083
1084
1085
1086
1087
1088
1089
1090
1091
1092
0.02954295053364281 -0.01896507565557502 6.096
-0.02967629957200557 0.01870060673850931 6.096
-0.01903282802935082 -0.03044627890562952 6.096
0.01809505269916064 0.03087095425659545 6.096
0.01162812610653505 -0.03374579197299319 6.096
0.03562046069504374 0.004884939243178567 6.096
-0.03361965765924296 -0.01210860939094456 6.096
-0.01175476067813531 0.03359317599540176 6.096
-0.03548653316052063 0.003676025889743223 6.096
-0.003348089158661138 -0.03582985059103609 6.096
0.03119972332852482 0.018695767033318 6.096
0.00390335939052698 0.03548576361841653 6.096
-0.01961955028660628 0.03154177017892638 6.096
-0.01379463794392473 0.0249169035232736 6.096
-0.002877993211487757 0.02796392875231265 6.096
-0.006760959944715584 0.01726538709915627 6.096
0.004819648324303248 0.01871677113112393 6.096
0.002065954964097043 0.00652128257892309 6.096
-0.01274862328136627 0.004282692126270014 6.096
-0.001476326281626112 -0.008664233064177634 6.096
0.01489511085553984 -0.003268521168491751 6.096
0.009641941897779152 -0.0170058640462245 6.096
-0.01684134479153387 -0.01095476671837839 6.096
-0.0070716059265526 -0.02042061319829796 6.096
0.002488740108254367 -0.02633038941127679 6.096
-0.02432371544008324 -0.001160396131799292 6.096
-0.02276920668340719 0.01017729968388287 6.096
0.01583788814353718 0.01005285906012725 6.096
0.02025725376483169 -0.01329832022788558 6.096
0.01966393415941869 -0.02235505754015108 6.096
0.02910989991132849 -0.008659047494506401 6.096
0.02514012382612283 0.001082842979493854 6.096
0.02790385901135268 0.01023962461378168 6.096
-0.02351596940576693 0.02507245685215753 6.096
-0.0171130692726346 -0.02114779131589758 6.096
-0.0259594846697035 -0.02422955197944909 6.096
0.01430118359428569 0.02097637928787706 6.096
0.03696803937548665 -0.004348579494088433 6.096
0.0008956874494637018 -0.01810527492999422 6.096
0.01191087106084437 0.03546749712809042 6.096
-0.03325339600649276 0.01114970421166029 6.096
0.0246445239555987 0.02488040850644411 6.096
0.00413419172343692 -0.03675806481347944 6.096
-0.004126315212030451 0.03698543209164442 6.096
-0.03450244961704312 -0.004800542595039172 6.096
-0.01198295925857422 -0.03497284235733457 6.096
-0.01761219109622035 0.01673586030286728 6.096
0.008352441239035373 0.02788270865919709 6.096
0.02667198569859958 -0.02697125713901976 6.096
0.03569206436273296 0.01258561558000326 6.096
0.02200590108017024 0.01640206767525747 6.096
0.01965696914607507 -0.03109137845327457 6.096
0.03596423808134949 -0.01243274814211942 6.096
-0.02570049935032082 -0.009308094376177941 6.096
-0.03156574652284265 -0.02000031227753021 6.096
-0.0246280644680185 -0.0163825942766103 6.096
0.0223331351149554 -0.00592490069150443 6.096
-0.01193909421662283 -0.02703033725966661 6.096
0.01144024426175964 -0.025767115152821 6.096
-0.02833148460350367 0.00534939678429128 6.096
-0.004983240867563075 -0.02836008046139337 6.096
2 3 0 61
1093
1094
1095
1096
1097
1098
1099
1100
1101
1102
1103
1104
1105
1106
1107
1108
1109
1110
1111
1112
1113
1114
1115
1116
1117
1118
1119
1120
1121
1122
1123
1124
1125
1126
1127
1128
1129
1130
1131
1132
1133
1134
1135
1136
1137
1138
1139
1140
1141
1142
1143
1144
1145
1146
1147
1148
1149
1150
1151
1152
1153
0.02954295053364281 -0.01896507565557502 0
-0.02967629957200557 0.01870060673850931 0
-0.01903282802935082 -0.03044627890562952 0
0.01809505269916064 0.03087095425659545 0
0.01162812610653505 -0.03374579197299319 0
0.03562046069504374 0.004884939243178567 0
-0.03361965765924296 -0.01210860939094456 0
-0.01175476067813531 0.03359317599540176 0
-0.03548653316052063 0.003676025889743223 0
-0.003348089158661138 -0.03582985059103609 0
0.03119972332852482 0.018695767033318 0
0.00390335939052698 0.03548576361841653 0
-0.01961955028660628 0.03154177017892638 0
-0.01379463794392473 0.0249169035232736 0
-0.002877993211487757 0.02796392875231265 0
-0.006760959944715584 0.01726538709915627 0
0.004819648324303248 0.01871677113112393 0
0.002065954964097043 0.00652128257892309 0
-0.01274862328136627 0.004282692126270014 0
-0.001476326281626112 -0.008664233064177634 0
0.01489511085553984 -0.003268521168491751 0
0.009641941897779152 -0.0170058640462245 0
-0.01684134479153387 -0.01095476671837839 0
-0.0070716059265526 -0.02042061319829796 0
0.002488740108254367 -0.02633038941127679 0
-0.02432371544008324 -0.001160396131799292 0
-0.02276920668340719 0.01017729968388287 0
0.01583788814353718 0.01005285906012725 0
0.02025725376483169 -0.01329832022788558 0
0.01966393415941869 -0.02235505754015108 0
0.02910989991132849 -0.008659047494506401 0
0.02514012382612283 0.001082842979493854 0
0.02790385901135268 0.01023962461378168 0
-0.02351596940576693 0.02507245685215753 0
-0.0171130692726346 -0.02114779131589758 0
-0.0259594846697035 -0.02422955197944909 0
0.01430118359428569 0.02097637928787706 0
0.03696803937548665 -0.004348579494088433 0
0.0008956874494637018 -0.01810527492999422 0
0.01191087106084437 0.03546749712809042 0
-0.03325339600649276 0.01114970421166029 0
0.0246445239555987 0.02488040850644411 0
0.00413419172343692 -0.03675806481347944 0
-0.004126315212030451 0.03698543209164442 0
-0.03450244961704312 -0.004800542595039172 0
-0.01198295925857422 -0.03497284235733457 0
-0.01761219109622035 0.01673586030286728 0
0.008352441239035373 0.02788270865919709 0
0.02667198569859958 -0.02697125713901976 0
0.03569206436273296 0.01258561558000326 0
0.02200590108017024 0.01640206767525747 0
0.01965696914607507 -0.03109137845327457 0
0.03596423808134949 -0.01243274814211942 0
-0.02570049935032082 -0.009308094376177941 0
-0.03156574652284265 -0.02000031227753021 0
-0.0246280644680185 -0.0163825942766103 0
0.0223331351149554 -0.00592490069150443 0
-0.01193909421662283 -0.02703033725966661 0
0.01144024426175964 -0.025767115152821 0
-0.02833148460350367 0.00534939678429128 0
-0.004983240867563075 -0.02836008046139337 0
3 1 0 0
$EndNodes
$Elements
8 2490 1 2490
0 1 15 1
1 1 
0 2 15 1
2 2 
1 1 1 28
3 1 3 
4 3 4 
5 4 5 
6 5 6 
7 6 7 
8 7 8 
9 8 9 
10 9 10 
11 10 11 
12 11 12 
13 12 13 
14 13 14 
15 14 15 
16 15 16 
17 16 17 
18 17 18 
19 18 19 
20 19 20 
21 20 21 
22 21 22 
23 22 23 
24 23 24 
25 24 25 
26 25 26 
27 26 27 
28 27 28 
29 28 29 
30 29 1 
1 2 1 130
31 2 30 
32 30 31 
33 31 32 
34 32 33 
35 33 34 
36 34 35 
37 35 36 
38 36 37 
39 37 38 
40 38 39 
41 39 40 
42 40 41 
43 41 42 
44 42 43 
45 43 44 
46 44 45 
47 45 46 
48 46 47 
49 47 48 
50 48 49 
51 49 50 
52 50 51 
53 51 52 
54 52 53 
55 53 54 
56 54 55 
57 55 56 
58 56 57 
59 57 58 
60 58 59 
61 59 60 
62 60 61 
63 61 62 
64 62 63 
65 63 64 
66 64 65 
67 65 66 
68 66 67 
69 67 68 
70 68 69 
71 69 70 
72 70 71 
73 71 72 
74 72 73 
75 73 74 
76 74 75 
77 75 76 
78 76 77 
79 77 78 
80 78 79 
81 79 80 
82 80 81 
83 81 82 
84 82 83 
85 83 84 
86 84 85 
87 85 86 
88 86 87 
89 87 88 
90 88 89 
91 89 90 
92 90 91 
93 91 92 
94 92 93 
95 93 94 
96 94 95 
97 95 96 
98 96 97 
99 97 98 
100 98 99 
101 99 100 
102 100 101 
103 101 102 
104 102 103 
105 103 104 
106 104 105 
107 105 106 
108 106 107 
109 107 108 
110 108 109 
111 109 110 
112 110 111 
113 111 112 
114 112 113 
115 113 114 
116 114 115 
117 115 116 
118 116 117 
119 117 118 
120 118 119 
121 119 120 
122 120 121 
123 121 122 
124 122 123 
125 123 124 
126 124 125 
127 125 126 
128 126 127 
129 127 128 
130 128 129 
131 129 130 
132 130 131 
133 131 132 
134 132 133 
135 133 134 
136 134 135 
137 135 136 
138 136 137 
139 137 138 
140 138 139 
141 139 140 
142 140 141 
143 141 142 
144 142 143 
145 143 144 
146 144 145 
147 145 146 
148 146 147 
149 147 148 
150 148 149 
151 149 150 
152 150 151 
153 151 152 
154 152 153 
155 153 154 
156 154 155 
157 155 156 
158 156 157 
159 157 158 
160 158 1 
1 3 1 28
161 2 159 
162 159 160 
163 160 161 
164 161 162 
165 162 163 
166 163 164 
167 164 165 
168 165 166 
169 166 167 
170 167 168 
171 168 169 
172 169 170 
173 170 171 
174 171 172 
175 172 173 
176 173 174 
177 174 175 
178 175 176 
179 176 177 
180 177 178 
181 178 179 
182 179 180 
183 180 181 
184 181 182 
185 182 183 
186 183 184 
187 184 185 
188 185 2 
2 1 2 2006
189 419 977 411 
190 869 1027 871 
191 411 913 419 
192 490 982 497 
193 417 418 410 
194 344 345 337 
195 470 471 463 
196 323 1027 869 
197 489 496 495 
198 363 364 333 
199 289 318 288 
200 497 926 490 
201 302 915 767 
202 753 903 755 
203 471 472 463 
204 418 419 410 
205 345 346 337 
206 364 365 333 
207 489 497 496 
208 5 734 238 
209 886 1006 329 
210 218 407 401 
211 239 353 351 
212 209 528 527 
213 208 438 436 
214 199 426 424 
215 245 657 376 
216 381 401 393 
217 337 351 342 
218 410 424 415 
219 429 436 433 
220 520 527 525 
221 493 498 489 
222 333 376 361 
223 498 499 206 
224 269 288 271 
225 427 918 624 
226 731 991 917 
227 746 777 753 
228 747 748 745 
229 260 1006 886 
230 318 719 234 
231 868 870 262 
232 712 1004 713 
233 361 362 333 
234 489 494 493 
235 415 416 410 
236 342 343 337 
237 525 526 520 
238 433 434 429 
239 393 394 381 
240 324 990 901 
241 474 952 469 
242 925 979 348 
243 956 959 412 
244 955 960 339 
245 954 961 383 
246 234 924 318 
247 335 958 943 
248 314 692 204 
249 951 957 491 
250 882 927 500 
251 307 980 721 
252 530 531 529 
253 262 869 868 
254 758 759 757 
255 296 889 294 
256 901 990 262 
257 376 657 361 
258 269 289 288 
259 308 980 307 
260 544 965 940 
261 493 499 498 
262 437 513 436 
263 527 530 529 
264 401 407 393 
265 351 353 342 
266 527 528 525 
267 436 438 433 
268 424 426 415 
269 351 354 239 
270 436 513 208 
271 424 427 199 
272 527 529 209 
273 376 658 245 
274 206 500 498 
275 777 976 753 
276 472 979 925 
277 864 887 392 
278 722 724 283 
279 4 734 5 
280 403 888 404 
281 312 733 311 
282 778 897 254 
283 888 934 404 
284 255 896 717 
285 469 952 470 
286 238 734 732 
287 308 924 718 
288 869 990 323 
289 437 813 513 
290 940 965 520 
291 870 901 262 
292 328 864 405 
293 943 958 363 
294 417 959 956 
295 344 960 955 
296 395 961 954 
297 518 892 240 
298 405 864 392 
299 272 885 270 
300 495 957 951 
301 660 875 189 
302 390 884 880 
303 946 981 334 
304 163 962 912 
305 160 319 159 
306 914 919 305 
307 643 911 247 
308 306 774 773 
309 500 927 498 
310 923 968 297 
311 795 796 685 
312 288 924 308 
313 825 826 706 
314 210 922 874 
315 662 852 793 
316 534 674 423 
317 841 842 574 
318 628 803 688 
319 685 796 663 
320 424 918 427 
321 542 856 250 
322 753 755 754 
323 756 757 748 
324 810 811 707 
325 718 924 234 
326 624 918 913 
327 941 978 338 
328 272 928 885 
329 204 692 690 
330 635 804 629 
331 662 853 852 
332 694 808 682 
333 707 811 516 
334 408 656 391 
335 870 934 901 
336 826 827 573 
337 281 931 871 
338 368 814 379 
339 829 830 447 
340 686 792 609 
341 388 887 403 
342 784 786 603 
343 603 787 615 
344 536 890 491 
345 202 828 618 
346 849 1026 782 
347 580 847 261 
348 702 829 447 
349 880 884 401 
350 862 872 855 
351 241 831 504 
352 574 842 476 
353 801 802 375 
354 370 816 367 
355 447 830 446 
356 536 891 890 
357 708 815 370 
358 573 827 572 
359 375 802 373 
360 579 877 512 
361 616 788 604 
362 786 787 603 
363 524 891 536 
364 464 843 651 
365 454 835 455 
366 374 800 625 
367 465 899 349 
368 856 857 250 
369 684 795 685 
370 691 851 693 
371 412 673 502 
372 339 898 508 
373 383 677 459 
374 815 816 370 
375 632 807 705 
376 706 826 573 
377 486 533 187 
378 616 789 788 
379 634 810 707 
380 717 863 255 
381 687 806 631 
382 695 697 655 
383 243 679 650 
384 432 894 458 
385 792 858 609 
386 665 698 666 
387 608 791 668 
388 210 874 836 
389 767 914 900 
390 391 656 405 
391 511 834 194 
392 401 884 218 
393 689 790 607 
394 691 886 851 
395 798 801 375 
396 704 809 633 
397 630 805 667 
398 533 534 187 
399 585 614 190 
400 732 733 312 
401 767 900 302 
402 606 789 616 
403 196 850 599 
404 469 1023 468 
405 855 872 856 
406 210 836 636 
407 255 863 268 
408 319 997 159 
409 473 823 822 
410 204 1017 314 
411 917 991 285 
412 553 857 500 
413 392 887 388 
414 267 897 778 
415 717 896 266 
416 859 860 611 
417 58 542 250 
418 71 486 187 
419 785 938 563 
420 404 934 870 
421 691 985 886 
422 912 962 759 
423 628 804 803 
424 658 875 660 
425 405 656 328 
426 881 905 435 
427 501 534 423 
428 510 902 874 
429 365 981 946 
430 759 1020 757 
431 240 892 611 
432 147 402 148 
433 388 403 402 
434 880 932 390 
435 732 734 733 
436 624 902 510 
437 532 819 533 
438 791 792 686 
439 376 947 658 
440 344 955 345 
441 417 956 418 
442 470 953 471 
443 368 815 814 
444 803 804 635 
445 938 939 561 
446 435 905 893 
447 332 387 195 
448 789 790 689 
449 937 944 449 
450 146 332 195 
451 354 905 881 
452 276 1003 994 
453 202 829 828 
454 584 585 55 
455 698 795 684 
456 241 832 831 
457 412 959 673 
458 339 960 898 
459 383 961 677 
460 814 815 708 
461 846 848 845 
462 871 931 867 
463 834 835 454 
464 890 951 491 
465 807 808 694 
466 463 1023 469 
467 250 857 553 
468 828 829 702 
469 496 957 495 
470 948 1008 738 
471 608 792 791 
472 574 825 706 
473 511 835 834 
474 785 786 784 
475 363 958 364 
476 271 971 272 
477 665 795 698 
478 831 832 448 
479 346 978 941 
480 611 860 613 
481 856 873 857 
482 805 806 687 
483 696 697 695 
484 900 914 305 
485 563 786 785 
486 704 810 809 
487 533 675 534 
488 868 869 867 
489 458 894 893 
490 809 810 634 
491 782 850 849 
492 599 850 782 
493 351 942 354 
494 654 696 679 
495 654 679 243 
496 793 852 796 
497 187 534 501 
498 658 947 909 
499 706 841 574 
500 606 790 789 
501 57 542 58 
502 70 486 71 
503 54 584 55 
504 800 801 798 
505 560 847 580 
506 654 697 696 
507 374 801 800 
508 848 850 845 
509 632 808 807 
510 354 942 905 
511 893 894 435 
512 554 938 785 
513 387 388 195 
514 954 1022 396 
515 290 1030 1018 
516 56 585 190 
517 676 677 399 
518 672 673 422 
519 327 887 864 
520 846 847 560 
521 262 990 869 
522 746 753 749 
523 513 877 579 
524 630 806 805 
525 532 879 819 
526 399 678 676 
527 422 674 672 
528 835 836 455 
529 459 677 676 
530 502 673 672 
531 423 674 422 
532 400 678 399 
533 465 823 473 
534 625 800 627 
535 936 1003 287 
536 560 848 846 
537 833 834 456 
538 362 363 333 
539 434 945 429 
540 804 805 629 
541 667 805 804 
542 806 807 631 
543 636 836 835 
544 853 909 659 
545 429 437 436 
546 520 530 527 
547 650 679 400 
548 808 809 682 
549 390 932 391 
550 489 495 494 
551 787 788 615 
552 526 940 520 
553 614 862 855 
554 705 807 806 
555 222 968 923 
556 554 1026 849 
557 504 831 830 
558 688 803 799 
559 295 923 297 
560 811 812 516 
561 817 879 818 
562 627 800 799 
563 898 899 508 
564 293 714 254 
565 651 843 842 
566 400 679 678 
567 247 911 532 
568 618 828 827 
569 874 922 510 
570 697 698 655 
571 472 473 463 
572 693 851 847 
573 613 861 614 
574 669 812 811 
575 666 698 697 
576 379 814 802 
577 633 809 808 
578 668 791 790 
579 926 927 882 
580 265 319 310 
581 349 899 898 
582 847 851 261 
583 614 855 190 
584 55 585 56 
585 346 942 337 
586 790 791 607 
587 812 813 515 
588 681 913 411 
589 507 964 945 
590 604 788 787 
591 148 402 244 
592 318 924 288 
593 842 843 476 
594 395 954 396 
595 860 861 613 
596 872 873 856 
597 296 988 306 
598 189 875 662 
599 275 1003 277 
600 512 877 669 
601 416 417 410 
602 343 344 337 
603 469 470 463 
604 394 395 381 
605 194 834 833 
606 320 868 867 
607 757 837 748 
608 830 831 446 
609 714 778 254 
610 669 877 812 
611 758 876 759 
612 534 675 674 
613 799 803 627 
614 827 828 572 
615 533 819 675 
616 802 814 373 
617 832 1025 448 
618 886 985 260 
619 286 315 225 
620 662 875 853 
621 845 850 196 
622 145 332 146 
623 195 402 147 
624 613 614 585 
625 796 852 663 
626 1018 1030 1008 
627 609 892 518 
628 236 1004 293 
629 584 613 585 
630 337 942 351 
631 311 733 264 
632 142 1022 954 
633 861 862 614 
634 529 911 643 
635 206 553 500 
636 885 928 221 
637 289 929 318 
638 456 1025 833 
639 288 1014 271 
640 272 971 273 
641 713 1004 294 
642 887 888 403 
643 718 980 308 
644 554 939 938 
645 365 947 333 
646 894 945 434 
647 513 579 208 
648 529 643 209 
649 439 944 937 
650 858 892 609 
651 818 879 531 
652 427 509 199 
653 354 506 239 
654 539 882 873 
655 891 940 526 
656 658 660 245 
657 813 935 515 
658 252 972 317 
659 490 926 539 
660 32 309 252 
661 733 1029 264 
662 149 325 263 
663 530 933 531 
664 721 916 307 
665 681 902 624 
666 945 964 429 
667 32 254 31 
668 157 255 156 
669 324 325 150 
670 875 909 853 
671 313 895 301 
672 899 925 348 
673 333 947 376 
674 387 392 388 
675 150 325 149 
676 37 1017 204 
677 318 929 719 
678 269 271 270 
679 335 943 816 
680 325 326 263 
681 151 324 150 
682 237 912 876 
683 876 912 759 
684 605 789 689 
685 395 396 381 
686 290 1018 936 
687 794 796 795 
688 843 952 474 
689 151 320 152 
690 306 889 296 
691 388 402 195 
692 402 403 244 
693 664 794 665 
694 244 930 149 
695 285 991 286 
696 254 897 31 
697 157 896 255 
698 629 805 687 
699 192 615 605 
700 551 635 629 
701 611 892 859 
702 615 788 605 
703 330 884 382 
704 535 670 522 
705 381 880 401 
706 849 850 848 
707 600 783 217 
708 455 699 452 
709 819 879 817 
710 324 901 325 
711 30 265 31 
712 157 264 158 
713 427 510 509 
714 319 700 310 
715 788 789 605 
716 447 703 702 
717 450 451 441 
718 794 795 665 
719 522 890 535 
720 48 595 564 
721 83 450 441 
722 666 697 654 
723 359 360 212 
724 505 829 202 
725 357 371 197 
726 461 630 188 
727 619 826 216 
728 617 859 610 
729 509 922 79 
730 119 626 551 
731 57 543 541 
732 70 487 485 
733 117 461 188 
734 47 602 192 
735 143 407 218 
736 44 600 217 
737 108 438 208 
738 67 528 209 
739 114 640 213 
740 88 505 202 
741 103 353 239 
742 127 359 212 
743 77 426 199 
744 124 357 197 
745 91 619 216 
746 97 479 214 
747 372 373 371 
748 366 367 360 
749 812 877 813 
750 602 615 192 
751 626 635 551 
752 326 327 263 
753 480 666 654 
754 646 685 663 
755 444 703 447 
756 588 617 610 
757 253 312 311 
758 667 804 628 
759 455 836 780 
760 595 616 564 
761 478 637 477 
762 406 650 400 
763 352 644 350 
764 425 501 423 
765 524 940 891 
766 360 367 362 
767 465 925 899 
768 653 696 695 
769 211 797 356 
770 371 779 197 
771 152 866 153 
772 857 882 500 
773 359 366 360 
774 357 372 371 
775 505 830 829 
776 619 827 826 
777 601 784 603 
778 576 596 575 
779 514 598 516 
780 213 640 633 
781 384 397 394 
782 340 347 343 
783 413 420 416 
784 466 474 469 
785 639 704 638 
786 403 404 244 
787 632 705 460 
788 756 758 757 
789 680 792 608 
790 197 779 358 
791 157 311 264 
792 379 802 377 
793 651 842 475 
794 458 893 338 
795 503 832 241 
796 636 835 511 
797 664 665 207 
798 37 321 36 
799 91 596 576 
800 870 1010 404 
801 456 834 454 
802 621 797 211 
803 355 667 628 
804 653 695 652 
805 50 594 49 
806 51 593 50 
807 52 592 51 
808 53 590 52 
809 483 675 484 
810 54 588 53 
811 427 624 510 
812 85 449 84 
813 55 586 54 
814 36 222 35 
815 153 221 152 
816 451 452 441 
817 377 802 801 
818 360 361 212 
819 372 375 373 
820 366 370 367 
821 93 637 478 
822 139 650 406 
823 99 644 352 
824 73 501 425 
825 693 846 567 
826 639 810 704 
827 156 311 157 
828 305 1013 900 
829 516 812 515 
830 329 1006 321 
831 451 454 452 
832 360 362 361 
833 693 847 846 
834 454 455 452 
835 451 456 454 
836 350 465 349 
837 477 574 476 
838 571 575 573 
839 435 894 434 
840 349 898 347 
841 385 400 399 
842 467 477 476 
843 414 423 422 
844 341 350 349 
845 422 673 420 
846 399 677 397 
847 571 573 572 
848 559 849 848 
849 494 522 492 
850 431 435 434 
851 467 476 474 
852 341 349 347 
853 385 399 397 
854 414 422 420 
855 444 447 446 
856 446 448 443 
857 598 707 516 
858 567 846 845 
859 418 977 419 
860 345 978 346 
861 471 979 472 
862 571 572 570 
863 559 848 560 
864 493 494 492 
865 475 842 841 
866 390 391 389 
867 49 595 48 
868 84 450 83 
869 120 626 119 
870 58 543 57 
871 71 487 70 
872 116 461 117 
873 142 407 143 
874 46 602 47 
875 123 357 124 
876 43 600 44 
877 107 438 108 
878 126 359 127 
879 76 426 77 
880 66 528 67 
881 90 619 91 
882 102 353 103 
883 113 640 114 
884 96 479 97 
885 87 505 88 
886 773 774 772 
887 228 722 721 
888 729 730 728 
889 743 744 742 
890 238 732 729 
891 639 811 810 
892 617 860 859 
893 633 808 632 
894 466 469 468 
895 521 526 525 
896 340 343 342 
897 413 416 415 
898 431 434 433 
899 384 394 393 
900 341 347 340 
901 467 474 466 
902 414 420 413 
903 385 397 384 
904 444 446 443 
905 593 594 50 
906 592 593 51 
907 590 592 52 
908 588 590 53 
909 710 711 258 
910 764 766 229 
911 763 765 764 
912 44 562 561 
913 108 597 507 
914 123 379 377 
915 111 598 514 
916 38 568 329 
917 145 656 408 
918 137 652 649 
919 105 458 338 
920 40 580 261 
921 64 536 491 
922 68 641 523 
923 66 544 524 
924 131 660 189 
925 41 577 196 
926 93 651 475 
927 133 661 251 
928 135 664 207 
929 129 657 245 
930 85 503 241 
931 82 636 511 
932 60 553 206 
933 105 506 193 
934 679 696 678 
935 586 588 54 
936 304 692 314 
937 564 616 604 
938 91 576 90 
939 569 571 570 
940 559 560 556 
941 514 516 515 
942 242 493 492 
943 566 567 248 
944 320 867 866 
945 631 807 694 
946 382 884 390 
947 382 390 389 
948 389 392 387 
949 452 699 581 
950 27 716 28 
951 12 737 13 
952 9 739 10 
953 22 720 23 
954 25 719 26 
955 167 742 166 
956 171 761 170 
957 180 772 179 
958 16 741 17 
959 6 728 7 
960 592 680 608 
961 663 683 645 
962 628 688 246 
963 205 686 609 
964 629 687 550 
965 605 689 552 
966 508 899 348 
967 216 826 825 
968 612 861 860 
969 139 406 140 
970 93 478 94 
971 99 352 100 
972 73 425 74 
973 7 735 8 
974 166 760 165 
975 179 775 178 
976 692 993 260 
977 606 616 595 
978 364 981 365 
979 497 982 496 
980 214 823 644 
981 522 670 492 
982 228 721 720 
983 238 729 728 
984 223 743 742 
985 233 773 772 
986 682 809 634 
987 259 776 716 
988 26 259 27 
989 183 258 182 
990 176 763 175 
991 169 762 168 
992 28 266 29 
993 184 709 183 
994 11 224 12 
995 17 726 18 
996 13 257 14 
997 14 740 15 
998 181 233 180 
999 8 231 9 
1000 15 219 16 
1001 10 736 11 
1002 5 238 6 
1003 18 227 19 
1004 21 228 22 
1005 23 718 24 
1006 168 223 167 
1007 170 256 169 
1008 172 220 171 
1009 162 237 161 
1010 185 267 184 
1011 165 232 164 
1012 175 229 174 
1013 178 230 177 
1014 24 234 25 
1015 304 314 313 
1016 782 783 600 
1017 674 675 483 
1018 716 776 717 
1019 869 871 867 
1020 821 861 612 
1021 20 723 21 
1022 182 715 181 
1023 177 768 176 
1024 174 769 173 
1025 259 716 27 
1026 238 728 6 
1027 219 741 16 
1028 234 719 25 
1029 233 772 180 
1030 223 742 167 
1031 220 761 171 
1032 231 739 9 
1033 228 720 22 
1034 224 737 12 
1035 678 696 653 
1036 292 970 282 
1037 452 581 441 
1038 483 484 481 
1039 440 444 443 
1040 539 540 537 
1041 466 468 462 
1042 521 525 519 
1043 413 415 409 
1044 431 433 428 
1045 340 342 336 
1046 384 393 380 
1047 186 467 466 
1048 201 341 340 
1049 215 414 413 
1050 191 385 384 
1051 213 633 632 
1052 140 459 139 
1053 148 545 147 
1054 88 642 87 
1055 116 548 115 
1056 44 561 43 
1057 117 549 116 
1058 108 507 107 
1059 114 546 113 
1060 82 581 81 
1061 135 647 134 
1062 47 557 46 
1063 90 569 89 
1064 118 550 117 
1065 133 645 132 
1066 119 551 118 
1067 136 648 135 
1068 80 622 79 
1069 123 377 122 
1070 126 378 125 
1071 137 649 136 
1072 134 646 133 
1073 74 502 73 
1074 111 514 110 
1075 145 408 144 
1076 43 558 42 
1077 132 488 131 
1078 38 329 37 
1079 48 564 47 
1080 100 508 99 
1081 115 547 114 
1082 122 374 121 
1083 125 368 124 
1084 103 345 102 
1085 97 471 96 
1086 77 418 76 
1087 62 496 61 
1088 81 453 80 
1089 129 364 128 
1090 113 517 112 
1091 89 445 88 
1092 147 328 146 
1093 57 541 56 
1094 70 485 69 
1095 41 196 42 
1096 37 204 38 
1097 71 187 72 
1098 47 192 48 
1099 146 195 147 
1100 150 203 151 
1101 94 186 95 
1102 117 188 118 
1103 131 189 132 
1104 140 191 141 
1105 40 261 39 
1106 149 263 148 
1107 144 386 143 
1108 141 383 140 
1109 75 412 74 
1110 101 339 100 
1111 83 441 82 
1112 60 490 59 
1113 46 555 45 
1114 87 440 86 
1115 42 556 41 
1116 107 432 106 
1117 64 491 63 
1118 79 411 78 
1119 110 430 109 
1120 68 523 67 
1121 66 524 65 
1122 127 335 126 
1123 131 334 130 
1124 105 338 104 
1125 95 464 94 
1126 143 218 144 
1127 62 242 63 
1128 39 248 40 
1129 44 217 45 
1130 118 355 119 
1131 49 249 50 
1132 114 213 115 
1133 120 620 121 
1134 85 241 86 
1135 63 457 64 
1136 82 511 83 
1137 88 202 89 
1138 108 208 109 
1139 67 209 68 
1140 100 201 101 
1141 121 211 122 
1142 129 245 130 
1143 133 251 134 
1144 135 207 136 
1145 124 197 125 
1146 83 194 84 
1147 60 206 61 
1148 74 215 75 
1149 77 199 78 
1150 119 246 120 
1151 103 239 104 
1152 136 480 137 
1153 110 512 111 
1154 68 643 69 
1155 105 193 106 
1156 91 216 92 
1157 111 200 112 
1158 64 198 65 
1159 58 250 59 
1160 137 243 138 
1161 109 579 110 
1162 61 499 62 
1163 48 552 49 
1164 80 210 81 
1165 127 212 128 
1166 148 244 149 
1167 97 214 98 
1168 38 565 39 
1169 99 348 98 
1170 93 475 92 
1171 73 421 72 
1172 139 398 138 
1173 582 821 612 
1174 723 724 722 
1175 766 770 769 
1176 467 478 477 
1177 385 406 400 
1178 341 352 350 
1179 414 425 423 
1180 547 694 682 
1181 566 693 567 
1182 822 823 214 
1183 709 710 258 
1184 763 764 229 
1185 736 844 224 
1186 740 883 219 
1187 726 727 227 
1188 8 735 231 
1189 165 760 232 
1190 178 775 230 
1191 652 695 649 
1192 223 777 743 
1193 294 889 713 
1194 709 778 710 
1195 314 865 313 
1196 389 405 392 
1197 432 945 894 
1198 233 781 773 
1199 228 723 722 
1200 668 790 606 
1201 669 811 639 
1202 671 786 563 
1203 672 674 483 
1204 676 678 653 
1205 571 576 575 
1206 711 715 258 
1207 766 769 229 
1208 763 768 765 
1209 690 691 566 
1210 453 623 622 
1211 569 570 445 
1212 514 515 430 
1213 480 654 243 
1214 558 559 556 
1215 565 566 248 
1216 242 492 457 
1217 620 621 211 
1218 646 663 645 
1219 355 628 246 
1220 377 801 374 
1221 378 815 368 
1222 488 659 334 
1223 205 609 518 
1224 249 607 578 
1225 549 631 548 
1226 192 605 552 
1227 551 629 550 
1228 649 655 648 
1229 564 604 557 
1230 546 634 517 
1231 592 608 593 
1232 588 610 590 
1233 658 909 875 
1234 183 709 258 
1235 24 718 234 
1236 18 726 227 
1237 11 736 224 
1238 15 740 219 
1239 256 762 169 
1240 257 740 14 
1241 168 762 223 
1242 175 763 229 
1243 267 709 184 
1244 582 612 586 
1245 737 738 257 
1246 716 717 266 
1247 521 670 535 
1248 762 777 223 
1249 267 778 709 
1250 327 888 887 
1251 21 723 228 
1252 258 715 182 
1253 181 715 233 
1254 176 768 763 
1255 230 768 177 
1256 229 769 174 
1257 642 703 444 
1258 294 1004 236 
1259 173 771 172 
1260 19 725 20 
1261 26 719 259 
1262 23 720 718 
1263 10 739 736 
1264 13 737 257 
1265 17 741 726 
1266 170 761 256 
1267 28 716 266 
1268 251 794 664 
1269 799 800 798 
1270 382 389 387 
1271 774 775 772 
1272 744 760 742 
1273 730 735 728 
1274 644 823 350 
1275 476 843 474 
1276 742 760 166 
1277 772 775 179 
1278 728 735 7 
1279 594 595 49 
1280 116 549 548 
1281 117 550 549 
1282 135 648 647 
1283 43 561 558 
1284 118 551 550 
1285 134 647 646 
1286 115 548 547 
1287 133 646 645 
1288 136 649 648 
1289 132 645 488 
1290 114 547 546 
1291 47 564 557 
1292 122 377 374 
1293 125 378 368 
1294 445 642 88 
1295 147 545 328 
1296 81 581 453 
1297 113 546 517 
1298 383 459 140 
1299 89 569 445 
1300 263 545 148 
1301 87 642 440 
1302 453 622 80 
1303 107 507 432 
1304 441 581 82 
1305 46 557 555 
1306 79 622 411 
1307 335 378 126 
1308 131 488 334 
1309 412 502 74 
1310 144 408 386 
1311 42 558 556 
1312 110 514 430 
1313 339 508 100 
1314 139 459 398 
1315 73 502 421 
1316 99 508 348 
1317 188 355 118 
1318 192 552 48 
1319 204 565 38 
1320 242 457 63 
1321 249 578 50 
1322 119 355 246 
1323 121 620 211 
1324 62 499 242 
1325 83 511 194 
1326 69 643 247 
1327 246 620 120 
1328 209 643 68 
1329 64 457 198 
1330 207 480 136 
1331 208 579 109 
1332 39 565 248 
1333 49 552 249 
1334 137 480 243 
1335 111 512 200 
1336 206 499 61 
1337 110 579 512 
1338 227 824 725 
1339 747 751 748 
1340 770 771 769 
1341 172 771 220 
1342 723 725 724 
1343 227 725 19 
1344 449 450 84 
1345 610 859 858 
1346 242 499 493 
1347 378 816 815 
1348 546 682 634 
1349 565 690 566 
1350 442 449 85 
1351 582 586 55 
1352 608 668 593 
1353 604 671 557 
1354 492 670 457 
1355 655 698 684 
1356 769 771 173 
1357 715 781 233 
1358 230 840 768 
1359 20 725 723 
1360 647 685 646 
1361 440 642 444 
1362 727 824 227 
1363 207 666 480 
1364 358 779 366 
1365 455 780 699 
1366 586 617 588 
1367 594 668 606 
1368 94 478 186 
1369 140 406 191 
1370 100 352 201 
1371 74 425 215 
1372 198 670 521 
1373 200 669 639 
1374 555 671 563 
1375 421 672 483 
1376 398 676 653 
1377 627 635 626 
1378 603 615 602 
1379 839 840 230 
1380 793 796 794 
1381 335 816 378 
1382 547 682 546 
1383 204 690 565 
1384 356 797 372 
1385 90 576 569 
1386 593 668 594 
1387 557 671 555 
1388 512 669 200 
1389 457 670 198 
1390 502 672 421 
1391 459 676 398 
1392 146 656 145 
1393 138 652 137 
1394 72 481 71 
1395 39 568 38 
1396 45 562 44 
1397 41 580 40 
1398 56 582 55 
1399 112 598 111 
1400 109 597 108 
1401 59 537 58 
1402 67 544 66 
1403 69 641 68 
1404 86 442 85 
1405 92 596 91 
1406 65 536 64 
1407 106 458 105 
1408 121 625 120 
1409 124 379 123 
1410 94 651 93 
1411 95 462 96 
1412 72 501 73 
1413 138 650 139 
1414 86 504 87 
1415 42 599 43 
1416 59 553 60 
1417 40 577 41 
1418 45 601 46 
1419 112 638 113 
1420 75 409 76 
1421 92 637 93 
1422 65 519 66 
1423 78 509 79 
1424 89 618 90 
1425 101 336 102 
1426 104 506 105 
1427 106 428 107 
1428 81 636 82 
1429 84 503 85 
1430 98 644 99 
1431 125 358 126 
1432 141 380 142 
1433 115 460 116 
1434 132 661 133 
1435 128 657 129 
1436 130 660 131 
1437 134 664 135 
1438 361 657 212 
1439 736 906 844 
1440 625 627 626 
1441 599 782 600 
1442 601 603 602 
1443 356 372 357 
1444 618 827 619 
1445 504 830 505 
1446 358 366 359 
1447 594 606 595 
1448 612 860 617 
1449 531 933 818 
1450 186 478 467 
1451 191 406 385 
1452 201 352 341 
1453 215 425 414 
1454 711 781 715 
1455 768 840 765 
1456 760 837 232 
1457 775 839 230 
1458 735 838 231 
1459 691 693 566 
1460 446 831 448 
1461 354 881 506 
1462 607 791 686 
1463 31 309 32 
1464 890 891 535 
1465 304 313 301 
1466 725 824 724 
1467 261 851 568 
1468 744 837 760 
1469 774 839 775 
1470 730 838 735 
1471 569 576 571 
1472 487 817 485 
1473 543 820 541 
1474 479 822 214 
1475 188 667 355 
1476 638 704 640 
1477 79 922 80 
1478 460 705 461 
1479 322 324 151 
1480 671 787 786 
1481 665 666 207 
1482 477 825 574 
1483 327 545 263 
1484 521 535 526 
1485 567 577 248 
1486 560 580 556 
1487 625 626 120 
1488 537 543 58 
1489 481 487 71 
1490 460 461 116 
1491 601 602 46 
1492 380 407 142 
1493 599 600 43 
1494 409 426 76 
1495 428 438 107 
1496 638 640 113 
1497 519 528 66 
1498 336 353 102 
1499 462 479 96 
1500 618 619 90 
1501 358 359 126 
1502 504 505 87 
1503 535 891 526 
1504 675 819 484 
1505 391 405 389 
1506 739 906 736 
1507 203 868 320 
1508 398 653 652 
1509 421 483 481 
1510 186 466 462 
1511 555 563 562 
1512 215 413 409 
1513 198 521 519 
1514 201 340 336 
1515 440 443 442 
1516 193 431 428 
1517 191 384 380 
1518 490 539 537 
1519 200 639 638 
1520 213 632 460 
1521 189 662 661 
1522 761 903 256 
1523 612 617 586 
1524 630 667 188 
1525 604 787 671 
1526 217 784 601 
1527 152 322 151 
1528 575 706 573 
1529 688 799 621 
1530 485 818 641 
1531 621 799 798 
1532 471 953 96 
1533 141 954 383 
1534 95 953 464 
1535 345 955 102 
1536 418 956 76 
1537 101 955 339 
1538 75 956 412 
1539 370 779 708 
1540 590 680 592 
1541 622 681 411 
1542 645 683 488 
1543 648 684 647 
1544 550 687 549 
1545 578 686 205 
1546 246 688 620 
1547 552 689 249 
1548 684 685 647 
1549 548 694 547 
1550 708 779 371 
1551 783 785 784 
1552 705 806 630 
1553 783 784 217 
1554 581 699 453 
1555 37 329 321 
1556 464 952 843 
1557 503 833 832 
1558 445 703 642 
1559 568 886 329 
1560 448 1025 439 
1561 771 854 220 
1562 62 957 496 
1563 491 957 63 
1564 219 908 741 
1565 539 873 540 
1566 374 625 121 
1567 368 379 124 
1568 328 656 146 
1569 517 598 112 
1570 541 582 56 
1571 485 641 69 
1572 261 568 39 
1573 555 562 45 
1574 490 537 59 
1575 556 580 41 
1576 430 597 109 
1577 523 544 67 
1578 440 442 86 
1579 524 536 65 
1580 432 458 106 
1581 464 651 94 
1582 203 320 151 
1583 186 462 95 
1584 187 501 72 
1585 196 599 42 
1586 191 380 141 
1587 189 661 132 
1588 398 652 138 
1589 421 481 72 
1590 475 596 92 
1591 218 330 144 
1592 217 601 45 
1593 248 577 40 
1594 211 356 122 
1595 241 504 86 
1596 202 618 89 
1597 201 336 101 
1598 215 409 75 
1599 243 650 138 
1600 199 509 78 
1601 250 553 59 
1602 239 506 104 
1603 200 638 112 
1604 216 637 92 
1605 198 519 65 
1606 194 503 84 
1607 193 428 106 
1608 197 358 125 
1609 210 636 81 
1610 213 460 115 
1611 214 644 98 
1612 245 660 130 
1613 251 664 134 
1614 212 657 128 
1615 364 958 128 
1616 127 958 335 
1617 702 703 570 
1618 610 680 590 
1619 623 681 622 
1620 488 683 659 
1621 549 687 631 
1622 620 688 621 
1623 607 686 578 
1624 655 684 648 
1625 249 689 607 
1626 631 694 548 
1627 649 695 655 
1628 855 856 542 
1629 821 862 861 
1630 453 699 623 
1631 817 818 485 
1632 770 854 771 
1633 461 705 630 
1634 577 845 196 
1635 572 702 570 
1636 754 974 749 
1637 663 852 683 
1638 793 794 251 
1639 373 708 371 
1640 627 803 635 
1641 350 823 465 
1642 484 819 817 
1643 661 793 251 
1644 724 910 283 
1645 484 487 481 
1646 525 528 519 
1647 433 438 428 
1648 415 426 409 
1649 342 353 336 
1650 540 543 537 
1651 468 479 462 
1652 393 407 380 
1653 96 953 95 
1654 142 954 141 
1655 102 955 101 
1656 76 956 75 
1657 640 704 633 
1658 570 703 445 
1659 149 930 150 
1660 575 841 706 
1661 634 707 517 
1662 541 821 582 
1663 362 943 363 
1664 218 884 330 
1665 517 707 598 
1666 506 881 193 
1667 80 922 210 
1668 621 798 797 
1669 431 881 435 
1670 836 874 780 
1671 572 828 702 
1672 699 780 623 
1673 382 387 332 
1674 611 613 584 
1675 532 533 486 
1676 63 957 62 
1677 683 853 659 
1678 366 779 370 
1679 194 833 503 
1680 859 892 858 
1681 680 858 792 
1682 567 845 577 
1683 128 958 127 
1684 437 935 813 
1685 883 908 219 
1686 372 797 375 
1687 373 814 708 
1688 510 922 509 
1689 637 825 477 
1690 419 918 410 
1691 545 864 328 
1692 852 853 683 
1693 820 862 821 
1694 35 865 36 
1695 662 793 661 
1696 295 296 294 
1697 596 841 575 
1698 484 817 487 
1699 540 820 543 
1700 468 822 479 
1701 540 873 872 
1702 404 930 244 
1703 216 825 637 
1704 816 943 367 
1705 820 821 541 
1706 475 841 596 
1707 464 953 952 
1708 265 310 309 
1709 610 858 680 
1710 851 886 568 
1711 624 913 681 
1712 873 882 857 
1713 544 940 524 
1714 327 864 545 
1715 737 948 738 
1716 439 937 448 
1717 751 756 748 
1718 844 948 224 
1719 797 798 375 
1720 849 939 554 
1721 868 1010 870 
1722 489 927 497 
1723 540 872 820 
1724 820 872 862 
1725 283 916 722 
1726 303 304 301 
1727 410 918 424 
1728 439 1025 456 
1729 150 930 203 
1730 155 268 235 
1731 781 983 773 
1732 740 950 883 
1733 813 877 513 
1734 935 964 597 
1735 641 933 523 
1736 495 951 494 
1737 456 944 439 
1738 539 926 882 
1739 738 950 257 
1740 623 902 681 
1741 155 253 156 
1742 32 252 33 
1743 448 937 443 
1744 221 323 322 
1745 416 959 417 
1746 343 960 344 
1747 394 961 395 
1748 367 943 362 
1749 103 978 345 
1750 77 977 418 
1751 97 979 471 
1752 411 977 78 
1753 338 978 104 
1754 348 979 98 
1755 326 888 327 
1756 325 901 326 
1757 507 945 432 
1758 559 939 849 
1759 129 981 364 
1760 496 982 61 
1761 334 981 130 
1762 60 982 490 
1763 163 912 162 
1764 498 927 489 
1765 773 983 306 
1766 531 911 529 
1767 193 881 431 
1768 562 938 561 
1769 451 944 456 
1770 430 935 597 
1771 322 990 324 
1772 561 939 558 
1773 268 1021 235 
1774 659 946 334 
1775 320 866 152 
1776 449 944 450 
1777 292 1008 948 
1778 472 925 473 
1779 838 969 231 
1780 739 969 906 
1781 908 986 741 
1782 473 925 465 
1783 347 960 343 
1784 420 959 416 
1785 397 961 394 
1786 952 953 470 
1787 844 970 292 
1788 291 1016 970 
1789 303 1006 993 
1790 31 897 30 
1791 158 896 157 
1792 494 951 522 
1793 719 929 259 
1794 762 976 777 
1795 442 937 449 
1796 874 902 780 
1797 893 941 338 
1798 224 948 737 
1799 33 293 32 
1800 265 997 319 
1801 304 993 692 
1802 303 1015 1006 
1803 903 976 256 
1804 726 986 727 
1805 164 962 163 
1806 36 321 222 
1807 867 931 866 
1808 156 268 155 
1809 314 1017 865 
1810 309 973 252 
1811 429 964 437 
1812 437 964 935 
1813 822 1023 473 
1814 520 965 530 
1815 159 997 2 
1816 2 997 30 
1817 203 1010 868 
1818 720 980 718 
1819 761 996 903 
1820 271 1014 307 
1821 523 965 544 
1822 277 1018 278 
1823 301 895 300 
1824 854 996 220 
1825 780 902 623 
1826 282 1016 284 
1827 257 950 740 
1828 237 989 161 
1829 700 989 237 
1830 330 382 332 
1831 240 611 584 
1832 247 532 486 
1833 854 1012 996 
1834 253 311 156 
1835 2 998 185 
1836 29 999 1 
1837 1 999 158 
1838 30 998 2 
1839 225 995 286 
1840 818 933 641 
1841 292 948 844 
1842 308 1014 288 
1843 909 946 659 
1844 1 1000 3 
1845 283 971 916 
1846 879 911 531 
1847 158 1000 1 
1848 391 932 408 
1849 901 934 326 
1850 190 855 542 
1851 284 1016 285 
1852 515 935 430 
1853 916 971 307 
1854 104 978 103 
1855 78 977 77 
1856 98 979 97 
1857 293 1004 714 
1858 532 911 879 
1859 278 1018 279 
1860 986 1002 727 
1861 130 981 129 
1862 61 982 60 
1863 753 754 749 
1864 307 1014 308 
1865 155 235 154 
1866 34 236 33 
1867 277 278 275 
1868 863 1021 268 
1869 750 751 747 
1870 878 915 302 
1871 752 1011 907 
1872 785 1026 554 
1873 279 1024 280 
1874 994 1003 275 
1875 282 284 280 
1876 297 1013 296 
1877 32 293 254 
1878 921 963 910 
1879 837 1020 232 
1880 443 937 442 
1881 563 938 562 
1882 871 1009 281 
1883 285 286 284 
1884 162 912 237 
1885 280 1024 282 
1886 876 1019 237 
1887 279 280 278 
1888 298 1013 297 
1889 558 939 559 
1890 289 1021 863 
1891 748 837 744 
1892 963 971 283 
1893 450 944 451 
1894 710 778 714 
1895 312 967 732 
1896 299 984 298 
1897 743 777 746 
1898 260 985 692 
1899 597 964 507 
1900 949 1019 876 
1901 313 1001 895 
1902 154 315 155 
1903 713 781 711 
1904 231 969 739 
1905 221 322 152 
1906 908 936 287 
1907 700 701 310 
1908 776 929 289 
1909 905 941 893 
1910 290 936 883 
1911 259 929 776 
1912 299 303 301 
1913 907 1028 756 
1914 386 1007 396 
1915 408 932 386 
1916 235 1021 269 
1917 221 928 323 
1918 33 316 34 
1919 838 1005 969 
1920 300 984 299 
1921 4 975 734 
1922 34 226 35 
1923 153 225 154 
1924 256 976 762 
1925 883 950 290 
1926 265 309 31 
1927 941 942 346 
1928 302 904 878 
1929 753 976 903 
1930 278 1009 275 
1931 277 1003 936 
1932 326 934 888 
1933 933 965 523 
1934 757 1020 837 
1935 396 1022 386 
1936 701 1019 949 
1937 264 1029 1000 
1938 1000 1029 975 
1939 946 947 365 
1940 741 986 726 
1941 154 885 153 
1942 307 971 271 
1943 34 316 226 
1944 905 942 941 
1945 286 966 315 
1946 522 951 890 
1947 497 927 926 
1948 299 301 300 
1949 291 970 906 
1950 889 983 713 
1951 766 915 770 
1952 764 767 766 
1953 765 914 764 
1954 909 947 946 
1955 274 994 275 
1956 722 916 721 
1957 743 745 744 
1958 898 960 347 
1959 673 959 420 
1960 677 961 397 
1961 913 918 419 
1962 232 962 164 
1963 468 1023 822 
1964 906 970 844 
1965 839 920 840 
1966 396 1007 381 
1967 729 731 730 
1968 730 917 838 
1969 840 919 765 
1970 824 910 724 
1971 710 712 711 
1972 770 878 854 
1973 732 967 729 
1974 895 974 300 
1975 273 994 274 
1976 727 921 824 
1977 692 985 690 
1978 160 989 319 
1979 776 863 717 
1980 287 986 908 
1981 306 992 774 
1982 252 317 316 
1983 903 996 755 
1984 984 987 302 
1985 883 936 908 
1986 906 969 291 
1987 153 866 225 
1988 755 904 754 
1989 220 996 761 
1990 323 990 322 
1991 153 885 221 
1992 721 980 720 
1993 3 975 4 
1994 222 923 35 
1995 734 1029 733 
1996 386 1022 143 
1997 319 989 700 
1998 538 542 57 
1999 482 486 70 
2000 583 584 54 
2001 782 1026 783 
2002 35 923 34 
2003 749 974 750 
2004 866 931 225 
2005 473 1023 463 
2006 745 748 744 
2007 36 1017 37 
2008 783 1026 785 
2009 690 985 691 
2010 404 1010 930 
2011 743 746 745 
2012 1001 1011 752 
2013 710 714 712 
2014 880 1007 932 
2015 143 1022 142 
2016 750 752 751 
2017 253 966 312 
2018 269 270 235 
2019 713 983 781 
2020 289 863 776 
2021 236 293 33 
2022 712 713 711 
2023 161 989 160 
2024 271 272 270 
2025 932 1007 386 
2026 273 274 272 
2027 264 1000 158 
2028 583 587 240 
2029 30 997 265 
2030 53 587 583 
2031 701 973 310 
2032 269 1021 289 
2033 930 1010 203 
2034 381 1007 880 
2035 895 1001 752 
2036 936 1018 277 
2037 751 907 756 
2038 530 965 933 
2039 774 992 839 
2040 155 315 253 
2041 185 998 267 
2042 266 999 29 
2043 303 993 304 
2044 51 589 52 
2045 996 1012 755 
2046 51 591 205 
2047 205 589 51 
2048 282 1024 292 
2049 700 1019 701 
2050 205 591 578 
2051 240 587 518 
2052 123 369 357 
2053 306 983 889 
2054 310 973 309 
2055 357 369 356 
2056 321 1015 222 
2057 122 369 123 
2058 144 331 145 
2059 279 1018 1008 
2060 50 591 51 
2061 833 1025 832 
2062 52 587 53 
2063 578 591 50 
2064 236 295 294 
2065 331 332 145 
2066 518 589 205 
2067 53 583 54 
2068 69 482 70 
2069 56 538 57 
2070 865 1017 36 
2071 295 297 296 
2072 287 1002 986 
2073 190 538 56 
2074 247 482 69 
2075 299 968 303 
2076 237 1019 700 
2077 297 299 298 
2078 1005 1016 291 
2079 356 369 122 
2080 330 331 144 
2081 900 1013 298 
2082 292 1024 1008 
2083 755 1012 904 
2084 158 999 896 
2085 897 998 30 
2086 276 963 921 
2087 896 999 266 
2088 267 998 897 
2089 225 315 154 
2090 746 749 747 
2091 966 991 312 
2092 962 1020 759 
2093 226 865 35 
2094 274 928 272 
2095 758 949 876 
2096 281 1009 278 
2097 928 1027 323 
2098 969 1005 291 
2099 993 1006 260 
2100 281 1031 931 
2101 970 1016 282 
2102 738 1030 950 
2103 235 885 154 
2104 900 984 302 
2105 312 991 967 
2106 767 915 766 
2107 764 914 767 
2108 770 915 878 
2109 756 1028 758 
2110 765 919 914 
2111 754 987 974 
2112 750 974 895 
2113 840 920 919 
2114 731 917 730 
2115 824 921 910 
2116 729 967 731 
2117 317 1028 907 
2118 931 995 225 
2119 904 1012 878 
2120 275 1009 274 
2121 839 992 920 
2122 255 268 156 
2123 317 1011 316 
2124 297 968 299 
2125 34 923 236 
2126 330 332 331 
2127 286 995 284 
2128 190 542 538 
2129 247 486 482 
2130 240 584 583 
2131 714 1004 712 
2132 222 1015 968 
2133 750 895 752 
2134 316 1011 226 
2135 746 747 745 
2136 300 987 984 
2137 752 907 751 
2138 280 281 278 
2139 273 971 963 
2140 968 1015 303 
2141 910 963 283 
2142 302 987 904 
2143 907 1011 317 
2144 865 1001 313 
2145 949 972 701 
2146 749 750 747 
2147 315 966 253 
2148 920 992 988 
2149 3 1000 975 
2150 917 1005 838 
2151 949 1028 972 
2152 1008 1030 738 
2153 727 1002 921 
2154 226 1001 865 
2155 285 1016 1005 
2156 270 885 235 
2157 286 991 966 
2158 967 991 731 
2159 232 1020 962 
2160 972 973 701 
2161 919 920 305 
2162 252 316 33 
2163 878 1012 854 
2164 921 1002 276 
2165 285 1005 917 
2166 287 1003 1002 
2167 975 1029 734 
2168 920 988 305 
2169 52 589 587 
2170 252 973 972 
2171 587 589 518 
2172 276 994 963 
2173 236 923 295 
2174 758 1028 949 
2175 296 1013 988 
2176 1006 1015 321 
2177 1008 1024 279 
2178 274 1027 928 
2179 904 987 754 
2180 988 992 306 
2181 284 1031 280 
2182 974 987 300 
2183 871 1027 1009 
2184 950 1030 290 
2185 1002 1003 276 
2186 988 1013 305 
2187 298 984 900 
2188 226 1011 1001 
2189 1009 1027 274 
2190 963 994 273 
2191 995 1031 284 
2192 280 1031 281 
2193 972 1028 317 
2194 931 1031 995 
2 2 2 148
2195 13 1065 12 
2196 1076 1085 1057 
2197 1068 1082 1073 
2198 1040 1076 1057 
2199 1068 1073 1035 
2200 1063 1069 1037 
2201 1062 1069 1063 
2202 1060 1061 1032 
2203 1054 1066 1055 
2204 1046 1079 1043 
2205 1057 1091 1040 
2206 1033 1072 1058 
2207 1063 1064 1059 
2208 1033 1065 13 
2209 1050 1057 1054 
2210 1058 1078 1033 
2211 1072 1091 1058 
2212 1038 1085 1076 
2213 1051 1053 1052 
2214 1033 1078 1065 
2215 1054 1055 1051 
2216 1053 1060 1052 
2217 12 1065 1044 
2218 1061 1080 1032 
2219 1032 1062 1060 
2220 1050 1054 1051 
2221 1064 1082 1059 
2222 1056 1074 1036 
2223 1048 1079 1046 
2224 1043 1075 1046 
2225 1053 1061 1060 
2226 1047 1078 1050 
2227 1041 1074 1056 
2228 20 1067 19 
2229 1059 1068 1048 
2230 1034 1067 20 
2231 1052 1063 1059 
2232 1052 1059 1049 
2233 1036 1090 1056 
2234 1051 1052 1049 
2235 1035 1079 1068 
2236 1058 1091 1057 
2237 1051 1070 1053 
2238 3 1037 1 
2239 16 1040 15 
2240 18 1038 17 
2241 14 1033 13 
2242 25 1036 24 
2243 5 1042 4 
2244 11 1039 10 
2245 9 1043 8 
2246 7 1035 6 
2247 21 1034 20 
2248 23 1041 22 
2249 28 1032 27 
2250 1050 1078 1058 
2251 1057 1085 1054 
2252 1073 1082 1042 
2253 1086 1087 1038 
2254 1050 1058 1057 
2255 1037 1064 1063 
2256 1045 1046 1039 
2257 1038 1087 1085 
2258 1056 1092 1041 
2259 1071 1079 1035 
2260 1046 1075 1039 
2261 1083 1090 1036 
2262 1066 1067 1034 
2263 1061 1090 1083 
2264 1055 1092 1056 
2265 1049 1059 1048 
2266 1041 1092 1077 
2267 1044 1045 1039 
2268 1077 1092 1089 
2269 1032 1084 1062 
2270 1050 1051 1049 
2271 1047 1048 1046 
2272 1 1069 29 
2273 1063 1088 1062 
2274 1037 1069 1 
2275 1053 1090 1061 
2276 1056 1090 1053 
2277 1047 1050 1049 
2278 1044 1065 1045 
2279 1042 1082 1064 
2280 12 1044 11 
2281 17 1076 16 
2282 6 1073 5 
2283 8 1071 7 
2284 10 1075 9 
2285 15 1072 14 
2286 24 1074 23 
2287 22 1077 21 
2288 5 1073 1042 
2289 11 1044 1039 
2290 14 1072 1033 
2291 16 1076 1040 
2292 1035 1073 6 
2293 1038 1076 17 
2294 7 1071 1035 
2295 9 1075 1043 
2296 1039 1075 10 
2297 1043 1071 8 
2298 1040 1072 15 
2299 21 1077 1034 
2300 1036 1074 24 
2301 23 1074 1041 
2302 1041 1077 22 
2303 1045 1047 1046 
2304 1032 1080 27 
2305 1042 1081 4 
2306 3 1081 1037 
2307 1040 1091 1072 
2308 25 1083 1036 
2309 19 1086 18 
2310 28 1084 1032 
2311 1045 1078 1047 
2312 27 1080 26 
2313 4 1081 3 
2314 1055 1070 1051 
2315 26 1083 25 
2316 1062 1088 1060 
2317 29 1084 28 
2318 1067 1086 19 
2319 1068 1079 1048 
2320 18 1086 1038 
2321 1043 1079 1071 
2322 1034 1089 1066 
2323 1056 1070 1055 
2324 1037 1081 1064 
2325 1064 1081 1042 
2326 1059 1082 1068 
2327 1066 1087 1067 
2328 1066 1089 1055 
2329 1065 1078 1045 
2330 1067 1087 1086 
2331 1053 1070 1056 
2332 1060 1088 1052 
2333 1047 1049 1048 
2334 1069 1084 29 
2335 1062 1084 1069 
2336 1080 1083 26 
2337 1061 1083 1080 
2338 1054 1087 1066 
2339 1052 1088 1063 
2340 1077 1089 1034 
2341 1085 1087 1054 
2342 1089 1092 1055 
2 3 2 148
2343 169 168 1126 
2344 1137 1118 1146 
2345 1129 1134 1143 
2346 1101 1118 1137 
2347 1129 1096 1134 
2348 1124 1098 1130 
2349 1123 1124 1130 
2350 1121 1093 1122 
2351 1115 1116 1127 
2352 1107 1104 1140 
2353 1118 1101 1152 
2354 1094 1119 1133 
2355 1124 1120 1125 
2356 1094 169 1126 
2357 1111 1115 1118 
2358 1119 1094 1139 
2359 1133 1119 1152 
2360 1099 1137 1146 
2361 1112 1113 1114 
2362 1094 1126 1139 
2363 1115 1112 1116 
2364 1114 1113 1121 
2365 168 1105 1126 
2366 1122 1093 1141 
2367 1093 1121 1123 
2368 1111 1112 1115 
2369 1125 1120 1143 
2370 1117 1097 1135 
2371 1109 1107 1140 
2372 1104 1107 1136 
2373 1114 1121 1122 
2374 1108 1111 1139 
2375 1102 1117 1135 
2376 176 175 1128 
2377 1120 1109 1129 
2378 1095 176 1128 
2379 1113 1120 1124 
2380 1113 1110 1120 
2381 1097 1117 1151 
2382 1112 1110 1113 
2383 1096 1129 1140 
2384 1119 1118 1152 
2385 1112 1114 1131 
2386 159 2 1098 
2387 172 171 1101 
2388 174 173 1099 
2389 170 169 1094 
2390 181 180 1097 
2391 161 160 1103 
2392 167 166 1100 
2393 165 164 1104 
2394 163 162 1096 
2395 177 176 1095 
2396 179 178 1102 
2397 184 183 1093 
2398 1111 1119 1139 
2399 1118 1115 1146 
2400 1134 1103 1143 
2401 1147 1099 1148 
2402 1111 1118 1119 
2403 1098 1124 1125 
2404 1106 1100 1107 
2405 1099 1146 1148 
2406 1117 1102 1153 
2407 1132 1096 1140 
2408 1107 1100 1136 
2409 1144 1097 1151 
2410 1127 1095 1128 
2411 1122 1144 1151 
2412 1116 1117 1153 
2413 1110 1109 1120 
2414 1102 1138 1153 
2415 1105 1100 1106 
2416 1138 1150 1153 
2417 1093 1123 1145 
2418 1111 1110 1112 
2419 1108 1107 1109 
2420 2 185 1130 
2421 1124 1123 1149 
2422 1098 2 1130 
2423 1114 1122 1151 
2424 1117 1114 1151 
2425 1108 1110 1111 
2426 1105 1106 1126 
2427 1103 1125 1143 
2428 168 167 1105 
2429 173 172 1137 
2430 162 161 1134 
2431 164 163 1132 
2432 166 165 1136 
2433 171 170 1133 
2434 180 179 1135 
2435 178 177 1138 
2436 161 1103 1134 
2437 167 1100 1105 
2438 170 1094 1133 
2439 172 1101 1137 
2440 1096 162 1134 
2441 1099 173 1137 
2442 163 1096 1132 
2443 165 1104 1136 
2444 1100 166 1136 
2445 1104 164 1132 
2446 1101 171 1133 
2447 177 1095 1138 
2448 1097 180 1135 
2449 179 1102 1135 
2450 1102 178 1138 
2451 1106 1107 1108 
2452 1093 183 1141 
2453 1103 160 1142 
2454 159 1098 1142 
2455 1101 1133 1152 
2456 181 1097 1144 
2457 175 174 1147 
2458 184 1093 1145 
2459 1106 1108 1139 
2460 183 182 1141 
2461 160 159 1142 
2462 1116 1112 1131 
2463 182 181 1144 
2464 1123 1121 1149 
2465 185 184 1145 
2466 1128 175 1147 
2467 1129 1109 1140 
2468 174 1099 1147 
2469 1104 1132 1140 
2470 1095 1127 1150 
2471 1117 1116 1131 
2472 1098 1125 1142 
2473 1125 1103 1142 
2474 1120 1129 1143 
2475 1127 1128 1148 
2476 1127 1116 1150 
2477 1126 1106 1139 
2478 1128 1147 1148 
2479 1114 1117 1131 
2480 1121 1113 1149 
2481 1108 1109 1110 
2482 1130 185 1145 
2483 1123 1130 1145 
2484 1141 182 1144 
2485 1122 1141 1144 
2486 1115 1127 1148 
2487 1113 1124 1149 
2488 1138 1095 1150 
2489 1146 1115 1148 
2490 1150 1116 1153 
$EndElements
